This is pdfTeX, Version 3.141592653-2.6-1.40.26 (TeX Live 2025/dev/Debian) (preloaded format=pdflatex)
 restricted \write18 enabled.
entering extended mode
(./manuscript.tex
LaTeX2e <2024-11-01> patch level 2
L3 programming layer <2025-01-18>
(./Definitions/mdpi.cls
Document Class: Definitions/mdpi 13/03/2026 MDPI paper class
(/usr/share/texlive/texmf-dist/tex/latex/base/article.cls
Document Class: article 2024/06/29 v1.4n Standard LaTeX document class
(/usr/share/texlive/texmf-dist/tex/latex/base/size10.clo))
(/usr/share/texlive/texmf-dist/tex/latex/base/fontenc.sty)
(/usr/share/texlive/texmf-dist/tex/latex/base/inputenc.sty)
(/usr/share/texlive/texmf-dist/tex/latex/tools/calc.sty)
(/usr/share/texlive/texmf-dist/tex/latex/tools/indentfirst.sty)
(/usr/share/texlive/texmf-dist/tex/latex/fancyhdr/fancyhdr.sty)
(/usr/share/texlive/texmf-dist/tex/latex/graphics/graphicx.sty
(/usr/share/texlive/texmf-dist/tex/latex/graphics/keyval.sty)
(/usr/share/texlive/texmf-dist/tex/latex/graphics/graphics.sty
(/usr/share/texlive/texmf-dist/tex/latex/graphics/trig.sty)
(/usr/share/texlive/texmf-dist/tex/latex/graphics-cfg/graphics.cfg)
(/usr/share/texlive/texmf-dist/tex/latex/graphics-def/pdftex.def)))
(/usr/share/texlive/texmf-dist/tex/latex/epstopdf-pkg/epstopdf.sty
(/usr/share/texlive/texmf-dist/tex/generic/infwarerr/infwarerr.sty)
(/usr/share/texlive/texmf-dist/tex/latex/grfext/grfext.sty
(/usr/share/texlive/texmf-dist/tex/generic/kvdefinekeys/kvdefinekeys.sty))
(/usr/share/texlive/texmf-dist/tex/latex/kvoptions/kvoptions.sty
(/usr/share/texlive/texmf-dist/tex/generic/ltxcmds/ltxcmds.sty)
(/usr/share/texlive/texmf-dist/tex/latex/kvsetkeys/kvsetkeys.sty))
(/usr/share/texlive/texmf-dist/tex/generic/pdftexcmds/pdftexcmds.sty
(/usr/share/texlive/texmf-dist/tex/generic/iftex/iftex.sty))
(/usr/share/texlive/texmf-dist/tex/latex/epstopdf-pkg/epstopdf-base.sty
(/usr/share/texlive/texmf-dist/tex/latex/latexconfig/epstopdf-sys.cfg)))
(/usr/share/texlive/texmf-dist/tex/latex/lastpage/lastpage.sty
(/usr/share/texlive/texmf-dist/tex/latex/lastpage/lastpage2e.sty
(/usr/share/texlive/texmf-dist/tex/latex/lastpage/lastpagemodern.sty) 
)) (/usr/share/texlive/texmf-dist/tex/latex/base/ifthen.sty)
(/usr/share/texlive/texmf-dist/tex/latex/float/float.sty)
(/usr/share/texlive/texmf-dist/tex/latex/amsmath/amsmath.sty
For additional information on amsmath, use the `?' option.
(/usr/share/texlive/texmf-dist/tex/latex/amsmath/amstext.sty
(/usr/share/texlive/texmf-dist/tex/latex/amsmath/amsgen.sty))
(/usr/share/texlive/texmf-dist/tex/latex/amsmath/amsbsy.sty)
(/usr/share/texlive/texmf-dist/tex/latex/amsmath/amsopn.sty))
(/usr/share/texlive/texmf-dist/tex/latex/amsfonts/amssymb.sty
(/usr/share/texlive/texmf-dist/tex/latex/amsfonts/amsfonts.sty))
(/usr/share/texlive/texmf-dist/tex/latex/lineno/lineno.sty
(/usr/share/texlive/texmf-dist/tex/latex/etoolbox/etoolbox.sty))
(/usr/share/texlive/texmf-dist/tex/latex/setspace/setspace.sty)
(/usr/share/texlive/texmf-dist/tex/latex/enumitem/enumitem.sty)
(/usr/share/texlive/texmf-dist/tex/latex/psnfss/mathpazo.sty)
(/usr/share/texlive/texmf-dist/tex/latex/booktabs/booktabs.sty)
(/usr/share/texlive/texmf-dist/tex/latex/titlesec/titlesec.sty)
(/usr/share/texlive/texmf-dist/tex/latex/tabto-ltx/tabto.sty)
(/usr/share/texlive/texmf-dist/tex/latex/xcolor/xcolor.sty
(/usr/share/texlive/texmf-dist/tex/latex/graphics-cfg/color.cfg)
(/usr/share/texlive/texmf-dist/tex/latex/graphics/mathcolor.ltx))
(/usr/share/texlive/texmf-dist/tex/latex/colortbl/colortbl.sty
(/usr/share/texlive/texmf-dist/tex/latex/tools/array.sty))
(/usr/share/texlive/texmf-dist/tex/generic/soul/soul.sty
(/usr/share/texlive/texmf-dist/tex/generic/soul/soul-ori.sty)
(/usr/share/texlive/texmf-dist/tex/generic/etexcmds/etexcmds.sty))
(/usr/share/texlive/texmf-dist/tex/latex/multirow/multirow.sty)
(/usr/share/texlive/texmf-dist/tex/latex/microtype/microtype.sty
(/usr/share/texlive/texmf-dist/tex/latex/microtype/microtype-pdftex.def)
(/usr/share/texlive/texmf-dist/tex/latex/microtype/microtype.cfg))
(/usr/share/texlive/texmf-dist/tex/latex/pgf/frontendlayer/tikz.sty
(/usr/share/texlive/texmf-dist/tex/latex/pgf/basiclayer/pgf.sty
(/usr/share/texlive/texmf-dist/tex/latex/pgf/utilities/pgfrcs.sty
(/usr/share/texlive/texmf-dist/tex/generic/pgf/utilities/pgfutil-common.tex)
(/usr/share/texlive/texmf-dist/tex/generic/pgf/utilities/pgfutil-latex.def)
(/usr/share/texlive/texmf-dist/tex/generic/pgf/utilities/pgfrcs.code.tex
(/usr/share/texlive/texmf-dist/tex/generic/pgf/pgf.revision.tex)))
(/usr/share/texlive/texmf-dist/tex/latex/pgf/basiclayer/pgfcore.sty
(/usr/share/texlive/texmf-dist/tex/latex/pgf/systemlayer/pgfsys.sty
(/usr/share/texlive/texmf-dist/tex/generic/pgf/systemlayer/pgfsys.code.tex
(/usr/share/texlive/texmf-dist/tex/generic/pgf/utilities/pgfkeys.code.tex
(/usr/share/texlive/texmf-dist/tex/generic/pgf/utilities/pgfkeyslibraryfiltered
.code.tex)) (/usr/share/texlive/texmf-dist/tex/generic/pgf/systemlayer/pgf.cfg)
(/usr/share/texlive/texmf-dist/tex/generic/pgf/systemlayer/pgfsys-pdftex.def
(/usr/share/texlive/texmf-dist/tex/generic/pgf/systemlayer/pgfsys-common-pdf.de
f)))
(/usr/share/texlive/texmf-dist/tex/generic/pgf/systemlayer/pgfsyssoftpath.code.
tex)
(/usr/share/texlive/texmf-dist/tex/generic/pgf/systemlayer/pgfsysprotocol.code.
tex))

LaTeX Warning: Package "xcolor" has already been loaded: ignoring load-time
(LaTeX)        option "pdftex".

(/usr/share/texlive/texmf-dist/tex/generic/pgf/basiclayer/pgfcore.code.tex
(/usr/share/texlive/texmf-dist/tex/generic/pgf/math/pgfmath.code.tex
(/usr/share/texlive/texmf-dist/tex/generic/pgf/math/pgfmathutil.code.tex)
(/usr/share/texlive/texmf-dist/tex/generic/pgf/math/pgfmathparser.code.tex)
(/usr/share/texlive/texmf-dist/tex/generic/pgf/math/pgfmathfunctions.code.tex)
(/usr/share/texlive/texmf-dist/tex/generic/pgf/math/pgfmathfunctions.basic.code
.tex)
(/usr/share/texlive/texmf-dist/tex/generic/pgf/math/pgfmathfunctions.trigonomet
ric.code.tex)
(/usr/share/texlive/texmf-dist/tex/generic/pgf/math/pgfmathfunctions.random.cod
e.tex)
(/usr/share/texlive/texmf-dist/tex/generic/pgf/math/pgfmathfunctions.comparison
.code.tex)
(/usr/share/texlive/texmf-dist/tex/generic/pgf/math/pgfmathfunctions.base.code.
tex)
(/usr/share/texlive/texmf-dist/tex/generic/pgf/math/pgfmathfunctions.round.code
.tex)
(/usr/share/texlive/texmf-dist/tex/generic/pgf/math/pgfmathfunctions.misc.code.
tex)
(/usr/share/texlive/texmf-dist/tex/generic/pgf/math/pgfmathfunctions.integerari
thmetics.code.tex)
(/usr/share/texlive/texmf-dist/tex/generic/pgf/math/pgfmathcalc.code.tex)
(/usr/share/texlive/texmf-dist/tex/generic/pgf/math/pgfmathfloat.code.tex))
(/usr/share/texlive/texmf-dist/tex/generic/pgf/math/pgfint.code.tex)
(/usr/share/texlive/texmf-dist/tex/generic/pgf/basiclayer/pgfcorepoints.code.te
x)
(/usr/share/texlive/texmf-dist/tex/generic/pgf/basiclayer/pgfcorepathconstruct.
code.tex)
(/usr/share/texlive/texmf-dist/tex/generic/pgf/basiclayer/pgfcorepathusage.code
.tex)
(/usr/share/texlive/texmf-dist/tex/generic/pgf/basiclayer/pgfcorescopes.code.te
x)
(/usr/share/texlive/texmf-dist/tex/generic/pgf/basiclayer/pgfcoregraphicstate.c
ode.tex)
(/usr/share/texlive/texmf-dist/tex/generic/pgf/basiclayer/pgfcoretransformation
s.code.tex)
(/usr/share/texlive/texmf-dist/tex/generic/pgf/basiclayer/pgfcorequick.code.tex
)
(/usr/share/texlive/texmf-dist/tex/generic/pgf/basiclayer/pgfcoreobjects.code.t
ex)
(/usr/share/texlive/texmf-dist/tex/generic/pgf/basiclayer/pgfcorepathprocessing
.code.tex)
(/usr/share/texlive/texmf-dist/tex/generic/pgf/basiclayer/pgfcorearrows.code.te
x)
(/usr/share/texlive/texmf-dist/tex/generic/pgf/basiclayer/pgfcoreshade.code.tex
)
(/usr/share/texlive/texmf-dist/tex/generic/pgf/basiclayer/pgfcoreimage.code.tex
)
(/usr/share/texlive/texmf-dist/tex/generic/pgf/basiclayer/pgfcoreexternal.code.
tex)
(/usr/share/texlive/texmf-dist/tex/generic/pgf/basiclayer/pgfcorelayers.code.te
x)
(/usr/share/texlive/texmf-dist/tex/generic/pgf/basiclayer/pgfcoretransparency.c
ode.tex)
(/usr/share/texlive/texmf-dist/tex/generic/pgf/basiclayer/pgfcorepatterns.code.
tex)
(/usr/share/texlive/texmf-dist/tex/generic/pgf/basiclayer/pgfcorerdf.code.tex))
)
(/usr/share/texlive/texmf-dist/tex/generic/pgf/modules/pgfmoduleshapes.code.tex
) (/usr/share/texlive/texmf-dist/tex/generic/pgf/modules/pgfmoduleplot.code.tex
)
(/usr/share/texlive/texmf-dist/tex/latex/pgf/compatibility/pgfcomp-version-0-65
.sty)
(/usr/share/texlive/texmf-dist/tex/latex/pgf/compatibility/pgfcomp-version-1-18
.sty)) (/usr/share/texlive/texmf-dist/tex/latex/pgf/utilities/pgffor.sty
(/usr/share/texlive/texmf-dist/tex/latex/pgf/utilities/pgfkeys.sty
(/usr/share/texlive/texmf-dist/tex/generic/pgf/utilities/pgfkeys.code.tex))
(/usr/share/texlive/texmf-dist/tex/latex/pgf/math/pgfmath.sty
(/usr/share/texlive/texmf-dist/tex/generic/pgf/math/pgfmath.code.tex))
(/usr/share/texlive/texmf-dist/tex/generic/pgf/utilities/pgffor.code.tex))
(/usr/share/texlive/texmf-dist/tex/generic/pgf/frontendlayer/tikz/tikz.code.tex

(/usr/share/texlive/texmf-dist/tex/generic/pgf/libraries/pgflibraryplothandlers
.code.tex)
(/usr/share/texlive/texmf-dist/tex/generic/pgf/modules/pgfmodulematrix.code.tex
)
(/usr/share/texlive/texmf-dist/tex/generic/pgf/frontendlayer/tikz/libraries/tik
zlibrarytopaths.code.tex)))
(/usr/share/texlive/texmf-dist/tex/latex/refcount/refcount.sty)
(/usr/share/texlive/texmf-dist/tex/latex/changepage/changepage.sty)
(/usr/share/texlive/texmf-dist/tex/latex/frankenstein/attrib.sty
(/usr/share/texlive/texmf-dist/tex/latex/frankenstein/moredefs.sty))
(/usr/share/texlive/texmf-dist/tex/latex/was/upgreek.sty)
(/usr/share/texlive/texmf-dist/tex/latex/tools/tabularx.sty)
(/usr/share/texlive/texmf-dist/tex/latex/pbox/pbox.sty)
(/usr/share/texlive/texmf-dist/tex/latex/ragged2e/ragged2e.sty)
(/usr/share/texlive/texmf-dist/tex/latex/tocloft/tocloft.sty)
(/usr/share/texlive/texmf-dist/tex/latex/marginnote/marginnote.sty)
(/usr/share/texlive/texmf-dist/tex/latex/marginfix/marginfix.sty)
(/usr/share/texlive/texmf-dist/tex/latex/enotez/enotez.sty
(/usr/share/texlive/texmf-dist/tex/latex/l3kernel/expl3.sty
(/usr/share/texlive/texmf-dist/tex/latex/l3backend/l3backend-pdftex.def))
(/usr/share/texlive/texmf-dist/tex/latex/l3packages/xparse/xparse.sty)
(/usr/share/texlive/texmf-dist/tex/latex/l3packages/l3keys2e/l3keys2e.sty)
(/usr/share/texlive/texmf-dist/tex/latex/l3packages/xtemplate/xtemplate.sty)
(/usr/share/texlive/texmf-dist/tex/latex/translations/translations.sty))
(/usr/share/texlive/texmf-dist/tex/generic/xstring/xstring.sty
(/usr/share/texlive/texmf-dist/tex/generic/xstring/xstring.tex))
(/usr/share/texlive/texmf-dist/tex/latex/subfig/subfig.sty
(/usr/share/texlive/texmf-dist/tex/latex/caption/caption.sty
(/usr/share/texlive/texmf-dist/tex/latex/caption/caption3.sty)))
(/usr/share/texlive/texmf-dist/tex/generic/alphalph/alphalph.sty
(/usr/share/texlive/texmf-dist/tex/generic/intcalc/intcalc.sty))
(./Definitions/journalnames.tex)
(/usr/share/texlive/texmf-dist/tex/latex/amscls/amsthm.sty)
(/usr/share/texlive/texmf-dist/tex/latex/natbib/natbib.sty)
(/usr/share/texlive/texmf-dist/tex/latex/koma-script/scrextend.sty
(/usr/share/texlive/texmf-dist/tex/latex/koma-script/scrkbase.sty
(/usr/share/texlive/texmf-dist/tex/latex/koma-script/scrbase.sty
(/usr/share/texlive/texmf-dist/tex/latex/koma-script/scrlfile.sty
(/usr/share/texlive/texmf-dist/tex/latex/koma-script/scrlfile-hook.sty
(/usr/share/texlive/texmf-dist/tex/latex/koma-script/scrlogo.sty))))))
(/usr/share/texlive/texmf-dist/tex/latex/geometry/geometry.sty
(/usr/share/texlive/texmf-dist/tex/generic/iftex/ifvtex.sty))
(/usr/share/texlive/texmf-dist/tex/latex/newfloat/newfloat.sty)
(/usr/share/texlive/texmf-dist/tex/latex/seqsplit/seqsplit.sty))
(/usr/share/texlive/texmf-dist/tex/latex/algorithms/algorithm.sty)
(/usr/share/texlive/texmf-dist/tex/latex/algorithmicx/algpseudocode.sty
(/usr/share/texlive/texmf-dist/tex/latex/algorithmicx/algorithmicx.sty
Document Style algorithmicx 1.2 - a greatly improved `algorithmic' style
)
Document Style - pseudocode environments for use with the `algorithmicx' style
)
(/usr/share/texlive/texmf-dist/tex/generic/pgf/libraries/pgflibraryarrows.meta.
code.tex)
(/usr/share/texlive/texmf-dist/tex/generic/pgf/frontendlayer/tikz/libraries/tik
zlibrarypositioning.code.tex)
(/usr/share/texlive/texmf-dist/tex/generic/pgf/frontendlayer/tikz/libraries/tik
zlibraryfit.code.tex)
(/usr/share/texlive/texmf-dist/tex/generic/pgf/frontendlayer/tikz/libraries/tik
zlibraryshapes.geometric.code.tex
(/usr/share/texlive/texmf-dist/tex/generic/pgf/libraries/shapes/pgflibraryshape
s.geometric.code.tex))
(/usr/share/texlive/texmf-dist/tex/generic/pgf/frontendlayer/tikz/libraries/tik
zlibrarycalc.code.tex) (/usr/share/texlive/texmf-dist/tex/latex/url/url.sty)
(/usr/share/texlive/texmf-dist/tex/latex/bbm-macros/bbm.sty)
(/usr/share/texlive/texmf-dist/tex/latex/hyperref/hyperref.sty
(/usr/share/texlive/texmf-dist/tex/generic/pdfescape/pdfescape.sty)
(/usr/share/texlive/texmf-dist/tex/latex/hycolor/hycolor.sty)
(/usr/share/texlive/texmf-dist/tex/latex/hyperref/nameref.sty
(/usr/share/texlive/texmf-dist/tex/generic/gettitlestring/gettitlestring.sty))
(/usr/share/texlive/texmf-dist/tex/generic/stringenc/stringenc.sty)
(/usr/share/texlive/texmf-dist/tex/latex/hyperref/pd1enc.def)
(/usr/share/texlive/texmf-dist/tex/latex/hyperref/puenc.def)
(/usr/share/texlive/texmf-dist/tex/generic/bitset/bitset.sty
(/usr/share/texlive/texmf-dist/tex/generic/bigintcalc/bigintcalc.sty))
(/usr/share/texlive/texmf-dist/tex/latex/base/atbegshi-ltx.sty))
(/usr/share/texlive/texmf-dist/tex/latex/hyperref/hpdftex.def
(/usr/share/texlive/texmf-dist/tex/latex/base/atveryend-ltx.sty)
(/usr/share/texlive/texmf-dist/tex/latex/rerunfilecheck/rerunfilecheck.sty
(/usr/share/texlive/texmf-dist/tex/generic/uniquecounter/uniquecounter.sty)))
(/usr/share/texlive/texmf-dist/tex/latex/cleveref/cleveref.sty)
(/usr/share/texlive/texmf-dist/tex/latex/psnfss/t1ppl.fd) (./manuscript.aux)
(/usr/share/texlive/texmf-dist/tex/context/base/mkii/supp-pdf.mkii
[Loading MPS to PDF converter (version 2006.09.02).]
) (/usr/share/texlive/texmf-dist/tex/latex/microtype/mt-ppl.cfg)
(/usr/share/texlive/texmf-dist/tex/latex/translations/translations-basic-dictio
nary-english.trsl)
*geometry* detected driver: pdftex
(./manuscript.out) (./manuscript.out)
(/usr/share/texlive/texmf-dist/tex/latex/psnfss/ts1ppl.fd)
(/usr/share/texlive/texmf-dist/tex/latex/psnfss/ot1ppl.fd)
(/usr/share/texlive/texmf-dist/tex/latex/psnfss/omlzplm.fd)
(/usr/share/texlive/texmf-dist/tex/latex/psnfss/omszplm.fd)
(/usr/share/texlive/texmf-dist/tex/latex/psnfss/omxzplm.fd)
(/usr/share/texlive/texmf-dist/tex/latex/microtype/mt-msa.cfg)
(/usr/share/texlive/texmf-dist/tex/latex/microtype/mt-msb.cfg)
(/usr/share/texlive/texmf-dist/tex/latex/psnfss/ot1zplm.fd)
(/usr/share/texlive/texmf-dist/tex/latex/microtype/mt-eur.cfg)

Package hyperref Warning: Token not allowed in a PDF string (Unicode):
(hyperref)                removing `math shift' on input line 92.


Package hyperref Warning: Token not allowed in a PDF string (Unicode):
(hyperref)                removing `\in' on input line 92.


Package hyperref Warning: Token not allowed in a PDF string (Unicode):
(hyperref)                removing `superscript' on input line 92.


Package hyperref Warning: Token not allowed in a PDF string (Unicode):
(hyperref)                removing `\times' on input line 92.


Package hyperref Warning: Token not allowed in a PDF string (Unicode):
(hyperref)                removing `math shift' on input line 92.


Package hyperref Warning: Token not allowed in a PDF string (Unicode):
(hyperref)                removing `\in' on input line 92.


Package hyperref Warning: Token not allowed in a PDF string (Unicode):
(hyperref)                removing `superscript' on input line 92.


Package hyperref Warning: Token not allowed in a PDF string (Unicode):
(hyperref)                removing `\times' on input line 92.


Package hyperref Warning: Token not allowed in a PDF string (Unicode):
(hyperref)                removing `\ell' on input line 92.


Package hyperref Warning: Token not allowed in a PDF string (Unicode):
(hyperref)                removing `math shift' on input line 92.


Package hyperref Warning: Token not allowed in a PDF string (Unicode):
(hyperref)                removing `math shift' on input line 92.


Package hyperref Warning: Token not allowed in a PDF string (Unicode):
(hyperref)                removing `\setbox' on input line 92.


Package hyperref Warning: Token not allowed in a PDF string (Unicode):
(hyperref)                removing `\z@' on input line 92.


Package hyperref Warning: Token not allowed in a PDF string (Unicode):
(hyperref)                removing `\hbox' on input line 92.


Package hyperref Warning: Token not allowed in a PDF string (Unicode):
(hyperref)                removing `\mathsurround' on input line 92.


Package hyperref Warning: Token not allowed in a PDF string (Unicode):
(hyperref)                removing `\z@' on input line 92.


Package hyperref Warning: Token not allowed in a PDF string (Unicode):
(hyperref)                removing `math shift' on input line 92.


Package hyperref Warning: Token not allowed in a PDF string (Unicode):
(hyperref)                removing `\textstyle' on input line 92.


Package hyperref Warning: Token not allowed in a PDF string (Unicode):
(hyperref)                removing `math shift' on input line 92.


Package hyperref Warning: Token not allowed in a PDF string (Unicode):
(hyperref)                removing `\mathaccent' on input line 92.



Package fancyhdr Warning: \headheight is too small (12.0pt): 
(fancyhdr)                Make it at least 20.0pt, for example:
(fancyhdr)                \setlength{\headheight}{20.0pt}.
(fancyhdr)                You might also make \topmargin smaller:
(fancyhdr)                \addtolength{\topmargin}{-8.0pt}.

[1{/var/lib/texmf/fonts/map/pdftex/updmap/pdftex.map}{/usr/share/texlive/texmf-
dist/fonts/enc/dvips/base/8r.enc}{/usr/share/texmf/fonts/enc/dvips/cm-super/cm-
super-t1.enc} <./Definitions/logo-mdpi-eps-converted-to.pdf> <./Definitions/log
o-orcid.pdf>]

Package fancyhdr Warning: \headheight is too small (12.0pt): 
(fancyhdr)                Make it at least 18.18796pt, for example:
(fancyhdr)                \setlength{\headheight}{18.18796pt}.
(fancyhdr)                You might also make \topmargin smaller:
(fancyhdr)                \addtolength{\topmargin}{-6.18796pt}.

[2]

Package fancyhdr Warning: \headheight is too small (12.0pt): 
(fancyhdr)                Make it at least 18.18796pt, for example:
(fancyhdr)                \setlength{\headheight}{18.18796pt}.
(fancyhdr)                You might also make \topmargin smaller:
(fancyhdr)                \addtolength{\topmargin}{-6.18796pt}.

[3]

Package fancyhdr Warning: \headheight is too small (12.0pt): 
(fancyhdr)                Make it at least 18.18796pt, for example:
(fancyhdr)                \setlength{\headheight}{18.18796pt}.
(fancyhdr)                You might also make \topmargin smaller:
(fancyhdr)                \addtolength{\topmargin}{-6.18796pt}.

[4] (/usr/share/texlive/texmf-dist/tex/latex/bbm-macros/ubbm.fd)

Package fancyhdr Warning: \headheight is too small (12.0pt): 
(fancyhdr)                Make it at least 18.18796pt, for example:
(fancyhdr)                \setlength{\headheight}{18.18796pt}.
(fancyhdr)                You might also make \topmargin smaller:
(fancyhdr)                \addtolength{\topmargin}{-6.18796pt}.

[5]
pdfTeX warning (ext4): destination with the same identifier (name{ALG@line.1}) 
has been already used, duplicate ignored
<to be read again> 
                   \relax 
l.255 \State
             Split objects into training, validation, and test sets.
pdfTeX warning (ext4): destination with the same identifier (name{ALG@line.2}) 
has been already used, duplicate ignored
<to be read again> 
                   \relax 
l.256 \State
             Fit the transition operator \(\matT\) by Equation~\eqref{eq:rid...

pdfTeX warning (ext4): destination with the same identifier (name{ALG@line.3}) 
has been already used, duplicate ignored
<to be read again> 
                   \relax 
l.257 \State
             Select semantic attributes by combining transition salience and...

pdfTeX warning (ext4): destination with the same identifier (name{ALG@line.4}) 
has been already used, duplicate ignored
<to be read again> 
                   \relax 
l.258 \For
          {each selected attribute}
pdfTeX warning (ext4): destination with the same identifier (name{ALG@line.5}) 
has been already used, duplicate ignored
<to be read again> 
                   \relax 
l.259     \State
                 Learn WEDD thresholds on the training split and quantize tr...

pdfTeX warning (ext4): destination with the same identifier (name{ALG@line.6}) 
has been already used, duplicate ignored
<to be read again> 
                   \relax 
l.260 \EndFor
             
pdfTeX warning (ext4): destination with the same identifier (name{ALG@line.7}) 
has been already used, duplicate ignored
<to be read again> 
                   \relax 
l.261 \State
             Build equivalence classes under \(\Ind(\C)\) and mark determini...

pdfTeX warning (ext4): destination with the same identifier (name{ALG@line.8}) 
has been already used, duplicate ignored
<to be read again> 
                   \relax 
l.262 \State
             Induce candidate rules from granule signatures.
pdfTeX warning (ext4): destination with the same identifier (name{ALG@line.9}) 
has been already used, duplicate ignored
<to be read again> 
                   \relax 
l.263 \State
             Minimize antecedents by reduct search under support and confide...

pdfTeX warning (ext4): destination with the same identifier (name{ALG@line.10})
 has been already used, duplicate ignored
<to be read again> 
                   \relax 
l.264 \State
             Validate conflict-aware inference; export rulebook, traces, and...


Package fancyhdr Warning: \headheight is too small (12.0pt): 
(fancyhdr)                Make it at least 18.18796pt, for example:
(fancyhdr)                \setlength{\headheight}{18.18796pt}.
(fancyhdr)                You might also make \topmargin smaller:
(fancyhdr)                \addtolength{\topmargin}{-6.18796pt}.

[6] (./tables/table_dataset_summary.tex
Underfull \hbox (badness 10000) in alignment at lines 14--14
[][][][][] 
)

Package fancyhdr Warning: \headheight is too small (12.0pt): 
(fancyhdr)                Make it at least 18.18796pt, for example:
(fancyhdr)                \setlength{\headheight}{18.18796pt}.
(fancyhdr)                You might also make \topmargin smaller:
(fancyhdr)                \addtolength{\topmargin}{-6.18796pt}.

[7 <./figs/fig01_framework_pipeline.pdf> <./figs/fig02_matrix_alignment.pdf>]
(./tables/table_transition_metrics.tex
Underfull \hbox (badness 10000) in alignment at lines 14--14
[][][][] 
)

Package fancyhdr Warning: \headheight is too small (12.0pt): 
(fancyhdr)                Make it at least 18.18796pt, for example:
(fancyhdr)                \setlength{\headheight}{18.18796pt}.
(fancyhdr)                You might also make \topmargin smaller:
(fancyhdr)                \addtolength{\topmargin}{-6.18796pt}.

[8 <./figs/fig03_awa2_class_distribution.pdf> <./figs/fig04_svd_retained_varian
ce.pdf>] (./tables/table_selected_attributes.tex
Underfull \hbox (badness 10000) in alignment at lines 23--23
[][][][] 
)

Package fancyhdr Warning: \headheight is too small (12.0pt): 
(fancyhdr)                Make it at least 18.18796pt, for example:
(fancyhdr)                \setlength{\headheight}{18.18796pt}.
(fancyhdr)                You might also make \topmargin smaller:
(fancyhdr)                \addtolength{\topmargin}{-6.18796pt}.

[9 <./figs/fig05_transition_salience.pdf> <./figs/fig06_attribute_error.pdf>]

Package fancyhdr Warning: \headheight is too small (12.0pt): 
(fancyhdr)                Make it at least 18.18796pt, for example:
(fancyhdr)                \setlength{\headheight}{18.18796pt}.
(fancyhdr)                You might also make \topmargin smaller:
(fancyhdr)                \addtolength{\topmargin}{-6.18796pt}.

[10 <./figs/fig07_wedd_threshold_example.pdf>]
(./tables/table_rulebook_summary.tex
Underfull \hbox (badness 10000) in alignment at lines 19--19
[][] 
) (./tables/table_example_rules.tex)

Package fancyhdr Warning: \headheight is too small (12.0pt): 
(fancyhdr)                Make it at least 18.18796pt, for example:
(fancyhdr)                \setlength{\headheight}{18.18796pt}.
(fancyhdr)                You might also make \topmargin smaller:
(fancyhdr)                \addtolength{\topmargin}{-6.18796pt}.

[11 <./figs/fig08_granules_summary.pdf> <./figs/fig09_rule_support_confidence.p
df>] (./tables/table_wedd_ablation.tex
Overfull \hbox (4.4098pt too wide) in alignment at lines 16--16
[][][][][][][] 
)

Package fancyhdr Warning: \headheight is too small (12.0pt): 
(fancyhdr)                Make it at least 18.18796pt, for example:
(fancyhdr)                \setlength{\headheight}{18.18796pt}.
(fancyhdr)                You might also make \topmargin smaller:
(fancyhdr)                \addtolength{\topmargin}{-6.18796pt}.

[12 <./figs/fig10_awa2_ablation_accuracy.pdf>] (./tables/table_protocol_b.tex
Underfull \hbox (badness 10000) in alignment at lines 21--21
[][][][][] 
) (./tables/table_synthetic_ground_truth.tex)
(./tables/table_synthetic_noise.tex
Underfull \hbox (badness 10000) in alignment at lines 17--17
[][][][][][][] 


Package fancyhdr Warning: \headheight is too small (12.0pt): 
(fancyhdr)                Make it at least 18.18796pt, for example:
(fancyhdr)                \setlength{\headheight}{18.18796pt}.
(fancyhdr)                You might also make \topmargin smaller:
(fancyhdr)                \addtolength{\topmargin}{-6.18796pt}.

[13 <./figs/fig11_protocol_b_unseen_accuracy.pdf>])

Package fancyhdr Warning: \headheight is too small (12.0pt): 
(fancyhdr)                Make it at least 18.18796pt, for example:
(fancyhdr)                \setlength{\headheight}{18.18796pt}.
(fancyhdr)                You might also make \topmargin smaller:
(fancyhdr)                \addtolength{\topmargin}{-6.18796pt}.

[14 <./figs/fig12_synthetic_degradation.pdf>]

Package fancyhdr Warning: \headheight is too small (12.0pt): 
(fancyhdr)                Make it at least 18.18796pt, for example:
(fancyhdr)                \setlength{\headheight}{18.18796pt}.
(fancyhdr)                You might also make \topmargin smaller:
(fancyhdr)                \addtolength{\topmargin}{-6.18796pt}.

[15 <./figs/fig13_synthetic_threshold_recovery.pdf> <./figs/fig14_representativ
e_rule_traces.pdf>]

Package fancyhdr Warning: \headheight is too small (12.0pt): 
(fancyhdr)                Make it at least 18.18796pt, for example:
(fancyhdr)                \setlength{\headheight}{18.18796pt}.
(fancyhdr)                You might also make \topmargin smaller:
(fancyhdr)                \addtolength{\topmargin}{-6.18796pt}.

[16]
Overfull \hbox (4.18996pt too wide) in paragraph at lines 439--440
\T1/cmtt/m/n/10 generate_synthetic_poc.py\T1/ppl/m/n/10 (-20) , \T1/cmtt/m/n/10
 generate_from_artifacts.py\T1/ppl/m/n/10 (-20) , \T1/cmtt/m/n/10 generate_poc_
figures.py\T1/ppl/m/n/10 (-20) ,


Package fancyhdr Warning: \headheight is too small (12.0pt): 
(fancyhdr)                Make it at least 18.18796pt, for example:
(fancyhdr)                \setlength{\headheight}{18.18796pt}.
(fancyhdr)                You might also make \topmargin smaller:
(fancyhdr)                \addtolength{\topmargin}{-6.18796pt}.

[17] (./manuscript.bbl)

Package fancyhdr Warning: \headheight is too small (12.0pt): 
(fancyhdr)                Make it at least 18.18796pt, for example:
(fancyhdr)                \setlength{\headheight}{18.18796pt}.
(fancyhdr)                You might also make \topmargin smaller:
(fancyhdr)                \addtolength{\topmargin}{-6.18796pt}.

[18] 
enddocument/afterlastpage (AED): lastpage setting LastPage.
(./manuscript.aux)
kpathsea: Running mktexpk --mfmode / --bdpi 600 --mag 1+0/600 --dpi 600 bbm10
mktexpk: /home/oai/.texlive2025/texmf-var/fonts/pk/ljfour/public/bbm/bbm10.600pk already exists.
 )
(see the transcript file for additional information) </home/oai/.texlive2025/te
xmf-var/fonts/pk/ljfour/public/bbm/bbm10.600pk></usr/share/texlive/texmf-dist/f
onts/type1/public/amsfonts/cm/cmex10.pfb></usr/share/texlive/texmf-dist/fonts/t
ype1/public/amsfonts/cm/cmmi10.pfb></usr/share/texlive/texmf-dist/fonts/type1/p
ublic/amsfonts/cm/cmr10.pfb></usr/share/texlive/texmf-dist/fonts/type1/public/a
msfonts/cm/cmsy10.pfb></usr/share/texlive/texmf-dist/fonts/type1/public/mathpaz
o/fplmr.pfb></usr/share/texlive/texmf-dist/fonts/type1/public/mathpazo/fplmri.p
fb></usr/share/texlive/texmf-dist/fonts/type1/public/amsfonts/symbols/msbm10.pf
b></usr/share/texmf/fonts/type1/public/cm-super/sfss0800.pfb></usr/share/texmf/
fonts/type1/public/cm-super/sftt0900.pfb></usr/share/texmf/fonts/type1/public/c
m-super/sftt1000.pfb></usr/share/texlive/texmf-dist/fonts/type1/urw/palatino/up
lb8a.pfb></usr/share/texlive/texmf-dist/fonts/type1/urw/palatino/uplr8a.pfb></u
sr/share/texlive/texmf-dist/fonts/type1/urw/palatino/uplri8a.pfb>
Output written on manuscript.pdf (18 pages, 443556 bytes).
Transcript written on manuscript.log.
The 8-bit codepage and sorting file: 88591lat.csf
The top-level auxiliary file: manuscript.aux
The style file: Definitions/mdpi.bst
Database file #1: references.bib
This is pdfTeX, Version 3.141592653-2.6-1.40.26 (TeX Live 2025/dev/Debian) (preloaded format=pdflatex)
 restricted \write18 enabled.
entering extended mode
(./manuscript.tex
LaTeX2e <2024-11-01> patch level 2
L3 programming layer <2025-01-18>
(./Definitions/mdpi.cls
Document Class: Definitions/mdpi 13/03/2026 MDPI paper class
(/usr/share/texlive/texmf-dist/tex/latex/base/article.cls
Document Class: article 2024/06/29 v1.4n Standard LaTeX document class
(/usr/share/texlive/texmf-dist/tex/latex/base/size10.clo))
(/usr/share/texlive/texmf-dist/tex/latex/base/fontenc.sty)
(/usr/share/texlive/texmf-dist/tex/latex/base/inputenc.sty)
(/usr/share/texlive/texmf-dist/tex/latex/tools/calc.sty)
(/usr/share/texlive/texmf-dist/tex/latex/tools/indentfirst.sty)
(/usr/share/texlive/texmf-dist/tex/latex/fancyhdr/fancyhdr.sty)
(/usr/share/texlive/texmf-dist/tex/latex/graphics/graphicx.sty
(/usr/share/texlive/texmf-dist/tex/latex/graphics/keyval.sty)
(/usr/share/texlive/texmf-dist/tex/latex/graphics/graphics.sty
(/usr/share/texlive/texmf-dist/tex/latex/graphics/trig.sty)
(/usr/share/texlive/texmf-dist/tex/latex/graphics-cfg/graphics.cfg)
(/usr/share/texlive/texmf-dist/tex/latex/graphics-def/pdftex.def)))
(/usr/share/texlive/texmf-dist/tex/latex/epstopdf-pkg/epstopdf.sty
(/usr/share/texlive/texmf-dist/tex/generic/infwarerr/infwarerr.sty)
(/usr/share/texlive/texmf-dist/tex/latex/grfext/grfext.sty
(/usr/share/texlive/texmf-dist/tex/generic/kvdefinekeys/kvdefinekeys.sty))
(/usr/share/texlive/texmf-dist/tex/latex/kvoptions/kvoptions.sty
(/usr/share/texlive/texmf-dist/tex/generic/ltxcmds/ltxcmds.sty)
(/usr/share/texlive/texmf-dist/tex/latex/kvsetkeys/kvsetkeys.sty))
(/usr/share/texlive/texmf-dist/tex/generic/pdftexcmds/pdftexcmds.sty
(/usr/share/texlive/texmf-dist/tex/generic/iftex/iftex.sty))
(/usr/share/texlive/texmf-dist/tex/latex/epstopdf-pkg/epstopdf-base.sty
(/usr/share/texlive/texmf-dist/tex/latex/latexconfig/epstopdf-sys.cfg)))
(/usr/share/texlive/texmf-dist/tex/latex/lastpage/lastpage.sty
(/usr/share/texlive/texmf-dist/tex/latex/lastpage/lastpage2e.sty
(/usr/share/texlive/texmf-dist/tex/latex/lastpage/lastpagemodern.sty) 
)) (/usr/share/texlive/texmf-dist/tex/latex/base/ifthen.sty)
(/usr/share/texlive/texmf-dist/tex/latex/float/float.sty)
(/usr/share/texlive/texmf-dist/tex/latex/amsmath/amsmath.sty
For additional information on amsmath, use the `?' option.
(/usr/share/texlive/texmf-dist/tex/latex/amsmath/amstext.sty
(/usr/share/texlive/texmf-dist/tex/latex/amsmath/amsgen.sty))
(/usr/share/texlive/texmf-dist/tex/latex/amsmath/amsbsy.sty)
(/usr/share/texlive/texmf-dist/tex/latex/amsmath/amsopn.sty))
(/usr/share/texlive/texmf-dist/tex/latex/amsfonts/amssymb.sty
(/usr/share/texlive/texmf-dist/tex/latex/amsfonts/amsfonts.sty))
(/usr/share/texlive/texmf-dist/tex/latex/lineno/lineno.sty
(/usr/share/texlive/texmf-dist/tex/latex/etoolbox/etoolbox.sty))
(/usr/share/texlive/texmf-dist/tex/latex/setspace/setspace.sty)
(/usr/share/texlive/texmf-dist/tex/latex/enumitem/enumitem.sty)
(/usr/share/texlive/texmf-dist/tex/latex/psnfss/mathpazo.sty)
(/usr/share/texlive/texmf-dist/tex/latex/booktabs/booktabs.sty)
(/usr/share/texlive/texmf-dist/tex/latex/titlesec/titlesec.sty)
(/usr/share/texlive/texmf-dist/tex/latex/tabto-ltx/tabto.sty)
(/usr/share/texlive/texmf-dist/tex/latex/xcolor/xcolor.sty
(/usr/share/texlive/texmf-dist/tex/latex/graphics-cfg/color.cfg)
(/usr/share/texlive/texmf-dist/tex/latex/graphics/mathcolor.ltx))
(/usr/share/texlive/texmf-dist/tex/latex/colortbl/colortbl.sty
(/usr/share/texlive/texmf-dist/tex/latex/tools/array.sty))
(/usr/share/texlive/texmf-dist/tex/generic/soul/soul.sty
(/usr/share/texlive/texmf-dist/tex/generic/soul/soul-ori.sty)
(/usr/share/texlive/texmf-dist/tex/generic/etexcmds/etexcmds.sty))
(/usr/share/texlive/texmf-dist/tex/latex/multirow/multirow.sty)
(/usr/share/texlive/texmf-dist/tex/latex/microtype/microtype.sty
(/usr/share/texlive/texmf-dist/tex/latex/microtype/microtype-pdftex.def)
(/usr/share/texlive/texmf-dist/tex/latex/microtype/microtype.cfg))
(/usr/share/texlive/texmf-dist/tex/latex/pgf/frontendlayer/tikz.sty
(/usr/share/texlive/texmf-dist/tex/latex/pgf/basiclayer/pgf.sty
(/usr/share/texlive/texmf-dist/tex/latex/pgf/utilities/pgfrcs.sty
(/usr/share/texlive/texmf-dist/tex/generic/pgf/utilities/pgfutil-common.tex)
(/usr/share/texlive/texmf-dist/tex/generic/pgf/utilities/pgfutil-latex.def)
(/usr/share/texlive/texmf-dist/tex/generic/pgf/utilities/pgfrcs.code.tex
(/usr/share/texlive/texmf-dist/tex/generic/pgf/pgf.revision.tex)))
(/usr/share/texlive/texmf-dist/tex/latex/pgf/basiclayer/pgfcore.sty
(/usr/share/texlive/texmf-dist/tex/latex/pgf/systemlayer/pgfsys.sty
(/usr/share/texlive/texmf-dist/tex/generic/pgf/systemlayer/pgfsys.code.tex
(/usr/share/texlive/texmf-dist/tex/generic/pgf/utilities/pgfkeys.code.tex
(/usr/share/texlive/texmf-dist/tex/generic/pgf/utilities/pgfkeyslibraryfiltered
.code.tex)) (/usr/share/texlive/texmf-dist/tex/generic/pgf/systemlayer/pgf.cfg)
(/usr/share/texlive/texmf-dist/tex/generic/pgf/systemlayer/pgfsys-pdftex.def
(/usr/share/texlive/texmf-dist/tex/generic/pgf/systemlayer/pgfsys-common-pdf.de
f)))
(/usr/share/texlive/texmf-dist/tex/generic/pgf/systemlayer/pgfsyssoftpath.code.
tex)
(/usr/share/texlive/texmf-dist/tex/generic/pgf/systemlayer/pgfsysprotocol.code.
tex))

LaTeX Warning: Package "xcolor" has already been loaded: ignoring load-time
(LaTeX)        option "pdftex".

(/usr/share/texlive/texmf-dist/tex/generic/pgf/basiclayer/pgfcore.code.tex
(/usr/share/texlive/texmf-dist/tex/generic/pgf/math/pgfmath.code.tex
(/usr/share/texlive/texmf-dist/tex/generic/pgf/math/pgfmathutil.code.tex)
(/usr/share/texlive/texmf-dist/tex/generic/pgf/math/pgfmathparser.code.tex)
(/usr/share/texlive/texmf-dist/tex/generic/pgf/math/pgfmathfunctions.code.tex)
(/usr/share/texlive/texmf-dist/tex/generic/pgf/math/pgfmathfunctions.basic.code
.tex)
(/usr/share/texlive/texmf-dist/tex/generic/pgf/math/pgfmathfunctions.trigonomet
ric.code.tex)
(/usr/share/texlive/texmf-dist/tex/generic/pgf/math/pgfmathfunctions.random.cod
e.tex)
(/usr/share/texlive/texmf-dist/tex/generic/pgf/math/pgfmathfunctions.comparison
.code.tex)
(/usr/share/texlive/texmf-dist/tex/generic/pgf/math/pgfmathfunctions.base.code.
tex)
(/usr/share/texlive/texmf-dist/tex/generic/pgf/math/pgfmathfunctions.round.code
.tex)
(/usr/share/texlive/texmf-dist/tex/generic/pgf/math/pgfmathfunctions.misc.code.
tex)
(/usr/share/texlive/texmf-dist/tex/generic/pgf/math/pgfmathfunctions.integerari
thmetics.code.tex)
(/usr/share/texlive/texmf-dist/tex/generic/pgf/math/pgfmathcalc.code.tex)
(/usr/share/texlive/texmf-dist/tex/generic/pgf/math/pgfmathfloat.code.tex))
(/usr/share/texlive/texmf-dist/tex/generic/pgf/math/pgfint.code.tex)
(/usr/share/texlive/texmf-dist/tex/generic/pgf/basiclayer/pgfcorepoints.code.te
x)
(/usr/share/texlive/texmf-dist/tex/generic/pgf/basiclayer/pgfcorepathconstruct.
code.tex)
(/usr/share/texlive/texmf-dist/tex/generic/pgf/basiclayer/pgfcorepathusage.code
.tex)
(/usr/share/texlive/texmf-dist/tex/generic/pgf/basiclayer/pgfcorescopes.code.te
x)
(/usr/share/texlive/texmf-dist/tex/generic/pgf/basiclayer/pgfcoregraphicstate.c
ode.tex)
(/usr/share/texlive/texmf-dist/tex/generic/pgf/basiclayer/pgfcoretransformation
s.code.tex)
(/usr/share/texlive/texmf-dist/tex/generic/pgf/basiclayer/pgfcorequick.code.tex
)
(/usr/share/texlive/texmf-dist/tex/generic/pgf/basiclayer/pgfcoreobjects.code.t
ex)
(/usr/share/texlive/texmf-dist/tex/generic/pgf/basiclayer/pgfcorepathprocessing
.code.tex)
(/usr/share/texlive/texmf-dist/tex/generic/pgf/basiclayer/pgfcorearrows.code.te
x)
(/usr/share/texlive/texmf-dist/tex/generic/pgf/basiclayer/pgfcoreshade.code.tex
)
(/usr/share/texlive/texmf-dist/tex/generic/pgf/basiclayer/pgfcoreimage.code.tex
)
(/usr/share/texlive/texmf-dist/tex/generic/pgf/basiclayer/pgfcoreexternal.code.
tex)
(/usr/share/texlive/texmf-dist/tex/generic/pgf/basiclayer/pgfcorelayers.code.te
x)
(/usr/share/texlive/texmf-dist/tex/generic/pgf/basiclayer/pgfcoretransparency.c
ode.tex)
(/usr/share/texlive/texmf-dist/tex/generic/pgf/basiclayer/pgfcorepatterns.code.
tex)
(/usr/share/texlive/texmf-dist/tex/generic/pgf/basiclayer/pgfcorerdf.code.tex))
)
(/usr/share/texlive/texmf-dist/tex/generic/pgf/modules/pgfmoduleshapes.code.tex
) (/usr/share/texlive/texmf-dist/tex/generic/pgf/modules/pgfmoduleplot.code.tex
)
(/usr/share/texlive/texmf-dist/tex/latex/pgf/compatibility/pgfcomp-version-0-65
.sty)
(/usr/share/texlive/texmf-dist/tex/latex/pgf/compatibility/pgfcomp-version-1-18
.sty)) (/usr/share/texlive/texmf-dist/tex/latex/pgf/utilities/pgffor.sty
(/usr/share/texlive/texmf-dist/tex/latex/pgf/utilities/pgfkeys.sty
(/usr/share/texlive/texmf-dist/tex/generic/pgf/utilities/pgfkeys.code.tex))
(/usr/share/texlive/texmf-dist/tex/latex/pgf/math/pgfmath.sty
(/usr/share/texlive/texmf-dist/tex/generic/pgf/math/pgfmath.code.tex))
(/usr/share/texlive/texmf-dist/tex/generic/pgf/utilities/pgffor.code.tex))
(/usr/share/texlive/texmf-dist/tex/generic/pgf/frontendlayer/tikz/tikz.code.tex

(/usr/share/texlive/texmf-dist/tex/generic/pgf/libraries/pgflibraryplothandlers
.code.tex)
(/usr/share/texlive/texmf-dist/tex/generic/pgf/modules/pgfmodulematrix.code.tex
)
(/usr/share/texlive/texmf-dist/tex/generic/pgf/frontendlayer/tikz/libraries/tik
zlibrarytopaths.code.tex)))
(/usr/share/texlive/texmf-dist/tex/latex/refcount/refcount.sty)
(/usr/share/texlive/texmf-dist/tex/latex/changepage/changepage.sty)
(/usr/share/texlive/texmf-dist/tex/latex/frankenstein/attrib.sty
(/usr/share/texlive/texmf-dist/tex/latex/frankenstein/moredefs.sty))
(/usr/share/texlive/texmf-dist/tex/latex/was/upgreek.sty)
(/usr/share/texlive/texmf-dist/tex/latex/tools/tabularx.sty)
(/usr/share/texlive/texmf-dist/tex/latex/pbox/pbox.sty)
(/usr/share/texlive/texmf-dist/tex/latex/ragged2e/ragged2e.sty)
(/usr/share/texlive/texmf-dist/tex/latex/tocloft/tocloft.sty)
(/usr/share/texlive/texmf-dist/tex/latex/marginnote/marginnote.sty)
(/usr/share/texlive/texmf-dist/tex/latex/marginfix/marginfix.sty)
(/usr/share/texlive/texmf-dist/tex/latex/enotez/enotez.sty
(/usr/share/texlive/texmf-dist/tex/latex/l3kernel/expl3.sty
(/usr/share/texlive/texmf-dist/tex/latex/l3backend/l3backend-pdftex.def))
(/usr/share/texlive/texmf-dist/tex/latex/l3packages/xparse/xparse.sty)
(/usr/share/texlive/texmf-dist/tex/latex/l3packages/l3keys2e/l3keys2e.sty)
(/usr/share/texlive/texmf-dist/tex/latex/l3packages/xtemplate/xtemplate.sty)
(/usr/share/texlive/texmf-dist/tex/latex/translations/translations.sty))
(/usr/share/texlive/texmf-dist/tex/generic/xstring/xstring.sty
(/usr/share/texlive/texmf-dist/tex/generic/xstring/xstring.tex))
(/usr/share/texlive/texmf-dist/tex/latex/subfig/subfig.sty
(/usr/share/texlive/texmf-dist/tex/latex/caption/caption.sty
(/usr/share/texlive/texmf-dist/tex/latex/caption/caption3.sty)))
(/usr/share/texlive/texmf-dist/tex/generic/alphalph/alphalph.sty
(/usr/share/texlive/texmf-dist/tex/generic/intcalc/intcalc.sty))
(./Definitions/journalnames.tex)
(/usr/share/texlive/texmf-dist/tex/latex/amscls/amsthm.sty)
(/usr/share/texlive/texmf-dist/tex/latex/natbib/natbib.sty)
(/usr/share/texlive/texmf-dist/tex/latex/koma-script/scrextend.sty
(/usr/share/texlive/texmf-dist/tex/latex/koma-script/scrkbase.sty
(/usr/share/texlive/texmf-dist/tex/latex/koma-script/scrbase.sty
(/usr/share/texlive/texmf-dist/tex/latex/koma-script/scrlfile.sty
(/usr/share/texlive/texmf-dist/tex/latex/koma-script/scrlfile-hook.sty
(/usr/share/texlive/texmf-dist/tex/latex/koma-script/scrlogo.sty))))))
(/usr/share/texlive/texmf-dist/tex/latex/geometry/geometry.sty
(/usr/share/texlive/texmf-dist/tex/generic/iftex/ifvtex.sty))
(/usr/share/texlive/texmf-dist/tex/latex/newfloat/newfloat.sty)
(/usr/share/texlive/texmf-dist/tex/latex/seqsplit/seqsplit.sty))
(/usr/share/texlive/texmf-dist/tex/latex/algorithms/algorithm.sty)
(/usr/share/texlive/texmf-dist/tex/latex/algorithmicx/algpseudocode.sty
(/usr/share/texlive/texmf-dist/tex/latex/algorithmicx/algorithmicx.sty
Document Style algorithmicx 1.2 - a greatly improved `algorithmic' style
)
Document Style - pseudocode environments for use with the `algorithmicx' style
)
(/usr/share/texlive/texmf-dist/tex/generic/pgf/libraries/pgflibraryarrows.meta.
code.tex)
(/usr/share/texlive/texmf-dist/tex/generic/pgf/frontendlayer/tikz/libraries/tik
zlibrarypositioning.code.tex)
(/usr/share/texlive/texmf-dist/tex/generic/pgf/frontendlayer/tikz/libraries/tik
zlibraryfit.code.tex)
(/usr/share/texlive/texmf-dist/tex/generic/pgf/frontendlayer/tikz/libraries/tik
zlibraryshapes.geometric.code.tex
(/usr/share/texlive/texmf-dist/tex/generic/pgf/libraries/shapes/pgflibraryshape
s.geometric.code.tex))
(/usr/share/texlive/texmf-dist/tex/generic/pgf/frontendlayer/tikz/libraries/tik
zlibrarycalc.code.tex) (/usr/share/texlive/texmf-dist/tex/latex/url/url.sty)
(/usr/share/texlive/texmf-dist/tex/latex/bbm-macros/bbm.sty)
(/usr/share/texlive/texmf-dist/tex/latex/hyperref/hyperref.sty
(/usr/share/texlive/texmf-dist/tex/generic/pdfescape/pdfescape.sty)
(/usr/share/texlive/texmf-dist/tex/latex/hycolor/hycolor.sty)
(/usr/share/texlive/texmf-dist/tex/latex/hyperref/nameref.sty
(/usr/share/texlive/texmf-dist/tex/generic/gettitlestring/gettitlestring.sty))
(/usr/share/texlive/texmf-dist/tex/generic/stringenc/stringenc.sty)
(/usr/share/texlive/texmf-dist/tex/latex/hyperref/pd1enc.def)
(/usr/share/texlive/texmf-dist/tex/latex/hyperref/puenc.def)
(/usr/share/texlive/texmf-dist/tex/generic/bitset/bitset.sty
(/usr/share/texlive/texmf-dist/tex/generic/bigintcalc/bigintcalc.sty))
(/usr/share/texlive/texmf-dist/tex/latex/base/atbegshi-ltx.sty))
(/usr/share/texlive/texmf-dist/tex/latex/hyperref/hpdftex.def
(/usr/share/texlive/texmf-dist/tex/latex/base/atveryend-ltx.sty)
(/usr/share/texlive/texmf-dist/tex/latex/rerunfilecheck/rerunfilecheck.sty
(/usr/share/texlive/texmf-dist/tex/generic/uniquecounter/uniquecounter.sty)))
(/usr/share/texlive/texmf-dist/tex/latex/cleveref/cleveref.sty)
(/usr/share/texlive/texmf-dist/tex/latex/psnfss/t1ppl.fd) (./manuscript.aux)
(/usr/share/texlive/texmf-dist/tex/context/base/mkii/supp-pdf.mkii
[Loading MPS to PDF converter (version 2006.09.02).]
) (/usr/share/texlive/texmf-dist/tex/latex/microtype/mt-ppl.cfg)
(/usr/share/texlive/texmf-dist/tex/latex/translations/translations-basic-dictio
nary-english.trsl)
*geometry* detected driver: pdftex
(./manuscript.out) (./manuscript.out)
(/usr/share/texlive/texmf-dist/tex/latex/psnfss/ts1ppl.fd)
(/usr/share/texlive/texmf-dist/tex/latex/psnfss/ot1ppl.fd)
(/usr/share/texlive/texmf-dist/tex/latex/psnfss/omlzplm.fd)
(/usr/share/texlive/texmf-dist/tex/latex/psnfss/omszplm.fd)
(/usr/share/texlive/texmf-dist/tex/latex/psnfss/omxzplm.fd)
(/usr/share/texlive/texmf-dist/tex/latex/microtype/mt-msa.cfg)
(/usr/share/texlive/texmf-dist/tex/latex/microtype/mt-msb.cfg)
(/usr/share/texlive/texmf-dist/tex/latex/psnfss/ot1zplm.fd)
(/usr/share/texlive/texmf-dist/tex/latex/microtype/mt-eur.cfg)

Package hyperref Warning: Token not allowed in a PDF string (Unicode):
(hyperref)                removing `math shift' on input line 92.


Package hyperref Warning: Token not allowed in a PDF string (Unicode):
(hyperref)                removing `\in' on input line 92.


Package hyperref Warning: Token not allowed in a PDF string (Unicode):
(hyperref)                removing `superscript' on input line 92.


Package hyperref Warning: Token not allowed in a PDF string (Unicode):
(hyperref)                removing `\times' on input line 92.


Package hyperref Warning: Token not allowed in a PDF string (Unicode):
(hyperref)                removing `math shift' on input line 92.


Package hyperref Warning: Token not allowed in a PDF string (Unicode):
(hyperref)                removing `\in' on input line 92.


Package hyperref Warning: Token not allowed in a PDF string (Unicode):
(hyperref)                removing `superscript' on input line 92.


Package hyperref Warning: Token not allowed in a PDF string (Unicode):
(hyperref)                removing `\times' on input line 92.


Package hyperref Warning: Token not allowed in a PDF string (Unicode):
(hyperref)                removing `\ell' on input line 92.


Package hyperref Warning: Token not allowed in a PDF string (Unicode):
(hyperref)                removing `math shift' on input line 92.


Package hyperref Warning: Token not allowed in a PDF string (Unicode):
(hyperref)                removing `math shift' on input line 92.


Package hyperref Warning: Token not allowed in a PDF string (Unicode):
(hyperref)                removing `\setbox' on input line 92.


Package hyperref Warning: Token not allowed in a PDF string (Unicode):
(hyperref)                removing `\z@' on input line 92.


Package hyperref Warning: Token not allowed in a PDF string (Unicode):
(hyperref)                removing `\hbox' on input line 92.


Package hyperref Warning: Token not allowed in a PDF string (Unicode):
(hyperref)                removing `\mathsurround' on input line 92.


Package hyperref Warning: Token not allowed in a PDF string (Unicode):
(hyperref)                removing `\z@' on input line 92.


Package hyperref Warning: Token not allowed in a PDF string (Unicode):
(hyperref)                removing `math shift' on input line 92.


Package hyperref Warning: Token not allowed in a PDF string (Unicode):
(hyperref)                removing `\textstyle' on input line 92.


Package hyperref Warning: Token not allowed in a PDF string (Unicode):
(hyperref)                removing `math shift' on input line 92.


Package hyperref Warning: Token not allowed in a PDF string (Unicode):
(hyperref)                removing `\mathaccent' on input line 92.



Package fancyhdr Warning: \headheight is too small (12.0pt): 
(fancyhdr)                Make it at least 20.0pt, for example:
(fancyhdr)                \setlength{\headheight}{20.0pt}.
(fancyhdr)                You might also make \topmargin smaller:
(fancyhdr)                \addtolength{\topmargin}{-8.0pt}.

[1{/var/lib/texmf/fonts/map/pdftex/updmap/pdftex.map}{/usr/share/texlive/texmf-
dist/fonts/enc/dvips/base/8r.enc}{/usr/share/texmf/fonts/enc/dvips/cm-super/cm-
super-t1.enc} <./Definitions/logo-mdpi-eps-converted-to.pdf> <./Definitions/log
o-orcid.pdf>]

Package fancyhdr Warning: \headheight is too small (12.0pt): 
(fancyhdr)                Make it at least 18.18796pt, for example:
(fancyhdr)                \setlength{\headheight}{18.18796pt}.
(fancyhdr)                You might also make \topmargin smaller:
(fancyhdr)                \addtolength{\topmargin}{-6.18796pt}.

[2]

Package fancyhdr Warning: \headheight is too small (12.0pt): 
(fancyhdr)                Make it at least 18.18796pt, for example:
(fancyhdr)                \setlength{\headheight}{18.18796pt}.
(fancyhdr)                You might also make \topmargin smaller:
(fancyhdr)                \addtolength{\topmargin}{-6.18796pt}.

[3]

Package fancyhdr Warning: \headheight is too small (12.0pt): 
(fancyhdr)                Make it at least 18.18796pt, for example:
(fancyhdr)                \setlength{\headheight}{18.18796pt}.
(fancyhdr)                You might also make \topmargin smaller:
(fancyhdr)                \addtolength{\topmargin}{-6.18796pt}.

[4] (/usr/share/texlive/texmf-dist/tex/latex/bbm-macros/ubbm.fd)

Package fancyhdr Warning: \headheight is too small (12.0pt): 
(fancyhdr)                Make it at least 18.18796pt, for example:
(fancyhdr)                \setlength{\headheight}{18.18796pt}.
(fancyhdr)                You might also make \topmargin smaller:
(fancyhdr)                \addtolength{\topmargin}{-6.18796pt}.

[5]
pdfTeX warning (ext4): destination with the same identifier (name{ALG@line.1}) 
has been already used, duplicate ignored
<to be read again> 
                   \relax 
l.255 \State
             Split objects into training, validation, and test sets.
pdfTeX warning (ext4): destination with the same identifier (name{ALG@line.2}) 
has been already used, duplicate ignored
<to be read again> 
                   \relax 
l.256 \State
             Fit the transition operator \(\matT\) by Equation~\eqref{eq:rid...

pdfTeX warning (ext4): destination with the same identifier (name{ALG@line.3}) 
has been already used, duplicate ignored
<to be read again> 
                   \relax 
l.257 \State
             Select semantic attributes by combining transition salience and...

pdfTeX warning (ext4): destination with the same identifier (name{ALG@line.4}) 
has been already used, duplicate ignored
<to be read again> 
                   \relax 
l.258 \For
          {each selected attribute}
pdfTeX warning (ext4): destination with the same identifier (name{ALG@line.5}) 
has been already used, duplicate ignored
<to be read again> 
                   \relax 
l.259     \State
                 Learn WEDD thresholds on the training split and quantize tr...

pdfTeX warning (ext4): destination with the same identifier (name{ALG@line.6}) 
has been already used, duplicate ignored
<to be read again> 
                   \relax 
l.260 \EndFor
             
pdfTeX warning (ext4): destination with the same identifier (name{ALG@line.7}) 
has been already used, duplicate ignored
<to be read again> 
                   \relax 
l.261 \State
             Build equivalence classes under \(\Ind(\C)\) and mark determini...

pdfTeX warning (ext4): destination with the same identifier (name{ALG@line.8}) 
has been already used, duplicate ignored
<to be read again> 
                   \relax 
l.262 \State
             Induce candidate rules from granule signatures.
pdfTeX warning (ext4): destination with the same identifier (name{ALG@line.9}) 
has been already used, duplicate ignored
<to be read again> 
                   \relax 
l.263 \State
             Minimize antecedents by reduct search under support and confide...

pdfTeX warning (ext4): destination with the same identifier (name{ALG@line.10})
 has been already used, duplicate ignored
<to be read again> 
                   \relax 
l.264 \State
             Validate conflict-aware inference; export rulebook, traces, and...


Package fancyhdr Warning: \headheight is too small (12.0pt): 
(fancyhdr)                Make it at least 18.18796pt, for example:
(fancyhdr)                \setlength{\headheight}{18.18796pt}.
(fancyhdr)                You might also make \topmargin smaller:
(fancyhdr)                \addtolength{\topmargin}{-6.18796pt}.

[6] (./tables/table_dataset_summary.tex
Underfull \hbox (badness 10000) in alignment at lines 14--14
[][][][][] 
)

Package fancyhdr Warning: \headheight is too small (12.0pt): 
(fancyhdr)                Make it at least 18.18796pt, for example:
(fancyhdr)                \setlength{\headheight}{18.18796pt}.
(fancyhdr)                You might also make \topmargin smaller:
(fancyhdr)                \addtolength{\topmargin}{-6.18796pt}.

[7 <./figs/fig01_framework_pipeline.pdf> <./figs/fig02_matrix_alignment.pdf>]
(./tables/table_transition_metrics.tex
Underfull \hbox (badness 10000) in alignment at lines 14--14
[][][][] 
)

Package fancyhdr Warning: \headheight is too small (12.0pt): 
(fancyhdr)                Make it at least 18.18796pt, for example:
(fancyhdr)                \setlength{\headheight}{18.18796pt}.
(fancyhdr)                You might also make \topmargin smaller:
(fancyhdr)                \addtolength{\topmargin}{-6.18796pt}.

[8 <./figs/fig03_awa2_class_distribution.pdf> <./figs/fig04_svd_retained_varian
ce.pdf>] (./tables/table_selected_attributes.tex
Underfull \hbox (badness 10000) in alignment at lines 23--23
[][][][] 
)

Package fancyhdr Warning: \headheight is too small (12.0pt): 
(fancyhdr)                Make it at least 18.18796pt, for example:
(fancyhdr)                \setlength{\headheight}{18.18796pt}.
(fancyhdr)                You might also make \topmargin smaller:
(fancyhdr)                \addtolength{\topmargin}{-6.18796pt}.

[9 <./figs/fig05_transition_salience.pdf> <./figs/fig06_attribute_error.pdf>]

Package fancyhdr Warning: \headheight is too small (12.0pt): 
(fancyhdr)                Make it at least 18.18796pt, for example:
(fancyhdr)                \setlength{\headheight}{18.18796pt}.
(fancyhdr)                You might also make \topmargin smaller:
(fancyhdr)                \addtolength{\topmargin}{-6.18796pt}.

[10 <./figs/fig07_wedd_threshold_example.pdf>]
(./tables/table_rulebook_summary.tex
Underfull \hbox (badness 10000) in alignment at lines 19--19
[][] 
) (./tables/table_example_rules.tex)

Package fancyhdr Warning: \headheight is too small (12.0pt): 
(fancyhdr)                Make it at least 18.18796pt, for example:
(fancyhdr)                \setlength{\headheight}{18.18796pt}.
(fancyhdr)                You might also make \topmargin smaller:
(fancyhdr)                \addtolength{\topmargin}{-6.18796pt}.

[11 <./figs/fig08_granules_summary.pdf> <./figs/fig09_rule_support_confidence.p
df>] (./tables/table_wedd_ablation.tex
Overfull \hbox (4.4098pt too wide) in alignment at lines 16--16
[][][][][][][] 
)

Package fancyhdr Warning: \headheight is too small (12.0pt): 
(fancyhdr)                Make it at least 18.18796pt, for example:
(fancyhdr)                \setlength{\headheight}{18.18796pt}.
(fancyhdr)                You might also make \topmargin smaller:
(fancyhdr)                \addtolength{\topmargin}{-6.18796pt}.

[12 <./figs/fig10_awa2_ablation_accuracy.pdf>] (./tables/table_protocol_b.tex
Underfull \hbox (badness 10000) in alignment at lines 21--21
[][][][][] 
) (./tables/table_synthetic_ground_truth.tex)
(./tables/table_synthetic_noise.tex
Underfull \hbox (badness 10000) in alignment at lines 17--17
[][][][][][][] 


Package fancyhdr Warning: \headheight is too small (12.0pt): 
(fancyhdr)                Make it at least 18.18796pt, for example:
(fancyhdr)                \setlength{\headheight}{18.18796pt}.
(fancyhdr)                You might also make \topmargin smaller:
(fancyhdr)                \addtolength{\topmargin}{-6.18796pt}.

[13 <./figs/fig11_protocol_b_unseen_accuracy.pdf>])

Package fancyhdr Warning: \headheight is too small (12.0pt): 
(fancyhdr)                Make it at least 18.18796pt, for example:
(fancyhdr)                \setlength{\headheight}{18.18796pt}.
(fancyhdr)                You might also make \topmargin smaller:
(fancyhdr)                \addtolength{\topmargin}{-6.18796pt}.

[14 <./figs/fig12_synthetic_degradation.pdf>]

Package fancyhdr Warning: \headheight is too small (12.0pt): 
(fancyhdr)                Make it at least 18.18796pt, for example:
(fancyhdr)                \setlength{\headheight}{18.18796pt}.
(fancyhdr)                You might also make \topmargin smaller:
(fancyhdr)                \addtolength{\topmargin}{-6.18796pt}.

[15 <./figs/fig13_synthetic_threshold_recovery.pdf> <./figs/fig14_representativ
e_rule_traces.pdf>]

Package fancyhdr Warning: \headheight is too small (12.0pt): 
(fancyhdr)                Make it at least 18.18796pt, for example:
(fancyhdr)                \setlength{\headheight}{18.18796pt}.
(fancyhdr)                You might also make \topmargin smaller:
(fancyhdr)                \addtolength{\topmargin}{-6.18796pt}.

[16]
Overfull \hbox (4.18996pt too wide) in paragraph at lines 439--440
\T1/cmtt/m/n/10 generate_synthetic_poc.py\T1/ppl/m/n/10 (-20) , \T1/cmtt/m/n/10
 generate_from_artifacts.py\T1/ppl/m/n/10 (-20) , \T1/cmtt/m/n/10 generate_poc_
figures.py\T1/ppl/m/n/10 (-20) ,


Package fancyhdr Warning: \headheight is too small (12.0pt): 
(fancyhdr)                Make it at least 18.18796pt, for example:
(fancyhdr)                \setlength{\headheight}{18.18796pt}.
(fancyhdr)                You might also make \topmargin smaller:
(fancyhdr)                \addtolength{\topmargin}{-6.18796pt}.

[17] (./manuscript.bbl)

Package fancyhdr Warning: \headheight is too small (12.0pt): 
(fancyhdr)                Make it at least 18.18796pt, for example:
(fancyhdr)                \setlength{\headheight}{18.18796pt}.
(fancyhdr)                You might also make \topmargin smaller:
(fancyhdr)                \addtolength{\topmargin}{-6.18796pt}.

[18] 
enddocument/afterlastpage (AED): lastpage setting LastPage.
(./manuscript.aux)
kpathsea: Running mktexpk --mfmode / --bdpi 600 --mag 1+0/600 --dpi 600 bbm10
mktexpk: /home/oai/.texlive2025/texmf-var/fonts/pk/ljfour/public/bbm/bbm10.600pk already exists.
 )
(see the transcript file for additional information) </home/oai/.texlive2025/te
xmf-var/fonts/pk/ljfour/public/bbm/bbm10.600pk></usr/share/texlive/texmf-dist/f
onts/type1/public/amsfonts/cm/cmex10.pfb></usr/share/texlive/texmf-dist/fonts/t
ype1/public/amsfonts/cm/cmmi10.pfb></usr/share/texlive/texmf-dist/fonts/type1/p
ublic/amsfonts/cm/cmr10.pfb></usr/share/texlive/texmf-dist/fonts/type1/public/a
msfonts/cm/cmsy10.pfb></usr/share/texlive/texmf-dist/fonts/type1/public/mathpaz
o/fplmr.pfb></usr/share/texlive/texmf-dist/fonts/type1/public/mathpazo/fplmri.p
fb></usr/share/texlive/texmf-dist/fonts/type1/public/amsfonts/symbols/msbm10.pf
b></usr/share/texmf/fonts/type1/public/cm-super/sfss0800.pfb></usr/share/texmf/
fonts/type1/public/cm-super/sftt0900.pfb></usr/share/texmf/fonts/type1/public/c
m-super/sftt1000.pfb></usr/share/texlive/texmf-dist/fonts/type1/urw/palatino/up
lb8a.pfb></usr/share/texlive/texmf-dist/fonts/type1/urw/palatino/uplr8a.pfb></u
sr/share/texlive/texmf-dist/fonts/type1/urw/palatino/uplri8a.pfb>
Output written on manuscript.pdf (18 pages, 443556 bytes).
Transcript written on manuscript.log.
This is pdfTeX, Version 3.141592653-2.6-1.40.26 (TeX Live 2025/dev/Debian) (preloaded format=pdflatex)
 restricted \write18 enabled.
entering extended mode
(./manuscript.tex
LaTeX2e <2024-11-01> patch level 2
L3 programming layer <2025-01-18>
(./Definitions/mdpi.cls
Document Class: Definitions/mdpi 13/03/2026 MDPI paper class
(/usr/share/texlive/texmf-dist/tex/latex/base/article.cls
Document Class: article 2024/06/29 v1.4n Standard LaTeX document class
(/usr/share/texlive/texmf-dist/tex/latex/base/size10.clo))
(/usr/share/texlive/texmf-dist/tex/latex/base/fontenc.sty)
(/usr/share/texlive/texmf-dist/tex/latex/base/inputenc.sty)
(/usr/share/texlive/texmf-dist/tex/latex/tools/calc.sty)
(/usr/share/texlive/texmf-dist/tex/latex/tools/indentfirst.sty)
(/usr/share/texlive/texmf-dist/tex/latex/fancyhdr/fancyhdr.sty)
(/usr/share/texlive/texmf-dist/tex/latex/graphics/graphicx.sty
(/usr/share/texlive/texmf-dist/tex/latex/graphics/keyval.sty)
(/usr/share/texlive/texmf-dist/tex/latex/graphics/graphics.sty
(/usr/share/texlive/texmf-dist/tex/latex/graphics/trig.sty)
(/usr/share/texlive/texmf-dist/tex/latex/graphics-cfg/graphics.cfg)
(/usr/share/texlive/texmf-dist/tex/latex/graphics-def/pdftex.def)))
(/usr/share/texlive/texmf-dist/tex/latex/epstopdf-pkg/epstopdf.sty
(/usr/share/texlive/texmf-dist/tex/generic/infwarerr/infwarerr.sty)
(/usr/share/texlive/texmf-dist/tex/latex/grfext/grfext.sty
(/usr/share/texlive/texmf-dist/tex/generic/kvdefinekeys/kvdefinekeys.sty))
(/usr/share/texlive/texmf-dist/tex/latex/kvoptions/kvoptions.sty
(/usr/share/texlive/texmf-dist/tex/generic/ltxcmds/ltxcmds.sty)
(/usr/share/texlive/texmf-dist/tex/latex/kvsetkeys/kvsetkeys.sty))
(/usr/share/texlive/texmf-dist/tex/generic/pdftexcmds/pdftexcmds.sty
(/usr/share/texlive/texmf-dist/tex/generic/iftex/iftex.sty))
(/usr/share/texlive/texmf-dist/tex/latex/epstopdf-pkg/epstopdf-base.sty
(/usr/share/texlive/texmf-dist/tex/latex/latexconfig/epstopdf-sys.cfg)))
(/usr/share/texlive/texmf-dist/tex/latex/lastpage/lastpage.sty
(/usr/share/texlive/texmf-dist/tex/latex/lastpage/lastpage2e.sty
(/usr/share/texlive/texmf-dist/tex/latex/lastpage/lastpagemodern.sty) 
)) (/usr/share/texlive/texmf-dist/tex/latex/base/ifthen.sty)
(/usr/share/texlive/texmf-dist/tex/latex/float/float.sty)
(/usr/share/texlive/texmf-dist/tex/latex/amsmath/amsmath.sty
For additional information on amsmath, use the `?' option.
(/usr/share/texlive/texmf-dist/tex/latex/amsmath/amstext.sty
(/usr/share/texlive/texmf-dist/tex/latex/amsmath/amsgen.sty))
(/usr/share/texlive/texmf-dist/tex/latex/amsmath/amsbsy.sty)
(/usr/share/texlive/texmf-dist/tex/latex/amsmath/amsopn.sty))
(/usr/share/texlive/texmf-dist/tex/latex/amsfonts/amssymb.sty
(/usr/share/texlive/texmf-dist/tex/latex/amsfonts/amsfonts.sty))
(/usr/share/texlive/texmf-dist/tex/latex/lineno/lineno.sty
(/usr/share/texlive/texmf-dist/tex/latex/etoolbox/etoolbox.sty))
(/usr/share/texlive/texmf-dist/tex/latex/setspace/setspace.sty)
(/usr/share/texlive/texmf-dist/tex/latex/enumitem/enumitem.sty)
(/usr/share/texlive/texmf-dist/tex/latex/psnfss/mathpazo.sty)
(/usr/share/texlive/texmf-dist/tex/latex/booktabs/booktabs.sty)
(/usr/share/texlive/texmf-dist/tex/latex/titlesec/titlesec.sty)
(/usr/share/texlive/texmf-dist/tex/latex/tabto-ltx/tabto.sty)
(/usr/share/texlive/texmf-dist/tex/latex/xcolor/xcolor.sty
(/usr/share/texlive/texmf-dist/tex/latex/graphics-cfg/color.cfg)
(/usr/share/texlive/texmf-dist/tex/latex/graphics/mathcolor.ltx))
(/usr/share/texlive/texmf-dist/tex/latex/colortbl/colortbl.sty
(/usr/share/texlive/texmf-dist/tex/latex/tools/array.sty))
(/usr/share/texlive/texmf-dist/tex/generic/soul/soul.sty
(/usr/share/texlive/texmf-dist/tex/generic/soul/soul-ori.sty)
(/usr/share/texlive/texmf-dist/tex/generic/etexcmds/etexcmds.sty))
(/usr/share/texlive/texmf-dist/tex/latex/multirow/multirow.sty)
(/usr/share/texlive/texmf-dist/tex/latex/microtype/microtype.sty
(/usr/share/texlive/texmf-dist/tex/latex/microtype/microtype-pdftex.def)
(/usr/share/texlive/texmf-dist/tex/latex/microtype/microtype.cfg))
(/usr/share/texlive/texmf-dist/tex/latex/pgf/frontendlayer/tikz.sty
(/usr/share/texlive/texmf-dist/tex/latex/pgf/basiclayer/pgf.sty
(/usr/share/texlive/texmf-dist/tex/latex/pgf/utilities/pgfrcs.sty
(/usr/share/texlive/texmf-dist/tex/generic/pgf/utilities/pgfutil-common.tex)
(/usr/share/texlive/texmf-dist/tex/generic/pgf/utilities/pgfutil-latex.def)
(/usr/share/texlive/texmf-dist/tex/generic/pgf/utilities/pgfrcs.code.tex
(/usr/share/texlive/texmf-dist/tex/generic/pgf/pgf.revision.tex)))
(/usr/share/texlive/texmf-dist/tex/latex/pgf/basiclayer/pgfcore.sty
(/usr/share/texlive/texmf-dist/tex/latex/pgf/systemlayer/pgfsys.sty
(/usr/share/texlive/texmf-dist/tex/generic/pgf/systemlayer/pgfsys.code.tex
(/usr/share/texlive/texmf-dist/tex/generic/pgf/utilities/pgfkeys.code.tex
(/usr/share/texlive/texmf-dist/tex/generic/pgf/utilities/pgfkeyslibraryfiltered
.code.tex)) (/usr/share/texlive/texmf-dist/tex/generic/pgf/systemlayer/pgf.cfg)
(/usr/share/texlive/texmf-dist/tex/generic/pgf/systemlayer/pgfsys-pdftex.def
(/usr/share/texlive/texmf-dist/tex/generic/pgf/systemlayer/pgfsys-common-pdf.de
f)))
(/usr/share/texlive/texmf-dist/tex/generic/pgf/systemlayer/pgfsyssoftpath.code.
tex)
(/usr/share/texlive/texmf-dist/tex/generic/pgf/systemlayer/pgfsysprotocol.code.
tex))

LaTeX Warning: Package "xcolor" has already been loaded: ignoring load-time
(LaTeX)        option "pdftex".

(/usr/share/texlive/texmf-dist/tex/generic/pgf/basiclayer/pgfcore.code.tex
(/usr/share/texlive/texmf-dist/tex/generic/pgf/math/pgfmath.code.tex
(/usr/share/texlive/texmf-dist/tex/generic/pgf/math/pgfmathutil.code.tex)
(/usr/share/texlive/texmf-dist/tex/generic/pgf/math/pgfmathparser.code.tex)
(/usr/share/texlive/texmf-dist/tex/generic/pgf/math/pgfmathfunctions.code.tex)
(/usr/share/texlive/texmf-dist/tex/generic/pgf/math/pgfmathfunctions.basic.code
.tex)
(/usr/share/texlive/texmf-dist/tex/generic/pgf/math/pgfmathfunctions.trigonomet
ric.code.tex)
(/usr/share/texlive/texmf-dist/tex/generic/pgf/math/pgfmathfunctions.random.cod
e.tex)
(/usr/share/texlive/texmf-dist/tex/generic/pgf/math/pgfmathfunctions.comparison
.code.tex)
(/usr/share/texlive/texmf-dist/tex/generic/pgf/math/pgfmathfunctions.base.code.
tex)
(/usr/share/texlive/texmf-dist/tex/generic/pgf/math/pgfmathfunctions.round.code
.tex)
(/usr/share/texlive/texmf-dist/tex/generic/pgf/math/pgfmathfunctions.misc.code.
tex)
(/usr/share/texlive/texmf-dist/tex/generic/pgf/math/pgfmathfunctions.integerari
thmetics.code.tex)
(/usr/share/texlive/texmf-dist/tex/generic/pgf/math/pgfmathcalc.code.tex)
(/usr/share/texlive/texmf-dist/tex/generic/pgf/math/pgfmathfloat.code.tex))
(/usr/share/texlive/texmf-dist/tex/generic/pgf/math/pgfint.code.tex)
(/usr/share/texlive/texmf-dist/tex/generic/pgf/basiclayer/pgfcorepoints.code.te
x)
(/usr/share/texlive/texmf-dist/tex/generic/pgf/basiclayer/pgfcorepathconstruct.
code.tex)
(/usr/share/texlive/texmf-dist/tex/generic/pgf/basiclayer/pgfcorepathusage.code
.tex)
(/usr/share/texlive/texmf-dist/tex/generic/pgf/basiclayer/pgfcorescopes.code.te
x)
(/usr/share/texlive/texmf-dist/tex/generic/pgf/basiclayer/pgfcoregraphicstate.c
ode.tex)
(/usr/share/texlive/texmf-dist/tex/generic/pgf/basiclayer/pgfcoretransformation
s.code.tex)
(/usr/share/texlive/texmf-dist/tex/generic/pgf/basiclayer/pgfcorequick.code.tex
)
(/usr/share/texlive/texmf-dist/tex/generic/pgf/basiclayer/pgfcoreobjects.code.t
ex)
(/usr/share/texlive/texmf-dist/tex/generic/pgf/basiclayer/pgfcorepathprocessing
.code.tex)
(/usr/share/texlive/texmf-dist/tex/generic/pgf/basiclayer/pgfcorearrows.code.te
x)
(/usr/share/texlive/texmf-dist/tex/generic/pgf/basiclayer/pgfcoreshade.code.tex
)
(/usr/share/texlive/texmf-dist/tex/generic/pgf/basiclayer/pgfcoreimage.code.tex
)
(/usr/share/texlive/texmf-dist/tex/generic/pgf/basiclayer/pgfcoreexternal.code.
tex)
(/usr/share/texlive/texmf-dist/tex/generic/pgf/basiclayer/pgfcorelayers.code.te
x)
(/usr/share/texlive/texmf-dist/tex/generic/pgf/basiclayer/pgfcoretransparency.c
ode.tex)
(/usr/share/texlive/texmf-dist/tex/generic/pgf/basiclayer/pgfcorepatterns.code.
tex)
(/usr/share/texlive/texmf-dist/tex/generic/pgf/basiclayer/pgfcorerdf.code.tex))
)
(/usr/share/texlive/texmf-dist/tex/generic/pgf/modules/pgfmoduleshapes.code.tex
) (/usr/share/texlive/texmf-dist/tex/generic/pgf/modules/pgfmoduleplot.code.tex
)
(/usr/share/texlive/texmf-dist/tex/latex/pgf/compatibility/pgfcomp-version-0-65
.sty)
(/usr/share/texlive/texmf-dist/tex/latex/pgf/compatibility/pgfcomp-version-1-18
.sty)) (/usr/share/texlive/texmf-dist/tex/latex/pgf/utilities/pgffor.sty
(/usr/share/texlive/texmf-dist/tex/latex/pgf/utilities/pgfkeys.sty
(/usr/share/texlive/texmf-dist/tex/generic/pgf/utilities/pgfkeys.code.tex))
(/usr/share/texlive/texmf-dist/tex/latex/pgf/math/pgfmath.sty
(/usr/share/texlive/texmf-dist/tex/generic/pgf/math/pgfmath.code.tex))
(/usr/share/texlive/texmf-dist/tex/generic/pgf/utilities/pgffor.code.tex))
(/usr/share/texlive/texmf-dist/tex/generic/pgf/frontendlayer/tikz/tikz.code.tex

(/usr/share/texlive/texmf-dist/tex/generic/pgf/libraries/pgflibraryplothandlers
.code.tex)
(/usr/share/texlive/texmf-dist/tex/generic/pgf/modules/pgfmodulematrix.code.tex
)
(/usr/share/texlive/texmf-dist/tex/generic/pgf/frontendlayer/tikz/libraries/tik
zlibrarytopaths.code.tex)))
(/usr/share/texlive/texmf-dist/tex/latex/refcount/refcount.sty)
(/usr/share/texlive/texmf-dist/tex/latex/changepage/changepage.sty)
(/usr/share/texlive/texmf-dist/tex/latex/frankenstein/attrib.sty
(/usr/share/texlive/texmf-dist/tex/latex/frankenstein/moredefs.sty))
(/usr/share/texlive/texmf-dist/tex/latex/was/upgreek.sty)
(/usr/share/texlive/texmf-dist/tex/latex/tools/tabularx.sty)
(/usr/share/texlive/texmf-dist/tex/latex/pbox/pbox.sty)
(/usr/share/texlive/texmf-dist/tex/latex/ragged2e/ragged2e.sty)
(/usr/share/texlive/texmf-dist/tex/latex/tocloft/tocloft.sty)
(/usr/share/texlive/texmf-dist/tex/latex/marginnote/marginnote.sty)
(/usr/share/texlive/texmf-dist/tex/latex/marginfix/marginfix.sty)
(/usr/share/texlive/texmf-dist/tex/latex/enotez/enotez.sty
(/usr/share/texlive/texmf-dist/tex/latex/l3kernel/expl3.sty
(/usr/share/texlive/texmf-dist/tex/latex/l3backend/l3backend-pdftex.def))
(/usr/share/texlive/texmf-dist/tex/latex/l3packages/xparse/xparse.sty)
(/usr/share/texlive/texmf-dist/tex/latex/l3packages/l3keys2e/l3keys2e.sty)
(/usr/share/texlive/texmf-dist/tex/latex/l3packages/xtemplate/xtemplate.sty)
(/usr/share/texlive/texmf-dist/tex/latex/translations/translations.sty))
(/usr/share/texlive/texmf-dist/tex/generic/xstring/xstring.sty
(/usr/share/texlive/texmf-dist/tex/generic/xstring/xstring.tex))
(/usr/share/texlive/texmf-dist/tex/latex/subfig/subfig.sty
(/usr/share/texlive/texmf-dist/tex/latex/caption/caption.sty
(/usr/share/texlive/texmf-dist/tex/latex/caption/caption3.sty)))
(/usr/share/texlive/texmf-dist/tex/generic/alphalph/alphalph.sty
(/usr/share/texlive/texmf-dist/tex/generic/intcalc/intcalc.sty))
(./Definitions/journalnames.tex)
(/usr/share/texlive/texmf-dist/tex/latex/amscls/amsthm.sty)
(/usr/share/texlive/texmf-dist/tex/latex/natbib/natbib.sty)
(/usr/share/texlive/texmf-dist/tex/latex/koma-script/scrextend.sty
(/usr/share/texlive/texmf-dist/tex/latex/koma-script/scrkbase.sty
(/usr/share/texlive/texmf-dist/tex/latex/koma-script/scrbase.sty
(/usr/share/texlive/texmf-dist/tex/latex/koma-script/scrlfile.sty
(/usr/share/texlive/texmf-dist/tex/latex/koma-script/scrlfile-hook.sty
(/usr/share/texlive/texmf-dist/tex/latex/koma-script/scrlogo.sty))))))
(/usr/share/texlive/texmf-dist/tex/latex/geometry/geometry.sty
(/usr/share/texlive/texmf-dist/tex/generic/iftex/ifvtex.sty))
(/usr/share/texlive/texmf-dist/tex/latex/newfloat/newfloat.sty)
(/usr/share/texlive/texmf-dist/tex/latex/seqsplit/seqsplit.sty))
(/usr/share/texlive/texmf-dist/tex/latex/algorithms/algorithm.sty)
(/usr/share/texlive/texmf-dist/tex/latex/algorithmicx/algpseudocode.sty
(/usr/share/texlive/texmf-dist/tex/latex/algorithmicx/algorithmicx.sty
Document Style algorithmicx 1.2 - a greatly improved `algorithmic' style
)
Document Style - pseudocode environments for use with the `algorithmicx' style
)
(/usr/share/texlive/texmf-dist/tex/generic/pgf/libraries/pgflibraryarrows.meta.
code.tex)
(/usr/share/texlive/texmf-dist/tex/generic/pgf/frontendlayer/tikz/libraries/tik
zlibrarypositioning.code.tex)
(/usr/share/texlive/texmf-dist/tex/generic/pgf/frontendlayer/tikz/libraries/tik
zlibraryfit.code.tex)
(/usr/share/texlive/texmf-dist/tex/generic/pgf/frontendlayer/tikz/libraries/tik
zlibraryshapes.geometric.code.tex
(/usr/share/texlive/texmf-dist/tex/generic/pgf/libraries/shapes/pgflibraryshape
s.geometric.code.tex))
(/usr/share/texlive/texmf-dist/tex/generic/pgf/frontendlayer/tikz/libraries/tik
zlibrarycalc.code.tex) (/usr/share/texlive/texmf-dist/tex/latex/url/url.sty)
(/usr/share/texlive/texmf-dist/tex/latex/bbm-macros/bbm.sty)
(/usr/share/texlive/texmf-dist/tex/latex/hyperref/hyperref.sty
(/usr/share/texlive/texmf-dist/tex/generic/pdfescape/pdfescape.sty)
(/usr/share/texlive/texmf-dist/tex/latex/hycolor/hycolor.sty)
(/usr/share/texlive/texmf-dist/tex/latex/hyperref/nameref.sty
(/usr/share/texlive/texmf-dist/tex/generic/gettitlestring/gettitlestring.sty))
(/usr/share/texlive/texmf-dist/tex/generic/stringenc/stringenc.sty)
(/usr/share/texlive/texmf-dist/tex/latex/hyperref/pd1enc.def)
(/usr/share/texlive/texmf-dist/tex/latex/hyperref/puenc.def)
(/usr/share/texlive/texmf-dist/tex/generic/bitset/bitset.sty
(/usr/share/texlive/texmf-dist/tex/generic/bigintcalc/bigintcalc.sty))
(/usr/share/texlive/texmf-dist/tex/latex/base/atbegshi-ltx.sty))
(/usr/share/texlive/texmf-dist/tex/latex/hyperref/hpdftex.def
(/usr/share/texlive/texmf-dist/tex/latex/base/atveryend-ltx.sty)
(/usr/share/texlive/texmf-dist/tex/latex/rerunfilecheck/rerunfilecheck.sty
(/usr/share/texlive/texmf-dist/tex/generic/uniquecounter/uniquecounter.sty)))
(/usr/share/texlive/texmf-dist/tex/latex/cleveref/cleveref.sty)
(/usr/share/texlive/texmf-dist/tex/latex/psnfss/t1ppl.fd) (./manuscript.aux)
(/usr/share/texlive/texmf-dist/tex/context/base/mkii/supp-pdf.mkii
[Loading MPS to PDF converter (version 2006.09.02).]
) (/usr/share/texlive/texmf-dist/tex/latex/microtype/mt-ppl.cfg)
(/usr/share/texlive/texmf-dist/tex/latex/translations/translations-basic-dictio
nary-english.trsl)
*geometry* detected driver: pdftex
(./manuscript.out) (./manuscript.out)
(/usr/share/texlive/texmf-dist/tex/latex/psnfss/ts1ppl.fd)
(/usr/share/texlive/texmf-dist/tex/latex/psnfss/ot1ppl.fd)
(/usr/share/texlive/texmf-dist/tex/latex/psnfss/omlzplm.fd)
(/usr/share/texlive/texmf-dist/tex/latex/psnfss/omszplm.fd)
(/usr/share/texlive/texmf-dist/tex/latex/psnfss/omxzplm.fd)
(/usr/share/texlive/texmf-dist/tex/latex/microtype/mt-msa.cfg)
(/usr/share/texlive/texmf-dist/tex/latex/microtype/mt-msb.cfg)
(/usr/share/texlive/texmf-dist/tex/latex/psnfss/ot1zplm.fd)
(/usr/share/texlive/texmf-dist/tex/latex/microtype/mt-eur.cfg)

Package hyperref Warning: Token not allowed in a PDF string (Unicode):
(hyperref)                removing `math shift' on input line 92.


Package hyperref Warning: Token not allowed in a PDF string (Unicode):
(hyperref)                removing `\in' on input line 92.


Package hyperref Warning: Token not allowed in a PDF string (Unicode):
(hyperref)                removing `superscript' on input line 92.


Package hyperref Warning: Token not allowed in a PDF string (Unicode):
(hyperref)                removing `\times' on input line 92.


Package hyperref Warning: Token not allowed in a PDF string (Unicode):
(hyperref)                removing `math shift' on input line 92.


Package hyperref Warning: Token not allowed in a PDF string (Unicode):
(hyperref)                removing `\in' on input line 92.


Package hyperref Warning: Token not allowed in a PDF string (Unicode):
(hyperref)                removing `superscript' on input line 92.


Package hyperref Warning: Token not allowed in a PDF string (Unicode):
(hyperref)                removing `\times' on input line 92.


Package hyperref Warning: Token not allowed in a PDF string (Unicode):
(hyperref)                removing `\ell' on input line 92.


Package hyperref Warning: Token not allowed in a PDF string (Unicode):
(hyperref)                removing `math shift' on input line 92.


Package hyperref Warning: Token not allowed in a PDF string (Unicode):
(hyperref)                removing `math shift' on input line 92.


Package hyperref Warning: Token not allowed in a PDF string (Unicode):
(hyperref)                removing `\setbox' on input line 92.


Package hyperref Warning: Token not allowed in a PDF string (Unicode):
(hyperref)                removing `\z@' on input line 92.


Package hyperref Warning: Token not allowed in a PDF string (Unicode):
(hyperref)                removing `\hbox' on input line 92.


Package hyperref Warning: Token not allowed in a PDF string (Unicode):
(hyperref)                removing `\mathsurround' on input line 92.


Package hyperref Warning: Token not allowed in a PDF string (Unicode):
(hyperref)                removing `\z@' on input line 92.


Package hyperref Warning: Token not allowed in a PDF string (Unicode):
(hyperref)                removing `math shift' on input line 92.


Package hyperref Warning: Token not allowed in a PDF string (Unicode):
(hyperref)                removing `\textstyle' on input line 92.


Package hyperref Warning: Token not allowed in a PDF string (Unicode):
(hyperref)                removing `math shift' on input line 92.


Package hyperref Warning: Token not allowed in a PDF string (Unicode):
(hyperref)                removing `\mathaccent' on input line 92.



Package fancyhdr Warning: \headheight is too small (12.0pt): 
(fancyhdr)                Make it at least 20.0pt, for example:
(fancyhdr)                \setlength{\headheight}{20.0pt}.
(fancyhdr)                You might also make \topmargin smaller:
(fancyhdr)                \addtolength{\topmargin}{-8.0pt}.

[1{/var/lib/texmf/fonts/map/pdftex/updmap/pdftex.map}{/usr/share/texlive/texmf-
dist/fonts/enc/dvips/base/8r.enc}{/usr/share/texmf/fonts/enc/dvips/cm-super/cm-
super-t1.enc} <./Definitions/logo-mdpi-eps-converted-to.pdf> <./Definitions/log
o-orcid.pdf>]

Package fancyhdr Warning: \headheight is too small (12.0pt): 
(fancyhdr)                Make it at least 18.18796pt, for example:
(fancyhdr)                \setlength{\headheight}{18.18796pt}.
(fancyhdr)                You might also make \topmargin smaller:
(fancyhdr)                \addtolength{\topmargin}{-6.18796pt}.

[2]

Package fancyhdr Warning: \headheight is too small (12.0pt): 
(fancyhdr)                Make it at least 18.18796pt, for example:
(fancyhdr)                \setlength{\headheight}{18.18796pt}.
(fancyhdr)                You might also make \topmargin smaller:
(fancyhdr)                \addtolength{\topmargin}{-6.18796pt}.

[3]

Package fancyhdr Warning: \headheight is too small (12.0pt): 
(fancyhdr)                Make it at least 18.18796pt, for example:
(fancyhdr)                \setlength{\headheight}{18.18796pt}.
(fancyhdr)                You might also make \topmargin smaller:
(fancyhdr)                \addtolength{\topmargin}{-6.18796pt}.

[4] (/usr/share/texlive/texmf-dist/tex/latex/bbm-macros/ubbm.fd)

Package fancyhdr Warning: \headheight is too small (12.0pt): 
(fancyhdr)                Make it at least 18.18796pt, for example:
(fancyhdr)                \setlength{\headheight}{18.18796pt}.
(fancyhdr)                You might also make \topmargin smaller:
(fancyhdr)                \addtolength{\topmargin}{-6.18796pt}.

[5]
pdfTeX warning (ext4): destination with the same identifier (name{ALG@line.1}) 
has been already used, duplicate ignored
<to be read again> 
                   \relax 
l.255 \State
             Split objects into training, validation, and test sets.
pdfTeX warning (ext4): destination with the same identifier (name{ALG@line.2}) 
has been already used, duplicate ignored
<to be read again> 
                   \relax 
l.256 \State
             Fit the transition operator \(\matT\) by Equation~\eqref{eq:rid...

pdfTeX warning (ext4): destination with the same identifier (name{ALG@line.3}) 
has been already used, duplicate ignored
<to be read again> 
                   \relax 
l.257 \State
             Select semantic attributes by combining transition salience and...

pdfTeX warning (ext4): destination with the same identifier (name{ALG@line.4}) 
has been already used, duplicate ignored
<to be read again> 
                   \relax 
l.258 \For
          {each selected attribute}
pdfTeX warning (ext4): destination with the same identifier (name{ALG@line.5}) 
has been already used, duplicate ignored
<to be read again> 
                   \relax 
l.259     \State
                 Learn WEDD thresholds on the training split and quantize tr...

pdfTeX warning (ext4): destination with the same identifier (name{ALG@line.6}) 
has been already used, duplicate ignored
<to be read again> 
                   \relax 
l.260 \EndFor
             
pdfTeX warning (ext4): destination with the same identifier (name{ALG@line.7}) 
has been already used, duplicate ignored
<to be read again> 
                   \relax 
l.261 \State
             Build equivalence classes under \(\Ind(\C)\) and mark determini...

pdfTeX warning (ext4): destination with the same identifier (name{ALG@line.8}) 
has been already used, duplicate ignored
<to be read again> 
                   \relax 
l.262 \State
             Induce candidate rules from granule signatures.
pdfTeX warning (ext4): destination with the same identifier (name{ALG@line.9}) 
has been already used, duplicate ignored
<to be read again> 
                   \relax 
l.263 \State
             Minimize antecedents by reduct search under support and confide...

pdfTeX warning (ext4): destination with the same identifier (name{ALG@line.10})
 has been already used, duplicate ignored
<to be read again> 
                   \relax 
l.264 \State
             Validate conflict-aware inference; export rulebook, traces, and...


Package fancyhdr Warning: \headheight is too small (12.0pt): 
(fancyhdr)                Make it at least 18.18796pt, for example:
(fancyhdr)                \setlength{\headheight}{18.18796pt}.
(fancyhdr)                You might also make \topmargin smaller:
(fancyhdr)                \addtolength{\topmargin}{-6.18796pt}.

[6] (./tables/table_dataset_summary.tex
Underfull \hbox (badness 10000) in alignment at lines 14--14
[][][][][] 
)

Package fancyhdr Warning: \headheight is too small (12.0pt): 
(fancyhdr)                Make it at least 18.18796pt, for example:
(fancyhdr)                \setlength{\headheight}{18.18796pt}.
(fancyhdr)                You might also make \topmargin smaller:
(fancyhdr)                \addtolength{\topmargin}{-6.18796pt}.

[7 <./figs/fig01_framework_pipeline.pdf> <./figs/fig02_matrix_alignment.pdf>]
(./tables/table_transition_metrics.tex
Underfull \hbox (badness 10000) in alignment at lines 14--14
[][][][] 
)

Package fancyhdr Warning: \headheight is too small (12.0pt): 
(fancyhdr)                Make it at least 18.18796pt, for example:
(fancyhdr)                \setlength{\headheight}{18.18796pt}.
(fancyhdr)                You might also make \topmargin smaller:
(fancyhdr)                \addtolength{\topmargin}{-6.18796pt}.

[8 <./figs/fig03_awa2_class_distribution.pdf> <./figs/fig04_svd_retained_varian
ce.pdf>] (./tables/table_selected_attributes.tex
Underfull \hbox (badness 10000) in alignment at lines 23--23
[][][][] 
)

Package fancyhdr Warning: \headheight is too small (12.0pt): 
(fancyhdr)                Make it at least 18.18796pt, for example:
(fancyhdr)                \setlength{\headheight}{18.18796pt}.
(fancyhdr)                You might also make \topmargin smaller:
(fancyhdr)                \addtolength{\topmargin}{-6.18796pt}.

[9 <./figs/fig05_transition_salience.pdf> <./figs/fig06_attribute_error.pdf>]

Package fancyhdr Warning: \headheight is too small (12.0pt): 
(fancyhdr)                Make it at least 18.18796pt, for example:
(fancyhdr)                \setlength{\headheight}{18.18796pt}.
(fancyhdr)                You might also make \topmargin smaller:
(fancyhdr)                \addtolength{\topmargin}{-6.18796pt}.

[10 <./figs/fig07_wedd_threshold_example.pdf>]
(./tables/table_rulebook_summary.tex
Underfull \hbox (badness 10000) in alignment at lines 19--19
[][] 
) (./tables/table_example_rules.tex)

Package fancyhdr Warning: \headheight is too small (12.0pt): 
(fancyhdr)                Make it at least 18.18796pt, for example:
(fancyhdr)                \setlength{\headheight}{18.18796pt}.
(fancyhdr)                You might also make \topmargin smaller:
(fancyhdr)                \addtolength{\topmargin}{-6.18796pt}.

[11 <./figs/fig08_granules_summary.pdf> <./figs/fig09_rule_support_confidence.p
df>] (./tables/table_wedd_ablation.tex
Overfull \hbox (4.4098pt too wide) in alignment at lines 16--16
[][][][][][][] 
)

Package fancyhdr Warning: \headheight is too small (12.0pt): 
(fancyhdr)                Make it at least 18.18796pt, for example:
(fancyhdr)                \setlength{\headheight}{18.18796pt}.
(fancyhdr)                You might also make \topmargin smaller:
(fancyhdr)                \addtolength{\topmargin}{-6.18796pt}.

[12 <./figs/fig10_awa2_ablation_accuracy.pdf>] (./tables/table_protocol_b.tex
Underfull \hbox (badness 10000) in alignment at lines 21--21
[][][][][] 
) (./tables/table_synthetic_ground_truth.tex)
(./tables/table_synthetic_noise.tex
Underfull \hbox (badness 10000) in alignment at lines 17--17
[][][][][][][] 


Package fancyhdr Warning: \headheight is too small (12.0pt): 
(fancyhdr)                Make it at least 18.18796pt, for example:
(fancyhdr)                \setlength{\headheight}{18.18796pt}.
(fancyhdr)                You might also make \topmargin smaller:
(fancyhdr)                \addtolength{\topmargin}{-6.18796pt}.

[13 <./figs/fig11_protocol_b_unseen_accuracy.pdf>])

Package fancyhdr Warning: \headheight is too small (12.0pt): 
(fancyhdr)                Make it at least 18.18796pt, for example:
(fancyhdr)                \setlength{\headheight}{18.18796pt}.
(fancyhdr)                You might also make \topmargin smaller:
(fancyhdr)                \addtolength{\topmargin}{-6.18796pt}.

[14 <./figs/fig12_synthetic_degradation.pdf>]

Package fancyhdr Warning: \headheight is too small (12.0pt): 
(fancyhdr)                Make it at least 18.18796pt, for example:
(fancyhdr)                \setlength{\headheight}{18.18796pt}.
(fancyhdr)                You might also make \topmargin smaller:
(fancyhdr)                \addtolength{\topmargin}{-6.18796pt}.

[15 <./figs/fig13_synthetic_threshold_recovery.pdf> <./figs/fig14_representativ
e_rule_traces.pdf>]

Package fancyhdr Warning: \headheight is too small (12.0pt): 
(fancyhdr)                Make it at least 18.18796pt, for example:
(fancyhdr)                \setlength{\headheight}{18.18796pt}.
(fancyhdr)                You might also make \topmargin smaller:
(fancyhdr)                \addtolength{\topmargin}{-6.18796pt}.

[16]
Overfull \hbox (4.18996pt too wide) in paragraph at lines 439--440
\T1/cmtt/m/n/10 generate_synthetic_poc.py\T1/ppl/m/n/10 (-20) , \T1/cmtt/m/n/10
 generate_from_artifacts.py\T1/ppl/m/n/10 (-20) , \T1/cmtt/m/n/10 generate_poc_
figures.py\T1/ppl/m/n/10 (-20) ,


Package fancyhdr Warning: \headheight is too small (12.0pt): 
(fancyhdr)                Make it at least 18.18796pt, for example:
(fancyhdr)                \setlength{\headheight}{18.18796pt}.
(fancyhdr)                You might also make \topmargin smaller:
(fancyhdr)                \addtolength{\topmargin}{-6.18796pt}.

[17] (./manuscript.bbl)

Package fancyhdr Warning: \headheight is too small (12.0pt): 
(fancyhdr)                Make it at least 18.18796pt, for example:
(fancyhdr)                \setlength{\headheight}{18.18796pt}.
(fancyhdr)                You might also make \topmargin smaller:
(fancyhdr)                \addtolength{\topmargin}{-6.18796pt}.

[18] 
enddocument/afterlastpage (AED): lastpage setting LastPage.
(./manuscript.aux)
kpathsea: Running mktexpk --mfmode / --bdpi 600 --mag 1+0/600 --dpi 600 bbm10
mktexpk: /home/oai/.texlive2025/texmf-var/fonts/pk/ljfour/public/bbm/bbm10.600pk already exists.
 )
(see the transcript file for additional information) </home/oai/.texlive2025/te
xmf-var/fonts/pk/ljfour/public/bbm/bbm10.600pk></usr/share/texlive/texmf-dist/f
onts/type1/public/amsfonts/cm/cmex10.pfb></usr/share/texlive/texmf-dist/fonts/t
ype1/public/amsfonts/cm/cmmi10.pfb></usr/share/texlive/texmf-dist/fonts/type1/p
ublic/amsfonts/cm/cmr10.pfb></usr/share/texlive/texmf-dist/fonts/type1/public/a
msfonts/cm/cmsy10.pfb></usr/share/texlive/texmf-dist/fonts/type1/public/mathpaz
o/fplmr.pfb></usr/share/texlive/texmf-dist/fonts/type1/public/mathpazo/fplmri.p
fb></usr/share/texlive/texmf-dist/fonts/type1/public/amsfonts/symbols/msbm10.pf
b></usr/share/texmf/fonts/type1/public/cm-super/sfss0800.pfb></usr/share/texmf/
fonts/type1/public/cm-super/sftt0900.pfb></usr/share/texmf/fonts/type1/public/c
m-super/sftt1000.pfb></usr/share/texlive/texmf-dist/fonts/type1/urw/palatino/up
lb8a.pfb></usr/share/texlive/texmf-dist/fonts/type1/urw/palatino/uplr8a.pfb></u
sr/share/texlive/texmf-dist/fonts/type1/urw/palatino/uplri8a.pfb>
Output written on manuscript.pdf (18 pages, 443556 bytes).
Transcript written on manuscript.log.
The 8-bit codepage and sorting file: 88591lat.csf
The top-level auxiliary file: manuscript.aux
The style file: Definitions/mdpi.bst
Database file #1: references.bib
This is pdfTeX, Version 3.141592653-2.6-1.40.26 (TeX Live 2025/dev/Debian) (preloaded format=pdflatex)
 restricted \write18 enabled.
entering extended mode
(./manuscript.tex
LaTeX2e <2024-11-01> patch level 2
L3 programming layer <2025-01-18>
(./Definitions/mdpi.cls
Document Class: Definitions/mdpi 13/03/2026 MDPI paper class
(/usr/share/texlive/texmf-dist/tex/latex/base/article.cls
Document Class: article 2024/06/29 v1.4n Standard LaTeX document class
(/usr/share/texlive/texmf-dist/tex/latex/base/size10.clo))
(/usr/share/texlive/texmf-dist/tex/latex/base/fontenc.sty)
(/usr/share/texlive/texmf-dist/tex/latex/base/inputenc.sty)
(/usr/share/texlive/texmf-dist/tex/latex/tools/calc.sty)
(/usr/share/texlive/texmf-dist/tex/latex/tools/indentfirst.sty)
(/usr/share/texlive/texmf-dist/tex/latex/fancyhdr/fancyhdr.sty)
(/usr/share/texlive/texmf-dist/tex/latex/graphics/graphicx.sty
(/usr/share/texlive/texmf-dist/tex/latex/graphics/keyval.sty)
(/usr/share/texlive/texmf-dist/tex/latex/graphics/graphics.sty
(/usr/share/texlive/texmf-dist/tex/latex/graphics/trig.sty)
(/usr/share/texlive/texmf-dist/tex/latex/graphics-cfg/graphics.cfg)
(/usr/share/texlive/texmf-dist/tex/latex/graphics-def/pdftex.def)))
(/usr/share/texlive/texmf-dist/tex/latex/epstopdf-pkg/epstopdf.sty
(/usr/share/texlive/texmf-dist/tex/generic/infwarerr/infwarerr.sty)
(/usr/share/texlive/texmf-dist/tex/latex/grfext/grfext.sty
(/usr/share/texlive/texmf-dist/tex/generic/kvdefinekeys/kvdefinekeys.sty))
(/usr/share/texlive/texmf-dist/tex/latex/kvoptions/kvoptions.sty
(/usr/share/texlive/texmf-dist/tex/generic/ltxcmds/ltxcmds.sty)
(/usr/share/texlive/texmf-dist/tex/latex/kvsetkeys/kvsetkeys.sty))
(/usr/share/texlive/texmf-dist/tex/generic/pdftexcmds/pdftexcmds.sty
(/usr/share/texlive/texmf-dist/tex/generic/iftex/iftex.sty))
(/usr/share/texlive/texmf-dist/tex/latex/epstopdf-pkg/epstopdf-base.sty
(/usr/share/texlive/texmf-dist/tex/latex/latexconfig/epstopdf-sys.cfg)))
(/usr/share/texlive/texmf-dist/tex/latex/lastpage/lastpage.sty
(/usr/share/texlive/texmf-dist/tex/latex/lastpage/lastpage2e.sty
(/usr/share/texlive/texmf-dist/tex/latex/lastpage/lastpagemodern.sty) 
)) (/usr/share/texlive/texmf-dist/tex/latex/base/ifthen.sty)
(/usr/share/texlive/texmf-dist/tex/latex/float/float.sty)
(/usr/share/texlive/texmf-dist/tex/latex/amsmath/amsmath.sty
For additional information on amsmath, use the `?' option.
(/usr/share/texlive/texmf-dist/tex/latex/amsmath/amstext.sty
(/usr/share/texlive/texmf-dist/tex/latex/amsmath/amsgen.sty))
(/usr/share/texlive/texmf-dist/tex/latex/amsmath/amsbsy.sty)
(/usr/share/texlive/texmf-dist/tex/latex/amsmath/amsopn.sty))
(/usr/share/texlive/texmf-dist/tex/latex/amsfonts/amssymb.sty
(/usr/share/texlive/texmf-dist/tex/latex/amsfonts/amsfonts.sty))
(/usr/share/texlive/texmf-dist/tex/latex/lineno/lineno.sty
(/usr/share/texlive/texmf-dist/tex/latex/etoolbox/etoolbox.sty))
(/usr/share/texlive/texmf-dist/tex/latex/setspace/setspace.sty)
(/usr/share/texlive/texmf-dist/tex/latex/enumitem/enumitem.sty)
(/usr/share/texlive/texmf-dist/tex/latex/psnfss/mathpazo.sty)
(/usr/share/texlive/texmf-dist/tex/latex/booktabs/booktabs.sty)
(/usr/share/texlive/texmf-dist/tex/latex/titlesec/titlesec.sty)
(/usr/share/texlive/texmf-dist/tex/latex/tabto-ltx/tabto.sty)
(/usr/share/texlive/texmf-dist/tex/latex/xcolor/xcolor.sty
(/usr/share/texlive/texmf-dist/tex/latex/graphics-cfg/color.cfg)
(/usr/share/texlive/texmf-dist/tex/latex/graphics/mathcolor.ltx))
(/usr/share/texlive/texmf-dist/tex/latex/colortbl/colortbl.sty
(/usr/share/texlive/texmf-dist/tex/latex/tools/array.sty))
(/usr/share/texlive/texmf-dist/tex/generic/soul/soul.sty
(/usr/share/texlive/texmf-dist/tex/generic/soul/soul-ori.sty)
(/usr/share/texlive/texmf-dist/tex/generic/etexcmds/etexcmds.sty))
(/usr/share/texlive/texmf-dist/tex/latex/multirow/multirow.sty)
(/usr/share/texlive/texmf-dist/tex/latex/microtype/microtype.sty
(/usr/share/texlive/texmf-dist/tex/latex/microtype/microtype-pdftex.def)
(/usr/share/texlive/texmf-dist/tex/latex/microtype/microtype.cfg))
(/usr/share/texlive/texmf-dist/tex/latex/pgf/frontendlayer/tikz.sty
(/usr/share/texlive/texmf-dist/tex/latex/pgf/basiclayer/pgf.sty
(/usr/share/texlive/texmf-dist/tex/latex/pgf/utilities/pgfrcs.sty
(/usr/share/texlive/texmf-dist/tex/generic/pgf/utilities/pgfutil-common.tex)
(/usr/share/texlive/texmf-dist/tex/generic/pgf/utilities/pgfutil-latex.def)
(/usr/share/texlive/texmf-dist/tex/generic/pgf/utilities/pgfrcs.code.tex
(/usr/share/texlive/texmf-dist/tex/generic/pgf/pgf.revision.tex)))
(/usr/share/texlive/texmf-dist/tex/latex/pgf/basiclayer/pgfcore.sty
(/usr/share/texlive/texmf-dist/tex/latex/pgf/systemlayer/pgfsys.sty
(/usr/share/texlive/texmf-dist/tex/generic/pgf/systemlayer/pgfsys.code.tex
(/usr/share/texlive/texmf-dist/tex/generic/pgf/utilities/pgfkeys.code.tex
(/usr/share/texlive/texmf-dist/tex/generic/pgf/utilities/pgfkeyslibraryfiltered
.code.tex)) (/usr/share/texlive/texmf-dist/tex/generic/pgf/systemlayer/pgf.cfg)
(/usr/share/texlive/texmf-dist/tex/generic/pgf/systemlayer/pgfsys-pdftex.def
(/usr/share/texlive/texmf-dist/tex/generic/pgf/systemlayer/pgfsys-common-pdf.de
f)))
(/usr/share/texlive/texmf-dist/tex/generic/pgf/systemlayer/pgfsyssoftpath.code.
tex)
(/usr/share/texlive/texmf-dist/tex/generic/pgf/systemlayer/pgfsysprotocol.code.
tex))

LaTeX Warning: Package "xcolor" has already been loaded: ignoring load-time
(LaTeX)        option "pdftex".

(/usr/share/texlive/texmf-dist/tex/generic/pgf/basiclayer/pgfcore.code.tex
(/usr/share/texlive/texmf-dist/tex/generic/pgf/math/pgfmath.code.tex
(/usr/share/texlive/texmf-dist/tex/generic/pgf/math/pgfmathutil.code.tex)
(/usr/share/texlive/texmf-dist/tex/generic/pgf/math/pgfmathparser.code.tex)
(/usr/share/texlive/texmf-dist/tex/generic/pgf/math/pgfmathfunctions.code.tex)
(/usr/share/texlive/texmf-dist/tex/generic/pgf/math/pgfmathfunctions.basic.code
.tex)
(/usr/share/texlive/texmf-dist/tex/generic/pgf/math/pgfmathfunctions.trigonomet
ric.code.tex)
(/usr/share/texlive/texmf-dist/tex/generic/pgf/math/pgfmathfunctions.random.cod
e.tex)
(/usr/share/texlive/texmf-dist/tex/generic/pgf/math/pgfmathfunctions.comparison
.code.tex)
(/usr/share/texlive/texmf-dist/tex/generic/pgf/math/pgfmathfunctions.base.code.
tex)
(/usr/share/texlive/texmf-dist/tex/generic/pgf/math/pgfmathfunctions.round.code
.tex)
(/usr/share/texlive/texmf-dist/tex/generic/pgf/math/pgfmathfunctions.misc.code.
tex)
(/usr/share/texlive/texmf-dist/tex/generic/pgf/math/pgfmathfunctions.integerari
thmetics.code.tex)
(/usr/share/texlive/texmf-dist/tex/generic/pgf/math/pgfmathcalc.code.tex)
(/usr/share/texlive/texmf-dist/tex/generic/pgf/math/pgfmathfloat.code.tex))
(/usr/share/texlive/texmf-dist/tex/generic/pgf/math/pgfint.code.tex)
(/usr/share/texlive/texmf-dist/tex/generic/pgf/basiclayer/pgfcorepoints.code.te
x)
(/usr/share/texlive/texmf-dist/tex/generic/pgf/basiclayer/pgfcorepathconstruct.
code.tex)
(/usr/share/texlive/texmf-dist/tex/generic/pgf/basiclayer/pgfcorepathusage.code
.tex)
(/usr/share/texlive/texmf-dist/tex/generic/pgf/basiclayer/pgfcorescopes.code.te
x)
(/usr/share/texlive/texmf-dist/tex/generic/pgf/basiclayer/pgfcoregraphicstate.c
ode.tex)
(/usr/share/texlive/texmf-dist/tex/generic/pgf/basiclayer/pgfcoretransformation
s.code.tex)
(/usr/share/texlive/texmf-dist/tex/generic/pgf/basiclayer/pgfcorequick.code.tex
)
(/usr/share/texlive/texmf-dist/tex/generic/pgf/basiclayer/pgfcoreobjects.code.t
ex)
(/usr/share/texlive/texmf-dist/tex/generic/pgf/basiclayer/pgfcorepathprocessing
.code.tex)
(/usr/share/texlive/texmf-dist/tex/generic/pgf/basiclayer/pgfcorearrows.code.te
x)
(/usr/share/texlive/texmf-dist/tex/generic/pgf/basiclayer/pgfcoreshade.code.tex
)
(/usr/share/texlive/texmf-dist/tex/generic/pgf/basiclayer/pgfcoreimage.code.tex
)
(/usr/share/texlive/texmf-dist/tex/generic/pgf/basiclayer/pgfcoreexternal.code.
tex)
(/usr/share/texlive/texmf-dist/tex/generic/pgf/basiclayer/pgfcorelayers.code.te
x)
(/usr/share/texlive/texmf-dist/tex/generic/pgf/basiclayer/pgfcoretransparency.c
ode.tex)
(/usr/share/texlive/texmf-dist/tex/generic/pgf/basiclayer/pgfcorepatterns.code.
tex)
(/usr/share/texlive/texmf-dist/tex/generic/pgf/basiclayer/pgfcorerdf.code.tex))
)
(/usr/share/texlive/texmf-dist/tex/generic/pgf/modules/pgfmoduleshapes.code.tex
) (/usr/share/texlive/texmf-dist/tex/generic/pgf/modules/pgfmoduleplot.code.tex
)
(/usr/share/texlive/texmf-dist/tex/latex/pgf/compatibility/pgfcomp-version-0-65
.sty)
(/usr/share/texlive/texmf-dist/tex/latex/pgf/compatibility/pgfcomp-version-1-18
.sty)) (/usr/share/texlive/texmf-dist/tex/latex/pgf/utilities/pgffor.sty
(/usr/share/texlive/texmf-dist/tex/latex/pgf/utilities/pgfkeys.sty
(/usr/share/texlive/texmf-dist/tex/generic/pgf/utilities/pgfkeys.code.tex))
(/usr/share/texlive/texmf-dist/tex/latex/pgf/math/pgfmath.sty
(/usr/share/texlive/texmf-dist/tex/generic/pgf/math/pgfmath.code.tex))
(/usr/share/texlive/texmf-dist/tex/generic/pgf/utilities/pgffor.code.tex))
(/usr/share/texlive/texmf-dist/tex/generic/pgf/frontendlayer/tikz/tikz.code.tex

(/usr/share/texlive/texmf-dist/tex/generic/pgf/libraries/pgflibraryplothandlers
.code.tex)
(/usr/share/texlive/texmf-dist/tex/generic/pgf/modules/pgfmodulematrix.code.tex
)
(/usr/share/texlive/texmf-dist/tex/generic/pgf/frontendlayer/tikz/libraries/tik
zlibrarytopaths.code.tex)))
(/usr/share/texlive/texmf-dist/tex/latex/refcount/refcount.sty)
(/usr/share/texlive/texmf-dist/tex/latex/changepage/changepage.sty)
(/usr/share/texlive/texmf-dist/tex/latex/frankenstein/attrib.sty
(/usr/share/texlive/texmf-dist/tex/latex/frankenstein/moredefs.sty))
(/usr/share/texlive/texmf-dist/tex/latex/was/upgreek.sty)
(/usr/share/texlive/texmf-dist/tex/latex/tools/tabularx.sty)
(/usr/share/texlive/texmf-dist/tex/latex/pbox/pbox.sty)
(/usr/share/texlive/texmf-dist/tex/latex/ragged2e/ragged2e.sty)
(/usr/share/texlive/texmf-dist/tex/latex/tocloft/tocloft.sty)
(/usr/share/texlive/texmf-dist/tex/latex/marginnote/marginnote.sty)
(/usr/share/texlive/texmf-dist/tex/latex/marginfix/marginfix.sty)
(/usr/share/texlive/texmf-dist/tex/latex/enotez/enotez.sty
(/usr/share/texlive/texmf-dist/tex/latex/l3kernel/expl3.sty
(/usr/share/texlive/texmf-dist/tex/latex/l3backend/l3backend-pdftex.def))
(/usr/share/texlive/texmf-dist/tex/latex/l3packages/xparse/xparse.sty)
(/usr/share/texlive/texmf-dist/tex/latex/l3packages/l3keys2e/l3keys2e.sty)
(/usr/share/texlive/texmf-dist/tex/latex/l3packages/xtemplate/xtemplate.sty)
(/usr/share/texlive/texmf-dist/tex/latex/translations/translations.sty))
(/usr/share/texlive/texmf-dist/tex/generic/xstring/xstring.sty
(/usr/share/texlive/texmf-dist/tex/generic/xstring/xstring.tex))
(/usr/share/texlive/texmf-dist/tex/latex/subfig/subfig.sty
(/usr/share/texlive/texmf-dist/tex/latex/caption/caption.sty
(/usr/share/texlive/texmf-dist/tex/latex/caption/caption3.sty)))
(/usr/share/texlive/texmf-dist/tex/generic/alphalph/alphalph.sty
(/usr/share/texlive/texmf-dist/tex/generic/intcalc/intcalc.sty))
(./Definitions/journalnames.tex)
(/usr/share/texlive/texmf-dist/tex/latex/amscls/amsthm.sty)
(/usr/share/texlive/texmf-dist/tex/latex/natbib/natbib.sty)
(/usr/share/texlive/texmf-dist/tex/latex/koma-script/scrextend.sty
(/usr/share/texlive/texmf-dist/tex/latex/koma-script/scrkbase.sty
(/usr/share/texlive/texmf-dist/tex/latex/koma-script/scrbase.sty
(/usr/share/texlive/texmf-dist/tex/latex/koma-script/scrlfile.sty
(/usr/share/texlive/texmf-dist/tex/latex/koma-script/scrlfile-hook.sty
(/usr/share/texlive/texmf-dist/tex/latex/koma-script/scrlogo.sty))))))
(/usr/share/texlive/texmf-dist/tex/latex/geometry/geometry.sty
(/usr/share/texlive/texmf-dist/tex/generic/iftex/ifvtex.sty))
(/usr/share/texlive/texmf-dist/tex/latex/newfloat/newfloat.sty)
(/usr/share/texlive/texmf-dist/tex/latex/seqsplit/seqsplit.sty))
(/usr/share/texlive/texmf-dist/tex/latex/algorithms/algorithm.sty)
(/usr/share/texlive/texmf-dist/tex/latex/algorithmicx/algpseudocode.sty
(/usr/share/texlive/texmf-dist/tex/latex/algorithmicx/algorithmicx.sty
Document Style algorithmicx 1.2 - a greatly improved `algorithmic' style
)
Document Style - pseudocode environments for use with the `algorithmicx' style
)
(/usr/share/texlive/texmf-dist/tex/generic/pgf/libraries/pgflibraryarrows.meta.
code.tex)
(/usr/share/texlive/texmf-dist/tex/generic/pgf/frontendlayer/tikz/libraries/tik
zlibrarypositioning.code.tex)
(/usr/share/texlive/texmf-dist/tex/generic/pgf/frontendlayer/tikz/libraries/tik
zlibraryfit.code.tex)
(/usr/share/texlive/texmf-dist/tex/generic/pgf/frontendlayer/tikz/libraries/tik
zlibraryshapes.geometric.code.tex
(/usr/share/texlive/texmf-dist/tex/generic/pgf/libraries/shapes/pgflibraryshape
s.geometric.code.tex))
(/usr/share/texlive/texmf-dist/tex/generic/pgf/frontendlayer/tikz/libraries/tik
zlibrarycalc.code.tex) (/usr/share/texlive/texmf-dist/tex/latex/url/url.sty)
(/usr/share/texlive/texmf-dist/tex/latex/bbm-macros/bbm.sty)
(/usr/share/texlive/texmf-dist/tex/latex/hyperref/hyperref.sty
(/usr/share/texlive/texmf-dist/tex/generic/pdfescape/pdfescape.sty)
(/usr/share/texlive/texmf-dist/tex/latex/hycolor/hycolor.sty)
(/usr/share/texlive/texmf-dist/tex/latex/hyperref/nameref.sty
(/usr/share/texlive/texmf-dist/tex/generic/gettitlestring/gettitlestring.sty))
(/usr/share/texlive/texmf-dist/tex/generic/stringenc/stringenc.sty)
(/usr/share/texlive/texmf-dist/tex/latex/hyperref/pd1enc.def)
(/usr/share/texlive/texmf-dist/tex/latex/hyperref/puenc.def)
(/usr/share/texlive/texmf-dist/tex/generic/bitset/bitset.sty
(/usr/share/texlive/texmf-dist/tex/generic/bigintcalc/bigintcalc.sty))
(/usr/share/texlive/texmf-dist/tex/latex/base/atbegshi-ltx.sty))
(/usr/share/texlive/texmf-dist/tex/latex/hyperref/hpdftex.def
(/usr/share/texlive/texmf-dist/tex/latex/base/atveryend-ltx.sty)
(/usr/share/texlive/texmf-dist/tex/latex/rerunfilecheck/rerunfilecheck.sty
(/usr/share/texlive/texmf-dist/tex/generic/uniquecounter/uniquecounter.sty)))
(/usr/share/texlive/texmf-dist/tex/latex/cleveref/cleveref.sty)
(/usr/share/texlive/texmf-dist/tex/latex/psnfss/t1ppl.fd) (./manuscript.aux)
(/usr/share/texlive/texmf-dist/tex/context/base/mkii/supp-pdf.mkii
[Loading MPS to PDF converter (version 2006.09.02).]
) (/usr/share/texlive/texmf-dist/tex/latex/microtype/mt-ppl.cfg)
(/usr/share/texlive/texmf-dist/tex/latex/translations/translations-basic-dictio
nary-english.trsl)
*geometry* detected driver: pdftex
(./manuscript.out) (./manuscript.out)
(/usr/share/texlive/texmf-dist/tex/latex/psnfss/ts1ppl.fd)
(/usr/share/texlive/texmf-dist/tex/latex/psnfss/ot1ppl.fd)
(/usr/share/texlive/texmf-dist/tex/latex/psnfss/omlzplm.fd)
(/usr/share/texlive/texmf-dist/tex/latex/psnfss/omszplm.fd)
(/usr/share/texlive/texmf-dist/tex/latex/psnfss/omxzplm.fd)
(/usr/share/texlive/texmf-dist/tex/latex/microtype/mt-msa.cfg)
(/usr/share/texlive/texmf-dist/tex/latex/microtype/mt-msb.cfg)
(/usr/share/texlive/texmf-dist/tex/latex/psnfss/ot1zplm.fd)
(/usr/share/texlive/texmf-dist/tex/latex/microtype/mt-eur.cfg)

Package hyperref Warning: Token not allowed in a PDF string (Unicode):
(hyperref)                removing `math shift' on input line 92.


Package hyperref Warning: Token not allowed in a PDF string (Unicode):
(hyperref)                removing `\in' on input line 92.


Package hyperref Warning: Token not allowed in a PDF string (Unicode):
(hyperref)                removing `superscript' on input line 92.


Package hyperref Warning: Token not allowed in a PDF string (Unicode):
(hyperref)                removing `\times' on input line 92.


Package hyperref Warning: Token not allowed in a PDF string (Unicode):
(hyperref)                removing `math shift' on input line 92.


Package hyperref Warning: Token not allowed in a PDF string (Unicode):
(hyperref)                removing `\in' on input line 92.


Package hyperref Warning: Token not allowed in a PDF string (Unicode):
(hyperref)                removing `superscript' on input line 92.


Package hyperref Warning: Token not allowed in a PDF string (Unicode):
(hyperref)                removing `\times' on input line 92.


Package hyperref Warning: Token not allowed in a PDF string (Unicode):
(hyperref)                removing `\ell' on input line 92.


Package hyperref Warning: Token not allowed in a PDF string (Unicode):
(hyperref)                removing `math shift' on input line 92.


Package hyperref Warning: Token not allowed in a PDF string (Unicode):
(hyperref)                removing `math shift' on input line 92.


Package hyperref Warning: Token not allowed in a PDF string (Unicode):
(hyperref)                removing `\setbox' on input line 92.


Package hyperref Warning: Token not allowed in a PDF string (Unicode):
(hyperref)                removing `\z@' on input line 92.


Package hyperref Warning: Token not allowed in a PDF string (Unicode):
(hyperref)                removing `\hbox' on input line 92.


Package hyperref Warning: Token not allowed in a PDF string (Unicode):
(hyperref)                removing `\mathsurround' on input line 92.


Package hyperref Warning: Token not allowed in a PDF string (Unicode):
(hyperref)                removing `\z@' on input line 92.


Package hyperref Warning: Token not allowed in a PDF string (Unicode):
(hyperref)                removing `math shift' on input line 92.


Package hyperref Warning: Token not allowed in a PDF string (Unicode):
(hyperref)                removing `\textstyle' on input line 92.


Package hyperref Warning: Token not allowed in a PDF string (Unicode):
(hyperref)                removing `math shift' on input line 92.


Package hyperref Warning: Token not allowed in a PDF string (Unicode):
(hyperref)                removing `\mathaccent' on input line 92.



Package fancyhdr Warning: \headheight is too small (12.0pt): 
(fancyhdr)                Make it at least 20.0pt, for example:
(fancyhdr)                \setlength{\headheight}{20.0pt}.
(fancyhdr)                You might also make \topmargin smaller:
(fancyhdr)                \addtolength{\topmargin}{-8.0pt}.

[1{/var/lib/texmf/fonts/map/pdftex/updmap/pdftex.map}{/usr/share/texlive/texmf-
dist/fonts/enc/dvips/base/8r.enc}{/usr/share/texmf/fonts/enc/dvips/cm-super/cm-
super-t1.enc} <./Definitions/logo-mdpi-eps-converted-to.pdf> <./Definitions/log
o-orcid.pdf>]

Package fancyhdr Warning: \headheight is too small (12.0pt): 
(fancyhdr)                Make it at least 18.18796pt, for example:
(fancyhdr)                \setlength{\headheight}{18.18796pt}.
(fancyhdr)                You might also make \topmargin smaller:
(fancyhdr)                \addtolength{\topmargin}{-6.18796pt}.

[2]

Package fancyhdr Warning: \headheight is too small (12.0pt): 
(fancyhdr)                Make it at least 18.18796pt, for example:
(fancyhdr)                \setlength{\headheight}{18.18796pt}.
(fancyhdr)                You might also make \topmargin smaller:
(fancyhdr)                \addtolength{\topmargin}{-6.18796pt}.

[3]

Package fancyhdr Warning: \headheight is too small (12.0pt): 
(fancyhdr)                Make it at least 18.18796pt, for example:
(fancyhdr)                \setlength{\headheight}{18.18796pt}.
(fancyhdr)                You might also make \topmargin smaller:
(fancyhdr)                \addtolength{\topmargin}{-6.18796pt}.

[4] (/usr/share/texlive/texmf-dist/tex/latex/bbm-macros/ubbm.fd)

Package fancyhdr Warning: \headheight is too small (12.0pt): 
(fancyhdr)                Make it at least 18.18796pt, for example:
(fancyhdr)                \setlength{\headheight}{18.18796pt}.
(fancyhdr)                You might also make \topmargin smaller:
(fancyhdr)                \addtolength{\topmargin}{-6.18796pt}.

[5]
pdfTeX warning (ext4): destination with the same identifier (name{ALG@line.1}) 
has been already used, duplicate ignored
<to be read again> 
                   \relax 
l.255 \State
             Split objects into training, validation, and test sets.
pdfTeX warning (ext4): destination with the same identifier (name{ALG@line.2}) 
has been already used, duplicate ignored
<to be read again> 
                   \relax 
l.256 \State
             Fit the transition operator \(\matT\) by Equation~\eqref{eq:rid...

pdfTeX warning (ext4): destination with the same identifier (name{ALG@line.3}) 
has been already used, duplicate ignored
<to be read again> 
                   \relax 
l.257 \State
             Select semantic attributes by combining transition salience and...

pdfTeX warning (ext4): destination with the same identifier (name{ALG@line.4}) 
has been already used, duplicate ignored
<to be read again> 
                   \relax 
l.258 \For
          {each selected attribute}
pdfTeX warning (ext4): destination with the same identifier (name{ALG@line.5}) 
has been already used, duplicate ignored
<to be read again> 
                   \relax 
l.259     \State
                 Learn WEDD thresholds on the training split and quantize tr...

pdfTeX warning (ext4): destination with the same identifier (name{ALG@line.6}) 
has been already used, duplicate ignored
<to be read again> 
                   \relax 
l.260 \EndFor
             
pdfTeX warning (ext4): destination with the same identifier (name{ALG@line.7}) 
has been already used, duplicate ignored
<to be read again> 
                   \relax 
l.261 \State
             Build equivalence classes under \(\Ind(\C)\) and mark determini...

pdfTeX warning (ext4): destination with the same identifier (name{ALG@line.8}) 
has been already used, duplicate ignored
<to be read again> 
                   \relax 
l.262 \State
             Induce candidate rules from granule signatures.
pdfTeX warning (ext4): destination with the same identifier (name{ALG@line.9}) 
has been already used, duplicate ignored
<to be read again> 
                   \relax 
l.263 \State
             Minimize antecedents by reduct search under support and confide...

pdfTeX warning (ext4): destination with the same identifier (name{ALG@line.10})
 has been already used, duplicate ignored
<to be read again> 
                   \relax 
l.264 \State
             Validate conflict-aware inference; export rulebook, traces, and...


Package fancyhdr Warning: \headheight is too small (12.0pt): 
(fancyhdr)                Make it at least 18.18796pt, for example:
(fancyhdr)                \setlength{\headheight}{18.18796pt}.
(fancyhdr)                You might also make \topmargin smaller:
(fancyhdr)                \addtolength{\topmargin}{-6.18796pt}.

[6] (./tables/table_dataset_summary.tex
Underfull \hbox (badness 10000) in alignment at lines 14--14
[][][][][] 
)

Package fancyhdr Warning: \headheight is too small (12.0pt): 
(fancyhdr)                Make it at least 18.18796pt, for example:
(fancyhdr)                \setlength{\headheight}{18.18796pt}.
(fancyhdr)                You might also make \topmargin smaller:
(fancyhdr)                \addtolength{\topmargin}{-6.18796pt}.

[7 <./figs/fig01_framework_pipeline.pdf> <./figs/fig02_matrix_alignment.pdf>]
(./tables/table_transition_metrics.tex
Underfull \hbox (badness 10000) in alignment at lines 14--14
[][][][] 
)

Package fancyhdr Warning: \headheight is too small (12.0pt): 
(fancyhdr)                Make it at least 18.18796pt, for example:
(fancyhdr)                \setlength{\headheight}{18.18796pt}.
(fancyhdr)                You might also make \topmargin smaller:
(fancyhdr)                \addtolength{\topmargin}{-6.18796pt}.

[8 <./figs/fig03_awa2_class_distribution.pdf> <./figs/fig04_svd_retained_varian
ce.pdf>] (./tables/table_selected_attributes.tex
Underfull \hbox (badness 10000) in alignment at lines 23--23
[][][][] 
)

Package fancyhdr Warning: \headheight is too small (12.0pt): 
(fancyhdr)                Make it at least 18.18796pt, for example:
(fancyhdr)                \setlength{\headheight}{18.18796pt}.
(fancyhdr)                You might also make \topmargin smaller:
(fancyhdr)                \addtolength{\topmargin}{-6.18796pt}.

[9 <./figs/fig05_transition_salience.pdf> <./figs/fig06_attribute_error.pdf>]

Package fancyhdr Warning: \headheight is too small (12.0pt): 
(fancyhdr)                Make it at least 18.18796pt, for example:
(fancyhdr)                \setlength{\headheight}{18.18796pt}.
(fancyhdr)                You might also make \topmargin smaller:
(fancyhdr)                \addtolength{\topmargin}{-6.18796pt}.

[10 <./figs/fig07_wedd_threshold_example.pdf>]
(./tables/table_rulebook_summary.tex
Underfull \hbox (badness 10000) in alignment at lines 19--19
[][] 
) (./tables/table_example_rules.tex)

Package fancyhdr Warning: \headheight is too small (12.0pt): 
(fancyhdr)                Make it at least 18.18796pt, for example:
(fancyhdr)                \setlength{\headheight}{18.18796pt}.
(fancyhdr)                You might also make \topmargin smaller:
(fancyhdr)                \addtolength{\topmargin}{-6.18796pt}.

[11 <./figs/fig08_granules_summary.pdf> <./figs/fig09_rule_support_confidence.p
df>] (./tables/table_wedd_ablation.tex
Overfull \hbox (4.4098pt too wide) in alignment at lines 16--16
[][][][][][][] 
)

Package fancyhdr Warning: \headheight is too small (12.0pt): 
(fancyhdr)                Make it at least 18.18796pt, for example:
(fancyhdr)                \setlength{\headheight}{18.18796pt}.
(fancyhdr)                You might also make \topmargin smaller:
(fancyhdr)                \addtolength{\topmargin}{-6.18796pt}.

[12 <./figs/fig10_awa2_ablation_accuracy.pdf>] (./tables/table_protocol_b.tex
Underfull \hbox (badness 10000) in alignment at lines 21--21
[][][][][] 
) (./tables/table_synthetic_ground_truth.tex)
(./tables/table_synthetic_noise.tex
Underfull \hbox (badness 10000) in alignment at lines 17--17
[][][][][][][] 


Package fancyhdr Warning: \headheight is too small (12.0pt): 
(fancyhdr)                Make it at least 18.18796pt, for example:
(fancyhdr)                \setlength{\headheight}{18.18796pt}.
(fancyhdr)                You might also make \topmargin smaller:
(fancyhdr)                \addtolength{\topmargin}{-6.18796pt}.

[13 <./figs/fig11_protocol_b_unseen_accuracy.pdf>])

Package fancyhdr Warning: \headheight is too small (12.0pt): 
(fancyhdr)                Make it at least 18.18796pt, for example:
(fancyhdr)                \setlength{\headheight}{18.18796pt}.
(fancyhdr)                You might also make \topmargin smaller:
(fancyhdr)                \addtolength{\topmargin}{-6.18796pt}.

[14 <./figs/fig12_synthetic_degradation.pdf>]

Package fancyhdr Warning: \headheight is too small (12.0pt): 
(fancyhdr)                Make it at least 18.18796pt, for example:
(fancyhdr)                \setlength{\headheight}{18.18796pt}.
(fancyhdr)                You might also make \topmargin smaller:
(fancyhdr)                \addtolength{\topmargin}{-6.18796pt}.

[15 <./figs/fig13_synthetic_threshold_recovery.pdf> <./figs/fig14_representativ
e_rule_traces.pdf>]

Package fancyhdr Warning: \headheight is too small (12.0pt): 
(fancyhdr)                Make it at least 18.18796pt, for example:
(fancyhdr)                \setlength{\headheight}{18.18796pt}.
(fancyhdr)                You might also make \topmargin smaller:
(fancyhdr)                \addtolength{\topmargin}{-6.18796pt}.

[16]
Overfull \hbox (4.18996pt too wide) in paragraph at lines 439--440
\T1/cmtt/m/n/10 generate_synthetic_poc.py\T1/ppl/m/n/10 (-20) , \T1/cmtt/m/n/10
 generate_from_artifacts.py\T1/ppl/m/n/10 (-20) , \T1/cmtt/m/n/10 generate_poc_
figures.py\T1/ppl/m/n/10 (-20) ,


Package fancyhdr Warning: \headheight is too small (12.0pt): 
(fancyhdr)                Make it at least 18.18796pt, for example:
(fancyhdr)                \setlength{\headheight}{18.18796pt}.
(fancyhdr)                You might also make \topmargin smaller:
(fancyhdr)                \addtolength{\topmargin}{-6.18796pt}.

[17] (./manuscript.bbl)

Package fancyhdr Warning: \headheight is too small (12.0pt): 
(fancyhdr)                Make it at least 18.18796pt, for example:
(fancyhdr)                \setlength{\headheight}{18.18796pt}.
(fancyhdr)                You might also make \topmargin smaller:
(fancyhdr)                \addtolength{\topmargin}{-6.18796pt}.

[18] 
enddocument/afterlastpage (AED): lastpage setting LastPage.
(./manuscript.aux)
kpathsea: Running mktexpk --mfmode / --bdpi 600 --mag 1+0/600 --dpi 600 bbm10
mktexpk: /home/oai/.texlive2025/texmf-var/fonts/pk/ljfour/public/bbm/bbm10.600pk already exists.
 )
(see the transcript file for additional information) </home/oai/.texlive2025/te
xmf-var/fonts/pk/ljfour/public/bbm/bbm10.600pk></usr/share/texlive/texmf-dist/f
onts/type1/public/amsfonts/cm/cmex10.pfb></usr/share/texlive/texmf-dist/fonts/t
ype1/public/amsfonts/cm/cmmi10.pfb></usr/share/texlive/texmf-dist/fonts/type1/p
ublic/amsfonts/cm/cmr10.pfb></usr/share/texlive/texmf-dist/fonts/type1/public/a
msfonts/cm/cmsy10.pfb></usr/share/texlive/texmf-dist/fonts/type1/public/mathpaz
o/fplmr.pfb></usr/share/texlive/texmf-dist/fonts/type1/public/mathpazo/fplmri.p
fb></usr/share/texlive/texmf-dist/fonts/type1/public/amsfonts/symbols/msbm10.pf
b></usr/share/texmf/fonts/type1/public/cm-super/sfss0800.pfb></usr/share/texmf/
fonts/type1/public/cm-super/sftt0900.pfb></usr/share/texmf/fonts/type1/public/c
m-super/sftt1000.pfb></usr/share/texlive/texmf-dist/fonts/type1/urw/palatino/up
lb8a.pfb></usr/share/texlive/texmf-dist/fonts/type1/urw/palatino/uplr8a.pfb></u
sr/share/texlive/texmf-dist/fonts/type1/urw/palatino/uplri8a.pfb>
Output written on manuscript.pdf (18 pages, 443556 bytes).
Transcript written on manuscript.log.
This is pdfTeX, Version 3.141592653-2.6-1.40.26 (TeX Live 2025/dev/Debian) (preloaded format=pdflatex)
 restricted \write18 enabled.
entering extended mode
(./manuscript.tex
LaTeX2e <2024-11-01> patch level 2
L3 programming layer <2025-01-18>
(./Definitions/mdpi.cls
Document Class: Definitions/mdpi 13/03/2026 MDPI paper class
(/usr/share/texlive/texmf-dist/tex/latex/base/article.cls
Document Class: article 2024/06/29 v1.4n Standard LaTeX document class
(/usr/share/texlive/texmf-dist/tex/latex/base/size10.clo))
(/usr/share/texlive/texmf-dist/tex/latex/base/fontenc.sty)
(/usr/share/texlive/texmf-dist/tex/latex/base/inputenc.sty)
(/usr/share/texlive/texmf-dist/tex/latex/tools/calc.sty)
(/usr/share/texlive/texmf-dist/tex/latex/tools/indentfirst.sty)
(/usr/share/texlive/texmf-dist/tex/latex/fancyhdr/fancyhdr.sty)
(/usr/share/texlive/texmf-dist/tex/latex/graphics/graphicx.sty
(/usr/share/texlive/texmf-dist/tex/latex/graphics/keyval.sty)
(/usr/share/texlive/texmf-dist/tex/latex/graphics/graphics.sty
(/usr/share/texlive/texmf-dist/tex/latex/graphics/trig.sty)
(/usr/share/texlive/texmf-dist/tex/latex/graphics-cfg/graphics.cfg)
(/usr/share/texlive/texmf-dist/tex/latex/graphics-def/pdftex.def)))
(/usr/share/texlive/texmf-dist/tex/latex/epstopdf-pkg/epstopdf.sty
(/usr/share/texlive/texmf-dist/tex/generic/infwarerr/infwarerr.sty)
(/usr/share/texlive/texmf-dist/tex/latex/grfext/grfext.sty
(/usr/share/texlive/texmf-dist/tex/generic/kvdefinekeys/kvdefinekeys.sty))
(/usr/share/texlive/texmf-dist/tex/latex/kvoptions/kvoptions.sty
(/usr/share/texlive/texmf-dist/tex/generic/ltxcmds/ltxcmds.sty)
(/usr/share/texlive/texmf-dist/tex/latex/kvsetkeys/kvsetkeys.sty))
(/usr/share/texlive/texmf-dist/tex/generic/pdftexcmds/pdftexcmds.sty
(/usr/share/texlive/texmf-dist/tex/generic/iftex/iftex.sty))
(/usr/share/texlive/texmf-dist/tex/latex/epstopdf-pkg/epstopdf-base.sty
(/usr/share/texlive/texmf-dist/tex/latex/latexconfig/epstopdf-sys.cfg)))
(/usr/share/texlive/texmf-dist/tex/latex/lastpage/lastpage.sty
(/usr/share/texlive/texmf-dist/tex/latex/lastpage/lastpage2e.sty
(/usr/share/texlive/texmf-dist/tex/latex/lastpage/lastpagemodern.sty) 
)) (/usr/share/texlive/texmf-dist/tex/latex/base/ifthen.sty)
(/usr/share/texlive/texmf-dist/tex/latex/float/float.sty)
(/usr/share/texlive/texmf-dist/tex/latex/amsmath/amsmath.sty
For additional information on amsmath, use the `?' option.
(/usr/share/texlive/texmf-dist/tex/latex/amsmath/amstext.sty
(/usr/share/texlive/texmf-dist/tex/latex/amsmath/amsgen.sty))
(/usr/share/texlive/texmf-dist/tex/latex/amsmath/amsbsy.sty)
(/usr/share/texlive/texmf-dist/tex/latex/amsmath/amsopn.sty))
(/usr/share/texlive/texmf-dist/tex/latex/amsfonts/amssymb.sty
(/usr/share/texlive/texmf-dist/tex/latex/amsfonts/amsfonts.sty))
(/usr/share/texlive/texmf-dist/tex/latex/lineno/lineno.sty
(/usr/share/texlive/texmf-dist/tex/latex/etoolbox/etoolbox.sty))
(/usr/share/texlive/texmf-dist/tex/latex/setspace/setspace.sty)
(/usr/share/texlive/texmf-dist/tex/latex/enumitem/enumitem.sty)
(/usr/share/texlive/texmf-dist/tex/latex/psnfss/mathpazo.sty)
(/usr/share/texlive/texmf-dist/tex/latex/booktabs/booktabs.sty)
(/usr/share/texlive/texmf-dist/tex/latex/titlesec/titlesec.sty)
(/usr/share/texlive/texmf-dist/tex/latex/tabto-ltx/tabto.sty)
(/usr/share/texlive/texmf-dist/tex/latex/xcolor/xcolor.sty
(/usr/share/texlive/texmf-dist/tex/latex/graphics-cfg/color.cfg)
(/usr/share/texlive/texmf-dist/tex/latex/graphics/mathcolor.ltx))
(/usr/share/texlive/texmf-dist/tex/latex/colortbl/colortbl.sty
(/usr/share/texlive/texmf-dist/tex/latex/tools/array.sty))
(/usr/share/texlive/texmf-dist/tex/generic/soul/soul.sty
(/usr/share/texlive/texmf-dist/tex/generic/soul/soul-ori.sty)
(/usr/share/texlive/texmf-dist/tex/generic/etexcmds/etexcmds.sty))
(/usr/share/texlive/texmf-dist/tex/latex/multirow/multirow.sty)
(/usr/share/texlive/texmf-dist/tex/latex/microtype/microtype.sty
(/usr/share/texlive/texmf-dist/tex/latex/microtype/microtype-pdftex.def)
(/usr/share/texlive/texmf-dist/tex/latex/microtype/microtype.cfg))
(/usr/share/texlive/texmf-dist/tex/latex/pgf/frontendlayer/tikz.sty
(/usr/share/texlive/texmf-dist/tex/latex/pgf/basiclayer/pgf.sty
(/usr/share/texlive/texmf-dist/tex/latex/pgf/utilities/pgfrcs.sty
(/usr/share/texlive/texmf-dist/tex/generic/pgf/utilities/pgfutil-common.tex)
(/usr/share/texlive/texmf-dist/tex/generic/pgf/utilities/pgfutil-latex.def)
(/usr/share/texlive/texmf-dist/tex/generic/pgf/utilities/pgfrcs.code.tex
(/usr/share/texlive/texmf-dist/tex/generic/pgf/pgf.revision.tex)))
(/usr/share/texlive/texmf-dist/tex/latex/pgf/basiclayer/pgfcore.sty
(/usr/share/texlive/texmf-dist/tex/latex/pgf/systemlayer/pgfsys.sty
(/usr/share/texlive/texmf-dist/tex/generic/pgf/systemlayer/pgfsys.code.tex
(/usr/share/texlive/texmf-dist/tex/generic/pgf/utilities/pgfkeys.code.tex
(/usr/share/texlive/texmf-dist/tex/generic/pgf/utilities/pgfkeyslibraryfiltered
.code.tex)) (/usr/share/texlive/texmf-dist/tex/generic/pgf/systemlayer/pgf.cfg)
(/usr/share/texlive/texmf-dist/tex/generic/pgf/systemlayer/pgfsys-pdftex.def
(/usr/share/texlive/texmf-dist/tex/generic/pgf/systemlayer/pgfsys-common-pdf.de
f)))
(/usr/share/texlive/texmf-dist/tex/generic/pgf/systemlayer/pgfsyssoftpath.code.
tex)
(/usr/share/texlive/texmf-dist/tex/generic/pgf/systemlayer/pgfsysprotocol.code.
tex))

LaTeX Warning: Package "xcolor" has already been loaded: ignoring load-time
(LaTeX)        option "pdftex".

(/usr/share/texlive/texmf-dist/tex/generic/pgf/basiclayer/pgfcore.code.tex
(/usr/share/texlive/texmf-dist/tex/generic/pgf/math/pgfmath.code.tex
(/usr/share/texlive/texmf-dist/tex/generic/pgf/math/pgfmathutil.code.tex)
(/usr/share/texlive/texmf-dist/tex/generic/pgf/math/pgfmathparser.code.tex)
(/usr/share/texlive/texmf-dist/tex/generic/pgf/math/pgfmathfunctions.code.tex)
(/usr/share/texlive/texmf-dist/tex/generic/pgf/math/pgfmathfunctions.basic.code
.tex)
(/usr/share/texlive/texmf-dist/tex/generic/pgf/math/pgfmathfunctions.trigonomet
ric.code.tex)
(/usr/share/texlive/texmf-dist/tex/generic/pgf/math/pgfmathfunctions.random.cod
e.tex)
(/usr/share/texlive/texmf-dist/tex/generic/pgf/math/pgfmathfunctions.comparison
.code.tex)
(/usr/share/texlive/texmf-dist/tex/generic/pgf/math/pgfmathfunctions.base.code.
tex)
(/usr/share/texlive/texmf-dist/tex/generic/pgf/math/pgfmathfunctions.round.code
.tex)
(/usr/share/texlive/texmf-dist/tex/generic/pgf/math/pgfmathfunctions.misc.code.
tex)
(/usr/share/texlive/texmf-dist/tex/generic/pgf/math/pgfmathfunctions.integerari
thmetics.code.tex)
(/usr/share/texlive/texmf-dist/tex/generic/pgf/math/pgfmathcalc.code.tex)
(/usr/share/texlive/texmf-dist/tex/generic/pgf/math/pgfmathfloat.code.tex))
(/usr/share/texlive/texmf-dist/tex/generic/pgf/math/pgfint.code.tex)
(/usr/share/texlive/texmf-dist/tex/generic/pgf/basiclayer/pgfcorepoints.code.te
x)
(/usr/share/texlive/texmf-dist/tex/generic/pgf/basiclayer/pgfcorepathconstruct.
code.tex)
(/usr/share/texlive/texmf-dist/tex/generic/pgf/basiclayer/pgfcorepathusage.code
.tex)
(/usr/share/texlive/texmf-dist/tex/generic/pgf/basiclayer/pgfcorescopes.code.te
x)
(/usr/share/texlive/texmf-dist/tex/generic/pgf/basiclayer/pgfcoregraphicstate.c
ode.tex)
(/usr/share/texlive/texmf-dist/tex/generic/pgf/basiclayer/pgfcoretransformation
s.code.tex)
(/usr/share/texlive/texmf-dist/tex/generic/pgf/basiclayer/pgfcorequick.code.tex
)
(/usr/share/texlive/texmf-dist/tex/generic/pgf/basiclayer/pgfcoreobjects.code.t
ex)
(/usr/share/texlive/texmf-dist/tex/generic/pgf/basiclayer/pgfcorepathprocessing
.code.tex)
(/usr/share/texlive/texmf-dist/tex/generic/pgf/basiclayer/pgfcorearrows.code.te
x)
(/usr/share/texlive/texmf-dist/tex/generic/pgf/basiclayer/pgfcoreshade.code.tex
)
(/usr/share/texlive/texmf-dist/tex/generic/pgf/basiclayer/pgfcoreimage.code.tex
)
(/usr/share/texlive/texmf-dist/tex/generic/pgf/basiclayer/pgfcoreexternal.code.
tex)
(/usr/share/texlive/texmf-dist/tex/generic/pgf/basiclayer/pgfcorelayers.code.te
x)
(/usr/share/texlive/texmf-dist/tex/generic/pgf/basiclayer/pgfcoretransparency.c
ode.tex)
(/usr/share/texlive/texmf-dist/tex/generic/pgf/basiclayer/pgfcorepatterns.code.
tex)
(/usr/share/texlive/texmf-dist/tex/generic/pgf/basiclayer/pgfcorerdf.code.tex))
)
(/usr/share/texlive/texmf-dist/tex/generic/pgf/modules/pgfmoduleshapes.code.tex
) (/usr/share/texlive/texmf-dist/tex/generic/pgf/modules/pgfmoduleplot.code.tex
)
(/usr/share/texlive/texmf-dist/tex/latex/pgf/compatibility/pgfcomp-version-0-65
.sty)
(/usr/share/texlive/texmf-dist/tex/latex/pgf/compatibility/pgfcomp-version-1-18
.sty)) (/usr/share/texlive/texmf-dist/tex/latex/pgf/utilities/pgffor.sty
(/usr/share/texlive/texmf-dist/tex/latex/pgf/utilities/pgfkeys.sty
(/usr/share/texlive/texmf-dist/tex/generic/pgf/utilities/pgfkeys.code.tex))
(/usr/share/texlive/texmf-dist/tex/latex/pgf/math/pgfmath.sty
(/usr/share/texlive/texmf-dist/tex/generic/pgf/math/pgfmath.code.tex))
(/usr/share/texlive/texmf-dist/tex/generic/pgf/utilities/pgffor.code.tex))
(/usr/share/texlive/texmf-dist/tex/generic/pgf/frontendlayer/tikz/tikz.code.tex

(/usr/share/texlive/texmf-dist/tex/generic/pgf/libraries/pgflibraryplothandlers
.code.tex)
(/usr/share/texlive/texmf-dist/tex/generic/pgf/modules/pgfmodulematrix.code.tex
)
(/usr/share/texlive/texmf-dist/tex/generic/pgf/frontendlayer/tikz/libraries/tik
zlibrarytopaths.code.tex)))
(/usr/share/texlive/texmf-dist/tex/latex/refcount/refcount.sty)
(/usr/share/texlive/texmf-dist/tex/latex/changepage/changepage.sty)
(/usr/share/texlive/texmf-dist/tex/latex/frankenstein/attrib.sty
(/usr/share/texlive/texmf-dist/tex/latex/frankenstein/moredefs.sty))
(/usr/share/texlive/texmf-dist/tex/latex/was/upgreek.sty)
(/usr/share/texlive/texmf-dist/tex/latex/tools/tabularx.sty)
(/usr/share/texlive/texmf-dist/tex/latex/pbox/pbox.sty)
(/usr/share/texlive/texmf-dist/tex/latex/ragged2e/ragged2e.sty)
(/usr/share/texlive/texmf-dist/tex/latex/tocloft/tocloft.sty)
(/usr/share/texlive/texmf-dist/tex/latex/marginnote/marginnote.sty)
(/usr/share/texlive/texmf-dist/tex/latex/marginfix/marginfix.sty)
(/usr/share/texlive/texmf-dist/tex/latex/enotez/enotez.sty
(/usr/share/texlive/texmf-dist/tex/latex/l3kernel/expl3.sty
(/usr/share/texlive/texmf-dist/tex/latex/l3backend/l3backend-pdftex.def))
(/usr/share/texlive/texmf-dist/tex/latex/l3packages/xparse/xparse.sty)
(/usr/share/texlive/texmf-dist/tex/latex/l3packages/l3keys2e/l3keys2e.sty)
(/usr/share/texlive/texmf-dist/tex/latex/l3packages/xtemplate/xtemplate.sty)
(/usr/share/texlive/texmf-dist/tex/latex/translations/translations.sty))
(/usr/share/texlive/texmf-dist/tex/generic/xstring/xstring.sty
(/usr/share/texlive/texmf-dist/tex/generic/xstring/xstring.tex))
(/usr/share/texlive/texmf-dist/tex/latex/subfig/subfig.sty
(/usr/share/texlive/texmf-dist/tex/latex/caption/caption.sty
(/usr/share/texlive/texmf-dist/tex/latex/caption/caption3.sty)))
(/usr/share/texlive/texmf-dist/tex/generic/alphalph/alphalph.sty
(/usr/share/texlive/texmf-dist/tex/generic/intcalc/intcalc.sty))
(./Definitions/journalnames.tex)
(/usr/share/texlive/texmf-dist/tex/latex/amscls/amsthm.sty)
(/usr/share/texlive/texmf-dist/tex/latex/natbib/natbib.sty)
(/usr/share/texlive/texmf-dist/tex/latex/koma-script/scrextend.sty
(/usr/share/texlive/texmf-dist/tex/latex/koma-script/scrkbase.sty
(/usr/share/texlive/texmf-dist/tex/latex/koma-script/scrbase.sty
(/usr/share/texlive/texmf-dist/tex/latex/koma-script/scrlfile.sty
(/usr/share/texlive/texmf-dist/tex/latex/koma-script/scrlfile-hook.sty
(/usr/share/texlive/texmf-dist/tex/latex/koma-script/scrlogo.sty))))))
(/usr/share/texlive/texmf-dist/tex/latex/geometry/geometry.sty
(/usr/share/texlive/texmf-dist/tex/generic/iftex/ifvtex.sty))
(/usr/share/texlive/texmf-dist/tex/latex/newfloat/newfloat.sty)
(/usr/share/texlive/texmf-dist/tex/latex/seqsplit/seqsplit.sty))
(/usr/share/texlive/texmf-dist/tex/latex/algorithms/algorithm.sty)
(/usr/share/texlive/texmf-dist/tex/latex/algorithmicx/algpseudocode.sty
(/usr/share/texlive/texmf-dist/tex/latex/algorithmicx/algorithmicx.sty
Document Style algorithmicx 1.2 - a greatly improved `algorithmic' style
)
Document Style - pseudocode environments for use with the `algorithmicx' style
)
(/usr/share/texlive/texmf-dist/tex/generic/pgf/libraries/pgflibraryarrows.meta.
code.tex)
(/usr/share/texlive/texmf-dist/tex/generic/pgf/frontendlayer/tikz/libraries/tik
zlibrarypositioning.code.tex)
(/usr/share/texlive/texmf-dist/tex/generic/pgf/frontendlayer/tikz/libraries/tik
zlibraryfit.code.tex)
(/usr/share/texlive/texmf-dist/tex/generic/pgf/frontendlayer/tikz/libraries/tik
zlibraryshapes.geometric.code.tex
(/usr/share/texlive/texmf-dist/tex/generic/pgf/libraries/shapes/pgflibraryshape
s.geometric.code.tex))
(/usr/share/texlive/texmf-dist/tex/generic/pgf/frontendlayer/tikz/libraries/tik
zlibrarycalc.code.tex) (/usr/share/texlive/texmf-dist/tex/latex/url/url.sty)
(/usr/share/texlive/texmf-dist/tex/latex/bbm-macros/bbm.sty)
(/usr/share/texlive/texmf-dist/tex/latex/hyperref/hyperref.sty
(/usr/share/texlive/texmf-dist/tex/generic/pdfescape/pdfescape.sty)
(/usr/share/texlive/texmf-dist/tex/latex/hycolor/hycolor.sty)
(/usr/share/texlive/texmf-dist/tex/latex/hyperref/nameref.sty
(/usr/share/texlive/texmf-dist/tex/generic/gettitlestring/gettitlestring.sty))
(/usr/share/texlive/texmf-dist/tex/generic/stringenc/stringenc.sty)
(/usr/share/texlive/texmf-dist/tex/latex/hyperref/pd1enc.def)
(/usr/share/texlive/texmf-dist/tex/latex/hyperref/puenc.def)
(/usr/share/texlive/texmf-dist/tex/generic/bitset/bitset.sty
(/usr/share/texlive/texmf-dist/tex/generic/bigintcalc/bigintcalc.sty))
(/usr/share/texlive/texmf-dist/tex/latex/base/atbegshi-ltx.sty))
(/usr/share/texlive/texmf-dist/tex/latex/hyperref/hpdftex.def
(/usr/share/texlive/texmf-dist/tex/latex/base/atveryend-ltx.sty)
(/usr/share/texlive/texmf-dist/tex/latex/rerunfilecheck/rerunfilecheck.sty
(/usr/share/texlive/texmf-dist/tex/generic/uniquecounter/uniquecounter.sty)))
(/usr/share/texlive/texmf-dist/tex/latex/cleveref/cleveref.sty)
(/usr/share/texlive/texmf-dist/tex/latex/psnfss/t1ppl.fd) (./manuscript.aux)
(/usr/share/texlive/texmf-dist/tex/context/base/mkii/supp-pdf.mkii
[Loading MPS to PDF converter (version 2006.09.02).]
) (/usr/share/texlive/texmf-dist/tex/latex/microtype/mt-ppl.cfg)
(/usr/share/texlive/texmf-dist/tex/latex/translations/translations-basic-dictio
nary-english.trsl)
*geometry* detected driver: pdftex
(./manuscript.out) (./manuscript.out)
(/usr/share/texlive/texmf-dist/tex/latex/psnfss/ts1ppl.fd)
(/usr/share/texlive/texmf-dist/tex/latex/psnfss/ot1ppl.fd)
(/usr/share/texlive/texmf-dist/tex/latex/psnfss/omlzplm.fd)
(/usr/share/texlive/texmf-dist/tex/latex/psnfss/omszplm.fd)
(/usr/share/texlive/texmf-dist/tex/latex/psnfss/omxzplm.fd)
(/usr/share/texlive/texmf-dist/tex/latex/microtype/mt-msa.cfg)
(/usr/share/texlive/texmf-dist/tex/latex/microtype/mt-msb.cfg)
(/usr/share/texlive/texmf-dist/tex/latex/psnfss/ot1zplm.fd)
(/usr/share/texlive/texmf-dist/tex/latex/microtype/mt-eur.cfg)

Package hyperref Warning: Token not allowed in a PDF string (Unicode):
(hyperref)                removing `math shift' on input line 92.


Package hyperref Warning: Token not allowed in a PDF string (Unicode):
(hyperref)                removing `\in' on input line 92.


Package hyperref Warning: Token not allowed in a PDF string (Unicode):
(hyperref)                removing `superscript' on input line 92.


Package hyperref Warning: Token not allowed in a PDF string (Unicode):
(hyperref)                removing `\times' on input line 92.


Package hyperref Warning: Token not allowed in a PDF string (Unicode):
(hyperref)                removing `math shift' on input line 92.


Package hyperref Warning: Token not allowed in a PDF string (Unicode):
(hyperref)                removing `\in' on input line 92.


Package hyperref Warning: Token not allowed in a PDF string (Unicode):
(hyperref)                removing `superscript' on input line 92.


Package hyperref Warning: Token not allowed in a PDF string (Unicode):
(hyperref)                removing `\times' on input line 92.


Package hyperref Warning: Token not allowed in a PDF string (Unicode):
(hyperref)                removing `\ell' on input line 92.


Package hyperref Warning: Token not allowed in a PDF string (Unicode):
(hyperref)                removing `math shift' on input line 92.


Package hyperref Warning: Token not allowed in a PDF string (Unicode):
(hyperref)                removing `math shift' on input line 92.


Package hyperref Warning: Token not allowed in a PDF string (Unicode):
(hyperref)                removing `\setbox' on input line 92.


Package hyperref Warning: Token not allowed in a PDF string (Unicode):
(hyperref)                removing `\z@' on input line 92.


Package hyperref Warning: Token not allowed in a PDF string (Unicode):
(hyperref)                removing `\hbox' on input line 92.


Package hyperref Warning: Token not allowed in a PDF string (Unicode):
(hyperref)                removing `\mathsurround' on input line 92.


Package hyperref Warning: Token not allowed in a PDF string (Unicode):
(hyperref)                removing `\z@' on input line 92.


Package hyperref Warning: Token not allowed in a PDF string (Unicode):
(hyperref)                removing `math shift' on input line 92.


Package hyperref Warning: Token not allowed in a PDF string (Unicode):
(hyperref)                removing `\textstyle' on input line 92.


Package hyperref Warning: Token not allowed in a PDF string (Unicode):
(hyperref)                removing `math shift' on input line 92.


Package hyperref Warning: Token not allowed in a PDF string (Unicode):
(hyperref)                removing `\mathaccent' on input line 92.



Package fancyhdr Warning: \headheight is too small (12.0pt): 
(fancyhdr)                Make it at least 20.0pt, for example:
(fancyhdr)                \setlength{\headheight}{20.0pt}.
(fancyhdr)                You might also make \topmargin smaller:
(fancyhdr)                \addtolength{\topmargin}{-8.0pt}.

[1{/var/lib/texmf/fonts/map/pdftex/updmap/pdftex.map}{/usr/share/texlive/texmf-
dist/fonts/enc/dvips/base/8r.enc}{/usr/share/texmf/fonts/enc/dvips/cm-super/cm-
super-t1.enc} <./Definitions/logo-mdpi-eps-converted-to.pdf> <./Definitions/log
o-orcid.pdf>]

Package fancyhdr Warning: \headheight is too small (12.0pt): 
(fancyhdr)                Make it at least 18.18796pt, for example:
(fancyhdr)                \setlength{\headheight}{18.18796pt}.
(fancyhdr)                You might also make \topmargin smaller:
(fancyhdr)                \addtolength{\topmargin}{-6.18796pt}.

[2]

Package fancyhdr Warning: \headheight is too small (12.0pt): 
(fancyhdr)                Make it at least 18.18796pt, for example:
(fancyhdr)                \setlength{\headheight}{18.18796pt}.
(fancyhdr)                You might also make \topmargin smaller:
(fancyhdr)                \addtolength{\topmargin}{-6.18796pt}.

[3]

Package fancyhdr Warning: \headheight is too small (12.0pt): 
(fancyhdr)                Make it at least 18.18796pt, for example:
(fancyhdr)                \setlength{\headheight}{18.18796pt}.
(fancyhdr)                You might also make \topmargin smaller:
(fancyhdr)                \addtolength{\topmargin}{-6.18796pt}.

[4] (/usr/share/texlive/texmf-dist/tex/latex/bbm-macros/ubbm.fd)

Package fancyhdr Warning: \headheight is too small (12.0pt): 
(fancyhdr)                Make it at least 18.18796pt, for example:
(fancyhdr)                \setlength{\headheight}{18.18796pt}.
(fancyhdr)                You might also make \topmargin smaller:
(fancyhdr)                \addtolength{\topmargin}{-6.18796pt}.

[5]
pdfTeX warning (ext4): destination with the same identifier (name{ALG@line.1}) 
has been already used, duplicate ignored
<to be read again> 
                   \relax 
l.255 \State
             Split objects into training, validation, and test sets.
pdfTeX warning (ext4): destination with the same identifier (name{ALG@line.2}) 
has been already used, duplicate ignored
<to be read again> 
                   \relax 
l.256 \State
             Fit the transition operator \(\matT\) by Equation~\eqref{eq:rid...

pdfTeX warning (ext4): destination with the same identifier (name{ALG@line.3}) 
has been already used, duplicate ignored
<to be read again> 
                   \relax 
l.257 \State
             Select semantic attributes by combining transition salience and...

pdfTeX warning (ext4): destination with the same identifier (name{ALG@line.4}) 
has been already used, duplicate ignored
<to be read again> 
                   \relax 
l.258 \For
          {each selected attribute}
pdfTeX warning (ext4): destination with the same identifier (name{ALG@line.5}) 
has been already used, duplicate ignored
<to be read again> 
                   \relax 
l.259     \State
                 Learn WEDD thresholds on the training split and quantize tr...

pdfTeX warning (ext4): destination with the same identifier (name{ALG@line.6}) 
has been already used, duplicate ignored
<to be read again> 
                   \relax 
l.260 \EndFor
             
pdfTeX warning (ext4): destination with the same identifier (name{ALG@line.7}) 
has been already used, duplicate ignored
<to be read again> 
                   \relax 
l.261 \State
             Build equivalence classes under \(\Ind(\C)\) and mark determini...

pdfTeX warning (ext4): destination with the same identifier (name{ALG@line.8}) 
has been already used, duplicate ignored
<to be read again> 
                   \relax 
l.262 \State
             Induce candidate rules from granule signatures.
pdfTeX warning (ext4): destination with the same identifier (name{ALG@line.9}) 
has been already used, duplicate ignored
<to be read again> 
                   \relax 
l.263 \State
             Minimize antecedents by reduct search under support and confide...

pdfTeX warning (ext4): destination with the same identifier (name{ALG@line.10})
 has been already used, duplicate ignored
<to be read again> 
                   \relax 
l.264 \State
             Validate conflict-aware inference; export rulebook, traces, and...


Package fancyhdr Warning: \headheight is too small (12.0pt): 
(fancyhdr)                Make it at least 18.18796pt, for example:
(fancyhdr)                \setlength{\headheight}{18.18796pt}.
(fancyhdr)                You might also make \topmargin smaller:
(fancyhdr)                \addtolength{\topmargin}{-6.18796pt}.

[6] (./tables/table_dataset_summary.tex
Underfull \hbox (badness 10000) in alignment at lines 14--14
[][][][][] 
)

Package fancyhdr Warning: \headheight is too small (12.0pt): 
(fancyhdr)                Make it at least 18.18796pt, for example:
(fancyhdr)                \setlength{\headheight}{18.18796pt}.
(fancyhdr)                You might also make \topmargin smaller:
(fancyhdr)                \addtolength{\topmargin}{-6.18796pt}.

[7 <./figs/fig01_framework_pipeline.pdf> <./figs/fig02_matrix_alignment.pdf>]
(./tables/table_transition_metrics.tex
Underfull \hbox (badness 10000) in alignment at lines 14--14
[][][][] 
)

Package fancyhdr Warning: \headheight is too small (12.0pt): 
(fancyhdr)                Make it at least 18.18796pt, for example:
(fancyhdr)                \setlength{\headheight}{18.18796pt}.
(fancyhdr)                You might also make \topmargin smaller:
(fancyhdr)                \addtolength{\topmargin}{-6.18796pt}.

[8 <./figs/fig03_awa2_class_distribution.pdf> <./figs/fig04_svd_retained_varian
ce.pdf>] (./tables/table_selected_attributes.tex
Underfull \hbox (badness 10000) in alignment at lines 23--23
[][][][] 
)

Package fancyhdr Warning: \headheight is too small (12.0pt): 
(fancyhdr)                Make it at least 18.18796pt, for example:
(fancyhdr)                \setlength{\headheight}{18.18796pt}.
(fancyhdr)                You might also make \topmargin smaller:
(fancyhdr)                \addtolength{\topmargin}{-6.18796pt}.

[9 <./figs/fig05_transition_salience.pdf> <./figs/fig06_attribute_error.pdf>]

Package fancyhdr Warning: \headheight is too small (12.0pt): 
(fancyhdr)                Make it at least 18.18796pt, for example:
(fancyhdr)                \setlength{\headheight}{18.18796pt}.
(fancyhdr)                You might also make \topmargin smaller:
(fancyhdr)                \addtolength{\topmargin}{-6.18796pt}.

[10 <./figs/fig07_wedd_threshold_example.pdf>]
(./tables/table_rulebook_summary.tex
Underfull \hbox (badness 10000) in alignment at lines 19--19
[][] 
) (./tables/table_example_rules.tex)

Package fancyhdr Warning: \headheight is too small (12.0pt): 
(fancyhdr)                Make it at least 18.18796pt, for example:
(fancyhdr)                \setlength{\headheight}{18.18796pt}.
(fancyhdr)                You might also make \topmargin smaller:
(fancyhdr)                \addtolength{\topmargin}{-6.18796pt}.

[11 <./figs/fig08_granules_summary.pdf> <./figs/fig09_rule_support_confidence.p
df>] (./tables/table_wedd_ablation.tex
Overfull \hbox (4.4098pt too wide) in alignment at lines 16--16
[][][][][][][] 
)

Package fancyhdr Warning: \headheight is too small (12.0pt): 
(fancyhdr)                Make it at least 18.18796pt, for example:
(fancyhdr)                \setlength{\headheight}{18.18796pt}.
(fancyhdr)                You might also make \topmargin smaller:
(fancyhdr)                \addtolength{\topmargin}{-6.18796pt}.

[12 <./figs/fig10_awa2_ablation_accuracy.pdf>] (./tables/table_protocol_b.tex
Underfull \hbox (badness 10000) in alignment at lines 21--21
[][][][][] 
) (./tables/table_synthetic_ground_truth.tex)
(./tables/table_synthetic_noise.tex
Underfull \hbox (badness 10000) in alignment at lines 17--17
[][][][][][][] 


Package fancyhdr Warning: \headheight is too small (12.0pt): 
(fancyhdr)                Make it at least 18.18796pt, for example:
(fancyhdr)                \setlength{\headheight}{18.18796pt}.
(fancyhdr)                You might also make \topmargin smaller:
(fancyhdr)                \addtolength{\topmargin}{-6.18796pt}.

[13 <./figs/fig11_protocol_b_unseen_accuracy.pdf>])

Package fancyhdr Warning: \headheight is too small (12.0pt): 
(fancyhdr)                Make it at least 18.18796pt, for example:
(fancyhdr)                \setlength{\headheight}{18.18796pt}.
(fancyhdr)                You might also make \topmargin smaller:
(fancyhdr)                \addtolength{\topmargin}{-6.18796pt}.

[14 <./figs/fig12_synthetic_degradation.pdf>]

Package fancyhdr Warning: \headheight is too small (12.0pt): 
(fancyhdr)                Make it at least 18.18796pt, for example:
(fancyhdr)                \setlength{\headheight}{18.18796pt}.
(fancyhdr)                You might also make \topmargin smaller:
(fancyhdr)                \addtolength{\topmargin}{-6.18796pt}.

[15 <./figs/fig13_synthetic_threshold_recovery.pdf> <./figs/fig14_representativ
e_rule_traces.pdf>]

Package fancyhdr Warning: \headheight is too small (12.0pt): 
(fancyhdr)                Make it at least 18.18796pt, for example:
(fancyhdr)                \setlength{\headheight}{18.18796pt}.
(fancyhdr)                You might also make \topmargin smaller:
(fancyhdr)                \addtolength{\topmargin}{-6.18796pt}.

[16]
Overfull \hbox (4.18996pt too wide) in paragraph at lines 439--440
\T1/cmtt/m/n/10 generate_synthetic_poc.py\T1/ppl/m/n/10 (-20) , \T1/cmtt/m/n/10
 generate_from_artifacts.py\T1/ppl/m/n/10 (-20) , \T1/cmtt/m/n/10 generate_poc_
figures.py\T1/ppl/m/n/10 (-20) ,


Package fancyhdr Warning: \headheight is too small (12.0pt): 
(fancyhdr)                Make it at least 18.18796pt, for example:
(fancyhdr)                \setlength{\headheight}{18.18796pt}.
(fancyhdr)                You might also make \topmargin smaller:
(fancyhdr)                \addtolength{\topmargin}{-6.18796pt}.

[17] (./manuscript.bbl)

Package fancyhdr Warning: \headheight is too small (12.0pt): 
(fancyhdr)                Make it at least 18.18796pt, for example:
(fancyhdr)                \setlength{\headheight}{18.18796pt}.
(fancyhdr)                You might also make \topmargin smaller:
(fancyhdr)                \addtolength{\topmargin}{-6.18796pt}.

[18] 
enddocument/afterlastpage (AED): lastpage setting LastPage.
(./manuscript.aux)
kpathsea: Running mktexpk --mfmode / --bdpi 600 --mag 1+0/600 --dpi 600 bbm10
mktexpk: /home/oai/.texlive2025/texmf-var/fonts/pk/ljfour/public/bbm/bbm10.600pk already exists.
 )
(see the transcript file for additional information) </home/oai/.texlive2025/te
xmf-var/fonts/pk/ljfour/public/bbm/bbm10.600pk></usr/share/texlive/texmf-dist/f
onts/type1/public/amsfonts/cm/cmex10.pfb></usr/share/texlive/texmf-dist/fonts/t
ype1/public/amsfonts/cm/cmmi10.pfb></usr/share/texlive/texmf-dist/fonts/type1/p
ublic/amsfonts/cm/cmr10.pfb></usr/share/texlive/texmf-dist/fonts/type1/public/a
msfonts/cm/cmsy10.pfb></usr/share/texlive/texmf-dist/fonts/type1/public/mathpaz
o/fplmr.pfb></usr/share/texlive/texmf-dist/fonts/type1/public/mathpazo/fplmri.p
fb></usr/share/texlive/texmf-dist/fonts/type1/public/amsfonts/symbols/msbm10.pf
b></usr/share/texmf/fonts/type1/public/cm-super/sfss0800.pfb></usr/share/texmf/
fonts/type1/public/cm-super/sftt0900.pfb></usr/share/texmf/fonts/type1/public/c
m-super/sftt1000.pfb></usr/share/texlive/texmf-dist/fonts/type1/urw/palatino/up
lb8a.pfb></usr/share/texlive/texmf-dist/fonts/type1/urw/palatino/uplr8a.pfb></u
sr/share/texlive/texmf-dist/fonts/type1/urw/palatino/uplri8a.pfb>
Output written on manuscript.pdf (18 pages, 443556 bytes).
Transcript written on manuscript.log.
