row_index,prediction,mode,abstained,conflict,activated_rules,n_activated
0,12,exact,False,False,R0005;R0035;R0041;R0042;R0043;R0048;R0050;R0051,8
1,12,exact,False,False,R0005;R0016;R0035;R0041;R0042;R0043;R0050,7
2,33,fallback,False,False,,0
3,-1,exact,True,True,R0041;R0042;R0043;R0045;R0048;R0050;R0051;R0055,8
4,-1,exact,True,True,R0041;R0042;R0043;R0044;R0048;R0050;R0051;R0053;R0054;R0057,10
5,31,fallback,False,False,,0
6,37,exact,False,False,R0002;R0011;R0033;R0036;R0039;R0044;R0051,7
7,1,exact,False,False,R0032;R0055,2
8,27,exact,False,False,R0028,1
9,25,exact,False,False,R0030;R0043,2
10,6,exact,False,False,R0033;R0036;R0039;R0044;R0052;R0054,6
11,49,exact,False,False,R0026;R0029;R0031;R0040;R0046;R0057,6
12,19,exact,False,False,R0024;R0027;R0038;R0044;R0051;R0054,6
13,27,exact,False,False,R0028,1
14,18,exact,False,False,R0020;R0044;R0052;R0054,4
15,48,exact,False,False,R0044;R0048;R0051;R0053,4
16,13,exact,False,False,R0021,1
17,25,exact,False,False,R0030;R0045;R0049;R0051;R0053;R0055;R0056;R0057,8
18,30,exact,False,False,R0001;R0039;R0044;R0052;R0054,5
19,12,exact,False,False,R0005;R0035;R0041;R0042;R0043;R0048;R0050;R0051,8
20,19,exact,False,False,R0024;R0027;R0038;R0045,4
21,22,fallback,False,False,,0
22,37,exact,False,False,R0002;R0011;R0039;R0044;R0051,5
23,25,exact,False,False,R0030;R0041;R0043,3
24,26,exact,False,False,R0009;R0030;R0044;R0045;R0049;R0051;R0053;R0055;R0056;R0057,10
25,48,exact,False,False,R0044;R0051;R0052;R0054,4
26,39,exact,False,False,R0039;R0051;R0052;R0054,4
27,-1,exact,True,True,R0044;R0045;R0049;R0051;R0053;R0057,6
28,44,exact,False,False,R0019;R0050,2
29,49,exact,False,False,R0026;R0029;R0031;R0040;R0046,5
30,23,exact,False,False,R0031,1
31,38,exact,False,False,R0017;R0044;R0048;R0051,4
32,9,exact,False,False,R0050,1
33,-1,exact,True,True,R0048;R0051,2
34,27,fallback,False,False,,0
35,7,fallback,False,False,,0
36,-1,exact,True,True,R0049;R0053,2
37,36,exact,False,False,R0034;R0039,2
38,19,exact,False,False,R0024;R0027;R0038;R0044;R0051;R0054,6
39,-1,exact,True,True,R0048;R0051,2
40,6,exact,False,False,R0033;R0036,2
41,40,exact,False,False,R0035;R0041;R0042;R0043;R0048;R0050;R0051;R0054,8
42,-1,exact,True,True,R0028;R0033;R0036;R0052,4
43,6,exact,False,False,R0033;R0036;R0039;R0044;R0054,5
44,-1,fallback,True,False,,0
45,38,fallback,False,False,,0
46,6,exact,False,False,R0033;R0036;R0044;R0051;R0054,5
47,13,exact,False,False,R0021;R0057,2
48,-1,exact,True,True,R0041;R0042;R0043;R0045;R0048;R0050;R0051;R0055,8
49,27,exact,False,False,R0028;R0044;R0052;R0054,4
50,49,exact,False,False,R0026;R0029;R0031;R0040;R0046,5
51,49,exact,False,False,R0026;R0029;R0031;R0040;R0046;R0057,6
52,37,exact,False,False,R0002;R0033;R0036;R0039;R0044;R0051,6
53,41,fallback,False,False,,0
54,28,fallback,False,False,,0
55,39,exact,False,False,R0039;R0051;R0052;R0054,4
56,23,exact,False,False,R0031;R0037;R0056,3
57,9,exact,False,False,R0050,1
58,6,exact,False,False,R0033;R0036;R0039;R0044;R0051;R0052;R0054,7
59,46,exact,False,False,R0047;R0057,2
60,25,exact,False,False,R0030;R0044;R0045;R0048;R0049;R0051;R0053;R0055;R0056;R0057,10
61,6,exact,False,False,R0033;R0036;R0039;R0044;R0051,5
62,48,fallback,False,False,,0
63,37,exact,False,False,R0002;R0033;R0036,3
64,-1,exact,True,True,R0048;R0054,2
65,49,exact,False,False,R0026;R0029;R0031;R0040;R0046,5
66,39,exact,False,False,R0039;R0044;R0052;R0054,4
67,27,exact,False,False,R0028;R0057,2
68,38,exact,False,False,R0017;R0025;R0042;R0043;R0050;R0053,6
69,25,exact,False,False,R0030;R0044;R0049;R0051;R0053,5
70,18,fallback,False,False,,0
71,36,exact,False,False,R0034;R0039;R0044;R0052;R0054,5
72,-1,exact,True,True,R0041;R0042;R0043;R0048;R0050;R0051;R0054;R0055,8
73,18,exact,False,False,R0020;R0026;R0029;R0040;R0046,5
74,48,exact,False,False,R0044;R0052;R0054,3
75,49,exact,False,False,R0026;R0029;R0031;R0040;R0046;R0057,6
76,-1,exact,True,True,R0042;R0043;R0050,3
77,6,exact,False,False,R0033;R0036;R0039;R0044;R0052;R0054,6
78,37,exact,False,False,R0002;R0011;R0033;R0036;R0039;R0044;R0051,7
79,48,exact,False,False,R0044,1
80,6,exact,False,False,R0033;R0036;R0039;R0044;R0051,5
81,-1,exact,True,True,R0030;R0032;R0049;R0055;R0056;R0057,6
82,37,exact,False,False,R0002;R0033;R0036;R0039;R0044;R0051,6
83,41,exact,False,False,R0052,1
84,49,exact,False,False,R0026;R0029;R0031;R0040;R0046;R0057,6
85,25,exact,False,False,R0030;R0041;R0042;R0043;R0044;R0048;R0049;R0050;R0051;R0053,14
86,31,exact,False,False,R0025;R0032;R0042;R0043;R0050,5
87,21,exact,False,False,R0051,1
88,14,exact,False,False,R0012;R0050,2
89,30,exact,False,False,R0001;R0044;R0052;R0054,4
90,6,exact,False,False,R0033;R0036;R0039;R0044;R0051;R0052;R0054,7
91,1,exact,False,False,R0032;R0057,2
92,9,exact,False,False,R0050,1
93,-1,fallback,True,False,,0
94,41,fallback,False,False,,0
95,44,exact,False,False,R0019;R0032;R0055;R0056,4
96,21,exact,False,False,R0051,1
97,25,exact,False,False,R0030;R0049;R0053;R0056;R0057,5
98,27,exact,False,False,R0028;R0044;R0052;R0054,4
99,1,exact,False,False,R0032,1
100,-1,exact,True,True,R0041;R0042;R0043;R0048;R0050;R0051;R0054;R0055,8
101,23,exact,False,False,R0031,1
102,35,fallback,False,False,,0
103,19,exact,False,False,R0024;R0027;R0038;R0044;R0049;R0051;R0054,7
104,-1,exact,True,True,R0052;R0054,2
105,36,exact,False,False,R0034,1
106,49,exact,False,False,R0026;R0029;R0031;R0040;R0046,5
107,44,exact,False,False,R0019,1
108,48,exact,False,False,R0044;R0048;R0051;R0053;R0054,5
109,6,exact,False,False,R0033;R0036,2
110,1,exact,False,False,R0032;R0035;R0041;R0042;R0043;R0048;R0050;R0051;R0054,9
111,10,exact,False,False,R0022,1
112,48,exact,False,False,R0044,1
113,-1,exact,True,True,R0030;R0031;R0056,3
114,1,exact,False,False,R0032;R0055,2
115,37,exact,False,False,R0002;R0039;R0051,3
116,6,exact,False,False,R0033;R0036;R0039;R0044;R0051,5
117,34,exact,False,False,R0055,1
118,-1,exact,True,True,R0028;R0033;R0036,3
119,14,exact,False,False,R0012;R0035;R0041;R0042;R0043;R0045;R0048;R0050;R0051,9
120,25,exact,False,False,R0030;R0041;R0042;R0043;R0048;R0050;R0051;R0053;R0054;R0055,11
121,4,exact,False,False,R0018;R0044,2
122,39,exact,False,False,R0039;R0051,2
123,6,exact,False,False,R0033;R0036;R0039,3
124,26,exact,False,False,R0009;R0030,2
125,12,exact,False,False,R0005,1
126,-1,exact,True,True,R0051;R0052;R0054,3
127,30,exact,False,False,R0001;R0044;R0052;R0054,4
128,-1,exact,True,True,R0048;R0050;R0053;R0056,4
129,-1,exact,True,True,R0041;R0042;R0043;R0044;R0048;R0050;R0051;R0053;R0054;R0055,11
130,34,fallback,False,False,,0
131,47,exact,False,False,R0045;R0051;R0053;R0055;R0056,5
132,28,exact,False,False,R0003;R0044;R0048;R0051,4
133,39,exact,False,False,R0039;R0044;R0051;R0052;R0054,5
134,48,exact,False,False,R0044;R0052;R0054,3
135,25,exact,False,False,R0030;R0044;R0045;R0048;R0049;R0051;R0053;R0055;R0056;R0057,10
136,6,exact,False,False,R0033;R0036,2
137,6,exact,False,False,R0033;R0036;R0039;R0044;R0052;R0054,6
138,6,exact,False,False,R0033;R0036,2
139,25,exact,False,False,R0030;R0048;R0049;R0051;R0053;R0054;R0055;R0056;R0057,9
140,6,exact,False,False,R0033;R0036;R0039;R0044;R0051;R0054,6
141,-1,exact,True,True,R0044;R0045;R0049;R0051;R0053;R0057,6
142,-1,exact,True,True,R0041;R0042;R0043;R0048;R0050;R0051;R0053;R0054,8
143,49,exact,False,False,R0026;R0029;R0031;R0040;R0046;R0057,6
144,6,exact,False,False,R0033;R0036,2
145,-1,exact,True,True,R0052;R0054,2
146,6,exact,False,False,R0033;R0036;R0039;R0044;R0052;R0054,6
147,-1,exact,True,True,R0030;R0032;R0055;R0056,4
148,6,exact,False,False,R0033;R0036;R0039,3
149,19,exact,False,False,R0024;R0027;R0038;R0044;R0045;R0051;R0057,7
150,-1,exact,True,True,R0050;R0053;R0056;R0057,4
151,40,exact,False,False,R0035;R0041;R0042;R0043;R0045;R0048;R0050;R0051,8
152,21,exact,False,False,R0051,1
153,12,exact,False,False,R0005;R0048;R0050,3
154,6,exact,False,False,R0033;R0036;R0039;R0044;R0052;R0054,6
155,49,exact,False,False,R0026;R0029;R0031;R0040;R0046,5
156,-1,fallback,True,False,,0
157,48,exact,False,False,R0044,1
158,39,exact,False,False,R0039,1
159,18,exact,False,False,R0020;R0044,2
160,31,exact,False,False,R0025;R0041;R0042;R0043;R0048;R0050;R0051;R0053;R0054,9
161,31,exact,False,False,R0025;R0041;R0042;R0043;R0048;R0050;R0051;R0053;R0054;R0055,11
162,19,exact,False,False,R0024;R0027;R0038;R0052;R0055,5
163,49,exact,False,False,R0026;R0029;R0031;R0040;R0046,5
164,-1,exact,True,True,R0055;R0056,2
165,35,exact,False,False,R0023;R0050;R0056,3
166,23,exact,False,False,R0031,1
167,12,exact,False,False,R0005;R0035;R0041;R0042;R0043;R0045;R0048;R0050;R0051,9
168,18,exact,False,False,R0020,1
169,-1,exact,True,True,R0041;R0042;R0043;R0045;R0048;R0050;R0051;R0053;R0055;R0056,10
170,-1,exact,True,True,R0052;R0055,2
171,48,exact,False,False,R0044;R0048;R0050;R0053;R0057,5
172,-1,exact,True,True,R0042;R0043;R0050;R0055;R0056,5
173,-1,exact,True,True,R0041;R0042;R0043;R0048;R0050;R0051;R0053;R0054;R0055;R0056,10
174,-1,exact,True,True,R0006;R0030;R0044;R0049;R0051;R0052;R0053;R0054;R0055;R0056,10
175,6,exact,False,False,R0033;R0036;R0039;R0044;R0051,5
176,6,exact,False,False,R0033;R0036;R0039;R0044;R0052;R0054,6
177,6,exact,False,False,R0033;R0036,2
178,48,exact,False,False,R0044;R0051;R0054,3
179,-1,exact,True,True,R0042;R0043;R0050;R0055;R0056,5
180,39,exact,False,False,R0039;R0044;R0051,3
181,48,exact,False,False,R0044;R0051;R0052;R0054,4
182,6,exact,False,False,R0033;R0036;R0039;R0044;R0052;R0054,6
183,18,exact,False,False,R0020;R0052,2
184,45,exact,False,False,R0041;R0048;R0051;R0054,4
185,25,exact,False,False,R0030;R0044;R0048;R0049;R0053;R0054,6
186,-1,exact,True,True,R0041;R0042;R0043;R0045;R0048;R0050;R0051;R0055,8
187,19,exact,False,False,R0024;R0027;R0038;R0052,4
188,48,exact,False,False,R0044;R0054,2
189,40,exact,False,False,R0035;R0041;R0042;R0043;R0045;R0048;R0050;R0051,8
190,6,exact,False,False,R0033;R0036;R0039;R0044;R0054,5
191,-1,exact,True,True,R0051;R0052;R0054,3
192,47,exact,False,False,R0045;R0048;R0051;R0053;R0055;R0056;R0057,7
193,4,exact,False,False,R0018;R0044;R0048;R0054,4
194,48,exact,False,False,R0044;R0057,2
195,31,exact,False,False,R0025;R0035;R0041;R0042;R0043;R0048;R0050;R0051;R0053;R0054,10
196,42,exact,False,False,R0014;R0035;R0041;R0042;R0043;R0045;R0048;R0050;R0051,9
197,41,exact,False,False,R0052,1
198,48,exact,False,False,R0044;R0051;R0054,3
199,37,exact,False,False,R0011;R0033;R0036;R0039;R0044;R0051,6
200,-1,exact,True,True,R0042;R0043;R0050;R0055;R0056,5
201,12,exact,False,False,R0005;R0008;R0035;R0042;R0043;R0050,6
202,36,exact,False,False,R0034;R0039;R0044;R0051;R0052;R0054,6
203,19,exact,False,False,R0024;R0027;R0038;R0045;R0051;R0055,6
204,1,exact,False,False,R0032;R0044;R0049;R0051;R0052;R0054,6
205,8,fallback,False,False,,0
206,42,exact,False,False,R0014;R0051;R0054,3
207,9,exact,False,False,R0050,1
208,21,exact,False,False,R0051,1
209,47,exact,False,False,R0045;R0048;R0051;R0055,4
210,6,exact,False,False,R0033;R0036;R0039;R0044;R0054,5
211,48,exact,False,False,R0044;R0051,2
212,3,fallback,False,False,,0
213,6,exact,False,False,R0033;R0036;R0039;R0044;R0051;R0054,6
214,6,exact,False,False,R0033;R0036,2
215,6,exact,False,False,R0033;R0039;R0044;R0051;R0052;R0054,6
216,23,exact,False,False,R0031,1
217,40,exact,False,False,R0035;R0041;R0042;R0043;R0050,5
218,-1,exact,True,True,R0041;R0042;R0043;R0045;R0048;R0050;R0051,7
219,36,exact,False,False,R0034;R0039;R0044;R0051;R0054,5
220,26,exact,False,False,R0009;R0044;R0045;R0049;R0051;R0055;R0057,7
221,37,exact,False,False,R0002;R0033;R0036;R0039;R0044;R0051,6
222,-1,exact,True,True,R0051;R0052;R0054,3
223,1,exact,False,False,R0032;R0048;R0051;R0052;R0054;R0055,6
224,40,exact,False,False,R0035;R0041;R0042;R0043;R0045;R0048;R0050;R0051,8
225,48,exact,False,False,R0044;R0054,2
226,28,exact,False,False,R0010,1
227,-1,exact,True,True,R0041;R0042;R0043;R0045;R0048;R0050;R0051;R0053;R0055;R0056,10
228,39,exact,False,False,R0039;R0051;R0052;R0054,4
229,39,exact,False,False,R0039;R0044;R0051;R0054,4
230,48,exact,False,False,R0044;R0048;R0051;R0052;R0053;R0054,6
231,1,exact,False,False,R0032;R0048;R0051;R0052;R0054,5
232,27,exact,False,False,R0028;R0034,2
233,-1,exact,True,True,R0051;R0052;R0054,3
234,37,exact,False,False,R0002;R0033;R0036;R0039;R0044,5
235,6,exact,False,False,R0033;R0036;R0039;R0044;R0051,5
236,10,fallback,False,False,,0
237,-1,exact,True,True,R0051;R0054,2
238,41,exact,False,False,R0052,1
239,49,exact,False,False,R0026;R0029;R0031;R0040;R0046,5
240,13,fallback,False,False,,0
241,6,exact,False,False,R0033;R0036,2
242,35,exact,False,False,R0023,1
243,25,exact,False,False,R0030;R0041;R0042;R0043;R0045;R0048;R0050;R0051;R0053;R0055,11
244,37,exact,False,False,R0002;R0033;R0036;R0039;R0044;R0051,6
245,22,fallback,False,False,,0
246,19,exact,False,False,R0024;R0027;R0038;R0045;R0051;R0055,6
247,-1,fallback,True,False,,0
248,49,exact,False,False,R0026;R0029;R0031;R0040;R0046;R0057,6
249,-1,exact,True,True,R0042;R0043;R0050;R0053,4
250,23,exact,False,False,R0031,1
251,-1,fallback,True,False,,0
252,40,exact,False,False,R0035;R0042;R0043;R0050,4
253,14,exact,False,False,R0012;R0051,2
254,37,exact,False,False,R0011;R0033;R0036;R0039;R0044;R0051,6
255,31,exact,False,False,R0025;R0032,2
256,-1,exact,True,True,R0041;R0042;R0043;R0048;R0050;R0051;R0054;R0055,8
257,23,exact,False,False,R0031;R0056,2
258,-1,exact,True,True,R0048;R0050,2
259,-1,exact,True,True,R0028;R0033;R0036;R0039;R0044;R0052;R0054,7
260,39,exact,False,False,R0039;R0051;R0052;R0054,4
261,28,fallback,False,False,,0
262,-1,exact,True,True,R0028;R0033;R0036,3
263,45,fallback,False,False,,0
264,7,fallback,False,False,,0
265,38,exact,False,False,R0017;R0044;R0048;R0051;R0052;R0054,6
266,-1,exact,True,True,R0041;R0042;R0043;R0048;R0050;R0051;R0053;R0054;R0055;R0056,11
267,43,fallback,False,False,,0
268,-1,exact,True,True,R0042;R0043;R0050,3
269,-1,exact,True,True,R0051;R0052;R0054,3
270,23,exact,False,False,R0031,1
271,44,fallback,False,False,,0
272,6,exact,False,False,R0033;R0036;R0039;R0044;R0052;R0054,6
273,6,exact,False,False,R0033;R0036;R0044;R0054,4
274,4,exact,False,False,R0018;R0050,2
275,1,exact,False,False,R0032;R0048;R0051;R0054,4
276,49,exact,False,False,R0026;R0029;R0031;R0040;R0046,5
277,16,exact,False,False,R0038;R0045;R0051;R0055,4
278,28,fallback,False,False,,0
279,-1,exact,True,True,R0037;R0045;R0055;R0056,4
280,19,exact,False,False,R0024;R0027;R0038;R0051,4
281,36,exact,False,False,R0034;R0052,2
282,49,exact,False,False,R0026;R0029;R0031;R0040;R0046;R0057,6
283,41,fallback,False,False,,0
284,13,exact,False,False,R0021,1
285,-1,fallback,True,False,,0
286,6,exact,False,False,R0033;R0036;R0039,3
287,31,exact,False,False,R0025;R0032;R0042;R0043;R0050,5
288,38,exact,False,False,R0017;R0042;R0043;R0050,4
289,48,exact,False,False,R0044;R0048;R0051;R0054,4
290,3,fallback,False,False,,0
291,49,exact,False,False,R0026;R0029;R0031;R0040;R0046,5
292,36,exact,False,False,R0034;R0039;R0044;R0052;R0054,5
293,40,exact,False,False,R0035;R0041;R0042;R0043;R0045;R0048;R0050;R0051,8
294,-1,exact,True,True,R0041;R0042;R0043;R0048;R0050;R0051;R0053;R0054;R0055;R0056,11
295,-1,exact,True,True,R0042;R0043;R0050;R0053,4
296,40,exact,False,False,R0035;R0041;R0042;R0043;R0045;R0048;R0050;R0051,8
297,9,exact,False,False,R0050;R0056,2
298,-1,exact,True,True,R0042;R0043;R0045;R0050;R0053;R0055;R0056,7
299,18,exact,False,False,R0020;R0044,2
300,49,exact,False,False,R0026;R0029;R0031;R0040;R0046,5
301,-1,exact,True,True,R0041;R0042,2
302,39,exact,False,False,R0039;R0044;R0052;R0054,4
303,13,fallback,False,False,,0
304,-1,exact,True,True,R0048;R0054,2
305,48,exact,False,False,R0044;R0048;R0049;R0052;R0054,5
306,40,exact,False,False,R0035;R0042;R0043;R0045;R0050,5
307,48,exact,False,False,R0044;R0051,2
308,18,exact,False,False,R0020;R0044,2
309,48,exact,False,False,R0044;R0051,2
310,21,fallback,False,False,,0
311,35,exact,False,False,R0023;R0056,2
312,36,exact,False,False,R0034,1
313,1,fallback,False,False,,0
314,4,exact,False,False,R0018;R0044;R0048;R0054,4
315,27,exact,False,False,R0028;R0034,2
316,40,exact,False,False,R0035;R0042;R0043;R0050,4
317,49,exact,False,False,R0026;R0029;R0031;R0040;R0046,5
318,25,exact,False,False,R0030;R0044;R0049;R0051;R0052;R0053;R0054,7
319,48,exact,False,False,R0044;R0048;R0054,3
320,48,exact,False,False,R0044;R0052;R0054,3
321,-1,exact,True,True,R0041;R0042;R0043;R0045;R0048;R0050;R0051,7
322,18,exact,False,False,R0020,1
323,-1,exact,True,True,R0048;R0051;R0054,3
324,19,exact,False,False,R0024;R0027;R0038;R0051;R0052;R0054,6
325,38,exact,False,False,R0017,1
326,25,exact,False,False,R0030;R0045;R0047;R0055;R0056;R0057,6
327,39,exact,False,False,R0039,1
328,36,exact,False,False,R0034;R0044;R0054,3
329,49,exact,False,False,R0026;R0029;R0031;R0040;R0046;R0057,6
330,35,exact,False,False,R0023;R0047;R0056;R0057,4
331,-1,exact,True,True,R0041;R0042;R0043;R0045;R0048;R0050;R0051;R0053,8
332,49,exact,False,False,R0026;R0029;R0031;R0040;R0046,5
333,36,exact,False,False,R0034;R0039;R0044;R0052;R0054,5
334,42,exact,False,False,R0014,1
335,40,exact,False,False,R0035;R0041;R0042;R0043;R0048;R0050;R0051;R0054,8
336,19,exact,False,False,R0024;R0027;R0038,3
337,12,exact,False,False,R0005;R0035;R0041;R0042;R0043;R0048;R0050;R0051,8
338,1,exact,False,False,R0032;R0042;R0043;R0050,4
339,-1,exact,True,True,R0051;R0052;R0054,3
340,12,exact,False,False,R0005;R0008;R0035;R0041;R0042;R0043;R0048;R0050;R0051,9
341,28,exact,False,False,R0010;R0044;R0051;R0053;R0054,5
342,36,exact,False,False,R0034;R0039;R0044;R0052;R0054,5
343,11,fallback,False,False,,0
344,36,exact,False,False,R0034,1
345,27,exact,False,False,R0028,1
346,-1,exact,True,True,R0041;R0042;R0043;R0045;R0048;R0050;R0051;R0053;R0055;R0056,10
347,48,exact,False,False,R0044;R0048;R0051;R0053;R0054,5
348,30,fallback,False,False,,0
349,49,exact,False,False,R0026;R0029;R0031;R0040;R0046;R0057,6
350,-1,exact,True,True,R0028;R0033;R0036;R0039;R0044;R0052;R0054,7
351,15,exact,False,False,R0054,1
352,-1,exact,True,True,R0030;R0032;R0044;R0048;R0049;R0051;R0052;R0053;R0054;R0055,12
353,6,exact,False,False,R0033;R0036,2
354,6,exact,False,False,R0033;R0036;R0039;R0044;R0051;R0052;R0054,7
355,12,exact,False,False,R0005;R0016;R0035;R0041;R0042;R0043;R0048;R0050;R0051,9
356,11,fallback,False,False,,0
357,3,exact,False,False,R0056,1
358,39,exact,False,False,R0039;R0044;R0051;R0054,4
359,36,exact,False,False,R0034;R0039,2
360,49,exact,False,False,R0026;R0029;R0031;R0040;R0046,5
361,49,exact,False,False,R0026;R0029;R0031;R0040;R0046;R0057,6
362,36,exact,False,False,R0034,1
363,18,exact,False,False,R0020;R0044;R0052;R0054,4
364,13,exact,False,False,R0021;R0034,2
365,34,fallback,False,False,,0
366,6,exact,False,False,R0033;R0039;R0044;R0054,4
367,6,exact,False,False,R0033;R0036;R0039;R0044;R0052;R0054,6
368,1,exact,False,False,R0032,1
369,-1,exact,True,True,R0048;R0050,2
370,-1,exact,True,True,R0041;R0042;R0043;R0048;R0050;R0051;R0053;R0054;R0055;R0056,10
371,48,exact,False,False,R0044;R0052;R0054,3
372,25,exact,False,False,R0030;R0045;R0049;R0053;R0055;R0056;R0057,7
373,26,exact,False,False,R0009;R0024;R0027;R0038;R0044;R0051;R0052;R0054;R0055;R0057,10
374,21,exact,False,False,R0051,1
375,48,exact,False,False,R0044;R0051,2
376,-1,exact,True,True,R0042;R0043;R0050;R0053;R0055;R0056,6
377,4,fallback,False,False,,0
378,48,exact,False,False,R0044;R0052;R0054,3
379,19,exact,False,False,R0024;R0027;R0038;R0044;R0051;R0054,6
380,40,exact,False,False,R0035;R0041;R0043;R0048;R0051,5
381,46,exact,False,False,R0047,1
382,14,exact,False,False,R0012;R0035;R0041;R0042;R0043;R0045;R0050,7
383,27,fallback,False,False,,0
384,48,exact,False,False,R0044;R0052;R0054,3
385,18,exact,False,False,R0020,1
386,48,exact,False,False,R0044;R0048;R0051;R0053,4
387,28,exact,False,False,R0010;R0044;R0051;R0053;R0054,5
388,38,fallback,False,False,,0
389,48,exact,False,False,R0044;R0048;R0050;R0053;R0054,5
390,8,fallback,False,False,,0
391,49,exact,False,False,R0026;R0029;R0031;R0040;R0046,5
392,27,fallback,False,False,,0
393,30,exact,False,False,R0001;R0044;R0051,3
394,4,fallback,False,False,,0
395,47,exact,False,False,R0045,1
396,26,exact,False,False,R0009;R0032;R0044;R0049;R0051;R0052;R0054;R0055,8
397,30,exact,False,False,R0001;R0051;R0052;R0054,4
398,48,exact,False,False,R0044;R0051;R0054,3
399,37,exact,False,False,R0002;R0039;R0044,3
400,12,exact,False,False,R0005;R0008;R0035;R0041;R0042;R0048;R0051;R0054,8
401,0,fallback,False,False,,0
402,13,exact,False,False,R0021,1
403,12,exact,False,False,R0013;R0048;R0050;R0054,4
404,49,exact,False,False,R0026;R0029;R0031;R0040;R0046;R0057,6
405,36,exact,False,False,R0034;R0044;R0051;R0052;R0054,5
406,-1,exact,True,True,R0051;R0052;R0054,3
407,48,exact,False,False,R0044;R0051;R0052;R0054,4
408,6,exact,False,False,R0033;R0036;R0039;R0044;R0052;R0054,6
409,6,exact,False,False,R0033;R0036;R0039;R0044;R0051;R0054,6
410,-1,exact,True,True,R0048;R0051;R0053;R0054,4
411,19,exact,False,False,R0024;R0027;R0038;R0044;R0051,5
412,39,exact,False,False,R0039;R0044,2
413,48,exact,False,False,R0044;R0053;R0054;R0057,4
414,25,exact,False,False,R0030;R0037;R0055;R0056,4
415,-1,exact,True,True,R0044;R0045;R0048;R0051;R0057,5
416,24,fallback,False,False,,0
417,19,exact,False,False,R0024;R0027;R0055,3
418,-1,exact,True,True,R0028;R0033;R0036;R0039;R0044;R0052;R0054,7
419,48,exact,False,False,R0044;R0049;R0051;R0053,4
420,6,exact,False,False,R0033;R0036;R0039;R0044;R0054,5
421,37,exact,False,False,R0002;R0011;R0033;R0036;R0039;R0044;R0051,7
422,40,exact,False,False,R0035;R0042;R0043;R0045;R0050,5
423,18,exact,False,False,R0020;R0026;R0029;R0031;R0040;R0046,6
424,39,exact,False,False,R0039;R0044;R0051;R0053;R0054,5
425,36,exact,False,False,R0034,1
426,40,exact,False,False,R0035;R0041;R0042;R0043;R0045;R0050,6
427,39,fallback,False,False,,0
428,-1,exact,True,True,R0041;R0042;R0043;R0048;R0050;R0051;R0053;R0054;R0055;R0056,10
429,49,exact,False,False,R0026;R0029;R0031;R0040;R0046,5
430,25,exact,False,False,R0030;R0037;R0056,3
431,-1,exact,True,True,R0041;R0042;R0043;R0050,4
432,37,exact,False,False,R0002;R0011;R0033;R0036;R0044;R0051,6
433,39,exact,False,False,R0039;R0051;R0052;R0054,4
434,1,exact,False,False,R0032;R0037;R0055,3
435,48,exact,False,False,R0044;R0052;R0054,3
436,6,exact,False,False,R0033;R0036;R0039;R0044;R0051;R0054,6
437,21,exact,False,False,R0051,1
438,47,exact,False,False,R0045;R0051,2
439,30,exact,False,False,R0001,1
440,-1,exact,True,True,R0048;R0054,2
441,36,exact,False,False,R0034,1
442,25,exact,False,False,R0030;R0050;R0056;R0057,4
443,44,exact,False,False,R0019;R0025;R0035;R0042;R0043;R0045;R0050,7
444,4,exact,False,False,R0018;R0047;R0050,3
445,49,exact,False,False,R0026;R0029;R0031;R0040;R0046,5
446,-1,exact,True,True,R0041;R0042;R0043;R0050;R0055,5
447,-1,fallback,True,False,,0
448,-1,exact,True,True,R0052;R0054,2
449,23,exact,False,False,R0031;R0056,2
450,23,exact,False,False,R0031,1
451,48,exact,False,False,R0044;R0048;R0051;R0052;R0053;R0054,6
452,38,exact,False,False,R0017;R0044;R0048;R0051,4
453,6,exact,False,False,R0033;R0039;R0044;R0051,4
454,30,exact,False,False,R0001,1
455,41,fallback,False,False,,0
456,36,exact,False,False,R0034;R0039;R0044;R0054,4
457,19,exact,False,False,R0024;R0027;R0044;R0054,4
458,49,exact,False,False,R0026;R0029;R0031;R0040;R0046,5
459,-1,exact,True,True,R0041;R0042;R0043;R0048;R0050;R0051;R0054,7
460,30,exact,False,False,R0001;R0034,2
461,9,exact,False,False,R0050,1
462,-1,exact,True,True,R0042;R0043;R0045;R0050,4
463,37,exact,False,False,R0002;R0011;R0033;R0036;R0039;R0044;R0051,7
464,48,exact,False,False,R0044,1
465,-1,exact,True,True,R0042;R0043;R0050,3
466,6,exact,False,False,R0033;R0036;R0039;R0044;R0052;R0054,6
467,6,exact,False,False,R0033;R0036,2
468,47,exact,False,False,R0045,1
469,49,exact,False,False,R0026;R0029;R0031;R0040;R0046,5
470,19,fallback,False,False,,0
471,6,exact,False,False,R0033;R0036;R0044;R0051,4
472,4,exact,False,False,R0018,1
473,48,exact,False,False,R0044;R0048;R0051,3
474,48,exact,False,False,R0044;R0048;R0051;R0052;R0053;R0054,6
475,0,exact,False,False,R0036;R0039;R0052;R0054,4
476,-1,exact,True,True,R0041;R0042;R0043;R0048;R0050;R0051;R0053;R0054;R0057,9
477,40,exact,False,False,R0035;R0041;R0042;R0043;R0045;R0048;R0050;R0051,8
478,23,exact,False,False,R0031,1
479,47,exact,False,False,R0045;R0057,2
480,41,exact,False,False,R0052,1
481,18,exact,False,False,R0020;R0044,2
482,-1,exact,True,True,R0051;R0052;R0054,3
483,48,exact,False,False,R0044;R0048;R0052;R0053;R0054,5
484,1,exact,False,False,R0032;R0057,2
485,0,fallback,False,False,,0
486,-1,fallback,True,False,,0
487,38,fallback,False,False,,0
488,28,exact,False,False,R0003,1
489,-1,exact,True,True,R0051;R0052;R0054,3
490,49,exact,False,False,R0026;R0029;R0031;R0040;R0046,5
491,44,exact,False,False,R0019;R0042;R0043;R0045;R0050,5
492,44,exact,False,False,R0019;R0050,2
493,-1,fallback,True,False,,0
494,27,fallback,False,False,,0
495,-1,exact,True,True,R0048;R0051,2
496,-1,exact,True,True,R0041;R0042;R0043;R0048;R0050;R0051;R0053;R0054,8
497,-1,exact,True,True,R0042;R0043;R0050;R0055;R0056,5
498,0,fallback,False,False,,0
499,-1,exact,True,True,R0051;R0053;R0054;R0055;R0056,5
500,23,exact,False,False,R0031,1
501,36,exact,False,False,R0034;R0039;R0044;R0054,4
502,49,exact,False,False,R0026;R0029;R0031;R0040;R0046;R0057,6
503,-1,exact,True,True,R0041;R0042;R0043;R0048;R0050;R0051;R0054,7
504,49,exact,False,False,R0026;R0029;R0031;R0040;R0046,5
505,39,exact,False,False,R0039;R0044;R0051,3
506,30,exact,False,False,R0001;R0044;R0052;R0054,4
507,48,exact,False,False,R0044;R0048;R0051;R0052;R0053;R0054,6
508,18,fallback,False,False,,0
509,36,exact,False,False,R0034;R0052,2
510,1,exact,False,False,R0032;R0041;R0042;R0043;R0048;R0050;R0051;R0054,8
511,6,exact,False,False,R0033;R0036,2
512,36,exact,False,False,R0034;R0052,2
513,44,exact,False,False,R0019;R0032;R0042;R0043;R0050,5
514,31,exact,False,False,R0025;R0035;R0041;R0042;R0043;R0045;R0048;R0050;R0051;R0053,10
515,18,exact,False,False,R0020;R0034;R0052,3
516,6,exact,False,False,R0033;R0036,2
517,6,exact,False,False,R0033;R0036,2
518,39,exact,False,False,R0039;R0044;R0051;R0054,4
519,36,exact,False,False,R0034;R0039;R0044;R0054,4
520,19,exact,False,False,R0024;R0027;R0038;R0044;R0051;R0052;R0054;R0057,8
521,41,exact,False,False,R0052,1
522,-1,exact,True,True,R0044;R0045;R0051;R0055,4
523,-1,fallback,True,False,,0
524,47,exact,False,False,R0045;R0057,2
525,-1,exact,True,True,R0041;R0042;R0043;R0044;R0048;R0050;R0051;R0054;R0055,9
526,6,exact,False,False,R0033;R0036;R0039;R0044;R0051,5
527,36,exact,False,False,R0034;R0044;R0052;R0054,4
528,48,exact,False,False,R0044;R0048;R0051,3
529,31,exact,False,False,R0025;R0051,2
530,38,exact,False,False,R0017,1
531,49,exact,False,False,R0026;R0029;R0031;R0040;R0046;R0057,6
532,23,exact,False,False,R0031,1
533,25,exact,False,False,R0030;R0044;R0048;R0049;R0051;R0053,6
534,48,exact,False,False,R0044;R0049;R0051;R0053,4
535,40,exact,False,False,R0035;R0041;R0048;R0051,4
536,-1,exact,True,True,R0044;R0045;R0048;R0051;R0053;R0055;R0056;R0057,8
537,28,exact,False,False,R0010;R0044;R0051;R0053;R0054,5
538,27,exact,False,False,R0028,1
539,39,exact,False,False,R0039;R0051;R0052;R0054,4
540,6,exact,False,False,R0033;R0036;R0039;R0044;R0051;R0054,6
541,37,exact,False,False,R0002;R0011;R0033;R0036;R0039;R0044;R0051,7
542,26,exact,False,False,R0009;R0044;R0049;R0057,4
543,6,exact,False,False,R0033;R0036,2
544,38,exact,False,False,R0017;R0052,2
545,37,exact,False,False,R0002;R0005;R0008;R0035;R0041;R0042;R0043;R0048;R0050;R0051,10
546,26,exact,False,False,R0009;R0044;R0045;R0049;R0051;R0055;R0057,7
547,35,exact,False,False,R0023;R0045;R0047;R0055;R0056;R0057,6
548,1,exact,False,False,R0032;R0051;R0054;R0055,4
549,19,exact,False,False,R0024;R0027;R0038;R0052,4
550,21,exact,False,False,R0051,1
551,6,exact,False,False,R0033;R0036;R0039;R0044,4
552,6,exact,False,False,R0033;R0036;R0044;R0052;R0054,5
553,31,exact,False,False,R0025;R0032;R0042;R0043;R0050;R0053,6
554,-1,exact,True,True,R0037;R0045;R0048;R0051;R0055,5
555,19,exact,False,False,R0024;R0027;R0038;R0045;R0051;R0055,6
556,48,exact,False,False,R0044,1
557,29,fallback,False,False,,0
558,48,exact,False,False,R0044;R0051;R0054,3
559,41,exact,False,False,R0052,1
560,27,exact,False,False,R0028,1
561,27,exact,False,False,R0028;R0034;R0039;R0044;R0052;R0054,6
562,25,exact,False,False,R0030;R0044;R0045;R0048;R0049;R0051;R0053;R0055;R0056;R0057,10
563,49,exact,False,False,R0026;R0029;R0031;R0040;R0046,5
564,37,exact,False,False,R0002;R0011;R0033;R0036;R0039;R0044;R0051,7
565,4,exact,False,False,R0018;R0047;R0050;R0056,4
566,12,exact,False,False,R0013,1
567,48,exact,False,False,R0044;R0048,2
568,1,fallback,False,False,,0
569,30,exact,False,False,R0001,1
570,0,fallback,False,False,,0
571,40,exact,False,False,R0035;R0048;R0051,3
572,-1,fallback,True,False,,0
573,18,exact,False,False,R0020;R0034,2
574,49,exact,False,False,R0026;R0029;R0031;R0040;R0046;R0057,6
575,45,exact,False,False,R0041;R0048;R0051,3
576,40,exact,False,False,R0035;R0041;R0042;R0043;R0045;R0048;R0050;R0051,8
577,27,exact,False,False,R0028;R0044,2
578,40,exact,False,False,R0035;R0042;R0043;R0050,4
579,6,exact,False,False,R0033;R0036;R0039;R0044;R0051;R0054,6
580,6,exact,False,False,R0033;R0036;R0039;R0044;R0052;R0054,6
581,19,exact,False,False,R0024;R0027;R0038;R0051;R0052;R0054;R0055,7
582,46,exact,False,False,R0047;R0057,2
583,2,fallback,False,False,,0
584,-1,exact,True,True,R0041;R0042;R0043;R0048;R0050;R0051;R0054;R0055,8
585,48,exact,False,False,R0044;R0048;R0051;R0053,4
586,6,exact,False,False,R0033;R0036;R0039;R0044;R0052;R0054,6
587,-1,exact,True,True,R0042;R0043;R0045;R0050;R0055,5
588,21,exact,False,False,R0051,1
589,-1,exact,True,True,R0048;R0050;R0053;R0054;R0057,5
590,18,exact,False,False,R0020;R0021,2
591,1,exact,False,False,R0032;R0044;R0048;R0051;R0052;R0054,6
592,48,exact,False,False,R0044,1
593,-1,exact,True,True,R0052;R0054,2
594,37,exact,False,False,R0002;R0011;R0033;R0036;R0039;R0044;R0051,7
595,33,fallback,False,False,,0
596,19,exact,False,False,R0024;R0027;R0038;R0051;R0052;R0054,6
597,25,exact,False,False,R0030;R0044;R0048;R0049;R0051;R0053,6
598,19,exact,False,False,R0024;R0027;R0044;R0054,4
599,-1,exact,True,True,R0041;R0042;R0043;R0045;R0048;R0050;R0051;R0053;R0055;R0056,10
600,6,exact,False,False,R0033;R0036;R0039;R0044;R0054,5
601,4,exact,False,False,R0018,1
602,18,exact,False,False,R0008;R0020;R0039;R0044,4
603,36,exact,False,False,R0034;R0039;R0044;R0051;R0052;R0054,6
604,25,exact,False,False,R0030;R0045;R0048;R0051;R0053;R0055;R0056,7
605,46,exact,False,False,R0047,1
606,-1,exact,True,True,R0041;R0042;R0043;R0045;R0048;R0050;R0051;R0055,8
607,-1,exact,True,True,R0041;R0042;R0043;R0045;R0048;R0050;R0051;R0055,8
608,-1,exact,True,True,R0051;R0054,2
609,-1,exact,True,True,R0052;R0054,2
610,31,exact,False,False,R0025;R0032;R0042;R0043;R0050;R0055;R0056,7
611,6,exact,False,False,R0033;R0036;R0039;R0044;R0052;R0054,6
612,32,exact,False,False,R0048,1
613,31,exact,False,False,R0025;R0035;R0041;R0042;R0043;R0048;R0050;R0051;R0053;R0054,10
614,48,exact,False,False,R0044;R0049;R0052;R0053;R0054;R0057,6
615,39,exact,False,False,R0039;R0051,2
616,6,exact,False,False,R0033;R0036;R0039;R0044;R0051;R0052;R0054,7
617,41,fallback,False,False,,0
618,6,exact,False,False,R0033;R0036;R0039;R0044;R0054,5
619,37,exact,False,False,R0002;R0011;R0033;R0036;R0039;R0044;R0051,7
620,18,exact,False,False,R0020;R0052,2
621,25,exact,False,False,R0030;R0045;R0048;R0051;R0053;R0055;R0056,7
622,37,exact,False,False,R0002;R0011;R0044;R0051,4
623,-1,exact,True,True,R0041;R0042;R0043;R0048;R0050;R0051;R0054,7
624,37,exact,False,False,R0002;R0033;R0036;R0039,4
625,35,exact,False,False,R0023;R0047;R0057,3
626,40,exact,False,False,R0035;R0041;R0042;R0043;R0048;R0050;R0051;R0054,8
627,-1,exact,True,True,R0052;R0054,2
628,6,exact,False,False,R0033;R0036;R0039;R0044;R0052;R0054,6
629,48,exact,False,False,R0044;R0051,2
630,48,exact,False,False,R0044;R0051;R0052;R0054,4
631,-1,exact,True,True,R0041;R0042;R0043;R0048;R0050;R0051;R0054;R0055,8
632,48,exact,False,False,R0044,1
633,-1,exact,True,True,R0041;R0042;R0043;R0048;R0050;R0051;R0053;R0054;R0055;R0056,10
634,-1,exact,True,True,R0041;R0042;R0048;R0051;R0054,5
635,15,exact,False,False,R0054,1
636,18,exact,False,False,R0020,1
637,47,exact,False,False,R0045;R0051;R0053;R0055;R0056,5
638,12,exact,False,False,R0008;R0013,2
639,39,exact,False,False,R0039;R0044,2
640,29,fallback,False,False,,0
641,6,exact,False,False,R0033;R0039;R0044;R0051;R0052;R0054,6
642,49,exact,False,False,R0026;R0029;R0031;R0040;R0046,5
643,9,exact,False,False,R0050,1
644,-1,exact,True,True,R0030;R0031;R0037;R0056,4
645,-1,exact,True,True,R0051;R0052;R0054,3
646,41,exact,False,False,R0052,1
647,22,exact,False,False,R0007;R0034;R0039;R0044;R0051;R0052;R0054,7
648,36,exact,False,False,R0034,1
649,14,exact,False,False,R0012,1
650,1,exact,False,False,R0032;R0041;R0042;R0043;R0048;R0050;R0051;R0053;R0054,9
651,19,exact,False,False,R0024;R0027;R0038;R0044;R0049;R0051;R0054;R0057,8
652,48,exact,False,False,R0044;R0051;R0052;R0054,4
653,47,exact,False,False,R0045,1
654,6,exact,False,False,R0033;R0036;R0039;R0044;R0052;R0054,6
655,19,exact,False,False,R0024;R0027;R0038;R0052;R0055,5
656,6,exact,False,False,R0033;R0036;R0039;R0044;R0051,5
657,39,exact,False,False,R0039;R0044;R0051;R0054,4
658,-1,exact,True,True,R0041;R0042;R0043;R0045;R0048;R0050;R0051;R0053,8
659,6,exact,False,False,R0033;R0036,2
660,47,exact,False,False,R0045;R0047;R0055;R0056;R0057,5
661,3,fallback,False,False,,0
662,49,exact,False,False,R0026;R0029;R0031;R0040;R0046,5
663,30,exact,False,False,R0001;R0051;R0052;R0054,4
664,21,exact,False,False,R0051,1
665,37,exact,False,False,R0011;R0033;R0036;R0039;R0044;R0051;R0054,7
666,-1,exact,True,True,R0041;R0042;R0043;R0045;R0048;R0050;R0051;R0053;R0055;R0056,10
667,6,exact,False,False,R0033;R0036;R0039;R0044;R0051,5
668,6,exact,False,False,R0033;R0036;R0039;R0044;R0052;R0054,6
669,4,exact,False,False,R0018;R0044,2
670,-1,exact,True,True,R0028;R0033;R0036;R0039;R0044;R0052;R0054,7
671,38,exact,False,False,R0017;R0048;R0051;R0054,4
672,25,exact,False,False,R0030;R0045;R0048;R0051;R0053;R0055;R0056,7
673,47,exact,False,False,R0045;R0055,2
674,37,exact,False,False,R0011;R0033;R0036;R0039;R0044;R0051,6
675,31,exact,False,False,R0025;R0041;R0042;R0043;R0048;R0050;R0051;R0053;R0054;R0055,11
676,49,exact,False,False,R0026;R0029;R0031;R0040;R0046,5
677,37,exact,False,False,R0002;R0011;R0033;R0036;R0039;R0044;R0051,7
678,-1,exact,True,True,R0041;R0042;R0048;R0051;R0054,5
679,-1,exact,True,True,R0051;R0054,2
680,41,exact,False,False,R0052,1
681,15,fallback,False,False,,0
682,49,exact,False,False,R0026;R0029;R0031;R0040;R0046,5
683,23,exact,False,False,R0031,1
684,6,exact,False,False,R0033;R0039;R0044;R0051;R0052;R0054,6
685,34,exact,False,False,R0055,1
686,48,exact,False,False,R0044;R0048;R0051;R0053,4
687,6,exact,False,False,R0033;R0036;R0039;R0044,4
688,-1,exact,True,True,R0042;R0043;R0045;R0050;R0055;R0056,6
689,44,exact,False,False,R0019;R0025;R0032;R0042;R0043;R0050,6
690,1,exact,False,False,R0032,1
691,0,fallback,False,False,,0
692,12,exact,False,False,R0005;R0008;R0035;R0051,4
693,6,exact,False,False,R0033;R0036,2
694,9,exact,False,False,R0050,1
695,47,fallback,False,False,,0
696,49,exact,False,False,R0026;R0029;R0031;R0040;R0046;R0057,6
697,-1,exact,True,True,R0041;R0042;R0048;R0051;R0054,5
698,-1,exact,True,True,R0042;R0043;R0045;R0050;R0055;R0056,6
699,36,exact,False,False,R0034,1
700,38,exact,False,False,R0017;R0055;R0056,3
701,48,exact,False,False,R0044;R0048;R0051;R0053,4
702,27,exact,False,False,R0028;R0034;R0039;R0044;R0052;R0054,6
703,34,exact,False,False,R0055,1
704,18,exact,False,False,R0020,1
705,-1,exact,True,True,R0041;R0042;R0043;R0045;R0048;R0050;R0051;R0055,8
706,6,exact,False,False,R0033;R0036;R0039;R0044;R0051,5
707,27,fallback,False,False,,0
708,-1,exact,True,True,R0048;R0051,2
709,30,exact,False,False,R0001;R0052;R0054,3
710,38,exact,False,False,R0017;R0025;R0042;R0043;R0050,5
711,-1,exact,True,True,R0041;R0042;R0043;R0045;R0048;R0050;R0051;R0053;R0055;R0056,10
712,48,exact,False,False,R0044;R0051,2
713,0,exact,False,False,R0036;R0039;R0051;R0054,4
714,-1,exact,True,True,R0037;R0045;R0055;R0056,4
715,27,exact,False,False,R0028;R0039;R0044,3
716,13,exact,False,False,R0021,1
717,-1,exact,True,True,R0041;R0042;R0043;R0045;R0048;R0050;R0051;R0055,8
718,-1,exact,True,True,R0041;R0042;R0043;R0044;R0045;R0048;R0049;R0050;R0051;R0053,11
719,36,exact,False,False,R0034;R0052,2
720,44,exact,False,False,R0019;R0032;R0042;R0043;R0050,5
721,46,exact,False,False,R0047,1
722,48,exact,False,False,R0044;R0052;R0054,3
723,44,exact,False,False,R0019;R0050,2
724,-1,exact,True,True,R0041;R0042;R0043;R0048;R0050;R0051;R0053;R0054,8
725,39,exact,False,False,R0039;R0051,2
726,40,exact,False,False,R0035;R0048;R0051;R0054,4
727,25,exact,False,False,R0030;R0048;R0051;R0052;R0053;R0054;R0055;R0056,8
728,49,exact,False,False,R0026;R0029;R0031;R0040;R0046;R0057,6
729,1,exact,False,False,R0032;R0055;R0056,3
730,6,exact,False,False,R0033;R0036;R0039;R0044;R0052;R0054,6
731,6,exact,False,False,R0033;R0036;R0039;R0044;R0052;R0054,6
732,37,exact,False,False,R0002;R0033;R0036;R0044;R0051,5
733,39,exact,False,False,R0039;R0051;R0052;R0054,4
734,1,exact,False,False,R0032;R0055,2
735,48,fallback,False,False,,0
736,38,exact,False,False,R0017;R0052,2
737,34,fallback,False,False,,0
738,38,exact,False,False,R0017;R0044;R0048;R0051,4
739,37,exact,False,False,R0002;R0011;R0033;R0044;R0051,5
740,23,exact,False,False,R0031,1
741,6,exact,False,False,R0033;R0036;R0039;R0044;R0051;R0054,6
742,18,exact,False,False,R0020;R0044;R0052;R0054,4
743,1,exact,False,False,R0032;R0052;R0055,3
744,27,exact,False,False,R0028;R0034,2
745,26,exact,False,False,R0009;R0032;R0044;R0049;R0051;R0054,6
746,-1,exact,True,True,R0051;R0054,2
747,36,exact,False,False,R0034;R0039;R0044;R0051;R0054,5
748,27,exact,False,False,R0028;R0034,2
749,36,exact,False,False,R0034;R0044;R0051;R0052;R0054,5
750,27,exact,False,False,R0028;R0034,2
751,44,exact,False,False,R0019;R0032;R0042;R0043;R0050,5
752,-1,exact,True,True,R0041;R0042;R0043;R0045;R0048;R0050;R0051,7
753,30,exact,False,False,R0001;R0044;R0052;R0054,4
754,25,exact,False,False,R0030;R0041;R0042;R0043;R0044;R0048;R0049;R0050;R0051;R0053,14
755,30,exact,False,False,R0001;R0039;R0044;R0051;R0054,5
756,37,exact,False,False,R0002;R0033;R0036;R0039;R0044;R0051,6
757,49,exact,False,False,R0026;R0029;R0031;R0040;R0046;R0057,6
758,1,exact,False,False,R0032;R0037;R0055;R0056,4
759,-1,exact,True,True,R0041;R0042;R0043;R0048;R0050;R0051;R0054;R0055,8
760,-1,exact,True,True,R0051;R0054,2
761,36,exact,False,False,R0034;R0044;R0052;R0054,4
762,1,exact,False,False,R0032;R0042;R0043;R0050,4
763,49,exact,False,False,R0026;R0029;R0031;R0040;R0046;R0057,6
764,39,exact,False,False,R0039,1
765,-1,exact,True,True,R0048;R0051;R0052;R0054,4
766,46,exact,False,False,R0047,1
767,-1,exact,True,True,R0041;R0042;R0043;R0048;R0050;R0051;R0054,7
768,49,exact,False,False,R0026;R0029;R0031;R0040;R0046,5
769,22,exact,False,False,R0007;R0034,2
770,-1,exact,True,True,R0052;R0054,2
771,12,exact,False,False,R0005;R0008;R0035;R0041;R0042;R0043;R0048;R0050;R0051,9
772,19,exact,False,False,R0024;R0027;R0038;R0051;R0052;R0054,6
773,6,exact,False,False,R0033;R0036;R0039;R0044;R0051;R0054,6
774,48,exact,False,False,R0044;R0054,2
775,13,exact,False,False,R0021;R0047;R0057,3
776,-1,exact,True,True,R0052;R0054,2
777,42,exact,False,False,R0014;R0035;R0041;R0042;R0043;R0048;R0050;R0051,8
778,31,exact,False,False,R0025;R0041;R0042;R0043;R0045;R0048;R0050;R0051;R0053;R0055,11
779,-1,fallback,True,False,,0
780,49,exact,False,False,R0026;R0029;R0031;R0040;R0046,5
781,6,exact,False,False,R0033;R0036;R0039;R0044;R0054,5
782,19,exact,False,False,R0024;R0027,2
783,19,exact,False,False,R0024;R0027;R0038;R0045;R0051,5
784,21,exact,False,False,R0051,1
785,47,exact,False,False,R0045;R0048;R0051;R0053;R0055;R0056,6
786,6,exact,False,False,R0033;R0036;R0039;R0044;R0052;R0054,6
787,2,fallback,False,False,,0
788,48,exact,False,False,R0044,1
789,40,exact,False,False,R0035;R0042;R0043;R0050,4
790,6,exact,False,False,R0033;R0036;R0039;R0044;R0051;R0052;R0054,7
791,31,exact,False,False,R0025;R0041;R0042;R0043;R0045;R0048;R0050;R0051;R0053,9
792,19,exact,False,False,R0024;R0027;R0038;R0044;R0051,5
793,36,exact,False,False,R0034;R0039;R0044;R0052;R0054,5
794,-1,exact,True,True,R0041;R0042;R0043;R0048;R0050;R0051;R0053;R0054,8
795,19,exact,False,False,R0024;R0027;R0038;R0051;R0052;R0054,6
796,1,exact,False,False,R0032;R0055,2
797,18,fallback,False,False,,0
798,10,fallback,False,False,,0
799,44,exact,False,False,R0019;R0047,2
800,6,exact,False,False,R0033;R0036;R0039;R0044;R0051;R0054,6
801,18,fallback,False,False,,0
802,37,exact,False,False,R0002;R0011;R0033;R0036;R0044;R0051,6
803,6,exact,False,False,R0033;R0036;R0039;R0044;R0052;R0054,6
804,39,exact,False,False,R0039;R0044;R0051;R0052;R0054,5
805,-1,exact,True,True,R0041;R0042;R0043;R0048;R0050;R0051;R0054;R0055,8
806,41,exact,False,False,R0052,1
807,48,exact,False,False,R0044;R0052;R0054,3
808,48,exact,False,False,R0044;R0051;R0052;R0054,4
809,6,exact,False,False,R0033;R0036;R0039;R0044;R0051;R0054,6
810,48,exact,False,False,R0044;R0048;R0051;R0053;R0054,5
811,36,exact,False,False,R0034;R0039;R0044;R0052;R0054,5
812,49,exact,False,False,R0026;R0029;R0031;R0040;R0046;R0057,6
813,48,exact,False,False,R0044;R0048;R0053;R0054,4
814,40,exact,False,False,R0035;R0045;R0048;R0051,4
815,18,exact,False,False,R0020,1
816,19,exact,False,False,R0024;R0027;R0038;R0051;R0052;R0054,6
817,25,exact,False,False,R0030;R0045;R0055;R0056,4
818,-1,fallback,True,False,,0
819,9,exact,False,False,R0050;R0057,2
820,6,exact,False,False,R0033;R0036;R0039;R0044;R0052;R0054,6
821,18,exact,False,False,R0020;R0021,2
822,-1,exact,True,True,R0041;R0042;R0043;R0045;R0048;R0050;R0051;R0053;R0055;R0056,10
823,6,exact,False,False,R0033;R0036,2
824,39,exact,False,False,R0039;R0044;R0051;R0054,4
825,6,exact,False,False,R0033;R0036,2
826,-1,exact,True,True,R0052;R0054,2
827,48,exact,False,False,R0044;R0054,2
828,6,exact,False,False,R0033;R0036;R0039;R0044;R0054,5
829,6,exact,False,False,R0033;R0036;R0039;R0044;R0052;R0054,6
830,27,exact,False,False,R0028,1
831,-1,exact,True,True,R0051;R0052;R0054,3
832,1,exact,False,False,R0032,1
833,19,exact,False,False,R0024;R0027;R0038;R0051;R0052;R0054,6
834,1,exact,False,False,R0032;R0052,2
835,49,exact,False,False,R0026;R0029;R0031;R0040;R0046;R0057,6
836,13,exact,False,False,R0021,1
837,1,exact,False,False,R0032;R0035;R0041;R0042;R0043;R0050,6
838,36,exact,False,False,R0034;R0039;R0051;R0052;R0054,5
839,22,exact,False,False,R0007;R0034,2
840,18,exact,False,False,R0020;R0052,2
841,41,fallback,False,False,,0
842,6,exact,False,False,R0033;R0036;R0039;R0044;R0054,5
843,12,exact,False,False,R0005;R0016;R0035;R0041;R0042;R0043;R0048;R0050;R0051,9
844,48,exact,False,False,R0044;R0048;R0051,3
845,30,exact,False,False,R0001,1
846,-1,exact,True,True,R0051;R0052;R0054,3
847,18,exact,False,False,R0020;R0044;R0052;R0054,4
848,31,exact,False,False,R0025;R0041;R0042;R0043;R0048;R0050;R0051;R0053;R0054;R0055,11
849,-1,exact,True,True,R0041;R0042;R0043;R0048;R0050;R0051;R0054,7
850,48,exact,False,False,R0044;R0051,2
851,6,exact,False,False,R0033;R0036;R0039;R0044;R0052;R0054,6
852,27,exact,False,False,R0028;R0034;R0044;R0052;R0054,5
853,21,exact,False,False,R0051,1
854,-1,exact,True,True,R0041;R0042;R0048;R0051;R0054,5
855,49,exact,False,False,R0026;R0029;R0031;R0040;R0046,5
856,-1,exact,True,True,R0028;R0033;R0036;R0052,4
857,-1,exact,True,True,R0041;R0042;R0043;R0048;R0050;R0051;R0053;R0054,8
858,6,exact,False,False,R0033;R0036;R0039;R0044;R0051;R0052;R0054,7
859,47,exact,False,False,R0045;R0051;R0055,3
860,6,exact,False,False,R0033;R0036;R0039;R0044;R0052;R0054,6
861,6,exact,False,False,R0033;R0036;R0039;R0044;R0051,5
862,31,exact,False,False,R0025,1
863,19,exact,False,False,R0024;R0027;R0049;R0057,4
864,23,exact,False,False,R0031,1
865,48,exact,False,False,R0044;R0052;R0054,3
866,48,fallback,False,False,,0
867,6,exact,False,False,R0033;R0036,2
868,6,exact,False,False,R0033;R0036,2
869,-1,exact,True,True,R0041;R0042;R0043;R0045;R0050;R0055,6
870,27,exact,False,False,R0028;R0034;R0044;R0052;R0054,5
871,40,exact,False,False,R0035;R0041;R0042;R0043;R0045;R0048;R0050;R0051,8
872,6,exact,False,False,R0033;R0036;R0039;R0044;R0052;R0054,6
873,47,exact,False,False,R0045;R0048;R0051;R0055,4
874,18,exact,False,False,R0020;R0021,2
875,10,exact,False,False,R0022,1
876,12,exact,False,False,R0005;R0008;R0013;R0050,4
877,21,exact,False,False,R0051,1
878,6,exact,False,False,R0033;R0036;R0039;R0044;R0051;R0052;R0054,7
879,-1,exact,True,True,R0041;R0042;R0043;R0045;R0048;R0050;R0051;R0053;R0055;R0056,10
880,-1,exact,True,True,R0041;R0042;R0043;R0048;R0050;R0051;R0053;R0054;R0055;R0056,10
881,49,exact,False,False,R0026;R0029;R0031;R0040;R0046,5
882,1,exact,False,False,R0032;R0055,2
883,0,fallback,False,False,,0
884,37,exact,False,False,R0002;R0011;R0033;R0036;R0039;R0044;R0051,7
885,-1,fallback,True,False,,0
886,6,exact,False,False,R0033;R0036;R0039;R0044;R0052;R0054,6
887,-1,exact,True,True,R0051;R0052;R0054,3
888,22,exact,False,False,R0007;R0034;R0039;R0044;R0051;R0052;R0054,7
889,30,exact,False,False,R0001;R0034;R0039;R0044;R0052;R0054,6
890,-1,exact,True,True,R0051;R0052;R0054,3
891,25,exact,False,False,R0030;R0045;R0055;R0056;R0057,5
892,48,exact,False,False,R0044;R0054,2
893,6,exact,False,False,R0033;R0036;R0039;R0044,4
894,10,fallback,False,False,,0
895,19,exact,False,False,R0024;R0027;R0052,3
896,9,exact,False,False,R0050;R0056,2
897,-1,exact,True,True,R0044;R0045;R0049;R0051;R0053;R0057,6
898,-1,fallback,True,False,,0
899,-1,exact,True,True,R0051;R0052;R0054,3
900,6,exact,False,False,R0033;R0036,2
901,36,exact,False,False,R0034;R0039;R0044;R0051;R0052;R0054,6
902,45,exact,False,False,R0041;R0044;R0048;R0051,4
903,48,exact,False,False,R0044;R0051;R0054,3
904,1,exact,False,False,R0032;R0055;R0056,3
905,-1,exact,True,True,R0048;R0053;R0054,3
906,-1,exact,True,True,R0041;R0042;R0043;R0048;R0050;R0051;R0053;R0054;R0055;R0056,11
907,47,exact,False,False,R0045;R0055,2
908,6,exact,False,False,R0033;R0036;R0039;R0044;R0051;R0052;R0054,7
909,6,exact,False,False,R0033;R0039;R0044;R0051;R0052;R0054,6
910,0,fallback,False,False,,0
911,-1,fallback,True,False,,0
912,25,exact,False,False,R0030;R0053;R0056,3
913,6,exact,False,False,R0033;R0036;R0039;R0044;R0052;R0054,6
914,12,exact,False,False,R0005;R0008;R0035;R0051,4
915,49,exact,False,False,R0026;R0029;R0031;R0040;R0046;R0057,6
916,19,exact,False,False,R0024;R0027;R0037,3
917,49,exact,False,False,R0026;R0029;R0031;R0040;R0046,5
918,25,exact,False,False,R0030;R0056,2
919,37,exact,False,False,R0002;R0033;R0044,3
920,30,exact,False,False,R0001;R0044;R0052;R0054,4
921,-1,exact,True,True,R0042;R0043;R0050;R0055;R0056,5
922,27,exact,False,False,R0028,1
923,25,exact,False,False,R0030;R0048;R0051;R0052;R0053;R0054;R0055;R0056,8
924,39,exact,False,False,R0039;R0044;R0051;R0052;R0054,5
925,6,exact,False,False,R0033;R0036;R0039;R0044;R0051;R0054,6
926,-1,exact,True,True,R0051;R0054,2
927,49,exact,False,False,R0026;R0029;R0031;R0040;R0046;R0057,6
928,30,exact,False,False,R0001;R0052;R0054,3
929,-1,exact,True,True,R0051;R0054,2
930,25,exact,False,False,R0030;R0045;R0055;R0056;R0057,5
931,-1,exact,True,True,R0050;R0053;R0056,3
932,25,exact,False,False,R0030;R0044;R0048;R0049;R0051;R0052;R0053;R0054;R0055;R0056,10
933,45,exact,False,False,R0041;R0048;R0051,3
934,6,exact,False,False,R0033;R0036;R0039;R0044;R0052;R0054,6
935,40,exact,False,False,R0035;R0041;R0042;R0043;R0045;R0048;R0050;R0051,8
936,48,exact,False,False,R0044,1
937,-1,exact,True,True,R0051;R0052;R0054,3
938,47,exact,False,False,R0045;R0055,2
939,48,exact,False,False,R0044;R0048;R0054,3
940,49,exact,False,False,R0026;R0029;R0031;R0040;R0046;R0057,6
941,10,exact,False,False,R0022;R0044;R0048;R0051,4
942,48,exact,False,False,R0044;R0054,2
943,6,exact,False,False,R0033;R0036,2
944,-1,fallback,True,False,,0
945,37,exact,False,False,R0002;R0005;R0008;R0035;R0041;R0042;R0043;R0048;R0050;R0051,10
946,32,fallback,False,False,,0
947,18,exact,False,False,R0020;R0021,2
948,-1,exact,True,True,R0041;R0042;R0043;R0044;R0048;R0049;R0050;R0051;R0053;R0054,11
949,49,exact,False,False,R0026;R0029;R0031;R0040;R0046,5
950,0,fallback,False,False,,0
951,21,exact,False,False,R0051,1
952,49,exact,False,False,R0026;R0029;R0031;R0040;R0046,5
953,31,exact,False,False,R0025;R0035;R0041;R0042;R0043;R0048;R0050;R0051;R0053;R0054,10
954,1,exact,False,False,R0032;R0042;R0043;R0050,4
955,6,exact,False,False,R0033;R0036,2
956,49,exact,False,False,R0026;R0029;R0031;R0040;R0046,5
957,-1,exact,True,True,R0051;R0054,2
958,40,exact,False,False,R0035;R0041;R0042;R0043;R0048;R0050;R0051,7
959,48,exact,False,False,R0044;R0051;R0054,3
960,-1,exact,True,True,R0048;R0051;R0053;R0054,4
961,39,exact,False,False,R0039;R0044;R0051,3
962,-1,exact,True,True,R0052;R0054,2
963,1,exact,False,False,R0032,1
964,44,exact,False,False,R0019;R0025;R0032;R0042;R0043;R0050,6
965,-1,fallback,True,False,,0
966,29,exact,False,False,R0037;R0052;R0054,3
967,9,exact,False,False,R0050,1
968,48,exact,False,False,R0044;R0051;R0054,3
969,6,exact,False,False,R0033;R0036;R0039;R0044;R0052;R0054,6
970,39,exact,False,False,R0039;R0044;R0051;R0052;R0054,5
971,26,exact,False,False,R0009;R0030;R0045;R0049;R0053;R0055;R0056;R0057,8
972,46,exact,False,False,R0047;R0057,2
973,11,fallback,False,False,,0
974,48,exact,False,False,R0044,1
975,25,exact,False,False,R0030;R0037;R0045;R0055;R0056,5
976,48,exact,False,False,R0044;R0052;R0054,3
977,9,exact,False,False,R0050,1
978,4,exact,False,False,R0018;R0044;R0048;R0054,4
979,39,exact,False,False,R0039;R0044;R0051;R0054,4
980,12,exact,False,False,R0005;R0035;R0041;R0048;R0051,5
981,11,exact,False,False,R0057,1
982,-1,exact,True,True,R0044;R0045;R0048;R0051;R0055,5
983,-1,exact,True,True,R0048;R0050;R0054,3
984,-1,exact,True,True,R0048;R0050;R0053;R0056,4
985,36,exact,False,False,R0034;R0051;R0052;R0054,4
986,30,exact,False,False,R0001,1
987,6,exact,False,False,R0033;R0039;R0044,3
988,26,exact,False,False,R0009;R0044;R0045;R0051;R0055,5
989,4,exact,False,False,R0018;R0044;R0048;R0049;R0050;R0053;R0054,7
990,48,exact,False,False,R0044,1
991,38,exact,False,False,R0017;R0044;R0048;R0051;R0052;R0054,6
992,18,exact,False,False,R0020;R0044,2
993,37,exact,False,False,R0002;R0033;R0036;R0039;R0044;R0051,6
994,38,exact,False,False,R0017;R0048;R0051;R0052;R0054,5
995,26,exact,False,False,R0009;R0045;R0049;R0055;R0057,5
996,-1,exact,True,True,R0052;R0054,2
997,6,exact,False,False,R0033;R0036;R0039;R0044;R0051;R0054,6
998,13,exact,False,False,R0021,1
999,21,exact,False,False,R0051,1
1000,47,exact,False,False,R0045;R0055;R0056;R0057,4
1001,39,exact,False,False,R0039;R0051;R0052;R0054,4
1002,48,exact,False,False,R0044;R0054,2
1003,19,exact,False,False,R0024;R0027;R0038;R0044;R0051;R0052;R0054,7
1004,18,exact,False,False,R0020;R0044,2
1005,22,fallback,False,False,,0
1006,29,exact,False,False,R0037;R0056,2
1007,40,exact,False,False,R0035;R0048;R0051;R0054,4
1008,25,exact,False,False,R0030;R0055;R0056,3
1009,19,exact,False,False,R0024;R0027;R0038;R0045;R0051,5
1010,49,exact,False,False,R0026;R0029;R0031;R0040;R0046,5
1011,34,fallback,False,False,,0
1012,37,exact,False,False,R0002;R0033;R0036,3
1013,-1,exact,True,True,R0048;R0051;R0054,3
1014,12,exact,False,False,R0005;R0035;R0041;R0042;R0043;R0048;R0050;R0051,8
1015,19,exact,False,False,R0024;R0027;R0038;R0051;R0052;R0054,6
1016,40,exact,False,False,R0035;R0041;R0042;R0043;R0045;R0048;R0050;R0051,8
1017,49,exact,False,False,R0026;R0029;R0031;R0040;R0046;R0057,6
1018,-1,exact,True,True,R0048;R0050;R0053;R0054,4
1019,6,exact,False,False,R0033;R0036;R0039;R0044;R0051;R0054,6
1020,49,exact,False,False,R0026;R0029;R0031;R0040;R0046;R0057,6
1021,10,exact,False,False,R0022;R0055;R0056;R0057,4
1022,18,exact,False,False,R0020,1
1023,48,exact,False,False,R0044;R0052;R0054,3
1024,-1,exact,True,True,R0041;R0042;R0043;R0045;R0048;R0050;R0051;R0053;R0057,9
1025,36,exact,False,False,R0034;R0039;R0044;R0054,4
1026,41,exact,False,False,R0052,1
1027,25,exact,False,False,R0030;R0044;R0045;R0048;R0049;R0051;R0053;R0055;R0056;R0057,10
1028,14,exact,False,False,R0012;R0035;R0041;R0042;R0043;R0045;R0048;R0050;R0051,9
1029,39,exact,False,False,R0039;R0051,2
1030,49,exact,False,False,R0026;R0029;R0040;R0046,4
1031,18,exact,False,False,R0020;R0034,2
1032,47,exact,False,False,R0045;R0053,2
1033,23,exact,False,False,R0031,1
1034,48,exact,False,False,R0044;R0051,2
1035,6,exact,False,False,R0033;R0036;R0039;R0044;R0051;R0054,6
1036,18,exact,False,False,R0020;R0052,2
1037,1,exact,False,False,R0032;R0055;R0057,3
1038,36,exact,False,False,R0034,1
1039,6,exact,False,False,R0033;R0036;R0039;R0044;R0051,5
1040,47,exact,False,False,R0045;R0057,2
1041,9,exact,False,False,R0050,1
1042,6,exact,False,False,R0033;R0036;R0039;R0044;R0051,5
1043,-1,exact,True,True,R0048;R0050;R0054,3
1044,23,fallback,False,False,,0
1045,-1,exact,True,True,R0044;R0045;R0051;R0053;R0057,5
1046,26,exact,False,False,R0009;R0032;R0044;R0051;R0054,5
1047,4,exact,False,False,R0018;R0044;R0048;R0050;R0053;R0054;R0056,7
1048,-1,exact,True,True,R0048;R0050;R0053;R0054;R0057,5
1049,6,exact,False,False,R0033;R0036;R0039;R0044;R0051,5
1050,37,exact,False,False,R0002;R0033;R0036;R0039;R0044,5
1051,3,exact,False,False,R0056,1
1052,30,exact,False,False,R0001;R0044;R0051;R0052;R0054,5
1053,6,exact,False,False,R0033;R0036;R0039;R0044;R0052;R0054,6
1054,38,exact,False,False,R0017;R0052,2
1055,36,exact,False,False,R0034;R0039;R0044;R0052;R0054,5
1056,15,fallback,False,False,,0
1057,40,exact,False,False,R0035;R0041;R0042;R0043;R0045;R0048;R0050;R0051,8
1058,48,exact,False,False,R0044;R0051,2
1059,26,exact,False,False,R0009;R0030;R0045;R0049;R0053;R0055;R0056;R0057,8
1060,25,exact,False,False,R0030;R0044;R0049;R0051;R0053,5
1061,0,exact,False,False,R0036;R0039;R0051;R0052;R0054,5
1062,44,exact,False,False,R0019;R0032;R0042;R0043;R0050;R0055;R0056,7
1063,25,exact,False,False,R0030;R0055;R0056,3
1064,48,exact,False,False,R0044;R0052;R0054,3
1065,-1,exact,True,True,R0048;R0051;R0053,3
1066,21,exact,False,False,R0051,1
1067,18,exact,False,False,R0020,1
1068,6,fallback,False,False,,0
1069,6,exact,False,False,R0033;R0036;R0039;R0044;R0054,5
1070,-1,exact,True,True,R0055;R0056,2
1071,40,exact,False,False,R0035;R0041;R0042;R0043;R0050,5
1072,39,exact,False,False,R0039;R0044;R0051;R0052;R0054,5
1073,1,exact,False,False,R0032;R0055,2
1074,7,fallback,False,False,,0
1075,48,exact,False,False,R0044;R0048;R0051,3
1076,23,exact,False,False,R0031,1
1077,39,exact,False,False,R0039;R0051,2
1078,41,fallback,False,False,,0
1079,1,exact,False,False,R0032;R0042;R0043;R0050,4
1080,26,exact,False,False,R0006;R0009;R0030;R0045;R0055;R0056,6
1081,48,exact,False,False,R0044;R0052;R0054,3
1082,41,exact,False,False,R0052,1
1083,-1,exact,True,True,R0041;R0042,2
1084,6,exact,False,False,R0033;R0036;R0039;R0044,4
1085,37,exact,False,False,R0002;R0033;R0036;R0039;R0044,5
1086,22,exact,False,False,R0007;R0034;R0039;R0044;R0051;R0052;R0054,7
1087,6,exact,False,False,R0033;R0036;R0039;R0044;R0054,5
1088,36,exact,False,False,R0034;R0039;R0052;R0054,4
1089,46,exact,False,False,R0047;R0057,2
1090,35,exact,False,False,R0023;R0056,2
1091,36,exact,False,False,R0034;R0039;R0044;R0051;R0054,5
1092,6,exact,False,False,R0033;R0036;R0039;R0044;R0054,5
1093,27,exact,False,False,R0028;R0034;R0039;R0044;R0052;R0054,6
1094,40,exact,False,False,R0035;R0045;R0051,3
1095,6,exact,False,False,R0033;R0036,2
1096,11,fallback,False,False,,0
1097,29,fallback,False,False,,0
1098,41,exact,False,False,R0052,1
1099,21,fallback,False,False,,0
1100,-1,exact,True,True,R0052;R0054,2
1101,47,exact,False,False,R0045;R0055,2
1102,25,exact,False,False,R0030;R0055;R0056;R0057,4
1103,41,exact,False,False,R0052,1
1104,18,exact,False,False,R0020;R0044,2
1105,26,exact,False,False,R0009;R0044;R0049;R0051,4
1106,18,exact,False,False,R0020;R0034,2
1107,35,exact,False,False,R0023;R0030;R0037;R0045;R0047;R0055;R0056,7
1108,40,exact,False,False,R0035;R0041;R0042;R0043;R0048;R0050;R0051;R0054,8
1109,44,exact,False,False,R0019;R0032;R0042;R0043;R0050,5
1110,27,exact,False,False,R0028;R0034;R0044;R0052;R0054,5
1111,23,exact,False,False,R0031;R0056,2
1112,25,exact,False,False,R0030;R0045;R0055;R0056,4
1113,48,exact,False,False,R0044;R0048;R0051,3
1114,46,exact,False,False,R0047;R0057,2
1115,37,exact,False,False,R0002;R0011;R0033;R0036;R0039;R0044;R0051,7
1116,19,fallback,False,False,,0
1117,25,exact,False,False,R0030;R0045;R0048;R0051;R0053;R0055;R0056,7
1118,-1,exact,True,True,R0028;R0033;R0036,3
1119,-1,exact,True,True,R0049;R0057,2
1120,18,exact,False,False,R0020;R0044,2
1121,42,exact,False,False,R0004;R0012;R0014;R0035;R0041;R0042;R0043;R0048;R0050;R0051,11
1122,-1,exact,True,True,R0041;R0042;R0043;R0048;R0050;R0051;R0054,7
1123,47,exact,False,False,R0045;R0048;R0051,3
1124,37,exact,False,False,R0011;R0033;R0036;R0039;R0044;R0051;R0054,7
1125,6,exact,False,False,R0033;R0036;R0039;R0044;R0052;R0054,6
1126,25,exact,False,False,R0030;R0044;R0048;R0049;R0051;R0052;R0053;R0054,8
1127,49,exact,False,False,R0026;R0029;R0031;R0040;R0046;R0057,6
1128,42,exact,False,False,R0014;R0035;R0041;R0042;R0043;R0045;R0048;R0050;R0051,9
1129,19,exact,False,False,R0024;R0027;R0038;R0044;R0051;R0052;R0054,7
1130,49,exact,False,False,R0026;R0029;R0031;R0040;R0046;R0057,6
1131,41,exact,False,False,R0052,1
1132,49,exact,False,False,R0026;R0029;R0031;R0040;R0046;R0057,6
1133,-1,exact,True,True,R0041;R0042;R0043;R0045;R0048;R0050;R0051;R0053;R0055;R0056,10
1134,35,exact,False,False,R0023;R0056,2
1135,48,exact,False,False,R0044;R0051;R0054,3
1136,6,exact,False,False,R0033;R0036;R0039;R0044;R0051;R0054,6
1137,-1,exact,True,True,R0051;R0054,2
1138,26,exact,False,False,R0009;R0032;R0044;R0049;R0051;R0052;R0054;R0055,8
1139,-1,exact,True,True,R0041;R0042;R0043;R0048;R0050;R0051;R0053;R0054;R0055;R0056,10
1140,-1,exact,True,True,R0053;R0055;R0056,3
1141,6,exact,False,False,R0033;R0036;R0039,3
1142,6,exact,False,False,R0033;R0044;R0052;R0054,4
1143,19,exact,False,False,R0024;R0027,2
1144,48,exact,False,False,R0044;R0048;R0051;R0054,4
1145,-1,exact,True,True,R0051;R0052;R0054,3
1146,14,exact,False,False,R0004;R0012;R0035;R0041;R0043;R0048;R0051;R0054,8
1147,29,exact,False,False,R0037,1
1148,36,exact,False,False,R0034;R0039;R0044;R0052;R0054,5
1149,42,exact,False,False,R0014;R0048;R0050,3
1150,27,exact,False,False,R0028;R0044,2
1151,19,exact,False,False,R0024;R0027;R0038;R0051;R0052;R0054;R0055,7
1152,26,exact,False,False,R0009;R0032;R0044;R0049;R0051;R0054;R0055,7
1153,19,exact,False,False,R0024;R0027;R0044;R0054,4
1154,48,exact,False,False,R0044;R0054,2
1155,49,exact,False,False,R0026;R0029;R0031;R0040;R0046,5
1156,6,exact,False,False,R0033;R0036;R0052,3
1157,40,exact,False,False,R0035;R0041;R0042;R0048;R0051,5
1158,27,fallback,False,False,,0
1159,19,exact,False,False,R0024;R0027;R0057,3
1160,27,exact,False,False,R0028,1
1161,31,exact,False,False,R0025;R0043,2
1162,49,exact,False,False,R0026;R0029;R0031;R0040;R0046;R0057,6
1163,38,exact,False,False,R0017;R0048;R0051,3
1164,36,exact,False,False,R0034;R0039;R0044;R0054,4
1165,14,exact,False,False,R0012;R0050,2
1166,48,exact,False,False,R0044;R0048;R0051;R0052;R0053;R0054,6
1167,36,exact,False,False,R0034;R0039;R0044;R0054,4
1168,42,exact,False,False,R0014;R0035;R0041;R0042;R0043;R0048;R0050;R0051,8
1169,6,exact,False,False,R0033;R0036;R0052,3
1170,31,exact,False,False,R0025;R0035;R0041;R0042;R0043;R0048;R0050;R0051;R0053;R0054,10
1171,1,exact,False,False,R0032;R0048;R0051;R0053;R0054,5
1172,47,exact,False,False,R0045;R0055;R0056;R0057,4
1173,39,exact,False,False,R0039;R0044;R0052;R0054,4
1174,38,exact,False,False,R0017;R0048;R0051;R0052;R0054,5
1175,6,exact,False,False,R0033;R0036;R0044;R0054,4
1176,44,exact,False,False,R0019;R0050,2
1177,47,exact,False,False,R0045;R0057,2
1178,25,exact,False,False,R0030;R0045;R0055;R0056,4
1179,41,exact,False,False,R0052,1
1180,30,exact,False,False,R0001,1
1181,2,fallback,False,False,,0
1182,1,exact,False,False,R0032;R0048;R0051;R0052;R0054,5
1183,49,exact,False,False,R0026;R0029;R0031;R0040;R0046;R0057,6
1184,36,exact,False,False,R0034,1
1185,19,exact,False,False,R0024;R0027;R0038,3
1186,2,fallback,False,False,,0
1187,48,exact,False,False,R0044;R0049;R0051;R0052;R0053;R0054,6
1188,6,exact,False,False,R0033;R0036;R0039;R0044;R0051;R0054,6
1189,-1,exact,True,True,R0030;R0032;R0044;R0048;R0049;R0051;R0052;R0053;R0054;R0055,12
1190,0,fallback,False,False,,0
1191,27,fallback,False,False,,0
1192,11,fallback,False,False,,0
1193,47,exact,False,False,R0045;R0055,2
1194,36,exact,False,False,R0034;R0039;R0044;R0052;R0054,5
1195,49,exact,False,False,R0026;R0029;R0031;R0040;R0046,5
1196,37,exact,False,False,R0002;R0033;R0036;R0039;R0044,5
1197,13,exact,False,False,R0021,1
1198,42,exact,False,False,R0004;R0014;R0048;R0050;R0054,5
1199,48,exact,False,False,R0044;R0048;R0050;R0053;R0054;R0056;R0057,7
1200,49,exact,False,False,R0026;R0029;R0031;R0040;R0046,5
1201,30,exact,False,False,R0001;R0044;R0052;R0054,4
1202,22,exact,False,False,R0007;R0034,2
1203,36,exact,False,False,R0034;R0039;R0044;R0052;R0054,5
1204,27,exact,False,False,R0028,1
1205,35,exact,False,False,R0023;R0056,2
1206,0,fallback,False,False,,0
1207,42,exact,False,False,R0004;R0032;R0035;R0041;R0042;R0043;R0050,7
1208,27,exact,False,False,R0028,1
1209,31,exact,False,False,R0025;R0032;R0042;R0043;R0050,5
1210,48,fallback,False,False,,0
1211,36,exact,False,False,R0034,1
1212,0,fallback,False,False,,0
1213,44,exact,False,False,R0019;R0037;R0047,3
1214,19,exact,False,False,R0024;R0027;R0038;R0044;R0051;R0052;R0054,7
1215,26,exact,False,False,R0009;R0032;R0044;R0049;R0051;R0052;R0054;R0055;R0057,9
1216,-1,exact,True,True,R0006;R0030;R0044;R0049;R0051;R0052;R0053;R0054;R0055;R0056,10
1217,4,fallback,False,False,,0
1218,25,exact,False,False,R0030;R0055;R0056,3
1219,-1,exact,True,True,R0051;R0054,2
1220,40,exact,False,False,R0035,1
1221,38,exact,False,False,R0017;R0044;R0048;R0051,4
1222,-1,exact,True,True,R0055;R0056,2
1223,23,exact,False,False,R0031,1
1224,6,exact,False,False,R0033;R0036;R0039;R0044;R0054,5
1225,13,fallback,False,False,,0
1226,48,exact,False,False,R0044,1
1227,-1,exact,True,True,R0042;R0043;R0045;R0050;R0053,5
1228,27,exact,False,False,R0028;R0039;R0044,3
1229,-1,exact,True,True,R0042;R0043;R0045;R0050,4
1230,-1,exact,True,True,R0041;R0042;R0043;R0044;R0045;R0048;R0050;R0051;R0053;R0055,12
1231,31,exact,False,False,R0025;R0041;R0042;R0043;R0045;R0048;R0050;R0051;R0053;R0055,11
1232,23,exact,False,False,R0031;R0057,2
1233,34,fallback,False,False,,0
1234,49,exact,False,False,R0026;R0029;R0031;R0040;R0046,5
1235,1,exact,False,False,R0032;R0041;R0042;R0043;R0048;R0050;R0051;R0053;R0054,9
1236,31,exact,False,False,R0025;R0041;R0042;R0043;R0048;R0050;R0051;R0053;R0054;R0055,11
1237,37,exact,False,False,R0002;R0011;R0033;R0036;R0039;R0044;R0051,7
1238,15,exact,False,False,R0054,1
1239,1,exact,False,False,R0032;R0055;R0056,3
1240,36,exact,False,False,R0034;R0052,2
1241,40,exact,False,False,R0035;R0041;R0042;R0043;R0050,5
1242,-1,exact,True,True,R0041;R0042;R0043;R0048;R0050;R0051;R0053;R0054;R0055;R0056,10
1243,35,fallback,False,False,,0
1244,6,exact,False,False,R0033;R0036;R0039;R0044;R0051;R0052;R0054,7
1245,6,exact,False,False,R0033;R0036;R0039;R0044;R0052;R0054,6
1246,-1,exact,True,True,R0041;R0042;R0048;R0051;R0054,5
1247,38,exact,False,False,R0017;R0044;R0048;R0049;R0051;R0052;R0054,7
1248,6,exact,False,False,R0033;R0036;R0039;R0044;R0051;R0052;R0054,7
1249,-1,exact,True,True,R0051;R0054,2
1250,44,exact,False,False,R0019;R0047;R0050;R0056;R0057,5
1251,39,exact,False,False,R0039;R0044;R0051;R0052;R0054,5
1252,19,exact,False,False,R0024;R0027;R0038;R0045,4
1253,-1,exact,True,True,R0048;R0054,2
1254,26,exact,False,False,R0009;R0030;R0055;R0056;R0057,5
1255,6,exact,False,False,R0033;R0036;R0039;R0044,4
1256,48,exact,False,False,R0044;R0051;R0052;R0054,4
1257,48,exact,False,False,R0044,1
1258,-1,exact,True,True,R0051;R0054,2
1259,38,exact,False,False,R0017;R0044;R0048;R0051,4
1260,48,exact,False,False,R0044;R0051;R0052;R0054,4
1261,48,exact,False,False,R0044;R0048;R0051;R0053,4
1262,47,exact,False,False,R0045;R0051;R0055,3
1263,6,exact,False,False,R0033;R0036;R0039;R0044;R0052;R0054,6
1264,35,exact,False,False,R0023;R0047;R0056;R0057,4
1265,12,exact,False,False,R0005;R0008;R0035;R0041;R0042;R0043;R0048;R0050;R0051,9
1266,9,exact,False,False,R0050,1
1267,35,exact,False,False,R0023;R0050;R0056,3
1268,22,fallback,False,False,,0
1269,36,exact,False,False,R0034,1
1270,18,exact,False,False,R0020,1
1271,47,exact,False,False,R0045;R0051;R0053;R0055;R0056,5
1272,6,exact,False,False,R0033;R0036;R0044;R0052;R0054,5
1273,48,exact,False,False,R0044;R0049;R0051;R0053,4
1274,49,exact,False,False,R0026;R0029;R0031;R0040;R0046;R0057,6
1275,27,fallback,False,False,,0
1276,47,exact,False,False,R0045;R0055,2
1277,-1,exact,True,True,R0051;R0053;R0054;R0055;R0056,5
1278,48,exact,False,False,R0044;R0051,2
1279,6,exact,False,False,R0033;R0036;R0039;R0044;R0051;R0054,6
1280,47,exact,False,False,R0045;R0048;R0051;R0055,4
1281,49,exact,False,False,R0026;R0029;R0040;R0046,4
1282,0,exact,False,False,R0036;R0039;R0051,3
1283,49,exact,False,False,R0026;R0029;R0031;R0040;R0046,5
1284,1,exact,False,False,R0032;R0048;R0051;R0052;R0054,5
1285,12,exact,False,False,R0005;R0016;R0035;R0041;R0042;R0043;R0048;R0050;R0051,9
1286,48,exact,False,False,R0044;R0048;R0049;R0053;R0054;R0057,6
1287,48,exact,False,False,R0044,1
1288,-1,exact,True,True,R0041;R0042;R0043;R0048;R0050;R0051;R0054;R0055,8
1289,19,exact,False,False,R0024;R0027;R0038;R0051,4
1290,-1,exact,True,True,R0051;R0054,2
1291,-1,exact,True,True,R0048;R0051;R0054;R0055,4
1292,19,exact,False,False,R0024;R0027;R0038;R0045,4
1293,9,exact,False,False,R0050,1
1294,19,exact,False,False,R0024;R0027;R0038;R0051;R0052;R0054;R0055,7
1295,14,exact,False,False,R0012;R0035;R0041;R0042;R0043;R0048;R0050;R0051;R0054,9
1296,-1,exact,True,True,R0041;R0042;R0048;R0051;R0054,5
1297,48,exact,False,False,R0044;R0048;R0051;R0053;R0054,5
1298,1,exact,False,False,R0032;R0042;R0043;R0050;R0055;R0056,6
1299,41,exact,False,False,R0052,1
1300,48,exact,False,False,R0044;R0048;R0051;R0054,4
1301,0,exact,False,False,R0036;R0039;R0051;R0052;R0054,5
1302,6,exact,False,False,R0033;R0039;R0044;R0051,4
1303,49,exact,False,False,R0026;R0029;R0031;R0040;R0046;R0057,6
1304,6,exact,False,False,R0033;R0036;R0039;R0044;R0054,5
1305,21,exact,False,False,R0051,1
1306,30,exact,False,False,R0001;R0044;R0054,3
1307,49,exact,False,False,R0026;R0029;R0031;R0040;R0046,5
1308,48,exact,False,False,R0044;R0049;R0051;R0053,4
1309,30,exact,False,False,R0001;R0039;R0051,3
1310,11,fallback,False,False,,0
1311,0,fallback,False,False,,0
1312,25,exact,False,False,R0030;R0045;R0051;R0053;R0055;R0056,6
1313,9,exact,False,False,R0050,1
1314,40,exact,False,False,R0035;R0041;R0042;R0043;R0045;R0048;R0050;R0051,8
1315,48,exact,False,False,R0044;R0048;R0051;R0054,4
1316,19,exact,False,False,R0024;R0027;R0038;R0044;R0051;R0054,6
1317,36,exact,False,False,R0034;R0039;R0044;R0052;R0054,5
1318,1,exact,False,False,R0032;R0042;R0043;R0050,4
1319,39,exact,False,False,R0039;R0044;R0051;R0054,4
1320,-1,fallback,True,False,,0
1321,6,exact,False,False,R0033;R0036;R0039;R0044;R0051;R0054,6
1322,47,exact,False,False,R0045;R0048;R0051;R0053;R0055;R0056,6
1323,33,fallback,False,False,,0
1324,-1,exact,True,True,R0048;R0051;R0052;R0054,4
1325,9,fallback,False,False,,0
1326,29,exact,False,False,R0037,1
1327,6,exact,False,False,R0033;R0036;R0039;R0044;R0052;R0054,6
1328,3,exact,False,False,R0056,1
1329,13,fallback,False,False,,0
1330,46,exact,False,False,R0047;R0057,2
1331,2,fallback,False,False,,0
1332,40,exact,False,False,R0035;R0041;R0042;R0043;R0045;R0048;R0050;R0051,8
1333,18,exact,False,False,R0020;R0047;R0057,3
1334,49,exact,False,False,R0026;R0029;R0031;R0040;R0046;R0057,6
1335,9,exact,False,False,R0050,1
1336,-1,fallback,True,False,,0
1337,7,fallback,False,False,,0
1338,19,exact,False,False,R0024;R0027;R0038;R0052;R0057,5
1339,-1,exact,True,True,R0051;R0055,2
1340,48,exact,False,False,R0044,1
1341,23,exact,False,False,R0031,1
1342,36,exact,False,False,R0034,1
1343,37,exact,False,False,R0002;R0011;R0033;R0036;R0039;R0044;R0051,7
1344,1,fallback,False,False,,0
1345,1,exact,False,False,R0032;R0042;R0043;R0050;R0053;R0055;R0056,7
1346,49,exact,False,False,R0026;R0029;R0040;R0046,4
1347,-1,exact,True,True,R0048;R0050,2
1348,-1,exact,True,True,R0041;R0042;R0043;R0048;R0050;R0051;R0053;R0054,8
1349,-1,exact,True,True,R0048;R0050;R0053;R0054;R0056,5
1350,-1,exact,True,True,R0041;R0042;R0043;R0048;R0050;R0051;R0053;R0054;R0055;R0056,10
1351,13,fallback,False,False,,0
1352,-1,exact,True,True,R0044;R0045;R0049;R0051;R0055;R0057,6
1353,-1,exact,True,True,R0042;R0043;R0045;R0050;R0055;R0056,6
1354,19,exact,False,False,R0024;R0027;R0038;R0051;R0052;R0054,6
1355,-1,exact,True,True,R0051;R0054,2
1356,-1,exact,True,True,R0042;R0043;R0045;R0050,4
1357,39,exact,False,False,R0039;R0044;R0051,3
1358,9,exact,False,False,R0050;R0056,2
1359,35,exact,False,False,R0023;R0045;R0047;R0055;R0056;R0057,6
1360,36,exact,False,False,R0034;R0039;R0044;R0052;R0054,5
1361,25,exact,False,False,R0030;R0044;R0048;R0049;R0051;R0053;R0054;R0055;R0056;R0057,10
1362,48,exact,False,False,R0044;R0051;R0052;R0054,4
1363,36,exact,False,False,R0034;R0039;R0044;R0051;R0052;R0054,6
1364,-1,exact,True,True,R0041;R0042;R0043;R0044;R0048;R0050;R0051;R0053;R0054;R0057,10
1365,36,exact,False,False,R0034;R0052;R0054,3
1366,36,exact,False,False,R0034;R0044;R0051;R0052;R0054,5
1367,48,exact,False,False,R0044,1
1368,38,exact,False,False,R0017,1
1369,48,exact,False,False,R0044;R0054,2
1370,49,exact,False,False,R0026;R0029;R0031;R0040;R0046;R0057,6
1371,6,exact,False,False,R0033;R0036;R0039;R0044;R0051;R0052;R0054,7
1372,19,exact,False,False,R0024;R0027;R0038;R0052,4
1373,-1,exact,True,True,R0048;R0051,2
1374,40,exact,False,False,R0035;R0041;R0042;R0043;R0045;R0048;R0050;R0051,8
1375,30,fallback,False,False,,0
1376,0,exact,False,False,R0036,1
1377,26,exact,False,False,R0009;R0024;R0027;R0038;R0044;R0049;R0051;R0052;R0054;R0055,11
1378,23,exact,False,False,R0031,1
1379,37,exact,False,False,R0002;R0033;R0036;R0039;R0044;R0051,6
1380,29,exact,False,False,R0037;R0047;R0055;R0056,4
1381,2,fallback,False,False,,0
1382,31,exact,False,False,R0025;R0051;R0053;R0054;R0055;R0056,6
1383,42,exact,False,False,R0014;R0035;R0041;R0042;R0043;R0045;R0048;R0050;R0051,9
1384,48,exact,False,False,R0044;R0048;R0051;R0053;R0054,5
1385,-1,exact,True,True,R0048;R0050;R0054,3
1386,8,fallback,False,False,,0
1387,37,exact,False,False,R0002;R0033;R0036;R0039;R0044,5
1388,23,exact,False,False,R0031;R0057,2
1389,37,exact,False,False,R0002;R0039;R0044;R0051,4
1390,48,exact,False,False,R0044;R0048;R0051,3
1391,49,exact,False,False,R0026;R0029;R0031;R0040;R0046,5
1392,38,exact,False,False,R0017;R0024;R0027;R0038;R0045;R0048;R0051;R0055,8
1393,6,exact,False,False,R0033;R0036,2
1394,48,exact,False,False,R0044;R0048;R0051;R0053;R0054,5
1395,40,exact,False,False,R0035;R0041;R0042;R0043;R0045;R0048;R0050;R0051,8
1396,1,exact,False,False,R0032;R0042;R0043;R0050,4
1397,-1,exact,True,True,R0041;R0042;R0043;R0045;R0048;R0050;R0051;R0053;R0055;R0056,11
1398,28,exact,False,False,R0003;R0044;R0048;R0051;R0052;R0053;R0054,7
1399,6,exact,False,False,R0033;R0036;R0039;R0044;R0051;R0054,6
1400,41,exact,False,False,R0052,1
1401,27,exact,False,False,R0028;R0034,2
1402,27,exact,False,False,R0028,1
1403,23,exact,False,False,R0031,1
1404,34,exact,False,False,R0055,1
1405,12,exact,False,False,R0005;R0008;R0035;R0041;R0042;R0043;R0048;R0050;R0051,9
1406,6,exact,False,False,R0033;R0036;R0039;R0044;R0052;R0054,6
1407,27,exact,False,False,R0028,1
1408,-1,exact,True,True,R0052;R0054,2
1409,48,exact,False,False,R0044;R0052;R0054,3
1410,19,exact,False,False,R0024;R0027;R0038;R0044;R0051;R0052;R0054,7
1411,-1,exact,True,True,R0041;R0042;R0043;R0045;R0048;R0050;R0051,7
1412,37,exact,False,False,R0002;R0039;R0051,3
1413,25,exact,False,False,R0030;R0045;R0053;R0055;R0056,5
1414,6,exact,False,False,R0033;R0039;R0044;R0052;R0054,5
1415,6,exact,False,False,R0033;R0036,2
1416,39,exact,False,False,R0039;R0052;R0054,3
1417,21,exact,False,False,R0051,1
1418,38,exact,False,False,R0017;R0042;R0043;R0050,4
1419,6,exact,False,False,R0033;R0036;R0039;R0044;R0052;R0054,6
1420,41,fallback,False,False,,0
1421,6,exact,False,False,R0033;R0036,2
1422,1,exact,False,False,R0032,1
1423,29,exact,False,False,R0037,1
1424,3,fallback,False,False,,0
1425,27,fallback,False,False,,0
1426,25,exact,False,False,R0030;R0048;R0050;R0053;R0054;R0056,6
1427,31,exact,False,False,R0025;R0041;R0042;R0043;R0045;R0048;R0050;R0051;R0053;R0055,11
1428,1,exact,False,False,R0032;R0042;R0043;R0050,4
1429,6,exact,False,False,R0033;R0036;R0039;R0044,4
1430,-1,exact,True,True,R0041;R0042;R0048;R0051,4
1431,49,exact,False,False,R0026;R0029;R0031;R0040;R0046,5
1432,19,exact,False,False,R0024;R0027;R0038;R0044;R0051;R0052;R0054,7
1433,36,exact,False,False,R0034;R0052,2
1434,41,exact,False,False,R0052,1
1435,-1,exact,True,True,R0052;R0054,2
1436,19,exact,False,False,R0024;R0027;R0038;R0051;R0052;R0054;R0055,7
1437,-1,exact,True,True,R0051;R0054,2
1438,27,fallback,False,False,,0
1439,42,exact,False,False,R0004;R0032;R0035;R0041;R0042;R0043;R0048;R0050;R0051;R0054,10
1440,-1,exact,True,True,R0030;R0031;R0056,3
1441,48,exact,False,False,R0044;R0051;R0053;R0054,4
1442,35,exact,False,False,R0023;R0050;R0056,3
1443,6,exact,False,False,R0033;R0036;R0052,3
1444,-1,exact,True,True,R0051;R0052;R0054,3
1445,39,exact,False,False,R0039;R0051,2
1446,18,fallback,False,False,,0
1447,11,exact,False,False,R0057,1
1448,40,exact,False,False,R0035;R0041;R0042;R0043;R0045;R0048;R0050;R0051,8
1449,48,exact,False,False,R0044;R0052;R0054,3
1450,25,exact,False,False,R0030;R0047;R0055;R0056;R0057,5
1451,18,exact,False,False,R0020,1
1452,49,exact,False,False,R0026;R0029;R0031;R0040;R0046;R0057,6
1453,48,exact,False,False,R0044;R0048;R0051;R0052;R0053;R0054,6
1454,49,exact,False,False,R0026;R0029;R0031;R0040;R0046,5
1455,19,exact,False,False,R0024;R0027;R0038;R0045;R0051;R0055,6
1456,44,exact,False,False,R0019;R0032;R0042;R0043;R0050;R0055;R0056,7
1457,49,exact,False,False,R0026;R0029;R0031;R0040;R0046,5
1458,42,exact,False,False,R0014;R0035;R0041;R0042;R0043;R0045;R0048;R0050;R0051,9
1459,48,exact,False,False,R0044;R0051;R0052;R0054,4
1460,-1,exact,True,True,R0041;R0042;R0043;R0045;R0048;R0050;R0051;R0055,8
1461,19,exact,False,False,R0024;R0027;R0038;R0052,4
1462,40,exact,False,False,R0035;R0041;R0042;R0043;R0045;R0048;R0050;R0051,8
1463,31,exact,False,False,R0025;R0045;R0051;R0053;R0055;R0056,6
1464,16,exact,False,False,R0038,1
1465,-1,exact,True,True,R0042;R0043;R0050,3
1466,48,exact,False,False,R0044;R0052;R0054,3
1467,27,exact,False,False,R0028,1
1468,-1,exact,True,True,R0041;R0042;R0043;R0048;R0050;R0051;R0053;R0054,8
1469,6,exact,False,False,R0033;R0036;R0039;R0044;R0054,5
1470,19,exact,False,False,R0024;R0027;R0038;R0051;R0052;R0054,6
1471,-1,fallback,True,False,,0
1472,41,fallback,False,False,,0
1473,48,exact,False,False,R0044;R0051,2
1474,25,exact,False,False,R0030;R0045;R0048;R0051;R0053;R0055;R0056,7
1475,35,fallback,False,False,,0
1476,-1,exact,True,True,R0028;R0033;R0036,3
1477,40,exact,False,False,R0035;R0041;R0042;R0043;R0048;R0050;R0051;R0054,8
1478,37,exact,False,False,R0002;R0011;R0033;R0036;R0044;R0051,6
1479,18,exact,False,False,R0020;R0026;R0029;R0034;R0040;R0046,6
1480,49,exact,False,False,R0026;R0029;R0031;R0040;R0046,5
1481,39,exact,False,False,R0039,1
1482,48,exact,False,False,R0044;R0051;R0052;R0054,4
1483,18,exact,False,False,R0020;R0034;R0039;R0044;R0052;R0054,6
1484,40,exact,False,False,R0035;R0041;R0042;R0048;R0051,5
1485,49,exact,False,False,R0026;R0029;R0031;R0040;R0046,5
1486,-1,exact,True,True,R0030;R0032;R0044;R0048;R0049;R0051;R0052;R0053;R0054;R0055,11
1487,49,exact,False,False,R0026;R0029;R0031;R0040;R0046,5
1488,30,exact,False,False,R0001;R0039;R0044;R0052;R0054,5
1489,19,exact,False,False,R0024;R0027;R0038;R0051;R0052;R0054,6
1490,-1,exact,True,True,R0028;R0033;R0036,3
1491,49,exact,False,False,R0026;R0029;R0031;R0040;R0046,5
1492,40,exact,False,False,R0035;R0041;R0042;R0043;R0045;R0048;R0050;R0051,8
1493,38,exact,False,False,R0017;R0044;R0048;R0051;R0052;R0054,6
1494,19,exact,False,False,R0024;R0027,2
1495,-1,exact,True,True,R0041;R0042;R0043;R0044;R0048;R0050;R0051;R0053;R0054;R0057,10
1496,19,exact,False,False,R0024;R0027;R0038;R0044;R0049;R0051;R0054,7
1497,19,exact,False,False,R0024;R0027;R0038;R0044;R0051;R0052;R0054,7
1498,-1,exact,True,True,R0028;R0033;R0036;R0039;R0044;R0052;R0054,7
1499,6,exact,False,False,R0033;R0036;R0039;R0044;R0052;R0054,6
1500,29,fallback,False,False,,0
1501,19,exact,False,False,R0024;R0027;R0038;R0044;R0051;R0054,6
1502,-1,exact,True,True,R0041;R0042;R0043;R0048;R0050;R0051;R0054;R0055,8
1503,9,exact,False,False,R0050,1
1504,-1,exact,True,True,R0051;R0052;R0054,3
1505,0,exact,False,False,R0036;R0039;R0054,3
1506,37,exact,False,False,R0002;R0011;R0033;R0036;R0039;R0044;R0051,7
1507,-1,exact,True,True,R0048;R0051,2
1508,22,exact,False,False,R0007;R0034;R0039,3
1509,12,exact,False,False,R0005;R0016;R0035;R0041;R0042;R0043;R0048;R0050;R0051,9
1510,49,exact,False,False,R0026;R0029;R0031;R0040;R0046;R0057,6
1511,36,exact,False,False,R0034,1
1512,48,exact,False,False,R0044;R0049;R0052;R0054;R0057,5
1513,44,exact,False,False,R0019;R0047;R0057,3
1514,6,exact,False,False,R0033;R0036,2
1515,46,exact,False,False,R0047;R0057,2
1516,0,fallback,False,False,,0
1517,-1,exact,True,True,R0051;R0052;R0054,3
1518,27,exact,False,False,R0028;R0044;R0052;R0054,4
1519,47,exact,False,False,R0045;R0051;R0053;R0055;R0056,5
1520,-1,exact,True,True,R0052;R0054,2
1521,1,exact,False,False,R0032;R0042;R0043;R0050,4
1522,28,exact,False,False,R0010;R0044;R0051;R0053,4
1523,22,exact,False,False,R0007;R0039;R0044;R0051,4
1524,48,exact,False,False,R0044;R0048;R0051;R0053;R0054,5
1525,48,exact,False,False,R0044;R0054,2
1526,42,exact,False,False,R0004;R0014;R0035;R0041;R0042;R0043;R0048;R0050;R0051;R0054,10
1527,27,exact,False,False,R0028;R0044,2
1528,44,exact,False,False,R0019;R0045,2
1529,40,exact,False,False,R0035;R0041;R0042;R0043;R0045;R0048;R0050;R0051,8
1530,48,exact,False,False,R0044;R0052;R0054,3
1531,30,exact,False,False,R0001,1
1532,39,exact,False,False,R0039,1
1533,27,fallback,False,False,,0
1534,23,exact,False,False,R0031;R0056,2
1535,47,exact,False,False,R0045;R0051;R0055,3
1536,44,exact,False,False,R0019;R0032;R0042;R0043;R0050,5
1537,-1,exact,True,True,R0041;R0042;R0043;R0045;R0048;R0050;R0051,7
1538,20,exact,False,False,R0015;R0033;R0036;R0039;R0044,5
1539,4,exact,False,False,R0018;R0044;R0048;R0054,4
1540,27,exact,False,False,R0028;R0034;R0044;R0052;R0054,5
1541,30,exact,False,False,R0001,1
1542,38,exact,False,False,R0017;R0045;R0048;R0051;R0053,5
1543,41,exact,False,False,R0052,1
1544,14,exact,False,False,R0012;R0050,2
1545,12,exact,False,False,R0005;R0008;R0035;R0041;R0042;R0043;R0048;R0050;R0051,9
1546,25,fallback,False,False,,0
1547,-1,exact,True,True,R0051;R0054,2
1548,23,exact,False,False,R0031,1
1549,-1,exact,True,True,R0041;R0042;R0043;R0045;R0048;R0050;R0051;R0053;R0055;R0056,10
1550,29,fallback,False,False,,0
1551,12,exact,False,False,R0005;R0008;R0035;R0041;R0042;R0043;R0048;R0050;R0051,9
1552,35,fallback,False,False,,0
1553,36,exact,False,False,R0034;R0044;R0052;R0054,4
1554,9,exact,False,False,R0050,1
1555,26,fallback,False,False,,0
1556,39,exact,False,False,R0039;R0044;R0051,3
1557,49,exact,False,False,R0026;R0029;R0031;R0040;R0046;R0057,6
1558,37,exact,False,False,R0002;R0051,2
1559,48,exact,False,False,R0044;R0051;R0054,3
1560,6,exact,False,False,R0033;R0036;R0039;R0044;R0051,5
1561,-1,exact,True,True,R0041;R0042;R0043;R0044;R0048;R0050;R0051;R0053;R0054,9
1562,31,exact,False,False,R0025;R0035;R0041;R0042;R0043;R0048;R0050;R0051;R0053;R0054,10
1563,22,fallback,False,False,,0
1564,48,exact,False,False,R0044;R0051,2
1565,6,exact,False,False,R0033;R0036;R0039;R0044;R0052;R0054,6
1566,38,exact,False,False,R0017;R0053,2
1567,-1,exact,True,True,R0041;R0042;R0043;R0044;R0048;R0050;R0051;R0053;R0054;R0057,10
1568,23,exact,False,False,R0031;R0057,2
1569,1,fallback,False,False,,0
1570,-1,exact,True,True,R0041;R0042;R0043;R0048;R0050;R0051;R0053;R0054;R0055;R0056,10
1571,-1,exact,True,True,R0048;R0051;R0054,3
1572,34,fallback,False,False,,0
1573,37,exact,False,False,R0002;R0011;R0039;R0051,4
1574,-1,exact,True,True,R0051;R0054,2
1575,48,exact,False,False,R0044;R0048;R0051,3
1576,-1,exact,True,True,R0041;R0042;R0043;R0045;R0048;R0050;R0051;R0055;R0057,9
1577,36,exact,False,False,R0034;R0044;R0052;R0054,4
1578,31,exact,False,False,R0025;R0041;R0042;R0043;R0050;R0055;R0056,7
1579,35,exact,False,False,R0023;R0045;R0055;R0056,4
1580,-1,exact,True,True,R0052;R0054,2
1581,46,exact,False,False,R0047;R0056;R0057,3
1582,48,exact,False,False,R0044;R0048;R0051;R0053;R0054,5
1583,9,exact,False,False,R0050;R0057,2
1584,48,exact,False,False,R0044,1
1585,44,exact,False,False,R0019;R0032,2
1586,37,exact,False,False,R0002;R0033;R0036;R0039;R0044;R0051,6
1587,6,exact,False,False,R0033;R0036;R0039;R0044;R0052;R0054,6
1588,-1,exact,True,True,R0041;R0042;R0043;R0045;R0048;R0050;R0051,7
1589,1,exact,False,False,R0032;R0042;R0043;R0050,4
1590,-1,exact,True,True,R0051;R0052;R0054,3
1591,47,exact,False,False,R0045;R0048;R0051;R0055,4
1592,34,fallback,False,False,,0
1593,48,exact,False,False,R0044;R0054,2
1594,6,exact,False,False,R0033;R0036;R0039;R0044;R0052;R0054,6
1595,-1,exact,True,True,R0041;R0042;R0043;R0045;R0048;R0050;R0051,7
1596,48,exact,False,False,R0044;R0052;R0054,3
1597,31,exact,False,False,R0025;R0032;R0042;R0043;R0050;R0053,6
1598,27,exact,False,False,R0028;R0034;R0039;R0044;R0052;R0054,6
1599,-1,exact,True,True,R0051;R0052;R0054,3
1600,21,exact,False,False,R0051,1
1601,48,exact,False,False,R0044;R0051;R0052;R0054,4
1602,48,exact,False,False,R0044;R0048,2
1603,-1,exact,True,True,R0051;R0054,2
1604,37,exact,False,False,R0011;R0033;R0039;R0044;R0051,5
1605,6,exact,False,False,R0033;R0036;R0039;R0044;R0052;R0054,6
1606,37,exact,False,False,R0002;R0011;R0033;R0036;R0039;R0044;R0051,7
1607,13,fallback,False,False,,0
1608,48,exact,False,False,R0044;R0054,2
1609,-1,exact,True,True,R0041;R0042;R0043;R0045;R0048;R0050;R0051;R0055,8
1610,6,exact,False,False,R0033;R0036,2
1611,21,exact,False,False,R0051,1
1612,18,exact,False,False,R0020;R0034;R0044;R0052;R0054,5
1613,23,exact,False,False,R0031,1
1614,1,exact,False,False,R0032;R0044;R0049;R0051;R0052;R0054,6
1615,19,exact,False,False,R0024;R0027,2
1616,6,exact,False,False,R0033;R0036;R0039;R0044;R0052;R0054,6
1617,18,exact,False,False,R0020,1
1618,23,exact,False,False,R0031;R0056,2
1619,6,exact,False,False,R0033;R0036;R0039;R0044;R0052;R0054,6
1620,6,exact,False,False,R0033;R0036;R0052,3
1621,6,exact,False,False,R0033;R0036;R0039;R0044;R0054,5
1622,36,exact,False,False,R0034;R0039;R0044;R0052;R0054,5
1623,6,exact,False,False,R0033;R0036;R0039;R0044;R0052;R0054,6
1624,-1,exact,True,True,R0041;R0042;R0043;R0044;R0048;R0050;R0051;R0053;R0054,9
1625,47,exact,False,False,R0045;R0048;R0051;R0055,4
1626,30,exact,False,False,R0001,1
1627,48,exact,False,False,R0044,1
1628,19,exact,False,False,R0024;R0027;R0044;R0052;R0054,5
1629,18,exact,False,False,R0020;R0021,2
1630,6,exact,False,False,R0033;R0036;R0039;R0044,4
1631,12,exact,False,False,R0005;R0008;R0035;R0041;R0042;R0043;R0048;R0050;R0051,9
1632,6,exact,False,False,R0033;R0036;R0039;R0044;R0052;R0054,6
1633,40,exact,False,False,R0035;R0041;R0042;R0043;R0048;R0050;R0051;R0054,8
1634,11,exact,False,False,R0057,1
1635,-1,exact,True,True,R0051;R0052;R0054,3
1636,6,exact,False,False,R0033;R0036,2
1637,-1,exact,True,True,R0041;R0042;R0043;R0048;R0050;R0051;R0053;R0054;R0055;R0056,10
1638,6,exact,False,False,R0033;R0036,2
1639,13,fallback,False,False,,0
1640,42,exact,False,False,R0014;R0048;R0050,3
1641,49,exact,False,False,R0026;R0029;R0031;R0040;R0046;R0057,6
1642,-1,exact,True,True,R0051;R0054,2
1643,19,exact,False,False,R0024;R0027;R0038;R0044;R0051;R0052;R0054;R0057,8
1644,30,exact,False,False,R0001;R0044;R0052;R0054,4
1645,48,exact,False,False,R0044;R0052;R0054,3
1646,48,exact,False,False,R0044;R0051;R0054,3
1647,35,exact,False,False,R0023;R0047;R0057,3
1648,-1,exact,True,True,R0041;R0042;R0043;R0050,4
1649,30,fallback,False,False,,0
1650,-1,exact,True,True,R0051;R0054,2
1651,39,exact,False,False,R0039;R0051;R0052;R0054,4
1652,15,exact,False,False,R0054,1
1653,6,exact,False,False,R0033;R0036;R0039;R0044;R0052;R0054,6
1654,1,exact,False,False,R0032;R0048;R0051;R0052;R0054,5
1655,19,exact,False,False,R0024;R0027;R0038;R0044;R0051,5
1656,39,exact,False,False,R0039;R0051;R0052;R0054,4
1657,14,exact,False,False,R0012;R0048;R0050,3
1658,-1,exact,True,True,R0042;R0043;R0045;R0050,4
1659,18,exact,False,False,R0020;R0052,2
1660,40,exact,False,False,R0035;R0041;R0042;R0043;R0048;R0050;R0051;R0054,8
1661,48,exact,False,False,R0044;R0048;R0049;R0051;R0052;R0054,6
1662,6,exact,False,False,R0033;R0036;R0039;R0044;R0051,5
1663,49,exact,False,False,R0026;R0029;R0031;R0040;R0046,5
1664,37,exact,False,False,R0002;R0033;R0036;R0039;R0044;R0051,6
1665,9,exact,False,False,R0050;R0056,2
1666,6,exact,False,False,R0033;R0036;R0039;R0044,4
1667,37,exact,False,False,R0002;R0033;R0036;R0039;R0044,5
1668,26,exact,False,False,R0006;R0009;R0030;R0032;R0044;R0049;R0051;R0052;R0053;R0054,13
1669,6,exact,False,False,R0033;R0036;R0039;R0044;R0054,5
1670,10,exact,False,False,R0022;R0044;R0048;R0051;R0053;R0057,6
1671,36,exact,False,False,R0034;R0039;R0044;R0052;R0054,5
1672,9,exact,False,False,R0050,1
1673,46,exact,False,False,R0047;R0057,2
1674,48,exact,False,False,R0044;R0051,2
1675,49,exact,False,False,R0026;R0029;R0031;R0040;R0046,5
1676,48,exact,False,False,R0044;R0054,2
1677,11,fallback,False,False,,0
1678,-1,exact,True,True,R0041;R0042;R0043;R0045;R0048;R0050;R0051;R0053;R0055;R0056,11
1679,29,fallback,False,False,,0
1680,10,fallback,False,False,,0
1681,23,exact,False,False,R0031;R0057,2
1682,-1,exact,True,True,R0041;R0042;R0043;R0045;R0048;R0050;R0051;R0055,8
1683,4,exact,False,False,R0018;R0044;R0048;R0050;R0053;R0054,6
1684,6,exact,False,False,R0033;R0036,2
1685,49,exact,False,False,R0026;R0029;R0031;R0040;R0046,5
1686,18,exact,False,False,R0020;R0021;R0047;R0057,4
1687,23,exact,False,False,R0031,1
1688,6,exact,False,False,R0033;R0036;R0039;R0044;R0051;R0054,6
1689,40,exact,False,False,R0035;R0041;R0042;R0043;R0045;R0048;R0050;R0051,8
1690,38,exact,False,False,R0017;R0048;R0051,3
1691,46,exact,False,False,R0047,1
1692,49,exact,False,False,R0026;R0029;R0031;R0040;R0046,5
1693,-1,exact,True,True,R0051;R0054,2
1694,44,exact,False,False,R0019;R0025;R0042;R0043;R0045;R0050,6
1695,49,exact,False,False,R0026;R0029;R0031;R0040;R0046,5
1696,39,exact,False,False,R0039;R0051;R0052;R0054,4
1697,36,exact,False,False,R0034;R0044;R0051;R0052;R0054,5
1698,40,exact,False,False,R0035;R0041;R0042;R0043;R0045;R0048;R0050;R0051,8
1699,6,exact,False,False,R0033;R0039;R0044;R0051;R0052;R0054,6
1700,30,exact,False,False,R0001;R0039;R0052;R0054,4
1701,39,exact,False,False,R0039,1
1702,15,exact,False,False,R0054,1
1703,49,exact,False,False,R0026;R0029;R0031;R0040;R0046;R0057,6
1704,1,exact,False,False,R0032;R0055;R0056,3
1705,35,exact,False,False,R0023;R0047;R0055;R0056;R0057,5
1706,49,exact,False,False,R0026;R0029;R0031;R0040;R0046,5
1707,22,exact,False,False,R0007;R0034;R0039;R0044;R0051;R0052;R0054,7
1708,31,exact,False,False,R0025;R0041;R0042;R0043;R0048;R0050;R0051;R0053;R0054;R0055,11
1709,23,fallback,False,False,,0
1710,6,exact,False,False,R0033;R0036;R0039;R0044;R0054,5
1711,19,exact,False,False,R0024;R0027;R0038;R0051;R0052;R0054;R0055,7
1712,12,exact,False,False,R0005;R0008;R0035;R0041;R0042;R0043;R0048;R0050;R0051,9
1713,47,exact,False,False,R0045;R0055;R0056,3
1714,6,exact,False,False,R0033;R0036;R0039;R0044;R0054,5
1715,41,exact,False,False,R0052,1
1716,-1,exact,True,True,R0051;R0052;R0054,3
1717,-1,exact,True,True,R0052;R0054,2
1718,1,exact,False,False,R0032;R0044;R0048;R0051;R0052;R0053;R0054;R0057,8
1719,44,exact,False,False,R0019;R0032;R0047;R0055;R0056;R0057,6
1720,-1,exact,True,True,R0052;R0054,2
1721,0,exact,False,False,R0036;R0039;R0052;R0054,4
1722,42,exact,False,False,R0004;R0014;R0035;R0041;R0042;R0043;R0048;R0050;R0051;R0054,10
1723,48,exact,False,False,R0044;R0051;R0052;R0054,4
1724,48,exact,False,False,R0044;R0051;R0052;R0054,4
1725,6,exact,False,False,R0033;R0036;R0039;R0044;R0052;R0054,6
1726,48,exact,False,False,R0044;R0051;R0052;R0054,4
1727,6,exact,False,False,R0033;R0036;R0039,3
1728,42,exact,False,False,R0004;R0012;R0014;R0035;R0041;R0042;R0043;R0048;R0050;R0051,11
1729,31,exact,False,False,R0025;R0042;R0043;R0045;R0050,5
1730,49,exact,False,False,R0026;R0029;R0031;R0040;R0046;R0057,6
1731,49,exact,False,False,R0026;R0029;R0031;R0040;R0046,5
1732,49,exact,False,False,R0026;R0029;R0031;R0040;R0046,5
1733,48,exact,False,False,R0044,1
1734,12,exact,False,False,R0005;R0008;R0013,3
1735,6,exact,False,False,R0033;R0036;R0039;R0044;R0051,5
1736,0,fallback,False,False,,0
1737,-1,exact,True,True,R0048;R0050;R0053;R0054;R0056,5
1738,-1,exact,True,True,R0041;R0042;R0043;R0048;R0050;R0051;R0054;R0055,8
1739,49,exact,False,False,R0026;R0029;R0040;R0046,4
1740,27,exact,False,False,R0028;R0044;R0052;R0054,4
1741,23,exact,False,False,R0031,1
1742,27,exact,False,False,R0028;R0044,2
1743,11,fallback,False,False,,0
1744,-1,exact,True,True,R0042;R0043;R0050;R0055;R0056,5
1745,4,fallback,False,False,,0
1746,-1,exact,True,True,R0042;R0043;R0045;R0050,4
1747,46,exact,False,False,R0047;R0057,2
1748,19,exact,False,False,R0024;R0027;R0038;R0044;R0051;R0054,6
1749,14,exact,False,False,R0012;R0035;R0042;R0043;R0045;R0050,6
1750,48,exact,False,False,R0044;R0052;R0054,3
1751,6,exact,False,False,R0033;R0036,2
1752,32,exact,False,False,R0048,1
1753,49,exact,False,False,R0026;R0029;R0031;R0040;R0046,5
1754,33,exact,False,False,R0053,1
1755,36,exact,False,False,R0034,1
1756,19,exact,False,False,R0024;R0027,2
1757,48,exact,False,False,R0044;R0051;R0053,3
1758,9,exact,False,False,R0050,1
1759,12,exact,False,False,R0005;R0035;R0041;R0042;R0043;R0048;R0050;R0051,8
1760,6,exact,False,False,R0033;R0036;R0039;R0044;R0052;R0054,6
1761,6,exact,False,False,R0033;R0036;R0039;R0044;R0052;R0054,6
1762,6,exact,False,False,R0033;R0036;R0044;R0051;R0054,5
1763,19,exact,False,False,R0024;R0027;R0052;R0054,4
1764,48,exact,False,False,R0044;R0051,2
1765,-1,fallback,True,False,,0
1766,18,exact,False,False,R0020;R0026;R0029;R0040;R0046,5
1767,48,exact,False,False,R0044;R0051;R0052;R0054,4
1768,25,exact,False,False,R0030;R0044;R0049;R0051;R0053,5
1769,46,exact,False,False,R0047;R0057,2
1770,27,fallback,False,False,,0
1771,-1,exact,True,True,R0042;R0043;R0045;R0050,4
1772,-1,exact,True,True,R0048;R0050;R0054,3
1773,15,exact,False,False,R0054,1
1774,6,exact,False,False,R0033;R0036;R0039;R0044;R0051,5
1775,41,fallback,False,False,,0
1776,13,fallback,False,False,,0
1777,27,exact,False,False,R0028;R0039;R0044;R0052;R0054,5
1778,-1,exact,True,True,R0048;R0051,2
1779,25,exact,False,False,R0030;R0048;R0053;R0056,4
1780,30,exact,False,False,R0001;R0051,2
1781,6,exact,False,False,R0033;R0036;R0039;R0044;R0054,5
1782,21,exact,False,False,R0051,1
1783,48,exact,False,False,R0044;R0052;R0054,3
1784,-1,exact,True,True,R0041;R0042;R0043;R0048;R0050;R0051;R0054,7
1785,31,exact,False,False,R0025;R0042;R0043;R0050,4
1786,6,exact,False,False,R0033;R0036;R0039;R0044;R0051;R0054,6
1787,47,exact,False,False,R0045;R0055;R0057,3
1788,31,exact,False,False,R0025;R0035;R0041;R0042;R0043;R0048;R0050;R0051;R0053;R0054,10
1789,48,exact,False,False,R0044,1
1790,46,fallback,False,False,,0
1791,16,exact,False,False,R0038;R0045;R0051;R0055,4
1792,19,exact,False,False,R0024;R0027;R0057,3
1793,48,exact,False,False,R0044;R0051;R0052;R0054,4
1794,37,exact,False,False,R0002;R0011;R0033;R0036;R0039;R0044;R0051,7
1795,6,exact,False,False,R0033;R0036;R0039;R0044;R0052;R0054,6
1796,39,exact,False,False,R0039;R0044;R0051,3
1797,6,exact,False,False,R0033;R0036,2
1798,36,exact,False,False,R0034;R0039;R0052;R0054,4
1799,3,exact,False,False,R0056,1
1800,28,exact,False,False,R0003;R0044;R0048;R0051;R0053;R0054,6
1801,38,exact,False,False,R0017;R0025;R0042;R0043;R0050;R0053,6
1802,3,fallback,False,False,,0
1803,49,exact,False,False,R0026;R0029;R0031;R0040;R0046;R0057,6
1804,39,exact,False,False,R0039;R0044;R0054,3
1805,49,exact,False,False,R0026;R0029;R0031;R0040;R0046;R0057,6
1806,-1,exact,True,True,R0041;R0042;R0043;R0048;R0050;R0051;R0054,7
1807,-1,exact,True,True,R0044;R0045;R0048;R0049;R0051;R0053;R0057,7
1808,6,exact,False,False,R0033;R0036;R0044;R0052;R0054,5
1809,49,exact,False,False,R0026;R0029;R0031;R0040;R0046,5
1810,25,exact,False,False,R0030;R0045;R0048;R0049;R0051;R0053;R0055;R0056;R0057,9
1811,37,exact,False,False,R0002;R0033;R0036;R0039;R0044,5
1812,49,exact,False,False,R0026;R0029;R0031;R0040;R0046;R0057,6
1813,-1,exact,True,True,R0041;R0042;R0043;R0045;R0048;R0050;R0051;R0053;R0055;R0056,10
1814,23,exact,False,False,R0031,1
1815,48,exact,False,False,R0044;R0049;R0052;R0054,4
1816,49,exact,False,False,R0026;R0029;R0031;R0040;R0046,5
1817,30,exact,False,False,R0001;R0044;R0052;R0054,4
1818,31,exact,False,False,R0025;R0042;R0043;R0045;R0050;R0055;R0056,7
1819,19,exact,False,False,R0024;R0027;R0038;R0052,4
1820,23,exact,False,False,R0031;R0057,2
1821,-1,fallback,True,False,,0
1822,1,exact,False,False,R0032;R0044;R0048;R0051;R0052;R0054;R0055,7
1823,40,exact,False,False,R0035;R0041;R0042;R0043;R0045;R0048;R0050;R0051,8
1824,13,exact,False,False,R0021,1
1825,18,fallback,False,False,,0
1826,6,exact,False,False,R0033;R0036;R0039;R0044;R0051;R0054,6
1827,48,exact,False,False,R0044;R0051;R0052;R0054,4
1828,47,exact,False,False,R0045;R0055,2
1829,48,exact,False,False,R0044;R0054,2
1830,42,exact,False,False,R0004;R0014;R0035;R0041;R0042;R0043;R0048;R0050;R0051;R0054,10
1831,6,exact,False,False,R0033;R0036;R0039;R0044;R0052;R0054,6
1832,19,exact,False,False,R0024;R0027;R0038;R0044;R0051,5
1833,-1,exact,True,True,R0041;R0042;R0043;R0044;R0045;R0048;R0050;R0051;R0053;R0057,10
1834,48,exact,False,False,R0044;R0048;R0051,3
1835,30,exact,False,False,R0001;R0044;R0052;R0054,4
1836,34,fallback,False,False,,0
1837,-1,exact,True,True,R0041;R0042;R0043;R0045;R0050;R0055,6
1838,1,fallback,False,False,,0
1839,48,exact,False,False,R0044;R0051;R0053,3
1840,49,exact,False,False,R0026;R0029;R0031;R0040;R0046;R0057,6
1841,31,exact,False,False,R0025;R0041;R0042;R0043;R0048;R0050;R0051;R0053;R0054;R0055,11
1842,11,fallback,False,False,,0
1843,11,exact,False,False,R0057,1
1844,49,exact,False,False,R0026;R0029;R0031;R0040;R0046,5
1845,19,exact,False,False,R0024;R0027;R0044;R0054,4
1846,45,fallback,False,False,,0
1847,6,exact,False,False,R0033;R0036;R0039;R0044;R0052;R0054,6
1848,1,exact,False,False,R0032;R0053,2
1849,44,exact,False,False,R0019;R0032;R0042;R0043;R0050,5
1850,46,exact,False,False,R0047;R0057,2
1851,28,exact,False,False,R0010;R0044;R0051;R0053;R0054,5
1852,48,exact,False,False,R0044;R0051,2
1853,48,exact,False,False,R0044;R0052;R0054,3
1854,6,exact,False,False,R0033;R0036;R0039;R0044;R0054,5
1855,41,exact,False,False,R0052,1
1856,48,exact,False,False,R0044;R0052;R0054,3
1857,11,exact,False,False,R0057,1
1858,40,exact,False,False,R0035;R0041;R0042;R0043;R0045;R0048;R0050;R0051,8
1859,6,exact,False,False,R0033;R0039;R0044;R0051;R0052;R0054,6
1860,25,exact,False,False,R0030;R0041;R0043,3
1861,28,exact,False,False,R0010;R0044;R0051;R0053;R0054,5
1862,21,exact,False,False,R0051,1
1863,42,exact,False,False,R0014;R0035;R0041;R0042;R0043;R0045;R0048;R0050;R0051,9
1864,48,exact,False,False,R0044;R0048;R0051;R0053;R0054,5
1865,18,exact,False,False,R0020,1
1866,40,exact,False,False,R0035;R0041;R0042;R0043;R0045;R0048;R0050;R0051,8
1867,37,exact,False,False,R0002;R0039;R0051,3
1868,35,exact,False,False,R0023,1
1869,27,exact,False,False,R0028,1
1870,49,exact,False,False,R0026;R0029;R0031;R0040;R0046,5
1871,-1,exact,True,True,R0041;R0042;R0043;R0045;R0048;R0050;R0051;R0053;R0055;R0056,10
1872,19,exact,False,False,R0024;R0027;R0038;R0044;R0049;R0051;R0054,7
1873,9,exact,False,False,R0050,1
1874,31,exact,False,False,R0025;R0041;R0042;R0043;R0048;R0050;R0051;R0053;R0054;R0055,11
1875,-1,exact,True,True,R0041;R0042;R0043;R0045;R0048;R0050;R0051;R0055,8
1876,3,exact,False,False,R0056,1
1877,-1,exact,True,True,R0042;R0043;R0050;R0053;R0055;R0056,6
1878,38,exact,False,False,R0017,1
1879,6,exact,False,False,R0033;R0036;R0044;R0051;R0052;R0054,6
1880,1,fallback,False,False,,0
1881,23,exact,False,False,R0031,1
1882,-1,exact,True,True,R0006;R0030;R0044;R0049;R0051;R0052;R0053;R0054;R0055;R0056,10
1883,26,exact,False,False,R0006;R0045;R0055;R0056;R0057,5
1884,49,exact,False,False,R0026;R0029;R0031;R0040;R0046;R0057,6
1885,0,exact,False,False,R0036,1
1886,-1,fallback,True,False,,0
1887,48,exact,False,False,R0044;R0048;R0054,3
1888,49,exact,False,False,R0026;R0029;R0031;R0040;R0046,5
1889,6,exact,False,False,R0033;R0036;R0039;R0044;R0051;R0052;R0054,7
1890,13,exact,False,False,R0021,1
1891,38,exact,False,False,R0017;R0048;R0051,3
1892,-1,exact,True,True,R0042;R0043;R0050;R0055;R0056,5
1893,-1,exact,True,True,R0052;R0054,2
1894,9,exact,False,False,R0050;R0056;R0057,3
1895,-1,exact,True,True,R0041;R0042;R0043;R0050;R0057,5
1896,30,exact,False,False,R0001;R0044;R0054,3
1897,36,exact,False,False,R0034;R0052,2
1898,13,exact,False,False,R0021,1
1899,26,exact,False,False,R0009;R0030;R0044;R0045;R0049;R0051;R0053;R0055;R0056;R0057,10
1900,6,exact,False,False,R0033;R0044;R0054,3
1901,36,exact,False,False,R0034;R0051;R0052;R0054,4
1902,49,exact,False,False,R0026;R0029;R0031;R0040;R0046;R0057,6
1903,12,exact,False,False,R0005;R0008;R0035;R0051,4
1904,31,exact,False,False,R0025;R0042;R0043;R0050,4
1905,37,exact,False,False,R0002;R0011;R0033;R0036;R0039;R0044;R0051,7
1906,6,exact,False,False,R0033;R0036,2
1907,12,exact,False,False,R0005;R0035;R0041;R0042;R0043;R0048;R0050;R0051,8
1908,27,exact,False,False,R0028;R0034;R0044;R0052;R0054,5
1909,49,exact,False,False,R0026;R0029;R0031;R0040;R0046;R0057,6
1910,49,exact,False,False,R0026;R0029;R0031;R0040;R0046;R0057,6
1911,-1,exact,True,True,R0041;R0042;R0043;R0045;R0048;R0050;R0051;R0055,8
1912,48,exact,False,False,R0044;R0054,2
1913,27,exact,False,False,R0028,1
1914,30,exact,False,False,R0001;R0039;R0044;R0051;R0052;R0054,6
1915,48,exact,False,False,R0044;R0051;R0053;R0054,4
1916,44,exact,False,False,R0019;R0032;R0042;R0043;R0050;R0055;R0056,7
1917,40,exact,False,False,R0035;R0041;R0042;R0043;R0045;R0048;R0050;R0051,8
1918,6,exact,False,False,R0033;R0036;R0039;R0044;R0051;R0054,6
1919,35,exact,False,False,R0023;R0047;R0055;R0056;R0057,5
1920,39,exact,False,False,R0039;R0044;R0051;R0052;R0054,5
1921,39,exact,False,False,R0039;R0052;R0054,3
1922,39,exact,False,False,R0039;R0051;R0052;R0054,4
1923,27,exact,False,False,R0028;R0034,2
1924,7,exact,False,False,R0042,1
1925,40,exact,False,False,R0035;R0051,2
1926,30,exact,False,False,R0001;R0044;R0051;R0054,4
1927,-1,fallback,True,False,,0
1928,27,fallback,False,False,,0
1929,-1,exact,True,True,R0051;R0054,2
1930,9,exact,False,False,R0050,1
1931,0,fallback,False,False,,0
1932,19,exact,False,False,R0024;R0027,2
1933,10,fallback,False,False,,0
1934,47,exact,False,False,R0045;R0051;R0055,3
1935,-1,exact,True,True,R0042;R0043;R0050,3
1936,-1,exact,True,True,R0041;R0042;R0043;R0048;R0050;R0051;R0054,7
1937,25,exact,False,False,R0030;R0045;R0055;R0056,4
1938,-1,exact,True,True,R0048;R0051;R0054;R0055,4
1939,28,exact,False,False,R0010;R0044;R0051;R0053;R0054,5
1940,12,exact,False,False,R0005;R0008;R0035;R0041;R0042;R0043;R0048;R0050;R0051,9
1941,18,exact,False,False,R0020;R0021,2
1942,19,exact,False,False,R0024;R0027;R0038;R0044;R0049;R0051;R0052;R0054,8
1943,18,exact,False,False,R0020,1
1944,23,exact,False,False,R0031;R0057,2
1945,11,exact,False,False,R0057,1
1946,36,exact,False,False,R0034,1
1947,27,exact,False,False,R0028;R0052,2
1948,49,exact,False,False,R0026;R0029;R0031;R0040;R0046,5
1949,36,exact,False,False,R0034;R0039;R0044;R0052;R0054,5
1950,42,exact,False,False,R0004;R0014;R0035;R0041;R0042;R0043;R0048;R0050;R0051;R0054,10
1951,36,exact,False,False,R0034,1
1952,27,exact,False,False,R0028;R0044,2
1953,30,exact,False,False,R0001;R0051;R0052;R0054,4
1954,22,exact,False,False,R0007;R0034,2
1955,47,exact,False,False,R0045;R0048;R0051;R0055,4
1956,49,exact,False,False,R0026;R0029;R0031;R0040;R0046,5
1957,6,exact,False,False,R0033;R0036;R0039;R0044;R0051;R0052;R0054,7
1958,47,exact,False,False,R0045;R0049;R0053;R0057,4
1959,36,exact,False,False,R0034;R0044;R0052;R0054,4
1960,6,exact,False,False,R0033;R0036;R0039;R0044;R0054,5
1961,-1,exact,True,True,R0051;R0052;R0054,3
1962,37,exact,False,False,R0002;R0035;R0041;R0042;R0043;R0050,6
1963,39,exact,False,False,R0039;R0044;R0051;R0054,4
1964,47,exact,False,False,R0045;R0055,2
1965,-1,exact,True,True,R0042;R0043;R0045;R0050;R0055,5
1966,6,exact,False,False,R0033;R0036;R0039;R0044;R0052;R0054,6
1967,25,exact,False,False,R0030;R0055;R0056,3
1968,19,exact,False,False,R0024;R0027;R0038;R0045;R0051,5
1969,-1,exact,True,True,R0048;R0050;R0054,3
1970,0,exact,False,False,R0036;R0039,2
1971,14,exact,False,False,R0012;R0035;R0042;R0043;R0045;R0050,6
1972,30,exact,False,False,R0001,1
1973,46,exact,False,False,R0047;R0057,2
1974,27,fallback,False,False,,0
1975,48,exact,False,False,R0044;R0051;R0052;R0054,4
1976,-1,exact,True,True,R0041;R0042;R0043;R0048;R0050;R0051;R0054;R0055,8
1977,14,exact,False,False,R0012;R0035;R0041;R0042;R0043;R0050,6
1978,40,exact,False,False,R0035;R0041;R0042;R0043;R0048;R0050;R0051,7
1979,31,exact,False,False,R0025;R0041;R0042;R0043;R0048;R0050;R0051;R0053;R0054;R0055,11
1980,3,fallback,False,False,,0
1981,-1,exact,True,True,R0048;R0053;R0054,3
1982,36,exact,False,False,R0034,1
1983,49,exact,False,False,R0026;R0029;R0031;R0040;R0046;R0057,6
1984,28,exact,False,False,R0010;R0044;R0051;R0053;R0054,5
1985,3,exact,False,False,R0056,1
1986,14,exact,False,False,R0012;R0035;R0042;R0043;R0045;R0050,6
1987,39,exact,False,False,R0039;R0051,2
1988,20,exact,False,False,R0015;R0033;R0036;R0039;R0044;R0054,6
1989,47,exact,False,False,R0045;R0048;R0051;R0055,4
1990,47,exact,False,False,R0045;R0048;R0051,3
1991,48,exact,False,False,R0044;R0051,2
1992,0,exact,False,False,R0036;R0039;R0052;R0054,4
1993,41,exact,False,False,R0052,1
1994,38,exact,False,False,R0017;R0037,2
1995,49,exact,False,False,R0026;R0029;R0031;R0040;R0046;R0057,6
1996,49,exact,False,False,R0026;R0029;R0031;R0040;R0046;R0057,6
1997,21,fallback,False,False,,0
1998,1,exact,False,False,R0032;R0042;R0043;R0050,4
1999,49,exact,False,False,R0026;R0029;R0031;R0040;R0046,5
2000,48,exact,False,False,R0044;R0052;R0054,3
2001,-1,exact,True,True,R0048;R0051;R0054,3
2002,21,exact,False,False,R0051,1
2003,38,exact,False,False,R0017,1
2004,-1,exact,True,True,R0028;R0033;R0036;R0052,4
2005,44,exact,False,False,R0019;R0032,2
2006,26,exact,False,False,R0009;R0044;R0049,3
2007,6,exact,False,False,R0033;R0036;R0039;R0044;R0052;R0054,6
2008,13,fallback,False,False,,0
2009,48,exact,False,False,R0044;R0048;R0049;R0051;R0053;R0054,6
2010,25,exact,False,False,R0030;R0044;R0045;R0048;R0049;R0051;R0053;R0055;R0056,9
2011,15,fallback,False,False,,0
2012,30,fallback,False,False,,0
2013,47,exact,False,False,R0045;R0051;R0055,3
2014,48,exact,False,False,R0044;R0051;R0052;R0054,4
2015,25,exact,False,False,R0030;R0041;R0042;R0043;R0048;R0049;R0050;R0051;R0053;R0054,13
2016,39,exact,False,False,R0039;R0044;R0051,3
2017,6,exact,False,False,R0033;R0036;R0039,3
2018,25,exact,False,False,R0030;R0049,2
2019,40,exact,False,False,R0035;R0041;R0048;R0051;R0054,5
2020,47,exact,False,False,R0045;R0048;R0051;R0055,4
2021,14,exact,False,False,R0012;R0035;R0042;R0043;R0045;R0050,6
2022,41,exact,False,False,R0052,1
2023,35,exact,False,False,R0023;R0050,2
2024,18,exact,False,False,R0020,1
2025,39,exact,False,False,R0039;R0044;R0051;R0052;R0054,5
2026,6,exact,False,False,R0033;R0036,2
2027,31,exact,False,False,R0025;R0041;R0042;R0043;R0048;R0050;R0051;R0053;R0054,9
2028,46,exact,False,False,R0047;R0057,2
2029,15,fallback,False,False,,0
2030,6,exact,False,False,R0033;R0036,2
2031,6,exact,False,False,R0033;R0039;R0044;R0051;R0052;R0054,6
2032,34,fallback,False,False,,0
2033,-1,exact,True,True,R0051;R0052;R0054,3
2034,4,exact,False,False,R0018;R0050,2
2035,9,fallback,False,False,,0
2036,23,exact,False,False,R0031,1
2037,23,exact,False,False,R0031,1
2038,1,exact,False,False,R0032;R0051;R0052;R0054,4
2039,29,fallback,False,False,,0
2040,25,exact,False,False,R0030;R0053;R0054;R0056,4
2041,36,exact,False,False,R0034,1
2042,18,fallback,False,False,,0
2043,25,exact,False,False,R0030;R0044;R0048;R0049;R0051;R0053,6
2044,-1,exact,True,True,R0041;R0042;R0043;R0048;R0050;R0051;R0053;R0054;R0055;R0056,11
2045,40,exact,False,False,R0035;R0041;R0042;R0043;R0048;R0050;R0051;R0054,8
2046,49,exact,False,False,R0026;R0029;R0031;R0040;R0046,5
2047,23,exact,False,False,R0031;R0057,2
2048,22,exact,False,False,R0007;R0034;R0039;R0044;R0051;R0054,6
2049,6,exact,False,False,R0033;R0039;R0044;R0051;R0052;R0054,6
2050,18,exact,False,False,R0020;R0044;R0052;R0054,4
2051,48,exact,False,False,R0044;R0048;R0051;R0052;R0053;R0054,6
2052,18,exact,False,False,R0020;R0052;R0054,3
2053,26,exact,False,False,R0009;R0044;R0051,3
2054,-1,fallback,True,False,,0
2055,27,fallback,False,False,,0
2056,6,exact,False,False,R0033;R0036;R0039;R0044;R0051;R0052;R0054,7
2057,44,exact,False,False,R0019;R0032;R0042;R0043;R0050,5
2058,-1,fallback,True,False,,0
2059,6,exact,False,False,R0033;R0036;R0039;R0044;R0051;R0052;R0054,7
2060,48,exact,False,False,R0044;R0054,2
2061,34,fallback,False,False,,0
2062,15,fallback,False,False,,0
2063,9,exact,False,False,R0050,1
2064,49,exact,False,False,R0026;R0029;R0031;R0040;R0046;R0057,6
2065,48,exact,False,False,R0044;R0051,2
2066,25,exact,False,False,R0030;R0037;R0041;R0042;R0043;R0048;R0049;R0050;R0051;R0053,13
2067,-1,exact,True,True,R0051;R0052;R0054,3
2068,27,exact,False,False,R0028,1
2069,49,exact,False,False,R0026;R0029;R0031;R0040;R0046,5
2070,6,exact,False,False,R0033;R0036,2
2071,27,exact,False,False,R0028,1
2072,30,exact,False,False,R0001,1
2073,29,fallback,False,False,,0
2074,19,exact,False,False,R0024;R0027;R0038;R0051;R0052;R0054,6
2075,6,exact,False,False,R0033;R0036;R0039;R0044;R0052;R0054,6
2076,46,exact,False,False,R0047;R0057,2
2077,41,fallback,False,False,,0
2078,-1,exact,True,True,R0041;R0042;R0043;R0045;R0048;R0050;R0051;R0055,8
2079,6,exact,False,False,R0033;R0036;R0039;R0044;R0051,5
2080,6,exact,False,False,R0033;R0036;R0044,3
2081,44,exact,False,False,R0019,1
2082,6,exact,False,False,R0033;R0036;R0039;R0044;R0051,5
2083,25,exact,False,False,R0030;R0055;R0056,3
2084,49,exact,False,False,R0026;R0029;R0031;R0040;R0046,5
2085,36,exact,False,False,R0034,1
2086,-1,exact,True,True,R0051;R0054,2
2087,36,exact,False,False,R0034,1
2088,41,exact,False,False,R0052,1
2089,6,exact,False,False,R0033;R0036;R0039,3
2090,35,exact,False,False,R0023,1
2091,25,exact,False,False,R0030;R0044;R0045;R0048;R0051;R0053;R0055;R0056,8
2092,48,exact,False,False,R0044;R0051,2
2093,7,fallback,False,False,,0
2094,48,exact,False,False,R0044;R0052;R0054,3
2095,4,fallback,False,False,,0
2096,6,exact,False,False,R0033;R0036;R0039;R0044;R0051;R0052;R0054,7
2097,20,exact,False,False,R0015;R0033;R0036;R0039;R0044;R0054,6
2098,6,exact,False,False,R0033;R0036;R0039;R0044;R0051;R0052;R0054,7
2099,36,exact,False,False,R0034;R0044;R0051;R0052;R0054,5
2100,38,exact,False,False,R0017;R0044;R0048;R0051,4
2101,-1,exact,True,True,R0041;R0042;R0043;R0045;R0048;R0050;R0051;R0053;R0055;R0056,11
2102,39,exact,False,False,R0039;R0044;R0052;R0054,4
2103,42,exact,False,False,R0004;R0014;R0035;R0041;R0042;R0043;R0048;R0050;R0051;R0054,10
2104,29,exact,False,False,R0037,1
2105,36,exact,False,False,R0034,1
2106,22,exact,False,False,R0007;R0034;R0039;R0044;R0051;R0054,6
2107,30,fallback,False,False,,0
2108,40,exact,False,False,R0035;R0041;R0042;R0043;R0045;R0048;R0050;R0051,8
2109,1,exact,False,False,R0032;R0044;R0048;R0051;R0052;R0053;R0054,7
2110,3,exact,False,False,R0056,1
2111,26,exact,False,False,R0009;R0044;R0045;R0049;R0051;R0055,6
2112,28,fallback,False,False,,0
2113,-1,exact,True,True,R0052;R0054,2
2114,4,fallback,False,False,,0
2115,49,exact,False,False,R0026;R0029;R0031;R0040;R0046,5
2116,-1,exact,True,True,R0048;R0051;R0054,3
2117,37,exact,False,False,R0002;R0044,2
2118,37,exact,False,False,R0002;R0011;R0033;R0036;R0039;R0044;R0051,7
2119,27,exact,False,False,R0028,1
2120,23,fallback,False,False,,0
2121,36,exact,False,False,R0034,1
2122,36,exact,False,False,R0034;R0044;R0052;R0054,4
2123,47,exact,False,False,R0045;R0048;R0051;R0055,4
2124,19,exact,False,False,R0024;R0027;R0038;R0051;R0052;R0054;R0055,7
2125,48,exact,False,False,R0044;R0048;R0049;R0057,4
2126,18,exact,False,False,R0020;R0021,2
2127,6,exact,False,False,R0033;R0036;R0039;R0044;R0051;R0052;R0054,7
2128,6,exact,False,False,R0033;R0036;R0039;R0044;R0052;R0054,6
2129,28,fallback,False,False,,0
2130,37,exact,False,False,R0002;R0033;R0036;R0044;R0051,5
2131,-1,exact,True,True,R0042;R0043;R0045;R0050,4
2132,6,exact,False,False,R0033;R0036,2
2133,6,exact,False,False,R0033;R0036;R0044;R0051;R0052;R0054,6
2134,49,exact,False,False,R0026;R0029;R0031;R0040;R0046,5
2135,46,exact,False,False,R0047;R0056;R0057,3
2136,-1,exact,True,True,R0041;R0042;R0043;R0045;R0048;R0050;R0051,7
2137,45,exact,False,False,R0041;R0044;R0048;R0051;R0054,5
2138,1,exact,False,False,R0032,1
2139,49,exact,False,False,R0026;R0029;R0031;R0040;R0046;R0057,6
2140,6,exact,False,False,R0033;R0036,2
2141,12,exact,False,False,R0005;R0008;R0013;R0050,4
2142,-1,exact,True,True,R0041;R0042;R0043;R0048;R0050;R0051;R0053;R0054;R0055;R0056,10
2143,48,exact,False,False,R0044;R0052;R0054,3
2144,16,exact,False,False,R0038;R0045;R0051;R0055,4
2145,29,exact,False,False,R0037;R0051;R0052;R0054,4
2146,27,exact,False,False,R0028,1
2147,48,exact,False,False,R0044;R0048;R0054,3
2148,48,exact,False,False,R0044,1
2149,48,exact,False,False,R0044;R0048;R0051;R0054,4
2150,44,exact,False,False,R0019;R0056,2
2151,27,fallback,False,False,,0
2152,-1,exact,True,True,R0030;R0032;R0044;R0048;R0049;R0051;R0052;R0053;R0054;R0055,12
2153,42,exact,False,False,R0004;R0014;R0035;R0041;R0043;R0048;R0051;R0054,8
2154,48,exact,False,False,R0044;R0051;R0053;R0054,4
2155,42,exact,False,False,R0004;R0014;R0035;R0051;R0052;R0054,6
2156,48,exact,False,False,R0044;R0052;R0054,3
2157,46,fallback,False,False,,0
2158,25,exact,False,False,R0030;R0055;R0056,3
2159,22,fallback,False,False,,0
2160,-1,exact,True,True,R0048;R0051,2
2161,-1,exact,True,True,R0041;R0042;R0043;R0048;R0050;R0051;R0053;R0054;R0055;R0056,10
2162,49,exact,False,False,R0026;R0029;R0031;R0040;R0046,5
2163,-1,exact,True,True,R0041;R0042;R0043;R0045;R0050;R0055;R0056;R0057,8
2164,39,exact,False,False,R0039;R0044;R0054,3
2165,-1,exact,True,True,R0041;R0042;R0043;R0048;R0050;R0051;R0053;R0054;R0055;R0056,11
2166,48,exact,False,False,R0044;R0054,2
2167,6,exact,False,False,R0033;R0036;R0039;R0044;R0054,5
2168,39,exact,False,False,R0039;R0051,2
2169,19,exact,False,False,R0024;R0027;R0038;R0051,4
2170,26,exact,False,False,R0009;R0044;R0049;R0057,4
2171,25,exact,False,False,R0030;R0049;R0053;R0055;R0056;R0057,6
2172,-1,exact,True,True,R0051;R0052;R0054,3
2173,42,exact,False,False,R0014;R0035;R0041;R0042;R0043;R0045;R0048;R0050;R0051,9
2174,14,exact,False,False,R0012;R0035;R0041;R0042;R0043;R0045;R0048;R0050;R0051,9
2175,27,fallback,False,False,,0
2176,25,exact,False,False,R0030;R0044;R0045;R0048;R0049;R0051;R0053;R0055;R0056;R0057,10
2177,29,exact,False,False,R0037,1
2178,-1,exact,True,True,R0041;R0042;R0048;R0051;R0054,5
2179,21,exact,False,False,R0051,1
2180,9,exact,False,False,R0050;R0057,2
2181,36,exact,False,False,R0034;R0039;R0044;R0054,4
2182,40,exact,False,False,R0035;R0041;R0042;R0043;R0048;R0050;R0051;R0054,8
2183,37,exact,False,False,R0002;R0011;R0033;R0036;R0039;R0044;R0051,7
2184,26,exact,False,False,R0006;R0009;R0030;R0032;R0044;R0049;R0051;R0052;R0053;R0054,12
2185,31,exact,False,False,R0025;R0051;R0054,3
2186,44,exact,False,False,R0019,1
2187,49,exact,False,False,R0026;R0029;R0031;R0040;R0046,5
2188,6,exact,False,False,R0033;R0036;R0039;R0044;R0051;R0054,6
2189,37,exact,False,False,R0002;R0008;R0035;R0051,4
2190,39,exact,False,False,R0039;R0044,2
2191,39,exact,False,False,R0039;R0044;R0051,3
2192,19,exact,False,False,R0024;R0027;R0038;R0051,4
2193,45,exact,False,False,R0041;R0048;R0051;R0054,4
2194,38,exact,False,False,R0017;R0024;R0027;R0038;R0048;R0051;R0052;R0054;R0055,9
2195,-1,fallback,True,False,,0
2196,1,exact,False,False,R0032;R0049;R0057,3
2197,-1,exact,True,True,R0041;R0042;R0043;R0050,4
2198,41,fallback,False,False,,0
2199,-1,exact,True,True,R0042;R0043;R0045;R0050;R0053,5
2200,19,exact,False,False,R0024;R0027;R0038;R0051;R0052;R0054,6
2201,48,exact,False,False,R0044;R0051;R0052;R0054,4
2202,0,exact,False,False,R0036;R0052,2
2203,44,exact,False,False,R0019;R0032;R0055,3
2204,39,exact,False,False,R0039;R0044;R0051;R0054,4
2205,1,exact,False,False,R0032;R0042;R0043;R0050,4
2206,48,exact,False,False,R0044;R0052;R0054,3
2207,6,exact,False,False,R0033;R0036;R0039;R0044,4
2208,37,exact,False,False,R0011;R0033;R0036;R0039;R0044;R0051,6
2209,4,exact,False,False,R0018;R0044;R0048;R0050,4
2210,-1,exact,True,True,R0052;R0054,2
2211,6,exact,False,False,R0033;R0044;R0051;R0052;R0054,5
2212,27,exact,False,False,R0028;R0034;R0044;R0052;R0054,5
2213,7,fallback,False,False,,0
2214,28,exact,False,False,R0010;R0044;R0051;R0054,4
2215,30,exact,False,False,R0001;R0051,2
2216,1,exact,False,False,R0032;R0042;R0043;R0050,4
2217,23,exact,False,False,R0031,1
2218,38,exact,False,False,R0017;R0044;R0048;R0051,4
2219,6,exact,False,False,R0033;R0036,2
2220,27,exact,False,False,R0028;R0044;R0052;R0054,4
2221,-1,exact,True,True,R0037;R0041;R0042;R0043;R0048;R0050;R0051;R0053;R0054;R0055,11
2222,40,exact,False,False,R0035;R0041;R0042;R0043;R0045;R0048;R0050;R0051,8
2223,47,exact,False,False,R0045;R0048;R0051;R0055,4
2224,49,exact,False,False,R0026;R0029;R0031;R0040;R0046;R0057,6
2225,3,exact,False,False,R0056,1
2226,-1,exact,True,True,R0041;R0042;R0043;R0048;R0050;R0051;R0054;R0055,8
2227,39,exact,False,False,R0039;R0044;R0052;R0054,4
2228,9,exact,False,False,R0050,1
2229,48,exact,False,False,R0044;R0051;R0053;R0054,4
2230,40,exact,False,False,R0035;R0051,2
2231,40,exact,False,False,R0035;R0041;R0042;R0043;R0045;R0048;R0050;R0051,8
2232,6,exact,False,False,R0033;R0036;R0039;R0044;R0051,5
2233,1,exact,False,False,R0032;R0042;R0043;R0050;R0055;R0056,6
2234,-1,fallback,True,False,,0
2235,48,exact,False,False,R0044;R0051;R0054,3
2236,-1,exact,True,True,R0051;R0052;R0054,3
2237,16,exact,False,False,R0038;R0045;R0051,3
2238,41,fallback,False,False,,0
2239,-1,exact,True,True,R0052;R0057,2
2240,1,exact,False,False,R0032;R0051;R0053;R0054;R0055;R0056,6
2241,19,exact,False,False,R0024;R0027,2
2242,19,exact,False,False,R0024;R0027;R0038;R0051;R0052;R0054,6
2243,15,exact,False,False,R0054,1
2244,25,exact,False,False,R0030;R0044;R0048;R0051;R0053,5
2245,49,exact,False,False,R0026;R0029;R0031;R0040;R0046,5
2246,25,exact,False,False,R0030;R0042;R0043;R0045;R0050;R0055;R0056,7
2247,37,exact,False,False,R0002;R0033;R0036;R0039;R0044,5
2248,36,exact,False,False,R0034,1
2249,41,exact,False,False,R0052,1
2250,37,exact,False,False,R0011;R0033;R0036;R0039;R0044;R0051,6
2251,30,exact,False,False,R0001;R0039;R0044;R0051;R0052;R0054,6
2252,39,exact,False,False,R0039;R0044;R0052;R0054,4
2253,12,exact,False,False,R0005;R0035;R0041;R0042;R0043;R0045;R0048;R0050;R0051,9
2254,49,exact,False,False,R0026;R0029;R0031;R0040;R0046,5
2255,6,exact,False,False,R0033;R0036;R0039;R0044;R0052;R0054,6
2256,6,exact,False,False,R0033;R0036,2
2257,35,exact,False,False,R0023,1
2258,35,fallback,False,False,,0
2259,9,exact,False,False,R0050;R0056,2
2260,6,exact,False,False,R0033;R0036,2
2261,49,exact,False,False,R0026;R0029;R0031;R0040;R0046,5
2262,21,exact,False,False,R0051,1
2263,36,exact,False,False,R0034;R0039;R0044;R0052;R0054,5
2264,48,exact,False,False,R0044;R0051,2
2265,3,fallback,False,False,,0
2266,41,exact,False,False,R0052,1
2267,39,exact,False,False,R0039;R0052;R0054,3
2268,6,fallback,False,False,,0
2269,29,exact,False,False,R0037,1
2270,40,exact,False,False,R0035;R0041;R0042;R0043;R0048;R0050;R0051;R0054,8
2271,44,exact,False,False,R0019;R0032;R0042;R0043;R0050,5
2272,48,exact,False,False,R0044;R0048;R0051;R0053;R0054,5
2273,22,fallback,False,False,,0
2274,21,exact,False,False,R0051,1
2275,-1,exact,True,True,R0044;R0045;R0049;R0051;R0055,5
2276,36,exact,False,False,R0034,1
2277,-1,exact,True,True,R0041;R0042;R0043;R0045;R0048;R0050;R0051;R0053;R0055;R0056,10
2278,19,exact,False,False,R0024;R0027;R0038;R0045;R0051,5
2279,44,exact,False,False,R0019;R0032;R0042;R0043;R0050,5
2280,4,exact,False,False,R0018;R0044;R0048;R0050;R0054,5
2281,41,fallback,False,False,,0
2282,49,exact,False,False,R0026;R0029;R0040;R0046,4
2283,6,exact,False,False,R0033;R0036;R0039;R0044;R0051;R0052;R0054,7
2284,18,exact,False,False,R0020;R0021,2
2285,47,exact,False,False,R0045,1
2286,9,exact,False,False,R0050,1
2287,42,exact,False,False,R0014;R0054,2
2288,-1,exact,True,True,R0048;R0050,2
2289,-1,exact,True,True,R0042;R0043;R0050,3
2290,31,exact,False,False,R0025;R0041;R0042;R0043;R0045;R0048;R0050;R0051;R0053;R0055,11
2291,48,exact,False,False,R0044;R0052;R0054,3
2292,-1,exact,True,True,R0041;R0043;R0048;R0051;R0054,5
2293,49,exact,False,False,R0026;R0029;R0031;R0040;R0046,5
2294,6,exact,False,False,R0033;R0039;R0044;R0052;R0054,5
2295,6,exact,False,False,R0033;R0036;R0039;R0044;R0054,5
2296,-1,exact,True,True,R0042;R0043;R0050;R0055;R0056,5
2297,25,exact,False,False,R0030;R0043,2
2298,1,exact,False,False,R0032;R0041;R0042;R0043;R0048;R0050;R0051;R0054,8
2299,14,exact,False,False,R0012;R0035;R0041;R0043;R0048;R0051,6
2300,6,exact,False,False,R0033;R0036;R0039;R0044;R0052;R0054,6
2301,6,exact,False,False,R0033;R0036;R0039;R0044;R0051;R0054,6
2302,12,exact,False,False,R0005;R0008;R0035;R0051,4
2303,-1,exact,True,True,R0028;R0033;R0036,3
2304,35,exact,False,False,R0023,1
2305,19,exact,False,False,R0024;R0027;R0038;R0051;R0052;R0054,6
2306,6,exact,False,False,R0033;R0036;R0039;R0044;R0052;R0054,6
2307,-1,exact,True,True,R0041;R0042;R0043;R0045;R0048;R0050;R0051;R0055,8
2308,12,exact,False,False,R0005;R0008;R0035;R0041;R0042;R0043;R0048;R0050;R0051,9
2309,48,exact,False,False,R0044;R0048;R0050;R0053;R0054;R0057,6
2310,6,exact,False,False,R0033;R0036;R0039;R0044;R0054,5
2311,18,exact,False,False,R0020;R0021,2
2312,2,fallback,False,False,,0
2313,30,exact,False,False,R0001,1
2314,38,exact,False,False,R0017;R0045,2
2315,48,exact,False,False,R0044;R0054,2
2316,25,exact,False,False,R0030;R0045;R0055;R0056,4
2317,27,exact,False,False,R0028;R0034,2
2318,19,exact,False,False,R0024;R0027;R0038;R0051;R0052;R0054,6
2319,6,fallback,False,False,,0
2320,29,exact,False,False,R0037,1
2321,-1,exact,True,True,R0041;R0042;R0043;R0045;R0048;R0050;R0051;R0053;R0055;R0056,10
2322,-1,exact,True,True,R0051;R0054,2
2323,-1,exact,True,True,R0048;R0051,2
2324,48,exact,False,False,R0044;R0048;R0049;R0054,4
2325,-1,exact,True,True,R0041;R0042;R0043;R0045;R0048;R0050;R0051;R0053;R0055;R0056,10
2326,29,fallback,False,False,,0
2327,25,exact,False,False,R0030,1
2328,41,exact,False,False,R0052,1
2329,1,exact,False,False,R0032;R0055,2
2330,47,exact,False,False,R0045;R0055;R0056,3
2331,-1,exact,True,True,R0042;R0043;R0050;R0053,4
2332,-1,exact,True,True,R0041;R0043;R0048;R0051;R0053;R0054,6
2333,28,exact,False,False,R0010;R0051;R0052;R0053;R0054,5
2334,12,exact,False,False,R0008;R0035;R0041;R0042;R0043;R0048;R0050;R0051,8
2335,42,exact,False,False,R0004;R0016;R0035;R0041;R0042;R0043;R0048;R0050;R0051;R0054,10
2336,49,exact,False,False,R0026;R0029;R0031;R0040;R0046;R0057,6
2337,8,fallback,False,False,,0
2338,36,exact,False,False,R0034,1
2339,31,exact,False,False,R0025;R0032;R0035;R0041;R0042;R0043;R0048;R0050;R0051;R0053,11
2340,-1,exact,True,True,R0041;R0042;R0043;R0044;R0048;R0049;R0050;R0051;R0053;R0054,11
2341,41,exact,False,False,R0052,1
2342,49,exact,False,False,R0026;R0029;R0031;R0040;R0046;R0057,6
2343,28,exact,False,False,R0010;R0044;R0051;R0053;R0054,5
2344,36,exact,False,False,R0034;R0052,2
2345,10,exact,False,False,R0022;R0055;R0056;R0057,4
2346,11,fallback,False,False,,0
2347,40,exact,False,False,R0035;R0041;R0042;R0043;R0045;R0048;R0050;R0051,8
2348,-1,exact,True,True,R0052;R0054,2
2349,36,exact,False,False,R0034;R0039;R0044;R0052;R0054,5
2350,6,exact,False,False,R0033;R0036;R0039;R0044;R0052;R0054,6
2351,41,exact,False,False,R0052,1
2352,25,exact,False,False,R0030;R0044;R0049;R0052;R0053;R0054;R0056;R0057,8
2353,12,exact,False,False,R0005;R0050,2
2354,11,exact,False,False,R0057,1
2355,41,exact,False,False,R0052,1
2356,49,exact,False,False,R0026;R0029;R0031;R0040;R0046,5
2357,11,fallback,False,False,,0
2358,28,exact,False,False,R0010;R0044;R0051;R0052;R0053;R0054,6
2359,23,exact,False,False,R0031;R0057,2
2360,21,exact,False,False,R0051,1
2361,11,exact,False,False,R0057,1
2362,23,exact,False,False,R0031;R0057,2
2363,47,exact,False,False,R0045;R0048;R0051;R0053,4
2364,49,exact,False,False,R0026;R0029;R0040;R0046,4
2365,6,exact,False,False,R0033;R0036;R0039;R0044;R0054,5
2366,-1,exact,True,True,R0051;R0054,2
2367,-1,fallback,True,False,,0
2368,28,fallback,False,False,,0
2369,6,exact,False,False,R0033;R0036;R0039;R0044,4
2370,6,exact,False,False,R0033;R0036,2
2371,34,fallback,False,False,,0
2372,22,fallback,False,False,,0
2373,-1,exact,True,True,R0041;R0042;R0043;R0048;R0050;R0051;R0054,7
2374,1,exact,False,False,R0032;R0055,2
2375,6,exact,False,False,R0033;R0036;R0039;R0044;R0051,5
2376,37,exact,False,False,R0002;R0011;R0033;R0036;R0039;R0044;R0051,7
2377,27,fallback,False,False,,0
2378,27,exact,False,False,R0028,1
2379,19,exact,False,False,R0024;R0027,2
2380,3,exact,False,False,R0056,1
2381,14,exact,False,False,R0012;R0050,2
2382,12,exact,False,False,R0005;R0051,2
2383,4,fallback,False,False,,0
2384,6,exact,False,False,R0033;R0036,2
2385,6,exact,False,False,R0033;R0039;R0044;R0051;R0052;R0054,6
2386,-1,exact,True,True,R0041;R0042;R0043;R0044;R0048;R0050;R0051;R0053;R0054;R0057,10
2387,-1,exact,True,True,R0044;R0045;R0048;R0049;R0051;R0055,6
2388,19,exact,False,False,R0024;R0027;R0038;R0044;R0045;R0051;R0055;R0057,8
2389,25,exact,False,False,R0030;R0056,2
2390,19,exact,False,False,R0024;R0027;R0038;R0051;R0052;R0054,6
2391,19,exact,False,False,R0024;R0027;R0038;R0044;R0049;R0051;R0054;R0057,8
2392,49,exact,False,False,R0026;R0029;R0031;R0040;R0046;R0057,6
2393,-1,exact,True,True,R0051;R0054,2
2394,1,fallback,False,False,,0
2395,-1,exact,True,True,R0041;R0042;R0043;R0045;R0048;R0050;R0051;R0053,8
2396,23,exact,False,False,R0031;R0057,2
2397,48,exact,False,False,R0044;R0052;R0054,3
2398,42,exact,False,False,R0004;R0014;R0035;R0041;R0043;R0048;R0051;R0054,8
2399,48,exact,False,False,R0044;R0052;R0054,3
2400,25,exact,False,False,R0030;R0045;R0048;R0051;R0053;R0055;R0056,7
2401,20,exact,False,False,R0015;R0033;R0036;R0039;R0044;R0054,6
2402,-1,exact,True,True,R0041;R0042;R0043;R0048;R0050;R0051;R0053;R0054;R0055;R0056,11
2403,6,exact,False,False,R0033;R0036;R0039;R0044;R0052;R0054,6
2404,18,exact,False,False,R0020;R0034;R0044;R0052;R0054,5
2405,31,exact,False,False,R0025;R0041;R0042;R0043;R0048;R0050;R0051;R0053;R0054;R0055,11
2406,26,fallback,False,False,,0
2407,6,exact,False,False,R0033;R0036;R0039;R0044;R0051;R0052;R0054,7
2408,23,exact,False,False,R0031;R0056,2
2409,20,exact,False,False,R0015;R0033;R0036;R0039;R0044;R0054,6
2410,27,exact,False,False,R0028;R0044,2
2411,15,exact,False,False,R0054,1
2412,40,exact,False,False,R0035;R0041;R0042;R0043;R0048;R0050;R0051;R0054,8
2413,-1,fallback,True,False,,0
2414,-1,exact,True,True,R0041;R0042;R0043;R0048;R0050;R0051;R0054;R0055,8
2415,4,fallback,False,False,,0
2416,23,exact,False,False,R0031,1
2417,48,exact,False,False,R0044;R0048;R0051;R0052;R0053;R0054,6
2418,18,exact,False,False,R0020;R0021,2
2419,1,exact,False,False,R0032;R0044;R0048;R0051;R0054,5
2420,19,exact,False,False,R0024;R0027;R0038;R0051;R0052;R0054;R0055,7
2421,1,exact,False,False,R0032;R0051;R0052;R0054;R0055,5
2422,29,fallback,False,False,,0
2423,26,exact,False,False,R0009;R0044;R0045;R0049;R0051;R0055;R0057,7
2424,6,exact,False,False,R0033;R0036;R0039;R0044;R0054,5
2425,37,exact,False,False,R0002;R0005;R0008;R0035;R0041;R0042;R0043;R0048;R0050;R0051,10
2426,39,exact,False,False,R0039;R0044;R0051,3
2427,48,exact,False,False,R0044;R0051,2
2428,-1,exact,True,True,R0006;R0030;R0044;R0049;R0051;R0052;R0053;R0054;R0055;R0056,10
2429,-1,fallback,True,False,,0
2430,35,fallback,False,False,,0
2431,-1,exact,True,True,R0048;R0051,2
2432,37,exact,False,False,R0002;R0033;R0036;R0039;R0044;R0051,6
2433,-1,exact,True,True,R0041;R0042;R0043;R0045;R0048;R0050;R0051;R0055,8
2434,29,fallback,False,False,,0
2435,12,fallback,False,False,,0
2436,44,exact,False,False,R0019;R0032;R0047;R0055;R0056;R0057,6
2437,25,exact,False,False,R0030;R0041;R0042;R0043;R0045;R0048;R0050;R0051;R0053;R0055,11
2438,28,exact,False,False,R0003;R0044;R0048;R0051;R0053;R0054,6
2439,31,exact,False,False,R0025,1
2440,-1,exact,True,True,R0044;R0045;R0048;R0049;R0051;R0055;R0057,7
2441,36,exact,False,False,R0034;R0039;R0044;R0052;R0054,5
2442,29,fallback,False,False,,0
2443,40,exact,False,False,R0035;R0041;R0042;R0043;R0048;R0050;R0051;R0054,8
2444,18,exact,False,False,R0020,1
2445,48,exact,False,False,R0044;R0048;R0051;R0053,4
2446,38,fallback,False,False,,0
2447,37,exact,False,False,R0002;R0033;R0036;R0039,4
2448,9,exact,False,False,R0050,1
2449,34,fallback,False,False,,0
2450,44,exact,False,False,R0019,1
2451,-1,exact,True,True,R0055;R0056;R0057,3
2452,-1,exact,True,True,R0041;R0042;R0043;R0045;R0048;R0050;R0051,7
2453,26,exact,False,False,R0009;R0032;R0044;R0051;R0053;R0054,6
2454,19,exact,False,False,R0024;R0027;R0038;R0051;R0052;R0054,6
2455,38,exact,False,False,R0017;R0044;R0048;R0051;R0052;R0054,6
2456,-1,exact,True,True,R0041;R0042;R0043;R0045;R0048;R0050;R0051,7
2457,-1,exact,True,True,R0051;R0053;R0054,3
2458,48,exact,False,False,R0044,1
2459,13,exact,False,False,R0021;R0057,2
2460,18,exact,False,False,R0020;R0021,2
2461,-1,exact,True,True,R0052;R0054,2
2462,-1,exact,True,True,R0041;R0042;R0043;R0045;R0048;R0050;R0051;R0053;R0055;R0056,11
2463,18,exact,False,False,R0020;R0021;R0034,3
2464,-1,exact,True,True,R0048;R0051,2
2465,0,fallback,False,False,,0
2466,48,fallback,False,False,,0
2467,3,fallback,False,False,,0
2468,21,exact,False,False,R0051,1
2469,31,exact,False,False,R0025;R0041;R0042;R0043;R0045;R0048;R0050;R0051;R0053;R0055,11
2470,26,exact,False,False,R0009;R0044;R0051,3
2471,-1,exact,True,True,R0051;R0054;R0055,3
2472,27,exact,False,False,R0028;R0057,2
2473,45,fallback,False,False,,0
2474,6,exact,False,False,R0033;R0036;R0039;R0044;R0051;R0054,6
2475,1,exact,False,False,R0032;R0051;R0052;R0054,4
2476,6,exact,False,False,R0033;R0036;R0039;R0044;R0051,5
2477,35,exact,False,False,R0023;R0030;R0050;R0056,4
2478,31,exact,False,False,R0025;R0041;R0042;R0043;R0045;R0048;R0050;R0051;R0053;R0055,11
2479,6,exact,False,False,R0033;R0036,2
2480,28,exact,False,False,R0010;R0044;R0051;R0053;R0054,5
2481,37,exact,False,False,R0002;R0011;R0033;R0036;R0039;R0044;R0051,7
2482,30,exact,False,False,R0001;R0044,2
2483,48,exact,False,False,R0044;R0051;R0052;R0054,4
2484,41,fallback,False,False,,0
2485,48,exact,False,False,R0044;R0052;R0053;R0054,4
2486,6,exact,False,False,R0033;R0036;R0044;R0052;R0054,5
2487,48,exact,False,False,R0044,1
2488,-1,exact,True,True,R0041;R0042;R0043;R0045;R0048;R0050;R0051;R0055,8
2489,21,exact,False,False,R0051,1
2490,-1,exact,True,True,R0052;R0054,2
2491,6,exact,False,False,R0033;R0036;R0039;R0044;R0051;R0052;R0054,7
2492,31,exact,False,False,R0025;R0041;R0042;R0043;R0050;R0055;R0056,7
2493,36,exact,False,False,R0034;R0052,2
2494,6,exact,False,False,R0033;R0036;R0044;R0052;R0054,5
2495,-1,exact,True,True,R0042;R0043;R0045;R0050;R0053;R0055;R0056,7
2496,37,exact,False,False,R0002;R0033;R0036,3
2497,26,exact,False,False,R0009;R0044,2
2498,38,exact,False,False,R0017;R0044;R0048;R0051,4
2499,30,exact,False,False,R0001;R0052;R0054,3
2500,9,exact,False,False,R0050;R0056,2
2501,14,exact,False,False,R0012;R0035;R0042;R0043;R0045;R0050,6
2502,48,exact,False,False,R0044;R0052;R0054,3
2503,40,exact,False,False,R0035;R0041;R0042;R0048;R0051;R0054,6
2504,-1,exact,True,True,R0048;R0051,2
2505,37,exact,False,False,R0011;R0033;R0036;R0039;R0044;R0051;R0054,7
2506,9,exact,False,False,R0050;R0056,2
2507,40,exact,False,False,R0035;R0041;R0043;R0048;R0051;R0054,6
2508,-1,exact,True,True,R0044;R0045;R0049;R0051;R0053;R0057,6
2509,36,exact,False,False,R0034;R0039;R0044;R0054,4
2510,14,exact,False,False,R0012;R0048;R0050,3
2511,31,exact,False,False,R0025;R0053;R0055;R0056,4
2512,-1,exact,True,True,R0041;R0042;R0043;R0048;R0050;R0051;R0054,7
2513,31,exact,False,False,R0025;R0042;R0043;R0045;R0050;R0055;R0056,7
2514,-1,exact,True,True,R0051;R0054,2
2515,48,exact,False,False,R0044;R0051;R0052;R0054,4
2516,1,exact,False,False,R0032;R0042;R0043;R0050,4
2517,27,exact,False,False,R0028;R0034;R0039;R0044;R0052;R0054,6
2518,28,exact,False,False,R0010;R0044;R0051;R0053,4
2519,6,exact,False,False,R0033;R0036;R0039;R0044;R0051,5
2520,39,exact,False,False,R0039,1
2521,49,exact,False,False,R0026;R0029;R0031;R0040;R0046,5
2522,6,exact,False,False,R0033;R0036;R0039;R0044;R0051;R0052;R0054,7
2523,48,exact,False,False,R0044;R0054,2
2524,6,exact,False,False,R0033;R0036;R0044;R0054,4
2525,37,exact,False,False,R0002;R0005;R0048;R0050,4
2526,46,exact,False,False,R0047;R0057,2
2527,6,exact,False,False,R0033;R0036;R0039;R0044;R0052;R0054,6
2528,-1,exact,True,True,R0041;R0042;R0043;R0048;R0050;R0051;R0054,7
2529,15,exact,False,False,R0054,1
2530,6,exact,False,False,R0033;R0036;R0044;R0051;R0054,5
2531,41,exact,False,False,R0052,1
2532,49,exact,False,False,R0026;R0029;R0031;R0040;R0046,5
2533,27,exact,False,False,R0028;R0044,2
2534,48,exact,False,False,R0044;R0048;R0051;R0053;R0054,5
2535,49,exact,False,False,R0026;R0029;R0031;R0040;R0046,5
2536,0,exact,False,False,R0036;R0039;R0051;R0052;R0054,5
2537,27,exact,False,False,R0028;R0034;R0044;R0052;R0054,5
2538,36,exact,False,False,R0034;R0039;R0044;R0052;R0054,5
2539,-1,exact,True,True,R0041;R0042;R0043;R0048;R0050;R0051;R0053;R0054,8
2540,47,exact,False,False,R0045;R0048;R0051;R0053;R0055;R0056,6
2541,19,exact,False,False,R0024;R0027;R0038;R0044;R0049;R0051;R0054,7
2542,-1,exact,True,True,R0041;R0042;R0043;R0044;R0045;R0048;R0050;R0051;R0053;R0057,10
2543,18,exact,False,False,R0020,1
2544,47,exact,False,False,R0045;R0055;R0057,3
2545,36,exact,False,False,R0034;R0052,2
2546,40,exact,False,False,R0035;R0041;R0048;R0051,4
2547,12,exact,False,False,R0005;R0035;R0041;R0042;R0043;R0048;R0050;R0051,8
2548,40,exact,False,False,R0035;R0041;R0042;R0043;R0045;R0048;R0050;R0051,8
2549,-1,exact,True,True,R0044;R0045;R0048;R0049;R0051;R0055;R0057,7
2550,19,exact,False,False,R0024;R0027;R0038;R0051;R0052;R0054;R0055,7
2551,-1,exact,True,True,R0051;R0052;R0054,3
2552,42,exact,False,False,R0004;R0014;R0035;R0048;R0051;R0054,6
2553,23,exact,False,False,R0031;R0056,2
2554,27,exact,False,False,R0028;R0044;R0052;R0054,4
2555,-1,exact,True,True,R0051;R0052;R0054,3
2556,27,exact,False,False,R0028;R0034;R0044;R0052;R0054,5
2557,-1,exact,True,True,R0052;R0054,2
2558,48,exact,False,False,R0044;R0051;R0054,3
2559,6,exact,False,False,R0033;R0036;R0039;R0044,4
2560,30,exact,False,False,R0001;R0044,2
2561,12,exact,False,False,R0016;R0035;R0041;R0042;R0043;R0048;R0050;R0051,8
2562,49,exact,False,False,R0026;R0029;R0031;R0040;R0046;R0057,6
2563,40,exact,False,False,R0035;R0041;R0042;R0043;R0048;R0050;R0051;R0054,8
2564,-1,exact,True,True,R0042;R0043;R0050,3
2565,6,exact,False,False,R0033;R0036;R0044;R0052;R0054,5
2566,29,exact,False,False,R0037;R0048,2
2567,48,exact,False,False,R0044;R0054,2
2568,37,exact,False,False,R0011;R0033;R0036;R0044;R0051,5
2569,28,exact,False,False,R0009;R0010;R0032;R0044;R0051;R0054,6
2570,19,exact,False,False,R0024;R0027;R0038;R0055,4
2571,30,exact,False,False,R0001;R0039;R0051;R0052;R0054,5
2572,48,exact,False,False,R0044,1
2573,36,exact,False,False,R0034,1
2574,11,exact,False,False,R0057,1
2575,6,exact,False,False,R0033;R0036;R0039;R0044;R0051,5
2576,49,exact,False,False,R0026;R0029;R0031;R0040;R0046,5
2577,49,exact,False,False,R0026;R0029;R0031;R0040;R0046,5
2578,-1,exact,True,True,R0041;R0042;R0043;R0048;R0050;R0051;R0054,7
2579,48,exact,False,False,R0044;R0049;R0052;R0053;R0054;R0057,6
2580,-1,fallback,True,False,,0
2581,48,exact,False,False,R0044,1
2582,26,exact,False,False,R0009;R0044;R0049;R0051,4
2583,44,exact,False,False,R0019,1
2584,36,exact,False,False,R0034;R0039;R0044;R0051;R0054,5
2585,6,fallback,False,False,,0
2586,20,exact,False,False,R0015;R0033;R0036;R0039,4
2587,6,exact,False,False,R0033;R0036;R0039;R0044;R0051,5
2588,28,exact,False,False,R0010;R0032,2
2589,30,exact,False,False,R0001,1
2590,6,exact,False,False,R0033;R0036,2
2591,39,exact,False,False,R0039;R0044;R0051;R0054,4
2592,21,exact,False,False,R0051,1
2593,-1,exact,True,True,R0042;R0043;R0050;R0055;R0056,5
2594,-1,exact,True,True,R0051;R0054,2
2595,26,exact,False,False,R0009;R0044;R0049;R0051,4
2596,25,exact,False,False,R0030;R0045;R0055;R0056,4
2597,46,exact,False,False,R0047,1
2598,36,exact,False,False,R0034;R0039;R0044;R0052;R0054,5
2599,48,exact,False,False,R0044;R0051;R0052;R0054,4
2600,49,exact,False,False,R0026;R0029;R0031;R0040;R0046;R0057,6
2601,6,exact,False,False,R0033;R0036;R0039;R0044;R0052;R0054,6
2602,49,exact,False,False,R0026;R0029;R0031;R0040;R0046,5
2603,35,exact,False,False,R0023;R0047;R0055;R0056;R0057,5
2604,-1,exact,True,True,R0051;R0052;R0054,3
2605,48,exact,False,False,R0044;R0052;R0054,3
2606,-1,exact,True,True,R0048;R0051,2
2607,48,exact,False,False,R0044;R0051;R0054,3
2608,38,exact,False,False,R0017;R0048;R0051;R0052;R0054,5
2609,30,exact,False,False,R0001;R0044;R0054,3
2610,30,exact,False,False,R0001,1
2611,29,exact,False,False,R0037;R0055;R0056,3
2612,48,exact,False,False,R0044;R0048;R0051;R0053;R0054,5
2613,6,exact,False,False,R0033;R0036;R0039;R0044,4
2614,1,exact,False,False,R0032;R0042;R0043;R0050,4
2615,18,exact,False,False,R0020;R0052,2
2616,35,exact,False,False,R0023;R0055,2
2617,1,fallback,False,False,,0
2618,27,exact,False,False,R0028;R0044;R0052;R0054,4
2619,4,exact,False,False,R0018;R0044;R0048;R0050;R0054,5
2620,6,exact,False,False,R0033;R0036,2
2621,39,exact,False,False,R0039;R0044;R0051;R0052;R0054,5
2622,-1,fallback,True,False,,0
2623,29,fallback,False,False,,0
2624,-1,exact,True,True,R0048;R0050,2
2625,48,exact,False,False,R0044;R0052;R0054,3
2626,40,exact,False,False,R0035;R0051,2
2627,6,exact,False,False,R0033;R0036;R0039;R0044;R0051;R0054,6
2628,6,fallback,False,False,,0
2629,19,exact,False,False,R0024;R0027;R0038;R0044;R0049;R0051;R0052;R0054;R0057,9
2630,49,exact,False,False,R0026;R0029;R0031;R0040;R0046;R0057,6
2631,35,exact,False,False,R0023;R0047;R0055;R0056;R0057,5
2632,48,exact,False,False,R0044;R0049;R0051;R0053,4
2633,-1,exact,True,True,R0051;R0052;R0054,3
2634,25,exact,False,False,R0030;R0041;R0042;R0043;R0044;R0048;R0049;R0050;R0051;R0053,13
2635,22,exact,False,False,R0007;R0034;R0039;R0044;R0051;R0052;R0054,7
2636,45,exact,False,False,R0041;R0048;R0051;R0054,4
2637,19,exact,False,False,R0024;R0027;R0038;R0045;R0051,5
2638,49,exact,False,False,R0026;R0029;R0031;R0040;R0046,5
2639,7,exact,False,False,R0042,1
2640,-1,fallback,True,False,,0
2641,-1,fallback,True,False,,0
2642,28,fallback,False,False,,0
2643,39,exact,False,False,R0039;R0051,2
2644,26,exact,False,False,R0009;R0030;R0045;R0049;R0053;R0055;R0056;R0057,8
2645,48,exact,False,False,R0044,1
2646,23,exact,False,False,R0031;R0056,2
2647,48,exact,False,False,R0044;R0051;R0052;R0054,4
2648,1,exact,False,False,R0032;R0048;R0051;R0052;R0054,5
2649,48,exact,False,False,R0044;R0051;R0054,3
2650,49,exact,False,False,R0026;R0029;R0031;R0040;R0046,5
2651,-1,exact,True,True,R0042;R0043;R0050;R0055;R0056,5
2652,14,exact,False,False,R0012;R0048;R0050,3
2653,36,exact,False,False,R0034;R0039;R0044;R0052;R0054,5
2654,25,exact,False,False,R0030;R0048;R0051;R0052;R0053;R0054;R0055;R0056,8
2655,48,exact,False,False,R0044;R0052;R0054,3
2656,6,exact,False,False,R0033;R0036;R0039;R0044;R0051,5
2657,49,exact,False,False,R0026;R0029;R0040;R0046,4
2658,6,exact,False,False,R0033;R0036;R0039;R0044;R0051;R0054,6
2659,-1,exact,True,True,R0041;R0042;R0043;R0048;R0050;R0051;R0054,7
2660,6,exact,False,False,R0033;R0036;R0044;R0051;R0054,5
2661,6,exact,False,False,R0033;R0036;R0039;R0044;R0052;R0054,6
2662,-1,exact,True,True,R0051;R0052;R0054,3
2663,-1,fallback,True,False,,0
2664,27,exact,False,False,R0028,1
2665,28,exact,False,False,R0003;R0044;R0048;R0051;R0053;R0054,6
2666,12,exact,False,False,R0005;R0008;R0035;R0041;R0042;R0043;R0048;R0050;R0051,9
2667,25,exact,False,False,R0030;R0045;R0047;R0055;R0056;R0057,6
2668,49,exact,False,False,R0026;R0029;R0031;R0040;R0046;R0057,6
2669,31,exact,False,False,R0025;R0041;R0042,3
2670,1,exact,False,False,R0032,1
2671,39,exact,False,False,R0039,1
2672,19,exact,False,False,R0024;R0027;R0044;R0052;R0054,5
2673,48,exact,False,False,R0044;R0048;R0051;R0053;R0054,5
2674,48,exact,False,False,R0044,1
2675,-1,exact,True,True,R0041;R0042;R0043;R0048;R0050;R0051;R0053;R0054,8
2676,10,exact,False,False,R0022;R0044;R0051,3
2677,40,exact,False,False,R0035;R0041;R0042;R0043;R0048;R0050;R0051;R0054,8
2678,-1,exact,True,True,R0041;R0042;R0043;R0045;R0048;R0050;R0051,7
2679,27,exact,False,False,R0028;R0034;R0039;R0044;R0052;R0054,6
2680,48,exact,False,False,R0044;R0048;R0051,3
2681,25,exact,False,False,R0030;R0051;R0053,3
2682,19,exact,False,False,R0024;R0027;R0038;R0051,4
2683,49,exact,False,False,R0026;R0029;R0031;R0040;R0046;R0057,6
2684,6,exact,False,False,R0033;R0036;R0039;R0044;R0051;R0052;R0054,7
2685,26,exact,False,False,R0009;R0044;R0049;R0051,4
2686,30,exact,False,False,R0001;R0044;R0054,3
2687,6,exact,False,False,R0033;R0036;R0039;R0044;R0052;R0054,6
2688,48,exact,False,False,R0044;R0051;R0052;R0054,4
2689,41,exact,False,False,R0052,1
2690,38,exact,False,False,R0017;R0048;R0051;R0052;R0054,5
2691,13,fallback,False,False,,0
2692,12,exact,False,False,R0005;R0016;R0035;R0041;R0042;R0043;R0048;R0050;R0051,9
2693,36,exact,False,False,R0034;R0039;R0052;R0054,4
2694,48,exact,False,False,R0044;R0051;R0052;R0054,4
2695,-1,exact,True,True,R0051;R0054,2
2696,19,exact,False,False,R0024;R0027;R0038;R0044;R0051,5
2697,42,exact,False,False,R0014;R0044;R0052;R0054,4
2698,25,exact,False,False,R0030;R0042;R0043;R0050;R0055;R0056,6
2699,18,exact,False,False,R0020;R0021,2
2700,31,exact,False,False,R0025;R0042;R0043;R0050;R0053;R0055;R0056,7
2701,36,exact,False,False,R0034;R0044;R0052;R0054,4
2702,21,exact,False,False,R0051,1
2703,-1,fallback,True,False,,0
2704,48,exact,False,False,R0044;R0048;R0051;R0053,4
2705,28,fallback,False,False,,0
2706,40,exact,False,False,R0035,1
2707,48,exact,False,False,R0044;R0048;R0051,3
2708,6,exact,False,False,R0033;R0036,2
2709,48,exact,False,False,R0044;R0051;R0052;R0054,4
2710,41,fallback,False,False,,0
2711,4,exact,False,False,R0018;R0044;R0048;R0054,4
2712,25,exact,False,False,R0030;R0044;R0045;R0048;R0049;R0051;R0053;R0055;R0056,9
2713,6,exact,False,False,R0033;R0036;R0039;R0044;R0052;R0054,6
2714,12,exact,False,False,R0005;R0050,2
2715,-1,exact,True,True,R0052;R0054,2
2716,19,exact,False,False,R0024;R0027;R0038;R0051;R0052;R0054,6
2717,-1,exact,True,True,R0041;R0042;R0043;R0048;R0050;R0051;R0054;R0055,8
2718,1,exact,False,False,R0032;R0055,2
2719,38,exact,False,False,R0017;R0052,2
2720,6,exact,False,False,R0033;R0036;R0039;R0044;R0054,5
2721,14,exact,False,False,R0012;R0050,2
2722,48,exact,False,False,R0044;R0052;R0054,3
2723,41,fallback,False,False,,0
2724,39,exact,False,False,R0039;R0051;R0052;R0054,4
2725,36,exact,False,False,R0034,1
2726,31,exact,False,False,R0025;R0041;R0042;R0043;R0048;R0050;R0051;R0053;R0054;R0055,11
2727,18,exact,False,False,R0020,1
2728,48,exact,False,False,R0044;R0048;R0051,3
2729,31,exact,False,False,R0025;R0041;R0042;R0043;R0045;R0048;R0050;R0051;R0053;R0055,11
2730,0,exact,False,False,R0036;R0039;R0051,3
2731,33,exact,False,False,R0053,1
2732,23,exact,False,False,R0031;R0056,2
2733,-1,exact,True,True,R0042;R0043;R0045;R0050,4
2734,48,exact,False,False,R0044;R0052;R0054,3
2735,39,exact,False,False,R0039;R0044;R0052;R0054,4
2736,6,exact,False,False,R0033;R0036;R0039;R0044;R0052;R0054,6
2737,9,exact,False,False,R0050;R0056;R0057,3
2738,26,exact,False,False,R0009;R0044;R0051,3
2739,35,exact,False,False,R0023,1
2740,19,exact,False,False,R0024;R0027;R0038;R0051;R0052;R0054;R0055,7
2741,36,exact,False,False,R0034;R0044;R0052;R0054,4
2742,49,exact,False,False,R0026;R0029;R0031;R0040;R0046;R0057,6
2743,-1,exact,True,True,R0051;R0052;R0054,3
2744,47,exact,False,False,R0045;R0055;R0056;R0057,4
2745,6,exact,False,False,R0033;R0036,2
2746,31,exact,False,False,R0025;R0041;R0042;R0043;R0048;R0050;R0051;R0053;R0054;R0055,11
2747,19,exact,False,False,R0024;R0027,2
2748,42,exact,False,False,R0004;R0032;R0035;R0041;R0042;R0043;R0048;R0050;R0051;R0054,10
2749,19,exact,False,False,R0024;R0027;R0038;R0051;R0052;R0054,6
2750,1,fallback,False,False,,0
2751,19,exact,False,False,R0024;R0027;R0038;R0051;R0052;R0054,6
2752,30,exact,False,False,R0001,1
2753,48,exact,False,False,R0044,1
2754,49,exact,False,False,R0026;R0029;R0031;R0040;R0046,5
2755,30,exact,False,False,R0001;R0052;R0054,3
2756,46,exact,False,False,R0047;R0057,2
2757,-1,exact,True,True,R0041;R0042;R0043;R0048;R0050;R0051;R0054,7
2758,47,exact,False,False,R0045;R0051;R0053;R0055;R0056,5
2759,-1,exact,True,True,R0041;R0042;R0043;R0045;R0048;R0050;R0051;R0053;R0055;R0056,10
2760,38,exact,False,False,R0017;R0048;R0051,3
2761,-1,exact,True,True,R0041;R0042;R0043;R0045;R0048;R0050;R0051,7
2762,47,exact,False,False,R0045;R0048;R0051;R0055,4
2763,39,exact,False,False,R0039;R0044;R0051;R0052;R0054,5
2764,37,exact,False,False,R0002;R0039;R0044;R0051,4
2765,34,exact,False,False,R0055,1
2766,47,exact,False,False,R0045;R0048;R0051;R0053;R0055;R0056,6
2767,-1,fallback,True,False,,0
2768,30,exact,False,False,R0001,1
2769,6,exact,False,False,R0033;R0036,2
2770,36,exact,False,False,R0034;R0039;R0044;R0051;R0052;R0054,6
2771,-1,exact,True,True,R0044;R0045;R0049;R0051;R0053;R0057,6
2772,6,exact,False,False,R0033;R0036,2
2773,39,exact,False,False,R0039;R0051;R0052;R0054,4
2774,49,exact,False,False,R0026;R0029;R0031;R0040;R0046,5
2775,49,exact,False,False,R0026;R0029;R0031;R0040;R0046,5
2776,-1,fallback,True,False,,0
2777,-1,exact,True,True,R0041;R0042;R0043;R0045;R0048;R0050;R0051;R0055,8
2778,12,exact,False,False,R0005;R0008;R0035;R0041;R0042;R0043;R0048;R0050;R0051,9
2779,37,exact,False,False,R0002;R0039;R0044;R0051,4
2780,40,exact,False,False,R0035;R0041;R0042;R0043;R0045;R0048;R0050;R0051,8
2781,46,exact,False,False,R0047;R0057,2
2782,40,exact,False,False,R0035;R0041;R0042;R0043;R0045;R0048;R0050;R0051,8
2783,19,exact,False,False,R0024;R0027;R0038;R0051,4
2784,49,exact,False,False,R0026;R0029;R0031;R0040;R0046;R0057,6
2785,-1,exact,True,True,R0044;R0045;R0049;R0051;R0053;R0057,6
2786,-1,exact,True,True,R0042;R0043;R0045;R0050;R0053;R0055;R0056,7
2787,49,exact,False,False,R0026;R0029;R0031;R0040;R0046,5
2788,48,exact,False,False,R0044,1
2789,-1,exact,True,True,R0048;R0050;R0053;R0054,4
2790,12,exact,False,False,R0005;R0016;R0035;R0041;R0042;R0043;R0048;R0050;R0051,9
2791,-1,exact,True,True,R0052;R0054,2
2792,22,exact,False,False,R0007;R0034,2
2793,28,exact,False,False,R0010;R0044;R0051;R0054,4
2794,47,exact,False,False,R0045;R0051;R0055,3
2795,48,exact,False,False,R0044;R0051;R0054,3
2796,36,exact,False,False,R0034;R0039;R0044;R0051;R0054,5
2797,26,exact,False,False,R0006;R0009;R0030;R0044;R0045;R0049;R0051;R0053;R0055;R0056,11
2798,25,exact,False,False,R0030;R0045;R0055;R0056,4
2799,39,exact,False,False,R0039;R0052;R0054,3
2800,-1,exact,True,True,R0041;R0042;R0043;R0045;R0048;R0050;R0051;R0053,8
2801,6,fallback,False,False,,0
2802,-1,exact,True,True,R0041;R0042;R0043;R0044;R0048;R0050;R0051;R0053;R0054;R0057,10
2803,49,exact,False,False,R0026;R0029;R0031;R0040;R0046,5
2804,49,exact,False,False,R0026;R0029;R0031;R0040;R0046,5
2805,40,exact,False,False,R0035;R0042;R0043;R0045;R0050,5
2806,40,exact,False,False,R0035;R0048;R0051;R0054,4
2807,44,exact,False,False,R0019;R0032;R0055;R0056,4
2808,-1,exact,True,True,R0041;R0042;R0043;R0045;R0048;R0050;R0051;R0055,8
2809,47,exact,False,False,R0045;R0048;R0051,3
2810,36,exact,False,False,R0034;R0052,2
2811,6,exact,False,False,R0033;R0036;R0039;R0044;R0051;R0052;R0054,7
2812,23,exact,False,False,R0031,1
2813,-1,exact,True,True,R0041;R0042;R0043;R0048;R0050;R0051;R0053;R0054,8
2814,41,exact,False,False,R0052,1
2815,25,exact,False,False,R0030;R0045;R0049;R0055;R0056;R0057,6
2816,37,exact,False,False,R0002;R0011;R0039;R0044;R0051,5
2817,-1,exact,True,True,R0052;R0054,2
2818,25,exact,False,False,R0030;R0044;R0048;R0049;R0051;R0053,6
2819,6,exact,False,False,R0033;R0036;R0039;R0044;R0052;R0054,6
2820,-1,fallback,True,False,,0
2821,48,exact,False,False,R0044;R0051;R0052;R0054,4
2822,44,exact,False,False,R0019;R0032;R0055,3
2823,-1,exact,True,True,R0048;R0051;R0054,3
2824,-1,fallback,True,False,,0
2825,6,exact,False,False,R0033;R0036,2
2826,48,fallback,False,False,,0
2827,39,exact,False,False,R0039;R0044;R0052;R0054,4
2828,19,exact,False,False,R0024;R0027;R0038;R0045;R0051;R0055,6
2829,-1,exact,True,True,R0041;R0042;R0043;R0048;R0050;R0051;R0054,7
2830,6,exact,False,False,R0033;R0036;R0039;R0044;R0052;R0054,6
2831,9,exact,False,False,R0050,1
2832,6,exact,False,False,R0033;R0036;R0039;R0044;R0051;R0052;R0054,7
2833,18,exact,False,False,R0020;R0021,2
2834,37,exact,False,False,R0002;R0011;R0033;R0036;R0039;R0044;R0051,7
2835,42,exact,False,False,R0014;R0035;R0048;R0051,4
2836,-1,exact,True,True,R0041;R0042;R0048;R0051;R0054,5
2837,6,exact,False,False,R0033;R0036;R0039;R0044;R0051,5
2838,48,exact,False,False,R0044;R0052;R0054,3
2839,31,exact,False,False,R0025;R0035;R0041;R0042;R0043;R0045;R0048;R0050;R0051;R0053,10
2840,10,fallback,False,False,,0
2841,-1,exact,True,True,R0041;R0042;R0043;R0048;R0050;R0051;R0053;R0054;R0057,9
2842,48,exact,False,False,R0044,1
2843,37,exact,False,False,R0002;R0039;R0044;R0051,4
2844,39,exact,False,False,R0039;R0044;R0051;R0052;R0054,5
2845,44,exact,False,False,R0019;R0045;R0047;R0055;R0057,5
2846,16,exact,False,False,R0038;R0044;R0049;R0051,4
2847,22,exact,False,False,R0007;R0034;R0052,3
2848,19,exact,False,False,R0024;R0027;R0038;R0044;R0051;R0052;R0054,7
2849,49,exact,False,False,R0026;R0029;R0031;R0040;R0046,5
2850,18,exact,False,False,R0020;R0034,2
2851,25,exact,False,False,R0030;R0044;R0045;R0048;R0049;R0051;R0053;R0055;R0056;R0057,10
2852,18,fallback,False,False,,0
2853,3,fallback,False,False,,0
2854,37,exact,False,False,R0011;R0033;R0036;R0039;R0044;R0051,6
2855,48,exact,False,False,R0044;R0049;R0053;R0057,4
2856,19,fallback,False,False,,0
2857,40,exact,False,False,R0035;R0041;R0042;R0043;R0045;R0048;R0050;R0051,8
2858,-1,exact,True,True,R0041;R0042;R0043;R0045;R0050;R0055;R0056,7
2859,6,exact,False,False,R0033;R0036;R0039;R0044,4
2860,-1,exact,True,True,R0055;R0056,2
2861,6,exact,False,False,R0033;R0036;R0039;R0044;R0054,5
2862,-1,exact,True,True,R0041;R0042;R0048;R0051;R0054,5
2863,41,exact,False,False,R0052,1
2864,1,exact,False,False,R0032;R0042;R0043;R0050,4
2865,49,exact,False,False,R0026;R0029;R0031;R0040;R0046,5
2866,-1,exact,True,True,R0048;R0050,2
2867,27,exact,False,False,R0028,1
2868,48,exact,False,False,R0044;R0048;R0051;R0053;R0054,5
2869,12,exact,False,False,R0005;R0008;R0035;R0041;R0042;R0043;R0048;R0050;R0051,9
2870,37,exact,False,False,R0002;R0039,2
2871,26,exact,False,False,R0006;R0009;R0030;R0044;R0045;R0051;R0053;R0055;R0056,9
2872,41,exact,False,False,R0052,1
2873,-1,exact,True,True,R0041;R0042;R0043;R0048;R0050;R0051;R0053;R0054;R0057,9
2874,6,exact,False,False,R0033;R0039;R0044;R0051;R0052;R0054,6
2875,9,exact,False,False,R0050,1
2876,41,exact,False,False,R0052,1
2877,46,exact,False,False,R0047,1
2878,-1,exact,True,True,R0041;R0042;R0048;R0051;R0054,5
2879,-1,exact,True,True,R0048;R0051;R0054,3
2880,19,exact,False,False,R0024;R0027;R0052;R0057,4
2881,38,exact,False,False,R0017,1
2882,-1,fallback,True,False,,0
2883,49,exact,False,False,R0026;R0029;R0031;R0040;R0046;R0057,6
2884,-1,exact,True,True,R0048;R0051,2
2885,40,exact,False,False,R0035;R0041;R0042;R0043;R0045;R0048;R0050;R0051,8
2886,6,exact,False,False,R0033;R0036;R0039;R0044;R0052;R0054,6
2887,48,exact,False,False,R0044;R0051,2
2888,6,exact,False,False,R0033;R0036,2
2889,-1,exact,True,True,R0028;R0033;R0036;R0044;R0052;R0054,6
2890,18,exact,False,False,R0020;R0044;R0052;R0054,4
2891,6,exact,False,False,R0033;R0036;R0039;R0044;R0051,5
2892,23,exact,False,False,R0031;R0057,2
2893,36,exact,False,False,R0034;R0044;R0052;R0054,4
2894,23,exact,False,False,R0031,1
2895,37,exact,False,False,R0002;R0033;R0036;R0039;R0044,5
2896,28,fallback,False,False,,0
2897,26,exact,False,False,R0009;R0044;R0045;R0051;R0055;R0057,6
2898,6,exact,False,False,R0033;R0036;R0039;R0044;R0052;R0054,6
2899,6,exact,False,False,R0033;R0036;R0039;R0044;R0051;R0054,6
2900,-1,fallback,True,False,,0
2901,6,exact,False,False,R0033;R0036;R0039;R0044;R0052;R0054,6
2902,48,exact,False,False,R0044;R0051;R0052;R0054,4
2903,19,exact,False,False,R0024;R0027;R0037;R0038;R0049;R0051;R0052;R0054;R0055,9
2904,1,exact,False,False,R0032;R0055,2
2905,10,exact,False,False,R0022;R0044;R0048;R0051;R0053,5
2906,42,exact,False,False,R0004;R0014;R0035;R0041;R0042;R0043;R0048;R0050;R0051;R0054,10
2907,-1,exact,True,True,R0041;R0042;R0043;R0045;R0048;R0050;R0051;R0055,8
2908,28,exact,False,False,R0010;R0044;R0051;R0053;R0054,5
2909,13,fallback,False,False,,0
2910,36,exact,False,False,R0034;R0039;R0044;R0051;R0052;R0054,6
2911,0,fallback,False,False,,0
2912,36,exact,False,False,R0034;R0039;R0052;R0054,4
2913,6,exact,False,False,R0033;R0036;R0039;R0044;R0052;R0054,6
2914,40,exact,False,False,R0035;R0041;R0042;R0043;R0045;R0048;R0050;R0051,8
2915,-1,fallback,True,False,,0
2916,49,exact,False,False,R0026;R0029;R0031;R0040;R0046,5
2917,25,exact,False,False,R0030;R0052;R0053;R0055;R0056,5
2918,1,exact,False,False,R0032;R0037;R0055,3
2919,11,exact,False,False,R0057,1
2920,43,fallback,False,False,,0
2921,38,exact,False,False,R0017;R0048;R0051;R0052;R0054,5
2922,40,exact,False,False,R0035;R0041;R0042;R0043;R0045;R0050,6
2923,10,exact,False,False,R0022;R0057,2
2924,18,exact,False,False,R0020;R0034;R0044;R0052;R0054,5
2925,25,exact,False,False,R0030;R0045;R0049;R0053;R0055;R0056;R0057,7
2926,19,exact,False,False,R0024;R0027;R0055,3
2927,18,exact,False,False,R0020;R0034;R0039;R0044;R0052;R0054,6
2928,-1,exact,True,True,R0048;R0050,2
2929,3,exact,False,False,R0056,1
2930,9,exact,False,False,R0050,1
2931,48,exact,False,False,R0044;R0052;R0054,3
2932,22,exact,False,False,R0007,1
2933,34,fallback,False,False,,0
2934,26,exact,False,False,R0009;R0032;R0044;R0049;R0051;R0052;R0054;R0055,8
2935,6,exact,False,False,R0033;R0036;R0039;R0044;R0054,5
2936,35,exact,False,False,R0023,1
2937,-1,exact,True,True,R0051;R0054,2
2938,40,exact,False,False,R0035,1
2939,48,exact,False,False,R0044;R0048;R0051,3
2940,18,exact,False,False,R0020,1
2941,11,exact,False,False,R0057,1
2942,6,exact,False,False,R0033;R0036;R0039;R0044;R0051;R0052;R0054,7
2943,47,exact,False,False,R0045;R0055,2
2944,25,exact,False,False,R0030;R0044;R0049;R0051;R0052;R0053;R0054,7
2945,48,exact,False,False,R0044;R0048;R0051;R0053;R0054,5
2946,36,exact,False,False,R0034,1
2947,37,exact,False,False,R0002;R0011;R0033;R0036;R0039;R0044;R0051,7
2948,39,exact,False,False,R0039;R0044;R0052;R0054,4
2949,39,exact,False,False,R0039;R0044;R0051;R0052;R0054,5
2950,6,exact,False,False,R0033;R0036;R0039;R0044;R0052;R0054,6
2951,40,exact,False,False,R0035;R0042;R0043;R0050,4
2952,-1,exact,True,True,R0051;R0054;R0055,3
2953,47,fallback,False,False,,0
2954,37,exact,False,False,R0002;R0011;R0033;R0036;R0039;R0044;R0051,7
2955,19,exact,False,False,R0024;R0027;R0038;R0044;R0049;R0051;R0054,7
2956,41,exact,False,False,R0052,1
2957,48,exact,False,False,R0044;R0048;R0049;R0053;R0054;R0057,6
2958,8,fallback,False,False,,0
2959,6,exact,False,False,R0033;R0036;R0039;R0044,4
2960,-1,exact,True,True,R0048;R0050,2
2961,48,exact,False,False,R0044;R0048;R0051;R0052;R0053;R0054,6
2962,40,exact,False,False,R0035;R0042;R0043;R0050,4
2963,48,exact,False,False,R0044;R0052;R0054,3
2964,23,exact,False,False,R0031;R0056,2
2965,37,exact,False,False,R0002;R0011;R0033;R0036;R0039;R0044;R0051,7
2966,18,exact,False,False,R0020;R0021;R0034;R0052,4
2967,13,fallback,False,False,,0
2968,11,exact,False,False,R0057,1
2969,37,exact,False,False,R0002;R0033;R0036;R0044,4
2970,37,exact,False,False,R0011;R0033;R0036,3
2971,25,exact,False,False,R0030;R0048;R0051;R0052;R0053;R0054;R0055;R0056,8
2972,23,exact,False,False,R0031;R0057,2
2973,28,exact,False,False,R0003;R0044;R0048;R0051;R0053,5
2974,23,exact,False,False,R0031;R0056,2
2975,46,exact,False,False,R0047;R0057,2
2976,21,exact,False,False,R0051,1
2977,12,exact,False,False,R0005,1
2978,-1,exact,True,True,R0051;R0054,2
2979,11,exact,False,False,R0057,1
2980,35,exact,False,False,R0023;R0056,2
2981,26,exact,False,False,R0006;R0009;R0032;R0044;R0051;R0052;R0053;R0054;R0055;R0056,11
2982,23,exact,False,False,R0031,1
2983,20,exact,False,False,R0015;R0033;R0036;R0039;R0044;R0054,6
2984,-1,exact,True,True,R0048;R0051;R0053,3
2985,19,exact,False,False,R0024;R0027;R0038;R0051;R0052;R0054,6
2986,0,exact,False,False,R0036;R0039;R0051,3
2987,40,exact,False,False,R0035;R0041;R0042;R0043;R0045;R0048;R0050;R0051,8
2988,12,exact,False,False,R0005;R0008;R0035;R0041;R0042;R0043;R0048;R0050;R0051;R0054,10
2989,48,exact,False,False,R0044;R0051;R0052;R0054,4
2990,44,exact,False,False,R0019,1
2991,48,exact,False,False,R0044;R0049;R0054,3
2992,30,exact,False,False,R0001;R0052;R0054,3
2993,36,exact,False,False,R0034;R0052,2
2994,25,exact,False,False,R0030;R0045;R0055;R0056,4
2995,1,exact,False,False,R0032;R0049;R0057,3
2996,47,exact,False,False,R0045;R0055;R0056;R0057,4
2997,40,exact,False,False,R0035;R0041;R0042;R0043;R0048;R0050;R0051;R0054,8
2998,44,exact,False,False,R0019,1
2999,3,exact,False,False,R0056,1
3000,39,exact,False,False,R0039;R0051,2
3001,6,exact,False,False,R0033;R0036;R0039;R0044;R0052;R0054,6
3002,37,exact,False,False,R0002;R0033;R0036;R0039;R0044;R0051,6
3003,36,exact,False,False,R0034,1
3004,42,exact,False,False,R0004;R0035;R0041;R0042;R0043;R0048;R0050;R0051;R0054,9
3005,43,fallback,False,False,,0
3006,25,exact,False,False,R0030;R0044;R0048;R0049;R0051;R0053;R0054;R0055;R0056,9
3007,30,exact,False,False,R0001;R0051,2
3008,30,exact,False,False,R0001;R0039;R0044;R0051;R0052;R0054,6
3009,19,exact,False,False,R0024;R0027;R0038;R0044;R0049;R0051;R0054;R0057,8
3010,49,exact,False,False,R0026;R0029;R0031;R0040;R0046,5
3011,6,exact,False,False,R0033;R0036;R0039;R0044;R0052;R0054,6
3012,36,exact,False,False,R0034;R0039;R0052;R0054,4
3013,-1,exact,True,True,R0041;R0042;R0043;R0048;R0050;R0051;R0054,7
3014,12,exact,False,False,R0005;R0048;R0050,3
3015,49,exact,False,False,R0026;R0029;R0031;R0040;R0046;R0057,6
3016,48,exact,False,False,R0044;R0052;R0054,3
3017,12,exact,False,False,R0005;R0008;R0035;R0041;R0042;R0043;R0048;R0050;R0051,9
3018,19,exact,False,False,R0024;R0027;R0038;R0051;R0052;R0054,6
3019,27,exact,False,False,R0028,1
3020,48,exact,False,False,R0044;R0052;R0054,3
3021,37,exact,False,False,R0002;R0011;R0033;R0036;R0039;R0044;R0051,7
3022,38,exact,False,False,R0017;R0044;R0048;R0051;R0052;R0054,6
3023,12,exact,False,False,R0005;R0008;R0035;R0041;R0043;R0048;R0051,7
3024,6,exact,False,False,R0033;R0036;R0039;R0044;R0051;R0054,6
3025,48,exact,False,False,R0044;R0051;R0052;R0054,4
3026,30,exact,False,False,R0001;R0044;R0051;R0052;R0054,5
3027,6,exact,False,False,R0033;R0036;R0039;R0044;R0052;R0054,6
3028,3,exact,False,False,R0056,1
3029,27,exact,False,False,R0028;R0044;R0052;R0054,4
3030,36,exact,False,False,R0034,1
3031,27,exact,False,False,R0028,1
3032,11,fallback,False,False,,0
3033,36,exact,False,False,R0034;R0044;R0052;R0054,4
3034,-1,exact,True,True,R0053;R0055;R0056,3
3035,14,exact,False,False,R0012;R0035;R0041;R0042;R0043;R0045;R0050,7
3036,-1,exact,True,True,R0041;R0042;R0043;R0050;R0055,5
3037,21,exact,False,False,R0051,1
3038,29,exact,False,False,R0037;R0047;R0056,3
3039,39,exact,False,False,R0039;R0044,2
3040,19,exact,False,False,R0024;R0027;R0038;R0051;R0052;R0054,6
3041,48,exact,False,False,R0044;R0052;R0054,3
3042,44,exact,False,False,R0019;R0032;R0042;R0043;R0050,5
3043,19,exact,False,False,R0024;R0027;R0038;R0052,4
3044,6,exact,False,False,R0033;R0036;R0039;R0044;R0052;R0054,6
3045,41,exact,False,False,R0052,1
3046,25,exact,False,False,R0030;R0048;R0051;R0053,4
3047,1,fallback,False,False,,0
3048,48,exact,False,False,R0044;R0053;R0056;R0057,4
3049,-1,exact,True,True,R0041;R0042;R0043;R0048;R0050;R0051;R0053;R0054,8
3050,-1,exact,True,True,R0041;R0042;R0043;R0045;R0048;R0050;R0051;R0053;R0055;R0056,10
3051,39,exact,False,False,R0039;R0052;R0054,3
3052,18,exact,False,False,R0020,1
3053,49,exact,False,False,R0026;R0029;R0031;R0040;R0046,5
3054,6,exact,False,False,R0033;R0036;R0039;R0044;R0051,5
3055,0,fallback,False,False,,0
3056,-1,exact,True,True,R0041;R0042;R0043;R0048;R0050;R0051;R0054,7
3057,41,exact,False,False,R0052,1
3058,23,exact,False,False,R0031;R0055;R0056,3
3059,49,exact,False,False,R0026;R0029;R0031;R0040;R0046,5
3060,36,exact,False,False,R0034;R0039;R0044;R0052;R0054,5
3061,48,exact,False,False,R0044;R0054,2
3062,19,exact,False,False,R0024;R0027;R0038;R0052;R0057,5
3063,6,exact,False,False,R0033;R0036,2
3064,6,exact,False,False,R0033;R0036;R0039;R0044,4
3065,34,fallback,False,False,,0
3066,49,exact,False,False,R0026;R0029;R0031;R0040;R0046,5
3067,48,exact,False,False,R0044;R0048;R0049;R0053,4
3068,-1,exact,True,True,R0041;R0042;R0043;R0045;R0050;R0055;R0056,7
3069,36,exact,False,False,R0034;R0044;R0051;R0052;R0054,5
3070,9,exact,False,False,R0050,1
3071,-1,exact,True,True,R0041;R0042;R0043;R0045;R0048;R0050;R0051,7
3072,6,exact,False,False,R0033;R0036;R0039;R0044;R0051;R0052;R0054,7
3073,8,fallback,False,False,,0
3074,27,exact,False,False,R0028,1
3075,1,exact,False,False,R0032,1
3076,-1,exact,True,True,R0041;R0042;R0043;R0048;R0050;R0051;R0054;R0057,8
3077,25,exact,False,False,R0030;R0041;R0042;R0043;R0048;R0050;R0051;R0053;R0054;R0055,11
3078,49,exact,False,False,R0026;R0029;R0031;R0040;R0046;R0057,6
3079,19,exact,False,False,R0024;R0027;R0038;R0051;R0052;R0054;R0055,7
3080,6,exact,False,False,R0033;R0036;R0039;R0044;R0052;R0054,6
3081,42,exact,False,False,R0004;R0014;R0035;R0041;R0042;R0043;R0050,7
3082,-1,fallback,True,False,,0
3083,21,exact,False,False,R0051,1
3084,4,exact,False,False,R0018;R0044;R0048;R0050;R0053,5
3085,25,exact,False,False,R0030;R0045;R0053;R0055;R0056,5
3086,-1,exact,True,True,R0051;R0052;R0054,3
3087,26,exact,False,False,R0009;R0044;R0051,3
3088,6,exact,False,False,R0033;R0036;R0039;R0044;R0051;R0054,6
3089,-1,exact,True,True,R0051;R0052;R0054,3
3090,28,fallback,False,False,,0
3091,6,exact,False,False,R0033;R0036;R0039;R0044;R0051;R0052;R0054,7
3092,26,exact,False,False,R0009;R0044;R0045;R0051;R0055,5
3093,1,exact,False,False,R0032;R0055;R0056,3
3094,18,exact,False,False,R0020,1
3095,25,exact,False,False,R0030;R0044;R0048;R0049;R0051;R0052;R0053;R0054;R0055;R0056,10
3096,38,exact,False,False,R0017,1
3097,27,exact,False,False,R0028;R0034;R0052,3
3098,20,exact,False,False,R0015;R0033;R0036;R0039;R0044;R0054,6
3099,25,exact,False,False,R0030;R0045;R0055;R0056,4
3100,1,exact,False,False,R0032;R0044;R0048;R0049;R0051;R0052;R0054;R0055;R0057,9
3101,20,exact,False,False,R0015;R0033;R0036;R0039;R0044;R0054,6
3102,49,exact,False,False,R0026;R0029;R0031;R0040;R0046,5
3103,29,exact,False,False,R0037,1
3104,-1,exact,True,True,R0041;R0042;R0043;R0050;R0055;R0056,6
3105,39,exact,False,False,R0039;R0044,2
3106,44,exact,False,False,R0019;R0032;R0042;R0043;R0050;R0055;R0056,7
3107,15,fallback,False,False,,0
3108,48,exact,False,False,R0044;R0052;R0054,3
3109,39,exact,False,False,R0039;R0051;R0052;R0054,4
3110,34,exact,False,False,R0055,1
3111,12,exact,False,False,R0005;R0035;R0041;R0042;R0043;R0048;R0050;R0051,8
3112,6,exact,False,False,R0033;R0036;R0039;R0044;R0051,5
3113,36,exact,False,False,R0034;R0052,2
3114,49,exact,False,False,R0026;R0029;R0031;R0040;R0046;R0057,6
3115,19,exact,False,False,R0024;R0027;R0038;R0045,4
3116,6,exact,False,False,R0033;R0052,2
3117,31,exact,False,False,R0025;R0041;R0042;R0043;R0048;R0050;R0051;R0053;R0054;R0055,11
3118,1,exact,False,False,R0032,1
3119,48,exact,False,False,R0044;R0048;R0051;R0053;R0054,5
3120,41,exact,False,False,R0052,1
3121,-1,exact,True,True,R0052;R0054,2
3122,44,exact,False,False,R0019,1
3123,-1,exact,True,True,R0041;R0042;R0043;R0048;R0050;R0051;R0054,7
3124,23,exact,False,False,R0031,1
3125,9,exact,False,False,R0050,1
3126,37,exact,False,False,R0002;R0033;R0036;R0039;R0044,5
3127,35,exact,False,False,R0023;R0037;R0047;R0056,4
3128,40,exact,False,False,R0035;R0041;R0042;R0043;R0045;R0048;R0050;R0051,8
3129,14,exact,False,False,R0012;R0035;R0041;R0043;R0048;R0051,6
3130,36,exact,False,False,R0034;R0039;R0044;R0052;R0054,5
3131,48,exact,False,False,R0044,1
3132,40,exact,False,False,R0035;R0041;R0042;R0043;R0045;R0048;R0050;R0051,8
3133,26,exact,False,False,R0009;R0032;R0044;R0049;R0051;R0052;R0054;R0055;R0057,9
3134,18,exact,False,False,R0020;R0044;R0052;R0054,4
3135,26,exact,False,False,R0009;R0044;R0052;R0054,4
3136,-1,exact,True,True,R0041;R0042;R0043;R0048;R0050;R0051;R0054;R0055,8
3137,38,exact,False,False,R0017,1
3138,6,exact,False,False,R0033;R0036;R0039;R0044;R0051,5
3139,35,exact,False,False,R0023;R0037;R0047;R0056,4
3140,30,exact,False,False,R0001;R0039;R0044;R0051;R0052;R0054,6
3141,21,exact,False,False,R0051,1
3142,49,exact,False,False,R0026;R0029;R0031;R0040;R0046,5
3143,-1,exact,True,True,R0041;R0042;R0043;R0045;R0050;R0055,6
3144,18,exact,False,False,R0020;R0034;R0039;R0044;R0052;R0054,6
3145,38,exact,False,False,R0017;R0042;R0043;R0050,4
3146,23,exact,False,False,R0031,1
3147,40,exact,False,False,R0035;R0042;R0043;R0050,4
3148,27,exact,False,False,R0028;R0034;R0052,3
3149,-1,exact,True,True,R0051;R0052;R0054,3
3150,37,exact,False,False,R0002;R0033;R0036;R0039;R0044;R0051,6
3151,36,exact,False,False,R0034;R0044;R0054,3
3152,6,exact,False,False,R0033;R0036;R0039;R0044;R0051;R0054,6
3153,27,exact,False,False,R0028;R0034;R0052,3
3154,19,exact,False,False,R0024;R0027;R0038;R0051;R0052;R0054,6
3155,48,exact,False,False,R0044;R0048;R0051;R0053;R0054,5
3156,6,exact,False,False,R0033;R0039;R0044;R0051,4
3157,41,fallback,False,False,,0
3158,27,exact,False,False,R0028,1
3159,22,fallback,False,False,,0
3160,26,exact,False,False,R0009;R0032;R0044;R0049;R0051;R0054;R0055,7
3161,19,exact,False,False,R0024;R0027;R0038;R0051;R0052;R0054,6
3162,28,exact,False,False,R0010;R0044;R0051;R0052;R0053;R0054,6
3163,-1,exact,True,True,R0041;R0042;R0043;R0044;R0048;R0050;R0051;R0053;R0054;R0055,11
3164,10,exact,False,False,R0022;R0033;R0036;R0039;R0044;R0051,6
3165,6,exact,False,False,R0033;R0036,2
3166,-1,exact,True,True,R0041;R0042;R0043;R0048;R0050;R0051;R0053;R0054;R0055;R0056,10
3167,44,exact,False,False,R0019;R0032;R0042;R0043;R0050;R0055;R0056,7
3168,-1,fallback,True,False,,0
3169,19,exact,False,False,R0024;R0027;R0044;R0054,4
3170,47,exact,False,False,R0045;R0051;R0053;R0055;R0056,5
3171,31,exact,False,False,R0025;R0035;R0041;R0042;R0048;R0051;R0054,7
3172,30,exact,False,False,R0001,1
3173,3,fallback,False,False,,0
3174,39,exact,False,False,R0039;R0051,2
3175,47,exact,False,False,R0045;R0057,2
3176,49,exact,False,False,R0026;R0029;R0031;R0040;R0046,5
3177,-1,exact,True,True,R0041;R0042;R0048;R0051;R0054,5
3178,12,exact,False,False,R0005;R0016;R0035;R0041;R0042;R0043;R0048;R0050;R0051,9
3179,42,exact,False,False,R0004;R0032;R0035;R0041;R0042;R0043;R0048;R0050;R0051;R0054,10
3180,37,exact,False,False,R0002;R0011;R0033;R0036;R0039;R0044;R0051,7
3181,1,exact,False,False,R0032;R0042;R0043;R0050,4
3182,0,exact,False,False,R0036;R0039;R0052;R0054,4
3183,28,fallback,False,False,,0
3184,3,exact,False,False,R0056,1
3185,30,exact,False,False,R0001;R0052;R0054,3
3186,37,exact,False,False,R0002;R0011;R0033;R0036;R0044;R0051,6
3187,36,exact,False,False,R0034,1
3188,46,exact,False,False,R0047;R0057,2
3189,48,exact,False,False,R0044;R0052;R0054,3
3190,42,exact,False,False,R0014;R0035;R0041;R0042;R0043;R0045;R0050,7
3191,15,exact,False,False,R0054,1
3192,-1,fallback,True,False,,0
3193,19,exact,False,False,R0024;R0027;R0038;R0051;R0052;R0054,6
3194,36,exact,False,False,R0034;R0039;R0044;R0052;R0054,5
3195,38,exact,False,False,R0017;R0044;R0048;R0051;R0054,5
3196,49,exact,False,False,R0026;R0029;R0031;R0040;R0046;R0056,6
3197,45,exact,False,False,R0041;R0044;R0048;R0051;R0054,5
3198,6,exact,False,False,R0033;R0036;R0039;R0044;R0052;R0054,6
3199,37,exact,False,False,R0002;R0011;R0033;R0036;R0039;R0044;R0051,7
3200,-1,exact,True,True,R0041;R0042;R0043;R0045;R0048;R0050;R0051,7
3201,25,exact,False,False,R0030;R0044;R0048;R0051;R0053,5
3202,41,fallback,False,False,,0
3203,40,exact,False,False,R0035;R0041;R0042;R0043;R0045;R0048;R0050;R0051,8
3204,-1,exact,True,True,R0051;R0052;R0054,3
3205,46,exact,False,False,R0047;R0057,2
3206,6,exact,False,False,R0033;R0036;R0039;R0044;R0051;R0054,6
3207,31,exact,False,False,R0025;R0032;R0042;R0043;R0050,5
3208,21,exact,False,False,R0051,1
3209,40,exact,False,False,R0035;R0041;R0042;R0043;R0045;R0048;R0050;R0051,8
3210,-1,exact,True,True,R0041;R0042;R0043;R0045;R0050,5
3211,18,exact,False,False,R0020;R0044;R0052;R0054,4
3212,48,exact,False,False,R0044;R0051;R0052;R0054,4
3213,49,exact,False,False,R0026;R0029;R0031;R0040;R0046;R0057,6
3214,30,exact,False,False,R0001;R0052;R0054,3
3215,36,exact,False,False,R0034;R0039;R0052;R0054,4
3216,39,exact,False,False,R0039,1
3217,18,exact,False,False,R0020,1
3218,9,exact,False,False,R0050;R0056,2
3219,21,exact,False,False,R0051,1
3220,-1,exact,True,True,R0048;R0050;R0053;R0054;R0056,5
3221,6,exact,False,False,R0033;R0036;R0039;R0044,4
3222,31,exact,False,False,R0025;R0035;R0041;R0042;R0043;R0045;R0048;R0050;R0051;R0053,10
3223,48,exact,False,False,R0044;R0051;R0052;R0054,4
3224,45,exact,False,False,R0041;R0048;R0051,3
3225,19,exact,False,False,R0024;R0027;R0038;R0045;R0055,5
3226,-1,exact,True,True,R0041;R0042;R0043;R0048;R0050;R0051;R0053;R0054,8
3227,12,exact,False,False,R0005;R0008;R0013,3
3228,11,exact,False,False,R0057,1
3229,21,exact,False,False,R0051,1
3230,6,exact,False,False,R0033;R0036;R0039;R0044,4
3231,10,exact,False,False,R0022;R0038;R0051;R0055,4
3232,-1,exact,True,True,R0056;R0057,2
3233,48,exact,False,False,R0044;R0052;R0054,3
3234,18,exact,False,False,R0020;R0034;R0044;R0052;R0054,5
3235,19,exact,False,False,R0024;R0027;R0038;R0044;R0051;R0052;R0054,7
3236,38,exact,False,False,R0017;R0044;R0048;R0051,4
3237,-1,exact,True,True,R0051;R0052;R0054,3
3238,6,exact,False,False,R0033;R0036;R0039;R0044;R0051;R0052;R0054,7
3239,-1,exact,True,True,R0041;R0042;R0043;R0044;R0045;R0048;R0050;R0051;R0053,9
3240,22,exact,False,False,R0007;R0034;R0039;R0044;R0051;R0054,6
3241,1,exact,False,False,R0032,1
3242,18,exact,False,False,R0020,1
3243,12,exact,False,False,R0005;R0008;R0035;R0041;R0042;R0043;R0048;R0050;R0051,9
3244,41,exact,False,False,R0052,1
3245,4,exact,False,False,R0018;R0049;R0050;R0053,4
3246,-1,exact,True,True,R0042;R0043;R0050,3
3247,14,exact,False,False,R0012;R0035;R0042;R0043;R0045;R0050,6
3248,-1,exact,True,True,R0041;R0042;R0043;R0048;R0050;R0051;R0053;R0054;R0055;R0056,10
3249,-1,exact,True,True,R0041;R0043;R0048;R0051;R0054,5
3250,31,exact,False,False,R0025;R0041;R0042;R0043;R0048;R0050;R0051;R0053;R0054,9
3251,42,exact,False,False,R0014;R0035;R0041;R0043,4
3252,44,exact,False,False,R0019,1
3253,38,exact,False,False,R0017;R0044;R0048;R0051,4
3254,6,exact,False,False,R0033;R0036;R0039;R0044;R0051;R0054,6
3255,40,exact,False,False,R0035;R0041;R0042;R0043;R0048;R0050;R0051;R0054,8
3256,12,exact,False,False,R0005;R0035;R0041;R0042;R0043;R0048;R0050;R0051,8
3257,21,exact,False,False,R0051,1
3258,26,exact,False,False,R0009;R0024;R0027;R0038;R0044;R0045;R0049;R0051;R0055;R0057,10
3259,6,exact,False,False,R0033;R0036,2
3260,-1,exact,True,True,R0051;R0052;R0054,3
3261,-1,exact,True,True,R0041;R0042;R0043;R0048;R0050;R0051;R0053;R0054;R0055;R0056,10
3262,6,exact,False,False,R0033;R0036;R0052,3
3263,48,exact,False,False,R0044;R0049;R0051;R0052;R0053;R0054,6
3264,28,exact,False,False,R0003;R0044;R0048;R0051;R0053;R0054,6
3265,12,exact,False,False,R0005;R0050,2
3266,39,exact,False,False,R0039;R0044;R0052;R0054,4
3267,-1,exact,True,True,R0048;R0050;R0054,3
3268,28,exact,False,False,R0010;R0032;R0044;R0051;R0054,5
3269,-1,exact,True,True,R0041;R0042;R0043;R0044;R0045;R0048;R0049;R0050;R0051;R0053,11
3270,40,exact,False,False,R0035;R0041;R0042;R0043;R0045;R0048;R0050;R0051,8
3271,19,exact,False,False,R0024;R0027;R0038;R0045;R0051;R0055,6
3272,31,exact,False,False,R0025;R0041;R0042;R0043;R0048;R0050;R0051;R0053;R0054;R0055,11
3273,13,fallback,False,False,,0
3274,6,exact,False,False,R0033;R0036;R0052,3
3275,40,fallback,False,False,,0
3276,18,exact,False,False,R0020,1
3277,10,exact,False,False,R0022;R0044;R0048;R0051,4
3278,19,exact,False,False,R0024;R0027;R0038;R0045;R0051;R0055,6
3279,31,exact,False,False,R0025;R0041;R0042;R0043;R0048;R0050;R0051;R0053;R0054;R0055,11
3280,-1,fallback,True,False,,0
3281,40,exact,False,False,R0035;R0041;R0042;R0043;R0045;R0048;R0050;R0051,8
3282,48,exact,False,False,R0044;R0051;R0052;R0054,4
3283,12,exact,False,False,R0005;R0008;R0013;R0050,4
3284,-1,exact,True,True,R0041;R0042;R0043;R0048;R0050;R0051;R0054;R0055,8
3285,38,fallback,False,False,,0
3286,-1,exact,True,True,R0041;R0042;R0043;R0045;R0050,5
3287,-1,exact,True,True,R0052;R0054,2
3288,20,exact,False,False,R0015;R0033;R0036;R0039;R0044;R0054,6
3289,31,exact,False,False,R0025;R0051,2
3290,-1,exact,True,True,R0041;R0042;R0043;R0045;R0048;R0050;R0051;R0053;R0055;R0056,10
3291,23,fallback,False,False,,0
3292,12,exact,False,False,R0005;R0008;R0013;R0048;R0050,5
3293,48,exact,False,False,R0044;R0048;R0051;R0054,4
3294,-1,exact,True,True,R0041;R0042;R0043;R0048;R0050;R0051;R0053;R0054;R0055;R0056,10
3295,-1,exact,True,True,R0048;R0051,2
3296,9,exact,False,False,R0050;R0056,2
3297,48,exact,False,False,R0044;R0051;R0053;R0054,4
3298,0,exact,False,False,R0036;R0039;R0051;R0052;R0054,5
3299,40,exact,False,False,R0035;R0041;R0042;R0043;R0048;R0050;R0051;R0054,8
3300,1,exact,False,False,R0032;R0055,2
3301,38,exact,False,False,R0017;R0052,2
3302,47,exact,False,False,R0045;R0051;R0055,3
3303,25,exact,False,False,R0030;R0056;R0057,3
3304,36,exact,False,False,R0034,1
3305,47,exact,False,False,R0045;R0048;R0051;R0053;R0055;R0056,6
3306,6,exact,False,False,R0033;R0036;R0039;R0044;R0054,5
3307,46,fallback,False,False,,0
3308,-1,exact,True,True,R0051;R0052;R0054,3
3309,18,exact,False,False,R0020,1
3310,-1,exact,True,True,R0042;R0043;R0050;R0053,4
3311,-1,exact,True,True,R0052;R0054,2
3312,-1,exact,True,True,R0048;R0051,2
3313,6,exact,False,False,R0033;R0036;R0039;R0044;R0051;R0054,6
3314,21,exact,False,False,R0051,1
3315,6,exact,False,False,R0033;R0036,2
3316,12,exact,False,False,R0005;R0008;R0013,3
3317,6,exact,False,False,R0033;R0039;R0044;R0051,4
3318,48,exact,False,False,R0044;R0051,2
3319,-1,exact,True,True,R0042;R0043;R0050;R0057,4
3320,-1,exact,True,True,R0041;R0042;R0043;R0045;R0048;R0050;R0051;R0055,8
3321,37,exact,False,False,R0002;R0011;R0033;R0036;R0039;R0044;R0051,7
3322,6,exact,False,False,R0033;R0039;R0044,3
3323,-1,exact,True,True,R0048;R0051,2
3324,12,exact,False,False,R0005;R0035;R0041;R0042;R0043;R0048;R0050;R0051,8
3325,39,exact,False,False,R0039;R0051,2
3326,19,exact,False,False,R0024;R0027;R0038;R0052,4
3327,28,exact,False,False,R0003,1
3328,44,exact,False,False,R0019;R0050,2
3329,-1,exact,True,True,R0041;R0042;R0043;R0045;R0050;R0055;R0056,7
3330,19,exact,False,False,R0024;R0027;R0037;R0038;R0051;R0052;R0054;R0055,8
3331,49,exact,False,False,R0026;R0029;R0031;R0040;R0046,5
3332,6,exact,False,False,R0033;R0036,2
3333,19,exact,False,False,R0024;R0027;R0038;R0045,4
3334,13,exact,False,False,R0021,1
3335,29,fallback,False,False,,0
3336,27,exact,False,False,R0028,1
3337,49,exact,False,False,R0026;R0029;R0031;R0040;R0046,5
3338,39,exact,False,False,R0039;R0054,2
3339,11,exact,False,False,R0057,1
3340,49,exact,False,False,R0026;R0029;R0031;R0040;R0046;R0057,6
3341,6,exact,False,False,R0033;R0036;R0039;R0044;R0052;R0054,6
3342,49,exact,False,False,R0026;R0029;R0031;R0040;R0046,5
3343,40,exact,False,False,R0035;R0041;R0042;R0043;R0045;R0050,6
3344,6,exact,False,False,R0033;R0036;R0039;R0044;R0052;R0054,6
3345,27,exact,False,False,R0028;R0034;R0044;R0052;R0054,5
3346,48,exact,False,False,R0044,1
3347,6,exact,False,False,R0033;R0036;R0039;R0044;R0051,5
3348,6,exact,False,False,R0033;R0036;R0044;R0051;R0052;R0054,6
3349,-1,exact,True,True,R0050;R0053,2
3350,48,exact,False,False,R0044,1
3351,27,exact,False,False,R0028;R0034;R0039,3
3352,49,exact,False,False,R0026;R0029;R0031;R0040;R0046,5
3353,42,exact,False,False,R0004;R0014;R0035;R0048;R0051;R0054,6
3354,49,exact,False,False,R0026;R0029;R0031;R0040;R0046;R0057,6
3355,19,exact,False,False,R0024;R0027;R0038;R0051;R0054;R0057,6
3356,-1,exact,True,True,R0051;R0054,2
3357,-1,fallback,True,False,,0
3358,49,exact,False,False,R0026;R0029;R0031;R0040;R0046,5
3359,12,exact,False,False,R0005;R0035;R0041;R0042;R0043;R0045;R0048;R0050;R0051,9
3360,25,exact,False,False,R0030;R0056,2
3361,48,exact,False,False,R0044,1
3362,41,fallback,False,False,,0
3363,19,exact,False,False,R0024;R0027,2
3364,37,exact,False,False,R0011;R0033;R0036;R0039;R0044;R0051;R0054,7
3365,-1,exact,True,True,R0041;R0042;R0043;R0048;R0050;R0051;R0053;R0054;R0055;R0056,10
3366,-1,exact,True,True,R0041;R0043;R0044;R0048;R0051;R0053;R0054,7
3367,19,exact,False,False,R0024;R0027;R0038;R0051;R0052;R0054,6
3368,36,exact,False,False,R0034;R0039;R0052;R0054,4
3369,36,exact,False,False,R0034;R0039;R0044;R0052;R0054,5
3370,26,exact,False,False,R0009;R0044;R0051,3
3371,39,exact,False,False,R0039;R0044;R0051;R0054,4
3372,49,exact,False,False,R0026;R0029;R0031;R0040;R0046;R0057,6
3373,25,exact,False,False,R0030;R0044;R0048;R0049;R0051;R0052;R0053;R0054,8
3374,42,exact,False,False,R0004;R0014;R0035;R0051;R0054,5
3375,48,exact,False,False,R0044;R0051;R0052;R0054,4
3376,-1,fallback,True,False,,0
3377,19,exact,False,False,R0024;R0027;R0038;R0051;R0052;R0054;R0055,7
3378,-1,exact,True,True,R0051;R0052;R0054,3
3379,19,exact,False,False,R0024;R0027;R0038;R0044;R0049;R0051,6
3380,47,exact,False,False,R0045;R0048;R0051;R0053;R0055;R0056,6
3381,35,exact,False,False,R0023,1
3382,6,exact,False,False,R0033;R0036;R0039;R0044,4
3383,37,exact,False,False,R0002;R0011;R0039;R0044;R0051,5
3384,34,fallback,False,False,,0
3385,48,exact,False,False,R0044,1
3386,6,exact,False,False,R0033;R0036;R0039;R0044;R0051;R0054,6
3387,22,exact,False,False,R0007;R0034;R0039;R0044;R0051;R0054,6
3388,33,exact,False,False,R0053,1
3389,29,exact,False,False,R0037;R0047,2
3390,6,fallback,False,False,,0
3391,37,exact,False,False,R0002;R0039;R0051,3
3392,42,exact,False,False,R0004;R0014;R0035;R0041;R0042;R0043;R0048;R0050;R0051;R0054,10
3393,36,exact,False,False,R0034;R0044;R0052;R0054,4
3394,49,exact,False,False,R0026;R0029;R0031;R0040;R0046,5
3395,3,exact,False,False,R0056,1
3396,47,exact,False,False,R0045;R0055;R0056,3
3397,28,exact,False,False,R0003;R0044;R0048;R0051;R0053;R0054,6
3398,37,exact,False,False,R0002;R0011;R0033;R0036;R0039;R0044;R0051,7
3399,48,exact,False,False,R0044;R0051;R0052;R0054,4
3400,-1,exact,True,True,R0041;R0042;R0043;R0045;R0048;R0050;R0051;R0053;R0055;R0056,10
3401,-1,fallback,True,False,,0
3402,10,exact,False,False,R0022,1
3403,6,exact,False,False,R0033;R0036;R0039;R0044;R0052;R0054,6
3404,49,exact,False,False,R0026;R0029;R0040;R0046,4
3405,6,exact,False,False,R0033;R0036;R0039;R0044;R0051;R0054,6
3406,41,exact,False,False,R0052,1
3407,-1,exact,True,True,R0044;R0045;R0048;R0051,4
3408,36,exact,False,False,R0034,1
3409,12,exact,False,False,R0005;R0035;R0041;R0042;R0043;R0048;R0050;R0051,8
3410,49,exact,False,False,R0026;R0029;R0031;R0040;R0046,5
3411,12,exact,False,False,R0005;R0008;R0035;R0041;R0043;R0048;R0051,7
3412,48,exact,False,False,R0044;R0051,2
3413,23,exact,False,False,R0031;R0057,2
3414,31,exact,False,False,R0025;R0041;R0042;R0043;R0048;R0050;R0051;R0053;R0054;R0055,11
3415,-1,exact,True,True,R0041;R0042;R0043;R0045;R0048;R0050;R0051;R0053;R0055;R0056,10
3416,30,exact,False,False,R0001;R0044,2
3417,1,exact,False,False,R0032;R0049;R0051;R0052;R0054;R0055;R0057,7
3418,30,exact,False,False,R0001;R0044;R0051;R0052;R0054,5
3419,12,exact,False,False,R0005;R0035;R0041;R0042;R0043;R0045;R0048;R0050;R0051,9
3420,20,exact,False,False,R0015;R0033;R0036;R0039;R0044;R0054,6
3421,30,exact,False,False,R0001;R0039;R0051;R0052;R0054,5
3422,14,exact,False,False,R0012;R0035;R0041;R0042;R0043;R0045;R0048;R0050;R0051,9
3423,30,exact,False,False,R0001,1
3424,-1,exact,True,True,R0041;R0042;R0043;R0045;R0050;R0055,6
3425,18,fallback,False,False,,0
3426,38,exact,False,False,R0017;R0048;R0051;R0054,4
3427,48,exact,False,False,R0044,1
3428,35,exact,False,False,R0023;R0037;R0047;R0056,4
3429,48,exact,False,False,R0044;R0049;R0051;R0052;R0054,5
3430,19,exact,False,False,R0024;R0027;R0038;R0044;R0045;R0051;R0057,7
3431,42,exact,False,False,R0014;R0035;R0041;R0042;R0043;R0045;R0050,7
3432,13,exact,False,False,R0021,1
3433,44,exact,False,False,R0019;R0032,2
3434,6,exact,False,False,R0033;R0036,2
3435,48,exact,False,False,R0044;R0051;R0054,3
3436,18,exact,False,False,R0020;R0052;R0054,3
3437,40,exact,False,False,R0035;R0041;R0042;R0043;R0045;R0048;R0050;R0051,8
3438,36,exact,False,False,R0034,1
3439,-1,exact,True,True,R0041;R0042;R0043;R0045;R0048;R0050;R0051;R0053;R0055;R0056,10
3440,6,exact,False,False,R0033;R0039;R0044;R0051;R0052;R0054,6
3441,36,exact,False,False,R0034;R0039;R0052;R0054,4
3442,16,exact,False,False,R0038;R0044;R0051;R0054,4
3443,12,exact,False,False,R0005;R0035;R0041;R0042;R0043;R0048;R0050;R0051,8
3444,12,exact,False,False,R0005;R0008;R0035;R0041;R0042;R0048;R0051,7
3445,39,exact,False,False,R0039;R0051;R0052;R0054,4
3446,37,exact,False,False,R0002;R0039;R0044,3
3447,47,exact,False,False,R0045;R0051;R0053;R0055;R0056,5
3448,6,exact,False,False,R0033;R0036;R0039;R0044;R0051;R0054,6
3449,40,exact,False,False,R0035;R0041;R0042;R0043;R0045;R0048;R0050;R0051,8
3450,25,exact,False,False,R0030;R0047;R0055;R0056;R0057,5
3451,19,exact,False,False,R0024;R0027;R0038;R0051;R0052;R0054;R0055,7
3452,18,exact,False,False,R0020;R0021,2
3453,6,exact,False,False,R0033;R0036,2
3454,29,exact,False,False,R0037;R0055;R0056,3
3455,10,fallback,False,False,,0
3456,6,exact,False,False,R0033;R0036;R0039;R0044;R0051;R0052;R0054,7
3457,-1,exact,True,True,R0051;R0052;R0054,3
3458,49,exact,False,False,R0026;R0029;R0031;R0040;R0046,5
3459,30,exact,False,False,R0001;R0044;R0052;R0054,4
3460,-1,exact,True,True,R0037;R0041;R0042;R0043;R0045;R0048;R0050;R0051;R0053;R0055,11
3461,28,exact,False,False,R0010;R0044;R0051;R0053,4
3462,6,exact,False,False,R0033;R0036;R0044,3
3463,48,exact,False,False,R0044;R0048;R0051;R0053;R0054,5
3464,25,exact,False,False,R0030;R0055;R0056,3
3465,25,exact,False,False,R0030;R0048;R0051;R0053;R0054;R0055;R0056,7
3466,44,exact,False,False,R0019;R0032;R0042;R0043;R0050;R0055;R0056,7
3467,48,exact,False,False,R0044;R0048;R0051,3
3468,0,exact,False,False,R0036;R0039;R0051;R0052;R0054,5
3469,49,exact,False,False,R0026;R0029;R0031;R0040;R0046;R0057,6
3470,-1,exact,True,True,R0048;R0051;R0054,3
3471,48,exact,False,False,R0044;R0048;R0051;R0053,4
3472,1,exact,False,False,R0032,1
3473,-1,exact,True,True,R0041;R0042;R0043;R0048;R0050;R0051;R0053;R0054;R0055;R0056,10
3474,-1,exact,True,True,R0042;R0043;R0045;R0050,4
3475,27,exact,False,False,R0028,1
3476,46,exact,False,False,R0047;R0057,2
3477,18,exact,False,False,R0020;R0044,2
3478,-1,exact,True,True,R0048;R0051;R0054,3
3479,19,exact,False,False,R0024;R0027;R0038;R0051;R0054;R0055,6
3480,39,exact,False,False,R0039;R0044;R0051;R0054,4
3481,19,exact,False,False,R0024;R0027;R0038;R0051;R0052;R0054,6
3482,36,exact,False,False,R0034;R0039;R0044;R0054,4
3483,36,exact,False,False,R0034,1
3484,48,exact,False,False,R0044;R0051;R0052;R0054,4
3485,34,fallback,False,False,,0
3486,6,exact,False,False,R0033;R0036;R0039;R0044;R0051;R0054,6
3487,0,fallback,False,False,,0
3488,23,exact,False,False,R0031;R0057,2
3489,3,fallback,False,False,,0
3490,19,exact,False,False,R0024;R0027;R0038;R0051;R0052;R0054,6
3491,47,exact,False,False,R0045;R0048;R0051,3
3492,19,exact,False,False,R0024;R0027;R0038;R0051;R0052;R0054,6
3493,6,exact,False,False,R0033;R0036;R0039;R0044;R0052;R0054,6
3494,1,exact,False,False,R0032;R0042;R0043;R0050,4
3495,-1,fallback,True,False,,0
3496,30,exact,False,False,R0001,1
3497,41,exact,False,False,R0052,1
3498,18,exact,False,False,R0020;R0034;R0044;R0052;R0054,5
3499,31,exact,False,False,R0025;R0041;R0042;R0043;R0048;R0050;R0051;R0053;R0054;R0055,11
3500,42,exact,False,False,R0004;R0014;R0035;R0041;R0042;R0043;R0048;R0050;R0051;R0054,10
3501,-1,exact,True,True,R0041;R0042;R0043;R0045;R0048;R0050;R0051;R0053;R0055;R0056,10
3502,49,exact,False,False,R0026;R0029;R0031;R0040;R0046;R0057,6
3503,6,exact,False,False,R0033;R0036;R0039;R0044;R0054,5
3504,38,exact,False,False,R0017;R0048;R0051,3
3505,28,exact,False,False,R0010;R0032;R0044;R0051;R0054,5
3506,44,exact,False,False,R0019;R0032,2
3507,31,exact,False,False,R0025;R0035;R0041;R0042;R0043;R0048;R0050;R0051;R0053;R0054,10
3508,23,exact,False,False,R0031;R0056;R0057,3
3509,27,fallback,False,False,,0
3510,12,exact,False,False,R0005;R0008;R0013;R0048;R0050,5
3511,-1,exact,True,True,R0041;R0042;R0043;R0045;R0048;R0050;R0051;R0053;R0055;R0056,10
3512,40,exact,False,False,R0035;R0041;R0042;R0043;R0045;R0048;R0050;R0051,8
3513,-1,exact,True,True,R0041;R0042;R0043;R0048;R0050;R0051;R0054,7
3514,13,exact,False,False,R0021;R0057,2
3515,-1,exact,True,True,R0041;R0042;R0043;R0045;R0048;R0050;R0051;R0053;R0055;R0056,10
3516,30,exact,False,False,R0001,1
3517,48,exact,False,False,R0044;R0048;R0051;R0054,4
3518,18,exact,False,False,R0020;R0044;R0052;R0054,4
3519,48,exact,False,False,R0044;R0052;R0054,3
3520,19,exact,False,False,R0024;R0027;R0038;R0051;R0052;R0054,6
3521,37,exact,False,False,R0002;R0033;R0036;R0039;R0044;R0051,6
3522,12,exact,False,False,R0005;R0008;R0013,3
3523,42,exact,False,False,R0014;R0052;R0054,3
3524,6,exact,False,False,R0033;R0036;R0039;R0044;R0051;R0052;R0054,7
3525,19,exact,False,False,R0024;R0027;R0038,3
3526,9,exact,False,False,R0050;R0056,2
3527,49,exact,False,False,R0026;R0029;R0031;R0040;R0046,5
3528,-1,exact,True,True,R0051;R0054,2
3529,27,exact,False,False,R0028;R0034,2
3530,27,exact,False,False,R0028;R0034,2
3531,40,exact,False,False,R0035;R0041;R0042;R0048;R0051;R0054,6
3532,6,exact,False,False,R0033;R0036;R0044;R0052;R0054,5
3533,23,exact,False,False,R0031;R0050;R0056,3
3534,39,exact,False,False,R0039;R0044;R0052;R0054,4
3535,14,exact,False,False,R0004;R0012;R0035;R0041;R0042;R0043;R0048;R0050;R0051;R0054,10
3536,49,exact,False,False,R0026;R0029;R0031;R0040;R0046,5
3537,47,exact,False,False,R0045;R0048;R0051;R0055,4
3538,6,exact,False,False,R0033;R0036;R0044;R0054,4
3539,48,exact,False,False,R0044;R0048;R0049;R0051;R0052;R0054,6
3540,29,fallback,False,False,,0
3541,40,exact,False,False,R0035;R0048;R0051,3
3542,-1,exact,True,True,R0052;R0054,2
3543,49,exact,False,False,R0026;R0029;R0031;R0040;R0046;R0057,6
3544,27,fallback,False,False,,0
3545,27,exact,False,False,R0028,1
3546,-1,exact,True,True,R0048;R0050;R0054,3
3547,27,exact,False,False,R0028;R0044,2
3548,18,exact,False,False,R0020;R0021,2
3549,-1,exact,True,True,R0051;R0054,2
3550,34,fallback,False,False,,0
3551,12,exact,False,False,R0005;R0050,2
3552,-1,fallback,True,False,,0
3553,39,exact,False,False,R0039;R0044;R0051;R0054,4
3554,6,exact,False,False,R0033;R0036;R0039;R0044;R0054,5
3555,48,exact,False,False,R0044;R0052;R0054,3
3556,49,exact,False,False,R0026;R0029;R0031;R0040;R0046,5
3557,48,exact,False,False,R0044;R0048;R0051;R0053;R0054,5
3558,48,exact,False,False,R0044;R0048;R0051;R0054,4
3559,22,fallback,False,False,,0
3560,48,exact,False,False,R0044;R0051;R0052;R0054,4
3561,6,exact,False,False,R0033;R0036;R0039;R0044;R0054,5
3562,48,exact,False,False,R0044;R0054,2
3563,-1,exact,True,True,R0042;R0043;R0045;R0050,4
3564,12,exact,False,False,R0005;R0035;R0041;R0042;R0043;R0045;R0050,7
3565,15,exact,False,False,R0054,1
3566,-1,exact,True,True,R0051;R0053;R0054;R0055;R0056,5
3567,37,exact,False,False,R0002;R0011;R0033;R0036;R0039;R0044;R0051,7
3568,20,exact,False,False,R0015;R0033;R0036;R0039;R0044;R0054,6
3569,30,fallback,False,False,,0
3570,-1,exact,True,True,R0028;R0033;R0036;R0039;R0044;R0052;R0054,7
3571,44,exact,False,False,R0019;R0047;R0057,3
3572,15,fallback,False,False,,0
3573,48,exact,False,False,R0044;R0052;R0054,3
3574,-1,exact,True,True,R0028;R0033;R0036;R0039;R0044;R0052;R0054,7
3575,-1,exact,True,True,R0051;R0054,2
3576,28,exact,False,False,R0010;R0044;R0051;R0053;R0054,5
3577,6,exact,False,False,R0033;R0036;R0039;R0044;R0051;R0054,6
3578,34,fallback,False,False,,0
3579,-1,exact,True,True,R0044;R0045;R0048;R0051;R0053,5
3580,-1,exact,True,True,R0048;R0050;R0054,3
3581,12,exact,False,False,R0005;R0008;R0013;R0048;R0050,5
3582,48,exact,False,False,R0044;R0051;R0052;R0054,4
3583,39,exact,False,False,R0039,1
3584,37,exact,False,False,R0002;R0033;R0036;R0039;R0044,5
3585,38,exact,False,False,R0017;R0044;R0048;R0051;R0052;R0054,6
3586,3,fallback,False,False,,0
3587,40,exact,False,False,R0035;R0041;R0042;R0043;R0048;R0050;R0051;R0054,8
3588,13,exact,False,False,R0021;R0057,2
3589,6,exact,False,False,R0033;R0036,2
3590,23,exact,False,False,R0031,1
3591,48,exact,False,False,R0044;R0049;R0051,3
3592,19,exact,False,False,R0024;R0027;R0045,3
3593,23,exact,False,False,R0031,1
3594,-1,exact,True,True,R0041;R0042;R0043;R0048;R0050;R0051;R0054;R0055,8
3595,40,exact,False,False,R0035;R0041;R0042;R0043;R0048;R0050;R0051,7
3596,9,exact,False,False,R0050,1
3597,36,exact,False,False,R0034,1
3598,25,exact,False,False,R0030;R0047;R0056;R0057,4
3599,-1,exact,True,True,R0044;R0045;R0048;R0051;R0057,5
3600,1,exact,False,False,R0032;R0037;R0048;R0049;R0051;R0052;R0054;R0055,8
3601,9,exact,False,False,R0050,1
3602,30,exact,False,False,R0001;R0044;R0052;R0054,4
3603,-1,exact,True,True,R0006;R0030;R0044;R0045;R0049;R0051;R0053;R0055;R0056,9
3604,12,exact,False,False,R0005;R0016;R0035;R0041;R0042;R0043;R0048;R0050;R0051,9
3605,26,fallback,False,False,,0
3606,37,exact,False,False,R0002;R0011;R0039;R0051,4
3607,40,exact,False,False,R0035;R0041;R0042;R0043;R0045;R0048;R0050;R0051,8
3608,39,exact,False,False,R0039;R0051;R0052;R0054,4
3609,23,exact,False,False,R0031,1
3610,47,exact,False,False,R0045;R0057,2
3611,-1,exact,True,True,R0041;R0042;R0048;R0051;R0054,5
3612,14,exact,False,False,R0012;R0035;R0041;R0042;R0043;R0050,6
3613,35,exact,False,False,R0023,1
3614,39,exact,False,False,R0039;R0044;R0048;R0051;R0053;R0054,6
3615,48,exact,False,False,R0044;R0051;R0052;R0054,4
3616,-1,exact,True,True,R0041;R0042;R0043;R0048;R0050;R0051;R0053;R0054;R0055;R0056,11
3617,48,fallback,False,False,,0
3618,1,exact,False,False,R0032;R0037,2
3619,35,exact,False,False,R0023;R0047;R0055;R0056;R0057,5
3620,49,exact,False,False,R0026;R0029;R0031;R0040;R0046,5
3621,31,exact,False,False,R0025;R0035;R0042;R0043;R0050,5
3622,-1,exact,True,True,R0041;R0042;R0043;R0044;R0048;R0050;R0051;R0053;R0054,9
3623,1,fallback,False,False,,0
3624,38,exact,False,False,R0017;R0044;R0048;R0051,4
3625,48,exact,False,False,R0044,1
3626,26,exact,False,False,R0006;R0044;R0045;R0051;R0053;R0055;R0056;R0057,8
3627,6,exact,False,False,R0033;R0036;R0039;R0044;R0052;R0054,6
3628,19,exact,False,False,R0024;R0027;R0038;R0045;R0051,5
3629,25,exact,False,False,R0030;R0049;R0050;R0056;R0057,5
3630,10,fallback,False,False,,0
3631,11,fallback,False,False,,0
3632,6,exact,False,False,R0033;R0039;R0044;R0051,4
3633,25,exact,False,False,R0030;R0047;R0056;R0057,4
3634,-1,exact,True,True,R0052;R0054,2
3635,48,exact,False,False,R0044;R0051;R0052;R0054,4
3636,13,exact,False,False,R0021,1
3637,26,fallback,False,False,,0
3638,31,exact,False,False,R0025;R0041;R0042;R0048;R0051;R0054,6
3639,6,exact,False,False,R0033;R0036;R0039;R0044;R0052;R0054,6
3640,6,exact,False,False,R0033;R0036;R0039;R0044;R0054,5
3641,-1,fallback,True,False,,0
3642,49,exact,False,False,R0026;R0029;R0031;R0040;R0046,5
3643,26,exact,False,False,R0009;R0044;R0045;R0049;R0051;R0055;R0057,7
3644,12,exact,False,False,R0005;R0035;R0041;R0042;R0043;R0048;R0050;R0051,8
3645,48,exact,False,False,R0044;R0051;R0054,3
3646,4,exact,False,False,R0018;R0050,2
3647,39,exact,False,False,R0039;R0051;R0052;R0054,4
3648,39,exact,False,False,R0039;R0044;R0052;R0054,4
3649,49,exact,False,False,R0026;R0029;R0031;R0040;R0046,5
3650,48,exact,False,False,R0044;R0052;R0054,3
3651,-1,exact,True,True,R0051;R0053;R0054;R0055;R0056,5
3652,41,exact,False,False,R0052,1
3653,13,fallback,False,False,,0
3654,6,exact,False,False,R0033;R0036;R0039;R0044;R0054,5
3655,-1,exact,True,True,R0053;R0056,2
3656,25,exact,False,False,R0030;R0044;R0045;R0048;R0049;R0051;R0053;R0055;R0056,9
3657,4,exact,False,False,R0018;R0044;R0048;R0050;R0053;R0054,6
3658,27,exact,False,False,R0028;R0034;R0039;R0044;R0052;R0054,6
3659,36,exact,False,False,R0034,1
3660,40,exact,False,False,R0035;R0041;R0042;R0043;R0045;R0048;R0050;R0051,8
3661,25,exact,False,False,R0030;R0056;R0057,3
3662,-1,exact,True,True,R0041;R0042;R0048;R0051;R0054,5
3663,42,exact,False,False,R0014;R0035;R0041;R0042;R0043;R0048;R0050;R0051,8
3664,39,exact,False,False,R0039;R0044;R0051,3
3665,21,exact,False,False,R0051,1
3666,31,exact,False,False,R0025;R0042,2
3667,-1,exact,True,True,R0041;R0042;R0043;R0045;R0048;R0050;R0051;R0053;R0055;R0056,10
3668,35,fallback,False,False,,0
3669,-1,fallback,True,False,,0
3670,6,exact,False,False,R0033;R0036;R0039;R0044;R0051;R0052;R0054,7
3671,39,exact,False,False,R0039;R0051,2
3672,-1,exact,True,True,R0041;R0042;R0044;R0048;R0051,5
3673,46,exact,False,False,R0047;R0057,2
3674,48,exact,False,False,R0044;R0052;R0054,3
3675,40,exact,False,False,R0035;R0041;R0042;R0048;R0051;R0054,6
3676,36,exact,False,False,R0034;R0039;R0044;R0054,4
3677,28,fallback,False,False,,0
3678,37,exact,False,False,R0011;R0033;R0036;R0044;R0051,5
3679,40,exact,False,False,R0035;R0041;R0042;R0043;R0045;R0048;R0050;R0051,8
3680,19,exact,False,False,R0024;R0027,2
3681,4,fallback,False,False,,0
3682,41,exact,False,False,R0052,1
3683,4,exact,False,False,R0018;R0044;R0048;R0050;R0054,5
3684,38,exact,False,False,R0017;R0044;R0048;R0051;R0052;R0054,6
3685,6,exact,False,False,R0033;R0036;R0039;R0044,4
3686,40,exact,False,False,R0035;R0041;R0042;R0043;R0048;R0050;R0051;R0054,8
3687,48,exact,False,False,R0044;R0051;R0052;R0054,4
3688,48,exact,False,False,R0044;R0048;R0051,3
3689,-1,exact,True,True,R0042;R0043;R0050;R0055,4
3690,6,exact,False,False,R0033;R0036,2
3691,46,fallback,False,False,,0
3692,6,exact,False,False,R0033;R0036,2
3693,36,exact,False,False,R0034;R0044;R0052;R0054,4
3694,42,exact,False,False,R0014;R0035;R0041;R0042;R0043;R0045;R0048;R0050;R0051,9
3695,35,fallback,False,False,,0
3696,37,exact,False,False,R0002;R0008;R0041;R0042;R0048;R0051,6
3697,-1,exact,True,True,R0048;R0050;R0054,3
3698,49,exact,False,False,R0026;R0029;R0031;R0040;R0046,5
3699,49,exact,False,False,R0026;R0029;R0031;R0040;R0046,5
3700,21,fallback,False,False,,0
3701,19,exact,False,False,R0024;R0027;R0038;R0044;R0049;R0051;R0052;R0054,8
3702,41,exact,False,False,R0052,1
3703,12,exact,False,False,R0005;R0035;R0041;R0042;R0043;R0048;R0050;R0051,8
3704,40,exact,False,False,R0035;R0041;R0042;R0043;R0045;R0048;R0050;R0051,8
3705,10,exact,False,False,R0022;R0044;R0048,3
3706,6,exact,False,False,R0033;R0036;R0039;R0044,4
3707,25,exact,False,False,R0030;R0044;R0048;R0049;R0050;R0053;R0054;R0056;R0057,9
3708,46,exact,False,False,R0047;R0057,2
3709,22,fallback,False,False,,0
3710,47,exact,False,False,R0045;R0055,2
3711,-1,exact,True,True,R0041;R0042;R0043;R0048;R0050;R0051;R0053;R0054,8
3712,39,exact,False,False,R0039;R0044;R0051;R0052;R0054,5
3713,49,exact,False,False,R0026;R0029;R0031;R0034;R0040;R0046,6
3714,15,exact,False,False,R0054,1
3715,-1,exact,True,True,R0051;R0054,2
3716,35,exact,False,False,R0023,1
3717,19,exact,False,False,R0024;R0027;R0038;R0045;R0051,5
3718,30,exact,False,False,R0001;R0044;R0051;R0052;R0054,5
3719,18,exact,False,False,R0020;R0034;R0052,3
3720,38,exact,False,False,R0017,1
3721,12,exact,False,False,R0005;R0035;R0041;R0042;R0043;R0048;R0050;R0051,8
3722,-1,fallback,True,False,,0
3723,6,exact,False,False,R0033;R0036,2
3724,3,fallback,False,False,,0
3725,34,fallback,False,False,,0
3726,-1,exact,True,True,R0041;R0042;R0043;R0044;R0048;R0050;R0051;R0053;R0054;R0055,12
3727,27,exact,False,False,R0028;R0044,2
3728,-1,exact,True,True,R0051;R0052;R0054,3
3729,6,exact,False,False,R0033;R0036;R0039;R0044;R0051;R0054,6
3730,8,fallback,False,False,,0
3731,35,fallback,False,False,,0
3732,23,exact,False,False,R0031,1
3733,23,fallback,False,False,,0
3734,-1,exact,True,True,R0048;R0051;R0054,3
3735,4,fallback,False,False,,0
3736,49,exact,False,False,R0026;R0029;R0031;R0040;R0046,5
3737,7,fallback,False,False,,0
3738,-1,exact,True,True,R0052;R0054,2
3739,46,exact,False,False,R0047,1
3740,30,exact,False,False,R0001;R0039;R0044;R0052;R0054,5
3741,-1,exact,True,True,R0044;R0045;R0049;R0051,4
3742,30,exact,False,False,R0001;R0044;R0052;R0054,4
3743,6,exact,False,False,R0033;R0036;R0039;R0044,4
3744,-1,exact,True,True,R0041;R0042;R0043;R0048;R0050;R0051;R0054,7
3745,6,exact,False,False,R0033;R0036;R0039;R0044;R0052;R0054,6
3746,42,exact,False,False,R0014;R0035;R0041;R0042;R0043;R0045;R0048;R0050;R0051,9
3747,-1,exact,True,True,R0041;R0042;R0043;R0048;R0050;R0051;R0053;R0054;R0057,9
3748,18,exact,False,False,R0020;R0034;R0044;R0052;R0054,5
3749,7,fallback,False,False,,0
3750,-1,exact,True,True,R0041;R0042;R0043;R0048;R0050;R0051;R0054,7
3751,23,fallback,False,False,,0
3752,49,exact,False,False,R0026;R0029;R0031;R0040;R0046,5
3753,36,exact,False,False,R0034;R0052,2
3754,48,exact,False,False,R0044;R0051,2
3755,36,exact,False,False,R0034;R0044;R0051;R0052;R0054,5
3756,48,exact,False,False,R0044;R0054,2
3757,47,exact,False,False,R0045;R0055,2
3758,48,exact,False,False,R0044,1
3759,-1,exact,True,True,R0041;R0042;R0043;R0045;R0048;R0050;R0051;R0053,8
3760,19,exact,False,False,R0024;R0027;R0044;R0054,4
3761,47,exact,False,False,R0045;R0055,2
3762,35,exact,False,False,R0023;R0037;R0047;R0055;R0056,5
3763,47,exact,False,False,R0045;R0055,2
3764,36,exact,False,False,R0034,1
3765,-1,exact,True,True,R0042;R0043;R0045;R0050;R0055;R0056,6
3766,46,fallback,False,False,,0
3767,-1,exact,True,True,R0042;R0043;R0050,3
3768,-1,exact,True,True,R0041;R0042;R0043;R0045;R0050;R0055,6
3769,9,exact,False,False,R0050,1
3770,34,fallback,False,False,,0
3771,28,exact,False,False,R0003;R0032;R0044;R0048;R0051;R0053;R0054,7
3772,-1,exact,True,True,R0052;R0054,2
3773,-1,exact,True,True,R0041;R0042;R0043;R0045;R0048;R0050;R0051,7
3774,13,exact,False,False,R0021,1
3775,37,exact,False,False,R0002;R0011;R0033;R0036;R0044;R0051,6
3776,6,exact,False,False,R0033;R0036,2
3777,48,exact,False,False,R0044,1
3778,-1,exact,True,True,R0041;R0042;R0043;R0045;R0048;R0050;R0051;R0053,8
3779,49,exact,False,False,R0026;R0029;R0031;R0040;R0046,5
3780,49,exact,False,False,R0026;R0029;R0031;R0040;R0046,5
3781,-1,exact,True,True,R0048;R0051;R0054;R0055,4
3782,6,exact,False,False,R0033;R0036;R0039;R0044;R0052;R0054,6
3783,48,exact,False,False,R0044;R0048;R0051;R0053,4
3784,23,exact,False,False,R0031;R0057,2
3785,19,exact,False,False,R0024;R0027;R0038;R0051;R0052;R0054,6
3786,6,exact,False,False,R0033;R0036;R0044;R0052;R0054,5
3787,28,fallback,False,False,,0
3788,13,fallback,False,False,,0
3789,35,exact,False,False,R0023;R0056,2
3790,-1,exact,True,True,R0051;R0052;R0054,3
3791,44,exact,False,False,R0019;R0032;R0042;R0043;R0050;R0055;R0056,7
3792,19,fallback,False,False,,0
3793,18,exact,False,False,R0020;R0039;R0044,3
3794,1,fallback,False,False,,0
3795,18,exact,False,False,R0020;R0026;R0029;R0040;R0046,5
3796,49,exact,False,False,R0026;R0029;R0031;R0040;R0046,5
3797,48,exact,False,False,R0044;R0051,2
3798,-1,exact,True,True,R0028;R0033;R0036;R0039;R0044;R0052;R0054,7
3799,12,exact,False,False,R0005;R0008;R0013;R0048,4
3800,18,exact,False,False,R0020;R0034,2
3801,46,exact,False,False,R0047,1
3802,12,exact,False,False,R0008;R0035;R0051,3
3803,-1,exact,True,True,R0052;R0053,2
3804,28,fallback,False,False,,0
3805,49,exact,False,False,R0026;R0029;R0031;R0040;R0046,5
3806,35,exact,False,False,R0023;R0032;R0047;R0055;R0056;R0057,6
3807,37,exact,False,False,R0002;R0011;R0033;R0036;R0039;R0044;R0051,7
3808,18,exact,False,False,R0020;R0034,2
3809,29,exact,False,False,R0037;R0047;R0055;R0056,4
3810,41,exact,False,False,R0052,1
3811,37,exact,False,False,R0002;R0011;R0044;R0051,4
3812,40,exact,False,False,R0035;R0041;R0048;R0051;R0054,5
3813,47,exact,False,False,R0045;R0048;R0051;R0053;R0055;R0056,6
3814,48,exact,False,False,R0044,1
3815,20,exact,False,False,R0015;R0033;R0036;R0039;R0044;R0054,6
3816,25,exact,False,False,R0030;R0055;R0056,3
3817,48,exact,False,False,R0044;R0051;R0054,3
3818,48,exact,False,False,R0044;R0051;R0052;R0053;R0054,5
3819,6,exact,False,False,R0033;R0036;R0039;R0044;R0051,5
3820,49,exact,False,False,R0026;R0029;R0031;R0040;R0046,5
3821,6,exact,False,False,R0033;R0036;R0039;R0044;R0054,5
3822,-1,fallback,True,False,,0
3823,-1,exact,True,True,R0030;R0032;R0049;R0052;R0053;R0055;R0056;R0057,8
3824,6,exact,False,False,R0033;R0036;R0039;R0044;R0051,5
3825,35,exact,False,False,R0023;R0056,2
3826,49,exact,False,False,R0026;R0029;R0031;R0040;R0046;R0057,6
3827,36,exact,False,False,R0034;R0039;R0044;R0051;R0052;R0054,6
3828,-1,exact,True,True,R0041;R0042;R0043;R0045;R0048;R0050;R0051;R0055,8
3829,-1,exact,True,True,R0041;R0042;R0048;R0051,4
3830,6,exact,False,False,R0033;R0036;R0039;R0044;R0052;R0054,6
3831,6,exact,False,False,R0033;R0036;R0052,3
3832,39,exact,False,False,R0039;R0044;R0051;R0052;R0054,5
3833,48,exact,False,False,R0044;R0048;R0050;R0053;R0054;R0057,6
3834,6,exact,False,False,R0033;R0036;R0039;R0044;R0051;R0054,6
3835,-1,exact,True,True,R0048;R0051;R0053,3
3836,44,exact,False,False,R0019;R0037,2
3837,6,exact,False,False,R0033;R0036;R0039;R0044;R0051;R0052;R0054,7
3838,36,exact,False,False,R0034;R0039;R0044;R0052;R0054,5
3839,6,exact,False,False,R0033;R0036;R0039;R0044;R0054,5
3840,-1,exact,True,True,R0055;R0056;R0057,3
3841,-1,exact,True,True,R0041;R0042;R0043;R0048;R0050;R0051;R0053;R0054,8
3842,49,exact,False,False,R0026;R0029;R0031;R0040;R0046,5
3843,36,exact,False,False,R0034,1
3844,37,exact,False,False,R0002;R0033;R0036;R0039;R0044,5
3845,13,fallback,False,False,,0
3846,40,exact,False,False,R0035;R0048;R0051;R0054,4
3847,19,exact,False,False,R0024;R0027;R0044;R0054;R0057,5
3848,37,exact,False,False,R0002;R0011;R0039;R0044;R0051,5
3849,36,exact,False,False,R0034;R0039;R0044;R0051;R0052;R0054,6
3850,37,exact,False,False,R0002;R0011;R0033;R0036;R0039;R0044;R0051,7
3851,48,exact,False,False,R0044;R0048;R0053,3
3852,48,exact,False,False,R0044;R0048;R0051;R0053;R0054,5
3853,49,exact,False,False,R0026;R0029;R0031;R0040;R0046;R0057,6
3854,-1,exact,True,True,R0041;R0042;R0043;R0045;R0048;R0050;R0051;R0053;R0055;R0056,10
3855,49,exact,False,False,R0026;R0029;R0031;R0040;R0046;R0057,6
3856,-1,exact,True,True,R0041;R0042;R0043;R0048;R0050;R0051;R0053;R0054;R0055;R0056,10
3857,6,exact,False,False,R0033;R0036;R0039;R0044;R0052;R0054,6
3858,41,fallback,False,False,,0
3859,-1,exact,True,True,R0051;R0054,2
3860,-1,exact,True,True,R0051;R0054,2
3861,30,exact,False,False,R0001,1
3862,49,exact,False,False,R0026;R0029;R0031;R0040;R0046,5
3863,22,exact,False,False,R0007;R0034;R0039;R0044;R0051;R0052;R0054,7
3864,4,exact,False,False,R0018;R0030;R0044;R0048;R0049;R0050;R0053;R0054;R0056,9
3865,35,fallback,False,False,,0
3866,40,exact,False,False,R0035;R0041;R0042;R0043;R0045;R0048;R0050;R0051,8
3867,19,exact,False,False,R0024;R0027;R0038;R0051;R0052;R0054;R0055,7
3868,1,exact,False,False,R0032;R0044;R0049;R0051;R0052;R0053;R0054;R0057,8
3869,36,exact,False,False,R0034;R0044;R0052;R0054,4
3870,-1,exact,True,True,R0030;R0032;R0049;R0055;R0056;R0057,6
3871,-1,exact,True,True,R0041;R0042;R0048;R0051,4
3872,49,exact,False,False,R0026;R0029;R0031;R0040;R0046,5
3873,6,exact,False,False,R0033;R0036;R0052,3
3874,40,exact,False,False,R0035;R0041;R0042;R0043;R0048;R0050;R0051,7
3875,-1,exact,True,True,R0042;R0043;R0050,3
3876,35,fallback,False,False,,0
3877,-1,exact,True,True,R0030;R0032;R0055;R0056,4
3878,48,exact,False,False,R0044;R0049,2
3879,44,exact,False,False,R0019;R0032;R0055,3
3880,48,exact,False,False,R0044;R0048,2
3881,28,exact,False,False,R0003;R0044;R0048;R0051;R0053;R0054,6
3882,12,exact,False,False,R0005;R0035;R0041;R0042;R0043;R0048;R0050;R0051,8
3883,31,exact,False,False,R0025;R0041;R0042;R0043;R0048;R0050;R0051;R0053;R0054;R0055,11
3884,-1,exact,True,True,R0051;R0052;R0054,3
3885,48,exact,False,False,R0044;R0052;R0054,3
3886,-1,exact,True,True,R0041;R0042;R0043;R0045;R0050;R0055;R0056;R0057,8
3887,30,exact,False,False,R0001,1
3888,21,exact,False,False,R0051,1
3889,-1,fallback,True,False,,0
3890,48,exact,False,False,R0044,1
3891,25,exact,False,False,R0030;R0044;R0048;R0049;R0051;R0053,6
3892,14,exact,False,False,R0012;R0035;R0042;R0043;R0045;R0050,6
3893,42,exact,False,False,R0014;R0035;R0041;R0042;R0043;R0045;R0048;R0050;R0051,9
3894,49,exact,False,False,R0026;R0029;R0031;R0040;R0046,5
3895,47,exact,False,False,R0045;R0049;R0051;R0055;R0057,5
3896,47,exact,False,False,R0045;R0051;R0055,3
3897,9,fallback,False,False,,0
3898,39,exact,False,False,R0039;R0044;R0051;R0052;R0054,5
3899,31,exact,False,False,R0025;R0041;R0042;R0043;R0048;R0050;R0051;R0053;R0054;R0055,11
3900,37,exact,False,False,R0002;R0005;R0016;R0035;R0041;R0042;R0043;R0048;R0050;R0051,10
3901,36,exact,False,False,R0034,1
3902,48,exact,False,False,R0044;R0053;R0054,3
3903,38,exact,False,False,R0017,1
3904,44,exact,False,False,R0019;R0032;R0035;R0042;R0043;R0050,6
3905,6,exact,False,False,R0033;R0036;R0039;R0044;R0051,5
3906,27,exact,False,False,R0028;R0039;R0044;R0052;R0054,5
3907,41,exact,False,False,R0052,1
3908,49,exact,False,False,R0026;R0029;R0031;R0040;R0046,5
3909,49,exact,False,False,R0026;R0029;R0031;R0040;R0046;R0057,6
3910,19,exact,False,False,R0024;R0027;R0038;R0051;R0052;R0054,6
3911,37,exact,False,False,R0002;R0033;R0036,3
3912,9,fallback,False,False,,0
3913,12,exact,False,False,R0005;R0016;R0035;R0041;R0042;R0043;R0045;R0048;R0050;R0051,10
3914,-1,exact,True,True,R0041;R0042;R0043;R0045;R0048;R0050;R0051;R0053;R0055;R0056,11
3915,-1,exact,True,True,R0052;R0054,2
3916,28,exact,False,False,R0010;R0044;R0051;R0053;R0054,5
3917,22,exact,False,False,R0007;R0034;R0039;R0044;R0051;R0054,6
3918,25,exact,False,False,R0030;R0056,2
3919,42,exact,False,False,R0004;R0014;R0035;R0041;R0042;R0043;R0048;R0050;R0051;R0054,10
3920,44,exact,False,False,R0019;R0025;R0032;R0042;R0043;R0050,6
3921,6,exact,False,False,R0033;R0036,2
3922,12,exact,False,False,R0005;R0035;R0041;R0042;R0043;R0048;R0050;R0051,8
3923,25,exact,False,False,R0030;R0044;R0049;R0051;R0053,5
3924,23,exact,False,False,R0031,1
3925,48,exact,False,False,R0044;R0048;R0049;R0051;R0052;R0054;R0055,7
3926,-1,fallback,True,False,,0
3927,49,exact,False,False,R0026;R0029;R0031;R0040;R0046,5
3928,44,exact,False,False,R0019;R0032;R0042;R0043;R0050,5
3929,48,exact,False,False,R0044;R0049;R0052;R0053;R0054,5
3930,39,exact,False,False,R0039;R0044;R0051;R0053;R0054,5
3931,49,exact,False,False,R0026;R0029;R0040;R0046,4
3932,6,exact,False,False,R0033;R0036;R0039;R0044,4
3933,22,exact,False,False,R0007;R0034;R0039;R0044;R0051;R0054,6
3934,47,exact,False,False,R0045;R0048;R0051,3
3935,27,exact,False,False,R0028;R0044;R0052;R0054,4
3936,6,exact,False,False,R0033;R0036;R0039;R0044;R0052;R0054,6
3937,23,exact,False,False,R0031;R0037,2
3938,26,exact,False,False,R0009;R0044;R0045;R0051;R0055;R0057,6
3939,-1,exact,True,True,R0051;R0052;R0054,3
3940,12,exact,False,False,R0005;R0050,2
3941,3,fallback,False,False,,0
3942,25,exact,False,False,R0030;R0045;R0048;R0051;R0053;R0055;R0056,7
3943,40,exact,False,False,R0035;R0041;R0042;R0043;R0045;R0048;R0050;R0051,8
3944,37,exact,False,False,R0002;R0011;R0033;R0036;R0039;R0044;R0051,7
3945,-1,exact,True,True,R0041;R0042;R0043;R0045;R0048;R0050;R0051;R0053;R0055;R0056,10
3946,19,exact,False,False,R0024;R0027;R0038;R0045;R0051,5
3947,-1,exact,True,True,R0048;R0050;R0053;R0054;R0056,5
3948,-1,exact,True,True,R0041;R0042;R0043;R0044;R0048;R0049;R0050;R0051;R0054;R0055,10
3949,48,exact,False,False,R0044;R0051,2
3950,18,exact,False,False,R0020,1
3951,6,exact,False,False,R0033;R0036;R0039;R0044;R0054,5
3952,44,fallback,False,False,,0
3953,28,exact,False,False,R0003;R0044;R0048;R0051;R0053;R0054,6
3954,6,exact,False,False,R0033;R0036;R0039;R0044;R0051,5
3955,-1,exact,True,True,R0051;R0052;R0054,3
3956,-1,exact,True,True,R0042;R0043;R0050;R0055,4
3957,36,exact,False,False,R0034,1
3958,36,exact,False,False,R0034;R0044;R0052;R0054,4
3959,40,exact,False,False,R0035;R0042;R0043;R0050,4
3960,16,fallback,False,False,,0
3961,15,exact,False,False,R0054,1
3962,49,exact,False,False,R0026;R0029;R0031;R0040;R0046;R0057,6
3963,49,exact,False,False,R0026;R0029;R0031;R0040;R0046,5
3964,-1,exact,True,True,R0051;R0053;R0054;R0055;R0056,5
3965,-1,exact,True,True,R0042;R0043;R0045;R0050;R0055;R0056,6
3966,31,exact,False,False,R0025;R0041;R0042;R0043;R0048;R0050;R0051;R0053;R0054;R0055,11
3967,32,fallback,False,False,,0
3968,40,exact,False,False,R0035;R0041;R0042;R0043;R0045;R0048;R0050;R0051,8
3969,43,fallback,False,False,,0
3970,48,exact,False,False,R0044,1
3971,9,exact,False,False,R0050;R0057,2
3972,37,exact,False,False,R0002;R0011;R0033;R0036;R0039;R0044;R0051,7
3973,-1,exact,True,True,R0048;R0050;R0053,3
3974,25,exact,False,False,R0030;R0049;R0055;R0056,4
3975,12,exact,False,False,R0005;R0008;R0035;R0041;R0042;R0048;R0051;R0054,8
3976,21,exact,False,False,R0051,1
3977,48,exact,False,False,R0044;R0048;R0049;R0051;R0053;R0054;R0057,7
3978,13,exact,False,False,R0021;R0034,2
3979,37,exact,False,False,R0002;R0039;R0051,3
3980,13,fallback,False,False,,0
3981,48,exact,False,False,R0044,1
3982,39,exact,False,False,R0039;R0051;R0052;R0054,4
3983,-1,exact,True,True,R0048;R0050;R0054,3
3984,6,exact,False,False,R0033;R0036;R0039;R0044;R0051;R0054,6
3985,6,exact,False,False,R0033;R0036;R0039;R0044;R0051;R0054,6
3986,35,exact,False,False,R0023;R0047;R0056;R0057,4
3987,49,exact,False,False,R0026;R0029;R0031;R0040;R0046,5
3988,-1,exact,True,True,R0042;R0043;R0050;R0055;R0056,5
3989,37,exact,False,False,R0011;R0033;R0036;R0039;R0044;R0051,6
3990,37,exact,False,False,R0002;R0033;R0036,3
3991,29,fallback,False,False,,0
3992,6,exact,False,False,R0033;R0036;R0039;R0044;R0052;R0054,6
3993,-1,exact,True,True,R0048;R0051;R0053;R0054;R0055;R0056,6
3994,49,exact,False,False,R0026;R0029;R0031;R0040;R0046,5
3995,48,exact,False,False,R0044;R0051;R0053;R0054,4
3996,44,exact,False,False,R0019;R0042;R0043;R0045;R0050,5
3997,18,exact,False,False,R0020;R0021;R0034,3
3998,39,exact,False,False,R0039;R0044;R0051,3
3999,18,fallback,False,False,,0
4000,-1,exact,True,True,R0041;R0042;R0043;R0045;R0048;R0050;R0051;R0053;R0055;R0056,10
4001,38,exact,False,False,R0017;R0042;R0043;R0045;R0050,5
4002,27,exact,False,False,R0028;R0057,2
4003,25,exact,False,False,R0030;R0044;R0049;R0051;R0053,5
4004,22,exact,False,False,R0007;R0034;R0039;R0044;R0051;R0052;R0054,7
4005,-1,exact,True,True,R0041;R0042;R0043;R0048;R0050;R0051;R0053;R0054;R0057,9
4006,12,exact,False,False,R0005;R0016;R0035;R0041;R0042;R0043;R0048;R0050;R0051,9
4007,30,exact,False,False,R0001;R0051;R0052;R0054,4
4008,11,exact,False,False,R0057,1
4009,9,fallback,False,False,,0
4010,6,exact,False,False,R0033;R0036;R0039;R0044,4
4011,42,exact,False,False,R0004;R0014;R0035;R0041;R0042;R0043;R0048;R0050;R0051;R0054,10
4012,21,exact,False,False,R0051,1
4013,25,exact,False,False,R0030;R0045;R0055;R0056,4
4014,6,exact,False,False,R0033;R0036;R0039;R0044,4
4015,6,exact,False,False,R0033;R0036;R0039;R0044;R0051,5
4016,44,exact,False,False,R0019;R0045;R0055,3
4017,-1,exact,True,True,R0041;R0042;R0043;R0048;R0050;R0051;R0054,7
4018,27,exact,False,False,R0028;R0044;R0052;R0054,4
4019,49,exact,False,False,R0026;R0029;R0031;R0040;R0046;R0057,6
4020,49,exact,False,False,R0026;R0029;R0040;R0046,4
4021,25,exact,False,False,R0030;R0048;R0051;R0053,4
4022,-1,exact,True,True,R0041;R0042;R0043;R0048;R0050;R0051;R0053;R0054;R0055;R0056,10
4023,40,exact,False,False,R0035;R0041;R0042;R0043;R0045;R0048;R0050;R0051,8
4024,29,exact,False,False,R0037,1
4025,35,exact,False,False,R0023;R0047;R0055;R0056,4
4026,46,fallback,False,False,,0
4027,21,exact,False,False,R0051,1
4028,48,exact,False,False,R0044;R0052;R0054,3
4029,27,exact,False,False,R0028;R0052,2
4030,19,exact,False,False,R0024;R0027;R0055,3
4031,6,exact,False,False,R0033;R0036;R0039;R0044;R0051;R0052;R0054,7
4032,-1,exact,True,True,R0041;R0042;R0043;R0045;R0048;R0050;R0051,7
4033,-1,exact,True,True,R0052;R0054,2
4034,48,exact,False,False,R0044;R0051,2
4035,25,exact,False,False,R0030;R0041;R0042;R0043;R0044;R0048;R0049;R0050;R0051;R0053,14
4036,19,exact,False,False,R0024;R0027;R0038;R0044;R0051;R0054,6
4037,28,fallback,False,False,,0
4038,49,exact,False,False,R0026;R0029;R0031;R0040;R0046;R0057,6
4039,6,exact,False,False,R0033;R0036;R0039;R0044;R0052;R0054,6
4040,48,exact,False,False,R0044;R0054,2
4041,0,exact,False,False,R0036,1
4042,25,exact,False,False,R0030;R0042;R0043;R0045;R0050;R0055;R0056,7
4043,1,exact,False,False,R0032;R0049,2
4044,48,exact,False,False,R0044;R0054,2
4045,49,exact,False,False,R0026;R0029;R0031;R0040;R0046;R0057,6
4046,48,exact,False,False,R0044;R0048;R0051;R0054,4
4047,31,exact,False,False,R0025;R0041;R0042;R0043;R0048;R0050;R0051;R0053;R0054;R0055,11
4048,39,exact,False,False,R0039;R0044;R0052;R0054,4
4049,25,exact,False,False,R0030;R0045;R0048;R0051;R0053;R0055;R0056,7
4050,47,exact,False,False,R0045;R0048;R0051;R0055,4
4051,6,exact,False,False,R0033;R0036;R0052,3
4052,6,exact,False,False,R0033;R0036,2
4053,18,exact,False,False,R0020;R0044;R0052;R0054,4
4054,27,exact,False,False,R0028,1
4055,-1,fallback,True,False,,0
4056,44,exact,False,False,R0019;R0042;R0043;R0045;R0050,5
4057,1,exact,False,False,R0032,1
4058,35,exact,False,False,R0023;R0037;R0047,3
4059,-1,exact,True,True,R0041;R0042,2
4060,40,exact,False,False,R0035;R0041;R0042;R0043;R0048;R0050;R0051;R0054,8
4061,49,exact,False,False,R0026;R0029;R0031;R0040;R0046;R0057,6
4062,12,exact,False,False,R0005;R0008;R0035;R0041;R0042;R0043;R0045;R0048;R0050;R0051,10
4063,37,exact,False,False,R0002;R0033;R0036;R0039;R0044;R0051,6
4064,47,exact,False,False,R0045,1
4065,-1,exact,True,True,R0051;R0052;R0054,3
4066,39,exact,False,False,R0039;R0044,2
4067,19,exact,False,False,R0024;R0027;R0044,3
4068,25,exact,False,False,R0030;R0045;R0053;R0055;R0056,5
4069,-1,exact,True,True,R0042;R0043;R0045;R0050;R0055;R0056,6
4070,6,exact,False,False,R0033;R0036;R0039;R0044;R0051;R0052;R0054,7
4071,14,exact,False,False,R0012;R0048;R0050,3
4072,49,exact,False,False,R0026;R0029;R0031;R0040;R0046,5
4073,-1,exact,True,True,R0055;R0056,2
4074,-1,exact,True,True,R0041;R0042;R0048;R0051;R0054,5
4075,44,exact,False,False,R0019;R0032;R0042;R0043;R0050;R0055;R0056,7
4076,-1,exact,True,True,R0048;R0051,2
4077,-1,exact,True,True,R0041;R0042;R0043;R0045;R0048;R0050;R0051;R0055,8
4078,11,fallback,False,False,,0
4079,-1,exact,True,True,R0042;R0043;R0050;R0055;R0056,5
4080,-1,exact,True,True,R0041;R0042;R0043;R0044;R0048;R0050;R0051;R0053;R0054;R0057,10
4081,48,exact,False,False,R0044;R0051;R0053;R0054,4
4082,15,exact,False,False,R0054,1
4083,-1,exact,True,True,R0048;R0050;R0053;R0054;R0056,5
4084,-1,exact,True,True,R0048;R0050;R0054,3
4085,31,exact,False,False,R0025;R0041;R0042;R0043;R0045;R0048;R0050;R0051;R0053;R0055,11
4086,23,exact,False,False,R0031,1
4087,44,exact,False,False,R0019;R0037;R0047,3
4088,-1,exact,True,True,R0028;R0033;R0036,3
4089,21,exact,False,False,R0051,1
4090,49,exact,False,False,R0026;R0029;R0031;R0040;R0046;R0057,6
4091,41,exact,False,False,R0052,1
4092,9,exact,False,False,R0050,1
4093,4,exact,False,False,R0018;R0044;R0048;R0050;R0053;R0054;R0056,7
4094,6,exact,False,False,R0033;R0036,2
4095,18,exact,False,False,R0020;R0044;R0052;R0054,4
4096,26,exact,False,False,R0009;R0044;R0045;R0051;R0055,5
4097,36,exact,False,False,R0034;R0039;R0044;R0052;R0054,5
4098,36,exact,False,False,R0034;R0052,2
4099,1,exact,False,False,R0032;R0055,2
4100,13,exact,False,False,R0021,1
4101,6,exact,False,False,R0033;R0036;R0039;R0044,4
4102,48,exact,False,False,R0044;R0051;R0052;R0054,4
4103,49,exact,False,False,R0026;R0029;R0031;R0040;R0046;R0057,6
4104,6,exact,False,False,R0033;R0036;R0039;R0044;R0051;R0052;R0054,7
4105,6,exact,False,False,R0033;R0036;R0039;R0044;R0051;R0054,6
4106,30,exact,False,False,R0001;R0039;R0044;R0051,4
4107,12,exact,False,False,R0013;R0048;R0050,3
4108,6,exact,False,False,R0033;R0036;R0039;R0044;R0051;R0054,6
4109,40,exact,False,False,R0035;R0042;R0043;R0045;R0050,5
4110,18,exact,False,False,R0020,1
4111,49,exact,False,False,R0026;R0029;R0031;R0040;R0046;R0057,6
4112,23,exact,False,False,R0031,1
4113,-1,exact,True,True,R0041;R0042;R0043;R0044;R0045;R0048;R0050;R0051;R0053;R0057,10
4114,48,exact,False,False,R0044;R0051;R0053;R0054,4
4115,19,exact,False,False,R0024;R0027;R0038;R0045;R0051;R0055,6
4116,37,exact,False,False,R0002;R0033;R0036;R0039;R0044;R0051,6
4117,23,exact,False,False,R0031,1
4118,47,exact,False,False,R0045;R0055,2
4119,40,exact,False,False,R0035;R0041;R0042;R0043;R0045;R0048;R0050;R0051,8
4120,42,exact,False,False,R0004;R0014;R0035;R0041;R0042;R0043;R0048;R0050;R0051;R0054,10
4121,-1,exact,True,True,R0041;R0042;R0043;R0045;R0048;R0050;R0051,7
4122,45,exact,False,False,R0041;R0048;R0051;R0054,4
4123,30,exact,False,False,R0001;R0039;R0044;R0051,4
4124,1,exact,False,False,R0032;R0048;R0051;R0052;R0054;R0055,6
4125,26,exact,False,False,R0009;R0024;R0027;R0052,4
4126,37,exact,False,False,R0011;R0033;R0036;R0039;R0044;R0051,6
4127,23,fallback,False,False,,0
4128,38,exact,False,False,R0017;R0048;R0051,3
4129,25,exact,False,False,R0030;R0045;R0053;R0055;R0056,5
4130,-1,exact,True,True,R0041;R0042;R0043;R0048;R0050;R0051;R0053;R0054,8
4131,-1,exact,True,True,R0042;R0043;R0045;R0050;R0053,5
4132,6,exact,False,False,R0033;R0036;R0039;R0044;R0052;R0054,6
4133,9,exact,False,False,R0050,1
4134,13,fallback,False,False,,0
4135,49,exact,False,False,R0026;R0029;R0031;R0040;R0046;R0057,6
4136,40,exact,False,False,R0035;R0051;R0054,3
4137,39,exact,False,False,R0039;R0044;R0051;R0052;R0054,5
4138,11,exact,False,False,R0057,1
4139,-1,exact,True,True,R0042;R0043;R0045;R0050;R0057,5
4140,22,exact,False,False,R0007;R0034;R0052,3
4141,6,exact,False,False,R0033;R0036,2
4142,-1,exact,True,True,R0051;R0052;R0054,3
4143,40,exact,False,False,R0035;R0041;R0042;R0043;R0048;R0050;R0051;R0054,8
4144,6,exact,False,False,R0033;R0036;R0039,3
4145,25,exact,False,False,R0030;R0044;R0045;R0048;R0051;R0053;R0055;R0056,8
4146,27,exact,False,False,R0028;R0034;R0039;R0044;R0052;R0054,6
4147,36,exact,False,False,R0034;R0039;R0044;R0051;R0054,5
4148,22,exact,False,False,R0007;R0034;R0039;R0044;R0051;R0054,6
4149,-1,exact,True,True,R0028;R0033;R0036;R0039;R0044;R0052;R0054,7
4150,44,exact,False,False,R0019;R0050,2
4151,42,exact,False,False,R0014;R0035;R0041;R0042;R0043;R0045;R0048;R0050;R0051,9
4152,-1,exact,True,True,R0055;R0056,2
4153,6,exact,False,False,R0033;R0036;R0039;R0044;R0051,5
4154,36,exact,False,False,R0034,1
4155,6,exact,False,False,R0033;R0036;R0039;R0044;R0052;R0054,6
4156,3,fallback,False,False,,0
4157,19,exact,False,False,R0024;R0027;R0038;R0051;R0052;R0054,6
4158,-1,exact,True,True,R0041;R0042;R0043;R0048;R0050;R0051;R0053;R0054;R0055;R0056,10
4159,0,exact,False,False,R0036;R0039,2
4160,42,exact,False,False,R0014;R0035;R0045;R0048;R0051,5
4161,-1,exact,True,True,R0051;R0052;R0054,3
4162,6,exact,False,False,R0033;R0036,2
4163,48,exact,False,False,R0044;R0051;R0052;R0054,4
4164,39,exact,False,False,R0039,1
4165,0,exact,False,False,R0036;R0039;R0051,3
4166,6,exact,False,False,R0033;R0036;R0039;R0044;R0051,5
4167,19,exact,False,False,R0024;R0027;R0038;R0044;R0051;R0054;R0057,7
4168,49,exact,False,False,R0026;R0029;R0031;R0040;R0046,5
4169,48,exact,False,False,R0044;R0051,2
4170,31,exact,False,False,R0025;R0032;R0042;R0043;R0050;R0053,6
4171,42,exact,False,False,R0014;R0035;R0041;R0042;R0048;R0051,6
4172,49,exact,False,False,R0026;R0029;R0031;R0040;R0046,5
4173,39,exact,False,False,R0039;R0044,2
4174,18,exact,False,False,R0020;R0039;R0044;R0052;R0054,5
4175,49,exact,False,False,R0026;R0029;R0031;R0040;R0046,5
4176,-1,exact,True,True,R0041;R0042;R0043;R0048;R0050;R0051;R0053;R0054;R0055;R0056,10
4177,22,exact,False,False,R0007;R0034;R0044;R0051;R0052;R0054,6
4178,-1,exact,True,True,R0048;R0050;R0054,3
4179,49,exact,False,False,R0026;R0029;R0031;R0040;R0046,5
4180,27,exact,False,False,R0028;R0034;R0052,3
4181,-1,exact,True,True,R0041;R0042;R0043;R0045;R0048;R0050;R0051;R0055,8
4182,6,exact,False,False,R0033;R0036;R0044;R0054,4
4183,19,exact,False,False,R0024;R0027;R0038;R0044;R0051;R0052;R0054,7
4184,9,exact,False,False,R0050,1
4185,27,exact,False,False,R0028;R0034,2
4186,49,exact,False,False,R0026;R0029;R0031;R0040;R0046,5
4187,41,exact,False,False,R0052,1
4188,38,exact,False,False,R0017;R0057,2
4189,49,exact,False,False,R0026;R0029;R0031;R0040;R0046;R0057,6
4190,42,exact,False,False,R0004;R0051;R0054,3
4191,18,exact,False,False,R0020,1
4192,11,exact,False,False,R0057,1
4193,25,exact,False,False,R0030;R0045;R0048;R0051;R0053;R0055;R0056,7
4194,1,exact,False,False,R0032;R0044;R0048;R0051;R0052;R0053;R0054;R0055;R0056;R0057,10
4195,40,exact,False,False,R0035;R0041;R0042;R0043;R0045;R0048;R0050;R0051,8
4196,9,exact,False,False,R0050,1
4197,42,exact,False,False,R0014;R0035;R0041;R0042;R0043;R0045;R0050,7
4198,19,exact,False,False,R0024;R0027,2
4199,47,exact,False,False,R0045;R0051;R0055,3
4200,39,exact,False,False,R0039;R0044;R0051;R0052;R0054,5
4201,31,exact,False,False,R0025;R0041;R0048;R0051;R0054,5
4202,30,exact,False,False,R0001;R0052;R0054,3
4203,-1,exact,True,True,R0048;R0050,2
4204,31,exact,False,False,R0025;R0042;R0043;R0050;R0053;R0055;R0056,7
4205,48,exact,False,False,R0044;R0048;R0050,3
4206,30,exact,False,False,R0001;R0039;R0044;R0051;R0052;R0054,6
4207,48,exact,False,False,R0044;R0048;R0051;R0053;R0054,5
4208,6,exact,False,False,R0033;R0039;R0044;R0052;R0054,5
4209,-1,exact,True,True,R0051;R0052;R0054,3
4210,6,exact,False,False,R0033;R0036;R0052,3
4211,22,exact,False,False,R0007;R0039;R0044;R0051,4
4212,6,exact,False,False,R0033;R0036;R0039;R0044;R0051,5
4213,-1,exact,True,True,R0048;R0051,2
4214,0,fallback,False,False,,0
4215,49,exact,False,False,R0026;R0029;R0031;R0040;R0046;R0057,6
4216,19,exact,False,False,R0024;R0027;R0038;R0051;R0052;R0054,6
4217,19,exact,False,False,R0024;R0027;R0038;R0044;R0051,5
4218,6,exact,False,False,R0033;R0036;R0039;R0044;R0054,5
4219,29,fallback,False,False,,0
4220,4,exact,False,False,R0018;R0053;R0056,3
4221,6,exact,False,False,R0033;R0036;R0039;R0044;R0054,5
4222,6,exact,False,False,R0033;R0036;R0039;R0044;R0051,5
4223,48,exact,False,False,R0044,1
4224,48,exact,False,False,R0044;R0051;R0052;R0054,4
4225,40,exact,False,False,R0035;R0051;R0054,3
4226,6,exact,False,False,R0033;R0036;R0039;R0044;R0052;R0054,6
4227,47,exact,False,False,R0045;R0051;R0055,3
4228,1,exact,False,False,R0032,1
4229,48,exact,False,False,R0044;R0051;R0054,3
4230,12,exact,False,False,R0005;R0035;R0041;R0042;R0043;R0048;R0050;R0051,8
4231,15,exact,False,False,R0054,1
4232,27,fallback,False,False,,0
4233,48,exact,False,False,R0044;R0057,2
4234,48,exact,False,False,R0044;R0049;R0051;R0054,4
4235,13,exact,False,False,R0021;R0052,2
4236,25,exact,False,False,R0030;R0044;R0048;R0049;R0051;R0053;R0054;R0055;R0056;R0057,10
4237,6,exact,False,False,R0033;R0036;R0039;R0044;R0051;R0052;R0054,7
4238,13,exact,False,False,R0021;R0034,2
4239,35,exact,False,False,R0023;R0037;R0047;R0055;R0056,5
4240,6,exact,False,False,R0033;R0036;R0039;R0044;R0052;R0054,6
4241,6,exact,False,False,R0033;R0036;R0039;R0044,4
4242,36,exact,False,False,R0034;R0039;R0044;R0051;R0054,5
4243,39,exact,False,False,R0039;R0051;R0052;R0054,4
4244,40,exact,False,False,R0035;R0041;R0042;R0043;R0045;R0048;R0050;R0051,8
4245,21,exact,False,False,R0051,1
4246,38,exact,False,False,R0017;R0042;R0043;R0050,4
4247,47,exact,False,False,R0045;R0051,2
4248,18,exact,False,False,R0020;R0044;R0052;R0054,4
4249,9,exact,False,False,R0050,1
4250,1,exact,False,False,R0032;R0044;R0049;R0051;R0054,5
4251,28,exact,False,False,R0010;R0030;R0044;R0049;R0051;R0053;R0054,7
4252,6,exact,False,False,R0033;R0036;R0039,3
4253,48,exact,False,False,R0044;R0048;R0050;R0054,4
4254,40,exact,False,False,R0035;R0041;R0042;R0043;R0045;R0048;R0050;R0051,8
4255,1,exact,False,False,R0032;R0048;R0051;R0053;R0054;R0055;R0056,7
4256,-1,exact,True,True,R0041;R0042;R0043;R0048;R0050;R0051;R0053;R0054,8
4257,48,exact,False,False,R0044;R0051,2
4258,36,exact,False,False,R0034;R0039;R0044;R0051;R0052;R0054,6
4259,-1,exact,True,True,R0042;R0043;R0050;R0055;R0056,5
4260,30,exact,False,False,R0001,1
4261,27,fallback,False,False,,0
4262,6,exact,False,False,R0033;R0036;R0039;R0044,4
4263,37,exact,False,False,R0011;R0033;R0036,3
4264,49,exact,False,False,R0026;R0029;R0031;R0040;R0046,5
4265,21,exact,False,False,R0051,1
4266,-1,exact,True,True,R0041;R0042;R0043;R0048;R0050;R0051;R0054;R0055,8
4267,-1,exact,True,True,R0041;R0042;R0048;R0051;R0054,5
4268,-1,exact,True,True,R0052;R0054,2
4269,46,exact,False,False,R0047;R0057,2
4270,-1,exact,True,True,R0051;R0054,2
4271,49,exact,False,False,R0026;R0029;R0031;R0040;R0046,5
4272,-1,exact,True,True,R0056;R0057,2
4273,42,exact,False,False,R0004;R0014;R0035;R0041;R0042;R0043;R0048;R0050;R0051;R0054,10
4274,36,exact,False,False,R0034;R0039;R0044;R0051;R0054,5
4275,19,exact,False,False,R0024;R0027;R0038;R0045;R0055,5
4276,36,exact,False,False,R0034;R0039;R0044;R0051;R0054,5
4277,-1,exact,True,True,R0042;R0043;R0050,3
4278,30,exact,False,False,R0001;R0044;R0052;R0054,4
4279,6,exact,False,False,R0033;R0036;R0039;R0044;R0051;R0052;R0054,7
4280,1,exact,False,False,R0032;R0038;R0052;R0057,4
4281,19,exact,False,False,R0024;R0027;R0038;R0051;R0052;R0054,6
4282,-1,exact,True,True,R0051;R0052;R0054,3
4283,35,exact,False,False,R0023;R0047;R0057,3
4284,49,exact,False,False,R0026;R0029;R0031;R0040;R0046,5
4285,35,exact,False,False,R0023;R0056,2
4286,6,exact,False,False,R0033;R0036;R0039;R0044,4
4287,40,exact,False,False,R0035;R0041;R0042;R0043;R0045;R0048;R0050;R0051,8
4288,37,exact,False,False,R0011;R0033;R0036;R0039;R0044;R0051,6
4289,19,exact,False,False,R0024;R0027;R0052;R0054,4
4290,38,exact,False,False,R0017,1
4291,6,exact,False,False,R0033;R0036;R0039;R0044;R0051,5
4292,49,exact,False,False,R0026;R0029;R0031;R0040;R0046;R0056,6
4293,25,exact,False,False,R0030;R0045;R0055;R0056,4
4294,-1,exact,True,True,R0052;R0054,2
4295,37,exact,False,False,R0002;R0039;R0051,3
4296,46,exact,False,False,R0047;R0057,2
4297,-1,exact,True,True,R0041;R0042;R0043;R0048;R0050;R0051;R0053;R0054;R0055;R0056,10
4298,6,exact,False,False,R0033;R0036;R0039;R0044;R0054,5
4299,6,exact,False,False,R0033;R0039;R0044;R0054,4
4300,3,fallback,False,False,,0
4301,-1,exact,True,True,R0044;R0045;R0048;R0049;R0051;R0055,6
4302,40,exact,False,False,R0035;R0041;R0042;R0043;R0045;R0048;R0050;R0051,8
4303,19,exact,False,False,R0024;R0027;R0038;R0045;R0051,5
4304,-1,exact,True,True,R0041;R0042;R0043;R0048;R0050;R0051;R0054;R0055,8
4305,19,exact,False,False,R0024;R0027;R0038;R0052;R0057,5
4306,18,exact,False,False,R0020,1
4307,37,exact,False,False,R0002;R0011;R0033;R0036,4
4308,36,exact,False,False,R0034;R0044;R0052;R0054,4
4309,38,exact,False,False,R0017;R0048;R0051;R0052;R0054,5
4310,-1,exact,True,True,R0051;R0052;R0054,3
4311,33,fallback,False,False,,0
4312,30,exact,False,False,R0001,1
4313,6,exact,False,False,R0033;R0036;R0039;R0044;R0052;R0054,6
4314,42,exact,False,False,R0014;R0035;R0041;R0042;R0043;R0045;R0048;R0050;R0051,9
4315,39,exact,False,False,R0039;R0051;R0052;R0054,4
4316,-1,exact,True,True,R0006;R0030;R0044;R0049;R0051;R0052;R0053;R0054;R0055;R0056,11
4317,44,exact,False,False,R0019;R0032;R0042;R0043;R0050,5
4318,36,exact,False,False,R0034,1
4319,42,exact,False,False,R0004;R0014;R0035;R0048;R0051;R0054,6
4320,36,exact,False,False,R0034,1
4321,42,exact,False,False,R0014,1
4322,40,exact,False,False,R0035;R0041;R0042;R0043;R0045;R0048;R0050;R0051,8
4323,36,exact,False,False,R0034,1
4324,19,exact,False,False,R0024;R0027,2
4325,36,exact,False,False,R0034;R0044;R0054,3
4326,6,exact,False,False,R0033;R0036;R0039;R0044;R0052;R0054,6
4327,48,exact,False,False,R0044;R0051;R0054,3
4328,-1,exact,True,True,R0048;R0051;R0052;R0054,4
4329,49,exact,False,False,R0026;R0029;R0031;R0040;R0046,5
4330,-1,exact,True,True,R0041;R0042;R0043;R0045;R0048;R0050;R0051;R0055,8
4331,27,exact,False,False,R0028;R0034,2
4332,-1,exact,True,True,R0048;R0051;R0054,3
4333,3,fallback,False,False,,0
4334,47,exact,False,False,R0045;R0048;R0051,3
4335,6,exact,False,False,R0033;R0036;R0039;R0044,4
4336,14,fallback,False,False,,0
4337,1,fallback,False,False,,0
4338,48,exact,False,False,R0044;R0051;R0052;R0054,4
4339,5,fallback,False,False,,0
4340,40,exact,False,False,R0035;R0041;R0042;R0043;R0048;R0050;R0051;R0054,8
4341,27,exact,False,False,R0028;R0034;R0052,3
4342,12,exact,False,False,R0008;R0013;R0050,3
4343,11,fallback,False,False,,0
4344,47,exact,False,False,R0045;R0055;R0056;R0057,4
4345,-1,exact,True,True,R0041;R0042;R0043;R0048;R0050;R0051;R0054;R0055,8
4346,39,exact,False,False,R0039;R0044;R0051;R0052;R0054,5
4347,30,exact,False,False,R0001;R0039;R0051,3
4348,48,exact,False,False,R0044;R0051;R0052;R0054,4
4349,41,exact,False,False,R0052,1
4350,31,exact,False,False,R0025;R0041;R0042;R0043;R0048;R0050;R0051;R0053;R0054;R0055,11
4351,21,exact,False,False,R0051,1
4352,38,exact,False,False,R0017,1
4353,30,exact,False,False,R0001;R0039;R0044;R0051;R0052;R0054,6
4354,22,exact,False,False,R0007;R0034;R0039;R0044;R0051;R0052;R0054,7
4355,49,exact,False,False,R0026;R0029;R0040;R0046,4
4356,49,exact,False,False,R0026;R0029;R0031;R0040;R0046,5
4357,1,exact,False,False,R0032;R0053;R0055;R0056,4
4358,36,exact,False,False,R0034;R0052,2
4359,-1,exact,True,True,R0041;R0042;R0043;R0048;R0050;R0051;R0054;R0055,8
4360,49,exact,False,False,R0026;R0029;R0031;R0040;R0046;R0057,6
4361,6,exact,False,False,R0033;R0036;R0039;R0044;R0052;R0054,6
4362,1,exact,False,False,R0032;R0051;R0054;R0055,4
4363,40,exact,False,False,R0035,1
4364,49,exact,False,False,R0026;R0029;R0031;R0040;R0046,5
4365,48,exact,False,False,R0044;R0054,2
4366,48,exact,False,False,R0044;R0052;R0054,3
4367,49,exact,False,False,R0026;R0029;R0031;R0040;R0046,5
4368,6,exact,False,False,R0033;R0036;R0039;R0044;R0052;R0054,6
4369,-1,exact,True,True,R0052;R0054,2
4370,27,exact,False,False,R0028,1
4371,25,exact,False,False,R0030;R0044;R0045;R0048;R0049;R0051;R0053;R0055;R0056,9
4372,6,exact,False,False,R0033;R0036;R0039;R0044;R0052;R0054,6
4373,-1,exact,True,True,R0028;R0033;R0036,3
4374,40,exact,False,False,R0035;R0041;R0042;R0043;R0045;R0048;R0050;R0051,8
4375,34,fallback,False,False,,0
4376,-1,fallback,True,False,,0
4377,-1,fallback,True,False,,0
4378,19,exact,False,False,R0024;R0027;R0038;R0044;R0049;R0051;R0052;R0054,8
4379,29,fallback,False,False,,0
4380,47,exact,False,False,R0045;R0048;R0051;R0053;R0055;R0056,6
4381,41,fallback,False,False,,0
4382,19,exact,False,False,R0024;R0027;R0038;R0049;R0051;R0052;R0054,7
4383,48,exact,False,False,R0044;R0048;R0051;R0054,4
4384,-1,exact,True,True,R0041;R0042;R0043;R0048;R0050;R0051;R0053;R0054,8
4385,47,exact,False,False,R0045;R0055,2
4386,46,fallback,False,False,,0
4387,18,exact,False,False,R0020,1
4388,13,fallback,False,False,,0
4389,49,exact,False,False,R0026;R0029;R0040;R0046,4
4390,38,fallback,False,False,,0
4391,23,exact,False,False,R0031,1
4392,-1,exact,True,True,R0041;R0042;R0043;R0048;R0050;R0051;R0053;R0054,8
4393,47,exact,False,False,R0045;R0047;R0055;R0056;R0057,5
4394,38,exact,False,False,R0017,1
4395,25,exact,False,False,R0030;R0045;R0048;R0051;R0053;R0055;R0056,7
4396,18,exact,False,False,R0020;R0052,2
4397,42,exact,False,False,R0004;R0014;R0035;R0041;R0042;R0043;R0048;R0050;R0051;R0054,10
4398,-1,exact,True,True,R0041;R0042;R0043;R0048;R0050;R0051;R0054;R0055,8
4399,48,exact,False,False,R0044;R0052;R0054,3
4400,-1,exact,True,True,R0041;R0042;R0043;R0045;R0048;R0050;R0051;R0053;R0055;R0056,10
4401,49,exact,False,False,R0026;R0029;R0031;R0040;R0046,5
4402,19,exact,False,False,R0024;R0027;R0038;R0045,4
4403,-1,exact,True,True,R0042;R0043;R0050;R0055;R0056,5
4404,27,exact,False,False,R0028;R0034,2
4405,6,exact,False,False,R0033;R0036;R0039;R0044,4
4406,49,exact,False,False,R0026;R0029;R0031;R0040;R0046,5
4407,18,exact,False,False,R0020;R0044,2
4408,48,exact,False,False,R0044;R0054,2
4409,37,exact,False,False,R0011;R0033;R0036;R0039;R0044;R0051,6
4410,47,exact,False,False,R0045,1
4411,48,exact,False,False,R0044;R0052;R0054,3
4412,28,exact,False,False,R0010;R0044;R0051;R0053;R0054,5
4413,29,exact,False,False,R0037;R0055;R0056,3
4414,19,exact,False,False,R0024;R0027;R0038;R0044;R0049;R0051;R0054,7
4415,6,exact,False,False,R0033;R0036;R0039;R0044;R0051;R0054,6
4416,48,exact,False,False,R0044;R0052;R0054,3
4417,49,exact,False,False,R0026;R0029;R0031;R0040;R0046;R0057,6
4418,6,exact,False,False,R0033;R0036;R0039;R0044;R0052;R0054,6
4419,-1,exact,True,True,R0042;R0043;R0045;R0050;R0055,5
4420,36,exact,False,False,R0034,1
4421,23,exact,False,False,R0031;R0057,2
4422,19,exact,False,False,R0024;R0027;R0038;R0044;R0049;R0051;R0052;R0054,8
4423,18,exact,False,False,R0020;R0044;R0052;R0054,4
4424,31,exact,False,False,R0025;R0051,2
4425,-1,exact,True,True,R0042;R0043;R0045;R0050,4
4426,47,exact,False,False,R0045;R0051;R0053;R0055;R0056,5
4427,-1,exact,True,True,R0041;R0043;R0044;R0048;R0051;R0053;R0054,7
4428,47,exact,False,False,R0045;R0055,2
4429,6,exact,False,False,R0033;R0039;R0044;R0052;R0054,5
4430,19,exact,False,False,R0024;R0027;R0038;R0044;R0049;R0051;R0054;R0057,8
4431,37,exact,False,False,R0002;R0011;R0033;R0036;R0039;R0044;R0051,7
4432,39,fallback,False,False,,0
4433,6,exact,False,False,R0033;R0036;R0039;R0044;R0051,5
4434,18,exact,False,False,R0020;R0034,2
4435,49,exact,False,False,R0026;R0029;R0031;R0040;R0046,5
4436,12,exact,False,False,R0005;R0050,2
4437,-1,fallback,True,False,,0
4438,6,exact,False,False,R0033;R0036;R0039;R0044;R0052;R0054,6
4439,18,exact,False,False,R0020,1
4440,49,exact,False,False,R0026;R0029;R0031;R0040;R0046;R0057,6
4441,30,exact,False,False,R0001;R0039;R0044;R0052;R0054,5
4442,27,exact,False,False,R0028;R0044;R0052;R0054,4
4443,25,exact,False,False,R0030;R0044;R0049;R0051;R0053;R0054,6
4444,19,exact,False,False,R0024;R0027;R0038;R0044;R0049;R0051;R0052;R0054,8
4445,-1,exact,True,True,R0048;R0050;R0054,3
4446,6,exact,False,False,R0033;R0036;R0039;R0044;R0054,5
4447,48,exact,False,False,R0044;R0051;R0052;R0054,4
4448,6,exact,False,False,R0033;R0036;R0039;R0044;R0051;R0054,6
4449,40,exact,False,False,R0035;R0041;R0042;R0043;R0045;R0050,6
4450,48,exact,False,False,R0044;R0052;R0054,3
4451,4,exact,False,False,R0018;R0044;R0048;R0050;R0053,5
4452,19,exact,False,False,R0024;R0027;R0038;R0044;R0051;R0054,6
4453,3,fallback,False,False,,0
4454,23,fallback,False,False,,0
4455,42,exact,False,False,R0004;R0032;R0035;R0041;R0042;R0043;R0048;R0050;R0051;R0054,10
4456,6,exact,False,False,R0033;R0036;R0039;R0044;R0052;R0054,6
4457,1,exact,False,False,R0032;R0055;R0056,3
4458,3,fallback,False,False,,0
4459,48,exact,False,False,R0044,1
4460,1,exact,False,False,R0032;R0048;R0051;R0054;R0055,5
4461,48,exact,False,False,R0044;R0053;R0054;R0057,4
4462,25,exact,False,False,R0030;R0041;R0042;R0043;R0044;R0048;R0049;R0050;R0051;R0053,14
4463,26,exact,False,False,R0009;R0045;R0049;R0055;R0057,5
4464,1,exact,False,False,R0032;R0051;R0052;R0054;R0055,5
4465,4,fallback,False,False,,0
4466,45,exact,False,False,R0041;R0048;R0051;R0054,4
4467,49,exact,False,False,R0026;R0029;R0031;R0040;R0046,5
4468,-1,exact,True,True,R0051;R0052;R0054,3
4469,-1,exact,True,True,R0037;R0042;R0043;R0045;R0047;R0050;R0055;R0056,8
4470,36,exact,False,False,R0034;R0039;R0044;R0051;R0052;R0054,6
4471,44,exact,False,False,R0019;R0032;R0042;R0043;R0050,5
4472,39,exact,False,False,R0039;R0044;R0052;R0054,4
4473,6,exact,False,False,R0033;R0036;R0039;R0044,4
4474,36,exact,False,False,R0034;R0052,2
4475,-1,exact,True,True,R0042;R0043;R0050;R0053;R0055;R0056,6
4476,49,exact,False,False,R0026;R0029;R0031;R0040;R0046;R0057,6
4477,36,exact,False,False,R0034;R0052,2
4478,34,fallback,False,False,,0
4479,31,exact,False,False,R0025;R0051,2
4480,37,exact,False,False,R0002;R0033;R0036;R0039;R0044;R0051,6
4481,-1,exact,True,True,R0041;R0042;R0048;R0051;R0054,5
4482,6,exact,False,False,R0033;R0036;R0039;R0044;R0051;R0052;R0054,7
4483,19,exact,False,False,R0024;R0027;R0038;R0057,4
4484,-1,exact,True,True,R0041;R0042;R0043;R0048;R0050;R0051;R0054,7
4485,41,exact,False,False,R0052,1
4486,30,exact,False,False,R0001;R0044;R0052;R0054,4
4487,19,exact,False,False,R0024;R0027;R0057,3
4488,18,exact,False,False,R0020;R0044;R0052;R0054,4
4489,-1,fallback,True,False,,0
4490,46,fallback,False,False,,0
4491,6,exact,False,False,R0033;R0036;R0039;R0044;R0052;R0054,6
4492,6,exact,False,False,R0033;R0036,2
4493,37,exact,False,False,R0002;R0011;R0033;R0036;R0039;R0044;R0051,7
4494,36,exact,False,False,R0034;R0052,2
4495,48,exact,False,False,R0044;R0052;R0054,3
4496,23,exact,False,False,R0031;R0056,2
4497,6,exact,False,False,R0033;R0036;R0039;R0044;R0054,5
4498,-1,exact,True,True,R0048;R0050;R0054,3
4499,48,exact,False,False,R0044,1
4500,6,exact,False,False,R0033;R0044;R0051;R0052;R0054,5
4501,40,exact,False,False,R0035;R0041;R0042;R0043;R0048;R0050;R0051;R0054,8
4502,-1,exact,True,True,R0051;R0052;R0054,3
4503,49,exact,False,False,R0026;R0029;R0031;R0040;R0046,5
4504,19,exact,False,False,R0024;R0027,2
4505,48,exact,False,False,R0044;R0051,2
4506,-1,exact,True,True,R0051;R0052;R0053;R0054,4
4507,27,exact,False,False,R0028;R0034;R0044;R0052;R0054,5
4508,-1,exact,True,True,R0051;R0054,2
4509,25,fallback,False,False,,0
4510,-1,exact,True,True,R0051;R0052;R0054,3
4511,30,exact,False,False,R0001,1
4512,48,exact,False,False,R0044;R0048;R0051,3
4513,27,fallback,False,False,,0
4514,6,exact,False,False,R0033;R0036;R0039;R0044;R0052;R0054,6
4515,23,exact,False,False,R0031;R0057,2
4516,49,exact,False,False,R0026;R0029;R0031;R0040;R0046,5
4517,40,exact,False,False,R0035;R0051,2
4518,-1,exact,True,True,R0052;R0054,2
4519,38,exact,False,False,R0017;R0037;R0048;R0051;R0052;R0054,6
4520,-1,exact,True,True,R0048;R0050;R0054,3
4521,40,exact,False,False,R0035;R0041;R0042;R0043;R0045;R0048;R0050;R0051,8
4522,26,exact,False,False,R0009;R0045;R0049;R0055;R0057,5
4523,-1,exact,True,True,R0041;R0042;R0043;R0048;R0050;R0051;R0054;R0055,8
4524,35,exact,False,False,R0023;R0032;R0042;R0043;R0050;R0055;R0056,7
4525,27,fallback,False,False,,0
4526,11,fallback,False,False,,0
4527,-1,fallback,True,False,,0
4528,-1,exact,True,True,R0041;R0042;R0043;R0048;R0050;R0051;R0053;R0054;R0055;R0056,10
4529,-1,exact,True,True,R0056;R0057,2
4530,37,exact,False,False,R0002;R0033;R0036;R0039;R0044;R0051,6
4531,48,exact,False,False,R0044;R0048;R0051,3
4532,4,exact,False,False,R0018,1
4533,-1,exact,True,True,R0041;R0042;R0043;R0045;R0048;R0050;R0051;R0055,8
4534,-1,fallback,True,False,,0
4535,36,exact,False,False,R0034;R0044;R0052;R0054,4
4536,29,fallback,False,False,,0
4537,-1,exact,True,True,R0051;R0054;R0055,3
4538,-1,exact,True,True,R0042;R0043;R0050;R0053;R0055;R0056,6
4539,37,exact,False,False,R0002;R0039;R0051,3
4540,35,exact,False,False,R0023;R0047;R0056;R0057,4
4541,42,exact,False,False,R0004;R0014;R0035;R0041;R0042;R0043;R0048;R0050;R0051;R0054,10
4542,49,exact,False,False,R0026;R0029;R0031;R0040;R0046,5
4543,31,exact,False,False,R0025;R0035;R0041;R0042;R0048;R0051;R0054,7
4544,-1,fallback,True,False,,0
4545,-1,exact,True,True,R0028;R0033;R0036;R0039;R0044;R0052;R0054,7
4546,12,exact,False,False,R0005;R0008;R0013,3
4547,25,exact,False,False,R0030;R0047;R0050;R0056;R0057,5
4548,48,exact,False,False,R0044;R0052;R0054,3
4549,0,fallback,False,False,,0
4550,-1,exact,True,True,R0041;R0042;R0043;R0048;R0050;R0051;R0053;R0054;R0055;R0056,10
4551,-1,exact,True,True,R0051;R0052;R0054,3
4552,3,exact,False,False,R0056,1
4553,6,exact,False,False,R0033;R0036;R0039;R0044;R0051;R0052;R0054,7
4554,49,exact,False,False,R0026;R0029;R0031;R0040;R0046,5
4555,49,exact,False,False,R0026;R0029;R0031;R0040;R0046;R0057,6
4556,1,fallback,False,False,,0
4557,11,fallback,False,False,,0
4558,-1,exact,True,True,R0041;R0042;R0043;R0045;R0048;R0050;R0051;R0055,8
4559,48,exact,False,False,R0044;R0048;R0051;R0053,4
4560,38,exact,False,False,R0017,1
4561,19,exact,False,False,R0024;R0027;R0038;R0051;R0052;R0054,6
4562,12,exact,False,False,R0005;R0008;R0035;R0041;R0048;R0051,6
4563,-1,exact,True,True,R0042;R0043;R0050;R0055;R0056,5
4564,39,exact,False,False,R0039;R0044;R0051,3
4565,48,exact,False,False,R0044;R0048;R0051,3
4566,48,exact,False,False,R0044,1
4567,31,exact,False,False,R0025;R0051;R0054,3
4568,49,exact,False,False,R0026;R0029;R0031;R0040;R0046,5
4569,35,exact,False,False,R0023,1
4570,-1,exact,True,True,R0048;R0049;R0052;R0054,4
4571,48,exact,False,False,R0044;R0051;R0053;R0054,4
4572,12,exact,False,False,R0016;R0035;R0042;R0043;R0045;R0050,6
4573,19,exact,False,False,R0024;R0027;R0038,3
4574,18,exact,False,False,R0020;R0034,2
4575,34,exact,False,False,R0055,1
4576,36,exact,False,False,R0034;R0052,2
4577,-1,exact,True,True,R0051;R0052;R0054,3
4578,36,exact,False,False,R0034;R0044;R0054,3
4579,45,exact,False,False,R0041;R0048;R0051;R0054,4
4580,34,fallback,False,False,,0
4581,25,exact,False,False,R0030;R0043;R0049,3
4582,47,exact,False,False,R0045;R0055,2
4583,36,exact,False,False,R0034;R0039;R0044;R0054,4
4584,29,fallback,False,False,,0
4585,25,exact,False,False,R0030;R0044;R0048;R0049;R0051;R0052;R0053;R0054;R0055;R0056,10
4586,-1,exact,True,True,R0041;R0042;R0043;R0045;R0048;R0050;R0051,7
4587,41,fallback,False,False,,0
4588,-1,exact,True,True,R0041;R0042;R0043;R0048;R0050;R0051;R0053;R0054;R0057,9
4589,39,fallback,False,False,,0
4590,10,exact,False,False,R0022;R0033;R0036;R0039;R0044,5
4591,48,exact,False,False,R0044;R0048;R0051;R0054,4
4592,49,exact,False,False,R0026;R0029;R0031;R0040;R0046;R0057,6
4593,42,exact,False,False,R0004;R0014;R0035;R0041;R0042;R0043;R0048;R0050;R0051;R0054,10
4594,-1,exact,True,True,R0051;R0054,2
4595,-1,exact,True,True,R0041;R0042;R0043;R0045;R0048;R0050;R0051,7
4596,23,exact,False,False,R0031;R0057,2
4597,-1,exact,True,True,R0030;R0032;R0044;R0048;R0049;R0051;R0052;R0053;R0054;R0055,11
4598,11,fallback,False,False,,0
4599,6,exact,False,False,R0033;R0036;R0039,3
4600,0,exact,False,False,R0036;R0039;R0051,3
4601,30,fallback,False,False,,0
4602,49,exact,False,False,R0026;R0029;R0031;R0040;R0046,5
4603,38,exact,False,False,R0017;R0048;R0051,3
4604,-1,exact,True,True,R0048;R0051,2
4605,6,exact,False,False,R0033;R0036;R0039;R0044;R0054,5
4606,48,exact,False,False,R0044;R0052;R0054,3
4607,37,exact,False,False,R0002;R0011;R0033;R0036;R0039;R0044;R0051,7
4608,10,exact,False,False,R0022;R0057,2
4609,1,fallback,False,False,,0
4610,19,exact,False,False,R0024;R0027;R0038;R0049;R0051;R0052;R0054,7
4611,-1,exact,True,True,R0041;R0042;R0043;R0048;R0050;R0051;R0054;R0055,8
4612,22,exact,False,False,R0007;R0034;R0039;R0044;R0051;R0052;R0054,7
4613,6,exact,False,False,R0033;R0036;R0039;R0044;R0054,5
4614,41,exact,False,False,R0052,1
4615,25,exact,False,False,R0030;R0056;R0057,3
4616,36,exact,False,False,R0034,1
4617,37,exact,False,False,R0002;R0011;R0033;R0036;R0044;R0051,6
4618,-1,exact,True,True,R0051;R0052;R0054,3
4619,49,exact,False,False,R0026;R0029;R0031;R0040;R0046,5
4620,37,exact,False,False,R0002;R0011;R0033;R0036;R0039;R0044;R0051,7
4621,47,exact,False,False,R0045;R0051;R0055,3
4622,19,exact,False,False,R0024;R0027;R0057,3
4623,-1,exact,True,True,R0052;R0054,2
4624,49,exact,False,False,R0026;R0029;R0040;R0046,4
4625,48,exact,False,False,R0044;R0052;R0054,3
4626,40,exact,False,False,R0035;R0041;R0042;R0043;R0045;R0048;R0050;R0051,8
4627,9,exact,False,False,R0050,1
4628,46,exact,False,False,R0047;R0057,2
4629,-1,exact,True,True,R0051;R0054,2
4630,-1,exact,True,True,R0048;R0050;R0053,3
4631,49,exact,False,False,R0026;R0029;R0031;R0040;R0046;R0057,6
4632,26,exact,False,False,R0009;R0044;R0045;R0049;R0051;R0055;R0057,7
4633,-1,exact,True,True,R0041;R0042;R0043;R0045;R0048;R0050;R0051;R0055,8
4634,40,exact,False,False,R0035;R0041;R0042;R0043;R0048;R0050;R0051;R0054,8
4635,25,exact,False,False,R0030;R0044;R0049;R0051;R0053,5
4636,44,exact,False,False,R0019;R0032;R0055,3
4637,6,exact,False,False,R0033;R0036;R0039;R0044;R0051;R0054,6
4638,36,exact,False,False,R0034;R0044;R0052;R0054,4
4639,-1,exact,True,True,R0042;R0043;R0050;R0055,4
4640,6,exact,False,False,R0033;R0036,2
4641,27,exact,False,False,R0028,1
4642,10,fallback,False,False,,0
4643,23,exact,False,False,R0031,1
4644,-1,exact,True,True,R0052;R0054,2
4645,6,exact,False,False,R0033;R0036,2
4646,20,exact,False,False,R0015;R0033;R0036;R0039;R0044;R0054,6
4647,6,exact,False,False,R0033;R0036;R0039;R0044;R0054,5
4648,9,exact,False,False,R0050,1
4649,47,exact,False,False,R0045;R0048;R0051;R0055,4
4650,48,exact,False,False,R0044;R0052;R0054,3
4651,-1,exact,True,True,R0041;R0042;R0043;R0045;R0048;R0050;R0051;R0053;R0055;R0056,10
4652,40,exact,False,False,R0035;R0041;R0042;R0043;R0045;R0048;R0050;R0051,8
4653,32,fallback,False,False,,0
4654,48,exact,False,False,R0044;R0048;R0051;R0052;R0053;R0054,6
4655,44,exact,False,False,R0019;R0032;R0042;R0043;R0050,5
4656,19,exact,False,False,R0024;R0027;R0038;R0051;R0052;R0054,6
4657,9,exact,False,False,R0050,1
4658,-1,exact,True,True,R0041;R0042;R0043;R0045;R0048;R0050;R0051;R0055,8
4659,46,exact,False,False,R0047;R0057,2
4660,1,exact,False,False,R0032;R0041;R0042;R0043;R0048;R0050;R0051;R0054;R0055,9
4661,-1,fallback,True,False,,0
4662,36,exact,False,False,R0034,1
4663,47,exact,False,False,R0045;R0055;R0056;R0057,4
4664,39,exact,False,False,R0039;R0052;R0054,3
4665,30,exact,False,False,R0001;R0039;R0044;R0051;R0054,5
4666,21,exact,False,False,R0051,1
4667,41,fallback,False,False,,0
4668,43,exact,False,False,R0049,1
4669,-1,exact,True,True,R0048;R0051;R0052;R0053;R0054,5
4670,37,exact,False,False,R0002;R0033;R0036;R0039;R0044,5
4671,6,exact,False,False,R0033;R0036;R0044;R0051;R0052;R0054,6
4672,49,exact,False,False,R0026;R0029;R0040;R0046,4
4673,38,exact,False,False,R0017;R0042;R0043;R0050,4
4674,49,exact,False,False,R0026;R0029;R0031;R0040;R0046;R0057,6
4675,1,exact,False,False,R0032;R0042;R0043;R0050,4
4676,38,exact,False,False,R0017;R0044;R0048;R0051,4
4677,47,exact,False,False,R0045;R0048;R0051;R0055,4
4678,48,exact,False,False,R0044;R0052;R0054,3
4679,-1,exact,True,True,R0050;R0053,2
4680,48,exact,False,False,R0044,1
4681,-1,fallback,True,False,,0
4682,35,exact,False,False,R0023;R0037,2
4683,6,exact,False,False,R0033;R0036;R0039;R0044;R0051,5
4684,6,exact,False,False,R0033;R0036;R0039;R0044;R0054,5
4685,39,exact,False,False,R0039;R0051,2
4686,21,exact,False,False,R0051,1
4687,38,fallback,False,False,,0
4688,6,exact,False,False,R0033;R0036;R0039;R0044,4
4689,49,exact,False,False,R0026;R0029;R0031;R0040;R0046,5
4690,4,exact,False,False,R0018;R0044;R0048,3
4691,18,exact,False,False,R0020;R0034;R0044;R0052;R0054,5
4692,6,exact,False,False,R0033;R0036;R0039;R0044,4
4693,49,exact,False,False,R0026;R0029;R0031;R0040;R0046;R0057,6
4694,29,exact,False,False,R0037;R0055;R0056,3
4695,49,exact,False,False,R0026;R0029;R0031;R0040;R0046,5
4696,12,exact,False,False,R0005;R0008;R0035;R0041;R0042;R0043;R0048;R0050;R0051,9
4697,40,exact,False,False,R0035;R0041;R0042;R0043;R0048;R0050;R0051;R0054,8
4698,18,exact,False,False,R0020;R0044,2
4699,12,exact,False,False,R0005;R0035;R0041;R0042;R0043;R0048;R0050;R0051,8
4700,48,exact,False,False,R0044;R0048;R0051,3
4701,6,exact,False,False,R0033;R0036;R0039;R0044;R0052;R0054,6
4702,22,exact,False,False,R0007;R0034;R0044;R0051;R0054,5
4703,-1,exact,True,True,R0006;R0030;R0044;R0045;R0049;R0051;R0053;R0055;R0056,9
4704,6,exact,False,False,R0033;R0036;R0039,3
4705,27,exact,False,False,R0028;R0034;R0052,3
4706,15,exact,False,False,R0054,1
4707,23,exact,False,False,R0031,1
4708,-1,exact,True,True,R0041;R0042;R0043;R0045;R0048;R0050;R0051,7
4709,-1,fallback,True,False,,0
4710,1,exact,False,False,R0032;R0042;R0043;R0050,4
4711,20,exact,False,False,R0015;R0033;R0036;R0039;R0044;R0054,6
4712,41,fallback,False,False,,0
4713,-1,exact,True,True,R0041;R0042;R0043;R0048;R0050;R0051;R0053;R0054;R0055;R0056,10
4714,37,fallback,False,False,,0
4715,27,exact,False,False,R0028;R0044,2
4716,37,exact,False,False,R0002;R0033;R0036;R0039;R0044;R0051,6
4717,-1,fallback,True,False,,0
4718,40,exact,False,False,R0035;R0041;R0042;R0043;R0045;R0048;R0050;R0051,8
4719,13,fallback,False,False,,0
4720,6,exact,False,False,R0033;R0036;R0039;R0044;R0051;R0052;R0054,7
4721,42,exact,False,False,R0014;R0035;R0041;R0042;R0043;R0048;R0050;R0051,8
4722,4,fallback,False,False,,0
4723,29,exact,False,False,R0037;R0055;R0056,3
4724,6,exact,False,False,R0033;R0039;R0044;R0051;R0052;R0054,6
4725,6,exact,False,False,R0033;R0036;R0039;R0044;R0052;R0054,6
4726,38,exact,False,False,R0017;R0052,2
4727,-1,exact,True,True,R0052;R0054,2
4728,-1,exact,True,True,R0051;R0052;R0054,3
4729,48,exact,False,False,R0044;R0051,2
4730,29,fallback,False,False,,0
4731,1,exact,False,False,R0032;R0042;R0043;R0050,4
4732,15,fallback,False,False,,0
4733,6,exact,False,False,R0033;R0036;R0039;R0044;R0054,5
4734,39,exact,False,False,R0039;R0044;R0052;R0054,4
4735,39,exact,False,False,R0039;R0052;R0054,3
4736,37,exact,False,False,R0002;R0011;R0033;R0036;R0039;R0044;R0051,7
4737,42,exact,False,False,R0014;R0035;R0041;R0042;R0043;R0045;R0048;R0050;R0051,9
4738,13,exact,False,False,R0021;R0034,2
4739,40,exact,False,False,R0035;R0041;R0042;R0043;R0050,5
4740,19,exact,False,False,R0024;R0027;R0038;R0051;R0054;R0055,6
4741,24,fallback,False,False,,0
4742,30,exact,False,False,R0001;R0044;R0051;R0052;R0054,5
4743,27,exact,False,False,R0028,1
4744,14,exact,False,False,R0012;R0050,2
4745,48,exact,False,False,R0044;R0051,2
4746,49,exact,False,False,R0026;R0029;R0031;R0040;R0046;R0057,6
4747,40,exact,False,False,R0035;R0041;R0042;R0043;R0045;R0048;R0050;R0051,8
4748,48,exact,False,False,R0044;R0051,2
4749,-1,exact,True,True,R0048;R0051;R0054,3
4750,33,exact,False,False,R0053,1
4751,36,exact,False,False,R0034;R0039;R0044;R0054,4
4752,42,exact,False,False,R0014;R0035;R0041;R0042;R0043;R0045;R0048;R0050;R0051,9
4753,3,exact,False,False,R0056,1
4754,49,exact,False,False,R0026;R0029;R0031;R0040;R0046,5
4755,1,fallback,False,False,,0
4756,-1,exact,True,True,R0041;R0042;R0048;R0051;R0054,5
4757,46,exact,False,False,R0047,1
4758,36,exact,False,False,R0034;R0052,2
4759,45,exact,False,False,R0041;R0048;R0051;R0054,4
4760,37,exact,False,False,R0002;R0011;R0033;R0036;R0039;R0044;R0051,7
4761,6,exact,False,False,R0033;R0036;R0039;R0044,4
4762,28,exact,False,False,R0010,1
4763,36,exact,False,False,R0034;R0039;R0044;R0051;R0052;R0054,6
4764,6,exact,False,False,R0033;R0036;R0039;R0044;R0052;R0054,6
4765,6,exact,False,False,R0033;R0036;R0039;R0044;R0054,5
4766,6,exact,False,False,R0033;R0036;R0039;R0044;R0051;R0054,6
4767,47,fallback,False,False,,0
4768,36,exact,False,False,R0034;R0052,2
4769,6,exact,False,False,R0033;R0036;R0039;R0044,4
4770,47,exact,False,False,R0045;R0048;R0051,3
4771,42,exact,False,False,R0014;R0041;R0042;R0043;R0048;R0050;R0051;R0054,8
4772,39,exact,False,False,R0039;R0051,2
4773,31,exact,False,False,R0025;R0048;R0051;R0054,4
4774,6,exact,False,False,R0033;R0036;R0039;R0044;R0051,5
4775,48,exact,False,False,R0044,1
4776,15,exact,False,False,R0054,1
4777,38,exact,False,False,R0017,1
4778,35,fallback,False,False,,0
4779,-1,exact,True,True,R0056;R0057,2
4780,-1,exact,True,True,R0051;R0054,2
4781,6,exact,False,False,R0033;R0036;R0039;R0044;R0051;R0052;R0054,7
4782,-1,exact,True,True,R0037;R0045;R0051;R0055,4
4783,47,exact,False,False,R0045;R0051;R0053;R0055;R0056,5
4784,28,exact,False,False,R0010;R0044;R0051;R0053;R0054,5
4785,13,fallback,False,False,,0
4786,-1,exact,True,True,R0052;R0054,2
4787,-1,exact,True,True,R0042;R0043;R0045;R0050;R0055,5
4788,6,exact,False,False,R0033;R0036,2
4789,39,exact,False,False,R0039;R0051;R0052;R0054,4
4790,47,exact,False,False,R0045;R0051;R0055,3
4791,18,exact,False,False,R0020;R0034;R0044;R0052;R0054,5
4792,27,exact,False,False,R0028;R0039;R0044,3
4793,14,exact,False,False,R0012;R0050,2
4794,18,exact,False,False,R0020,1
4795,48,exact,False,False,R0044;R0054,2
4796,12,exact,False,False,R0016;R0035;R0041;R0042;R0043;R0048;R0050;R0051,8
4797,11,exact,False,False,R0057,1
4798,48,exact,False,False,R0044;R0052;R0054,3
4799,3,fallback,False,False,,0
4800,37,exact,False,False,R0002;R0033;R0036;R0039;R0044;R0051,6
4801,3,exact,False,False,R0056,1
4802,48,exact,False,False,R0044;R0054,2
4803,10,exact,False,False,R0011;R0022;R0033;R0036;R0039;R0044;R0051,7
4804,48,exact,False,False,R0044;R0051;R0052;R0054,4
4805,27,exact,False,False,R0028;R0039;R0044,3
4806,18,exact,False,False,R0020;R0034;R0039,3
4807,36,exact,False,False,R0034;R0039;R0044;R0052;R0054,5
4808,-1,exact,True,True,R0051;R0052;R0054,3
4809,18,exact,False,False,R0020;R0044;R0052;R0054,4
4810,1,exact,False,False,R0032;R0055,2
4811,14,exact,False,False,R0012;R0035;R0042;R0043;R0045;R0050,6
4812,48,exact,False,False,R0044;R0048;R0051;R0053,4
4813,37,exact,False,False,R0002;R0039;R0044;R0051,4
4814,-1,exact,True,True,R0042;R0043;R0045;R0050;R0055;R0056,6
4815,-1,exact,True,True,R0042;R0043;R0049;R0050,4
4816,36,exact,False,False,R0034;R0039;R0044;R0052;R0054,5
4817,-1,exact,True,True,R0052;R0054,2
4818,46,exact,False,False,R0047;R0057,2
4819,6,exact,False,False,R0033;R0036;R0052,3
4820,25,exact,False,False,R0030;R0041;R0042;R0043;R0050;R0055;R0056;R0057,8
4821,39,exact,False,False,R0039;R0044;R0051,3
4822,35,exact,False,False,R0023;R0056,2
4823,6,exact,False,False,R0033;R0036;R0044,3
4824,36,exact,False,False,R0034,1
4825,-1,exact,True,True,R0041;R0042;R0043;R0048;R0050;R0051;R0054;R0055,8
4826,48,exact,False,False,R0044;R0051;R0052;R0054,4
4827,10,exact,False,False,R0022;R0044;R0048;R0051;R0053,5
4828,30,exact,False,False,R0001,1
4829,-1,exact,True,True,R0041;R0043;R0048;R0051;R0054,5
4830,-1,exact,True,True,R0048;R0051;R0054,3
4831,38,exact,False,False,R0017;R0048;R0051;R0052;R0054,5
4832,48,exact,False,False,R0044;R0052;R0054,3
4833,19,exact,False,False,R0024;R0027;R0038;R0049;R0052;R0057,6
4834,-1,exact,True,True,R0042;R0043;R0045;R0050;R0055,5
4835,22,exact,False,False,R0007;R0034;R0039;R0044;R0051;R0052;R0054,7
4836,-1,exact,True,True,R0051;R0052;R0054,3
4837,12,exact,False,False,R0005;R0008;R0035;R0042;R0043;R0050,6
4838,15,exact,False,False,R0054,1
4839,40,exact,False,False,R0035;R0042;R0043;R0045;R0050,5
4840,49,exact,False,False,R0026;R0029;R0031;R0040;R0046,5
4841,6,exact,False,False,R0033;R0036;R0039;R0044;R0051,5
4842,42,exact,False,False,R0004;R0014;R0035;R0041;R0042;R0043;R0048;R0050;R0051;R0054,10
4843,37,fallback,False,False,,0
4844,35,exact,False,False,R0023;R0047;R0055;R0056;R0057,5
4845,49,exact,False,False,R0026;R0029;R0031;R0040;R0046;R0057,6
4846,37,exact,False,False,R0002;R0033;R0036;R0039;R0044,5
4847,48,exact,False,False,R0044;R0048;R0051,3
4848,22,fallback,False,False,,0
4849,18,exact,False,False,R0020,1
4850,38,exact,False,False,R0017;R0042;R0043;R0050,4
4851,-1,exact,True,True,R0042;R0043;R0045;R0050,4
4852,9,exact,False,False,R0050;R0056;R0057,3
4853,48,exact,False,False,R0044;R0054,2
4854,39,exact,False,False,R0039;R0044;R0051;R0054,4
4855,19,exact,False,False,R0024;R0027;R0038;R0045;R0051;R0055,6
4856,11,fallback,False,False,,0
4857,4,fallback,False,False,,0
4858,31,exact,False,False,R0025;R0035;R0041;R0042;R0043;R0048;R0050;R0051;R0053;R0054,10
4859,13,fallback,False,False,,0
4860,-1,exact,True,True,R0041;R0042;R0043;R0050;R0055;R0056,6
4861,48,exact,False,False,R0044;R0051;R0052;R0054,4
4862,19,exact,False,False,R0024;R0027;R0038;R0051;R0052;R0054,6
4863,19,exact,False,False,R0024;R0027,2
4864,6,exact,False,False,R0033;R0036;R0039;R0044,4
4865,34,fallback,False,False,,0
4866,48,exact,False,False,R0044;R0052;R0054,3
4867,2,fallback,False,False,,0
4868,6,fallback,False,False,,0
4869,6,exact,False,False,R0033;R0036,2
4870,6,exact,False,False,R0033;R0036;R0039;R0044;R0054,5
4871,6,exact,False,False,R0033;R0036;R0039;R0044;R0051,5
4872,27,exact,False,False,R0028,1
4873,36,exact,False,False,R0034;R0039;R0044;R0052;R0054,5
4874,18,exact,False,False,R0020;R0052,2
4875,44,exact,False,False,R0019;R0032;R0042;R0043;R0050;R0055;R0056,7
4876,48,exact,False,False,R0044,1
4877,6,fallback,False,False,,0
4878,48,exact,False,False,R0044;R0051;R0052;R0054,4
4879,18,exact,False,False,R0020,1
4880,16,fallback,False,False,,0
4881,46,fallback,False,False,,0
4882,6,exact,False,False,R0033;R0036;R0039;R0044,4
4883,18,exact,False,False,R0020;R0034;R0044;R0052;R0054,5
4884,38,exact,False,False,R0017;R0042;R0043;R0050,4
4885,48,exact,False,False,R0044;R0048;R0051;R0053;R0054,5
4886,16,exact,False,False,R0038;R0045;R0055;R0057,4
4887,-1,fallback,True,False,,0
4888,39,exact,False,False,R0039;R0044;R0054,3
4889,42,exact,False,False,R0004;R0014;R0035;R0041;R0042;R0043;R0048;R0050;R0051;R0054,10
4890,44,exact,False,False,R0019;R0032;R0042;R0043;R0050,5
4891,-1,exact,True,True,R0041;R0043;R0048;R0049;R0051;R0053;R0054,7
4892,27,fallback,False,False,,0
4893,36,exact,False,False,R0034;R0039;R0044;R0051;R0054,5
4894,-1,exact,True,True,R0041;R0042;R0043;R0050;R0055;R0056;R0057,7
4895,38,exact,False,False,R0017;R0044;R0048;R0054,4
4896,21,exact,False,False,R0051,1
4897,40,exact,False,False,R0035;R0041;R0042;R0043;R0045;R0048;R0050;R0051,8
4898,19,exact,False,False,R0024;R0027;R0038;R0044;R0049;R0051;R0052;R0054,8
4899,-1,exact,True,True,R0053;R0056;R0057,3
4900,48,exact,False,False,R0044;R0052;R0054,3
4901,47,exact,False,False,R0045;R0051;R0053;R0055;R0056,5
4902,40,exact,False,False,R0035;R0041;R0042;R0043;R0045;R0048;R0050;R0051,8
4903,-1,exact,True,True,R0044;R0045;R0048;R0049;R0051;R0055;R0057,7
4904,-1,exact,True,True,R0041;R0042;R0043;R0045;R0048;R0050;R0051;R0055,8
4905,6,exact,False,False,R0033;R0036;R0039;R0044;R0052;R0054,6
4906,-1,exact,True,True,R0041;R0042;R0043;R0048;R0050;R0051;R0053;R0054,8
4907,-1,exact,True,True,R0048;R0050;R0053,3
4908,12,exact,False,False,R0008;R0035;R0041;R0048;R0051,5
4909,11,fallback,False,False,,0
4910,35,exact,False,False,R0023;R0045;R0055;R0056,4
4911,46,exact,False,False,R0047;R0056,2
4912,29,exact,False,False,R0037;R0048;R0050;R0053;R0054;R0056,6
4913,6,exact,False,False,R0033;R0036;R0039;R0044;R0051;R0052;R0054,7
4914,21,exact,False,False,R0051,1
4915,-1,exact,True,True,R0041;R0042;R0043;R0045;R0048;R0050;R0051;R0053;R0055;R0056,10
4916,40,exact,False,False,R0035;R0041;R0042;R0043;R0045;R0048;R0050;R0051,8
4917,39,exact,False,False,R0039;R0044;R0052;R0054,4
4918,25,exact,False,False,R0030;R0041;R0042;R0043;R0048;R0050;R0051;R0053;R0054;R0055,11
4919,-1,exact,True,True,R0051;R0054,2
4920,30,exact,False,False,R0001;R0034,2
4921,6,exact,False,False,R0033;R0036;R0039;R0044,4
4922,49,exact,False,False,R0026;R0029;R0040;R0046,4
4923,48,exact,False,False,R0044;R0051;R0052;R0054,4
4924,-1,exact,True,True,R0056;R0057,2
4925,23,exact,False,False,R0031,1
4926,36,exact,False,False,R0034,1
4927,37,exact,False,False,R0002;R0039;R0051,3
4928,-1,exact,True,True,R0028;R0033;R0036;R0039,4
4929,6,exact,False,False,R0033;R0036;R0039;R0044;R0051;R0054,6
4930,40,exact,False,False,R0035;R0041;R0042;R0043;R0045;R0048;R0050;R0051,8
4931,19,exact,False,False,R0024;R0027;R0038;R0044;R0049;R0051;R0052;R0054;R0057,9
4932,46,fallback,False,False,,0
4933,25,exact,False,False,R0030;R0045;R0048;R0051;R0053;R0055;R0056,7
4934,35,exact,False,False,R0023;R0045;R0055;R0056,4
4935,18,exact,False,False,R0020,1
4936,1,fallback,False,False,,0
4937,9,exact,False,False,R0050,1
4938,6,exact,False,False,R0033;R0036;R0039;R0044;R0054,5
4939,48,exact,False,False,R0044;R0052;R0054,3
4940,25,exact,False,False,R0030;R0056,2
4941,-1,exact,True,True,R0041;R0042;R0043;R0048;R0050;R0051;R0053;R0054,8
4942,49,exact,False,False,R0026;R0029;R0031;R0040;R0046;R0057,6
4943,28,exact,False,False,R0010;R0044;R0051;R0053;R0054,5
4944,6,exact,False,False,R0033;R0036;R0039;R0044;R0051;R0052;R0054,7
4945,-1,exact,True,True,R0042;R0043;R0050;R0053,4
4946,22,exact,False,False,R0007;R0039;R0044;R0051,4
4947,49,exact,False,False,R0026;R0029;R0031;R0040;R0046,5
4948,27,exact,False,False,R0028,1
4949,36,exact,False,False,R0034;R0044;R0052;R0054,4
4950,6,exact,False,False,R0033;R0036;R0039;R0044;R0054,5
4951,0,exact,False,False,R0036;R0039,2
4952,6,exact,False,False,R0033;R0039;R0044;R0051,4
4953,22,fallback,False,False,,0
4954,35,exact,False,False,R0023;R0050,2
4955,18,exact,False,False,R0020;R0021,2
4956,6,exact,False,False,R0033;R0036;R0039;R0044,4
4957,18,exact,False,False,R0020;R0052,2
4958,9,exact,False,False,R0050,1
4959,47,exact,False,False,R0045;R0048;R0051;R0055,4
4960,42,exact,False,False,R0014;R0051,2
4961,1,exact,False,False,R0032;R0052,2
4962,-1,exact,True,True,R0041;R0042;R0043;R0044;R0048;R0050;R0051;R0053;R0054;R0057,10
4963,19,exact,False,False,R0024;R0027;R0038;R0051;R0052;R0054;R0055,7
4964,1,exact,False,False,R0032;R0053;R0055;R0056,4
4965,-1,exact,True,True,R0041;R0042;R0043;R0048;R0050;R0051;R0053;R0054,8
4966,1,exact,False,False,R0032;R0042;R0043;R0050,4
4967,48,exact,False,False,R0044;R0051,2
4968,-1,exact,True,True,R0055;R0056,2
4969,46,exact,False,False,R0047;R0057,2
4970,6,exact,False,False,R0033;R0036;R0039;R0044;R0052;R0054,6
4971,6,exact,False,False,R0033;R0036,2
4972,22,exact,False,False,R0007;R0034;R0052,3
4973,6,exact,False,False,R0033;R0036;R0039;R0044;R0052;R0054,6
4974,12,exact,False,False,R0008;R0035;R0051,3
4975,-1,exact,True,True,R0037;R0041;R0042;R0043;R0045;R0048;R0050;R0051;R0055,9
4976,37,exact,False,False,R0002;R0011;R0033;R0036;R0039;R0044;R0051,7
4977,-1,fallback,True,False,,0
4978,6,exact,False,False,R0033;R0036;R0039;R0044;R0051,5
4979,6,exact,False,False,R0033;R0036;R0039;R0044;R0051,5
4980,6,exact,False,False,R0033;R0036;R0039;R0044;R0052;R0054,6
4981,49,exact,False,False,R0026;R0029;R0031;R0040;R0046,5
4982,25,exact,False,False,R0030;R0041;R0042;R0043;R0050;R0055;R0056,7
4983,37,exact,False,False,R0002;R0033;R0036,3
4984,16,exact,False,False,R0038;R0044;R0051,3
4985,48,exact,False,False,R0044;R0049;R0053;R0054,4
4986,19,exact,False,False,R0024;R0027;R0052;R0054;R0057,5
4987,18,exact,False,False,R0020;R0044,2
4988,-1,exact,True,True,R0041;R0042;R0043;R0048;R0050;R0051;R0054;R0055,8
4989,10,exact,False,False,R0022,1
4990,27,fallback,False,False,,0
4991,12,exact,False,False,R0005;R0008;R0035;R0042;R0043;R0050,6
4992,45,exact,False,False,R0041;R0048;R0051;R0054,4
4993,12,exact,False,False,R0016;R0035;R0051,3
4994,6,exact,False,False,R0033;R0036;R0039;R0044;R0054,5
4995,38,exact,False,False,R0017;R0044;R0048;R0051;R0054,5
4996,36,exact,False,False,R0034,1
4997,27,fallback,False,False,,0
4998,40,exact,False,False,R0035;R0041;R0048;R0051,4
4999,19,exact,False,False,R0024;R0027;R0038;R0044;R0051;R0052;R0054,7
5000,14,exact,False,False,R0004;R0012;R0035;R0041;R0043;R0048;R0051;R0054,8
5001,48,exact,False,False,R0044;R0051;R0052;R0054,4
5002,18,exact,False,False,R0020;R0044;R0052;R0054,4
5003,6,exact,False,False,R0033;R0036,2
5004,-1,exact,True,True,R0041;R0042;R0043;R0048;R0050;R0051;R0055,7
5005,23,exact,False,False,R0031,1
5006,14,exact,False,False,R0012;R0035;R0041;R0042;R0043;R0045;R0050,7
5007,8,fallback,False,False,,0
5008,6,exact,False,False,R0033;R0036;R0039;R0044;R0054,5
5009,-1,exact,True,True,R0041;R0042;R0048;R0051;R0054,5
5010,38,exact,False,False,R0017;R0048;R0051;R0052;R0054,5
5011,36,exact,False,False,R0034;R0052,2
5012,38,exact,False,False,R0017;R0044;R0048;R0051;R0052;R0054,6
5013,47,exact,False,False,R0045;R0051;R0055,3
5014,49,exact,False,False,R0026;R0029;R0031;R0040;R0046,5
5015,0,exact,False,False,R0036,1
5016,49,exact,False,False,R0026;R0029;R0031;R0040;R0046,5
5017,19,exact,False,False,R0024;R0027,2
5018,41,exact,False,False,R0052,1
5019,14,exact,False,False,R0012;R0035;R0041;R0042;R0043;R0045;R0048;R0050;R0051,9
5020,48,exact,False,False,R0044;R0051;R0052;R0054,4
5021,36,exact,False,False,R0034,1
5022,6,exact,False,False,R0033;R0036;R0039;R0044;R0054,5
5023,19,exact,False,False,R0024;R0027;R0038;R0044;R0051;R0054,6
5024,39,exact,False,False,R0039;R0051,2
5025,19,exact,False,False,R0024;R0027;R0038;R0051,4
5026,6,exact,False,False,R0033;R0036;R0052,3
5027,-1,fallback,True,False,,0
5028,6,exact,False,False,R0033;R0036;R0039;R0044;R0052;R0054,6
5029,27,exact,False,False,R0028;R0052,2
5030,30,exact,False,False,R0001;R0039;R0051;R0052;R0054,5
5031,49,exact,False,False,R0026;R0029;R0031;R0040;R0046,5
5032,47,exact,False,False,R0045;R0048;R0051;R0055,4
5033,11,exact,False,False,R0057,1
5034,27,exact,False,False,R0028,1
5035,49,exact,False,False,R0026;R0029;R0031;R0040;R0046,5
5036,44,exact,False,False,R0019;R0032,2
5037,48,exact,False,False,R0044;R0048;R0051;R0052;R0053;R0054,6
5038,23,exact,False,False,R0031;R0057,2
5039,-1,exact,True,True,R0041;R0042;R0043;R0048;R0050;R0051;R0053;R0054;R0055;R0056,10
5040,48,exact,False,False,R0044;R0048;R0051;R0054,4
5041,37,exact,False,False,R0002;R0011;R0033;R0036;R0039;R0044;R0051,7
5042,30,exact,False,False,R0001;R0044;R0051,3
5043,40,exact,False,False,R0035;R0041;R0042;R0043;R0045;R0048;R0050;R0051,8
5044,31,exact,False,False,R0025;R0035;R0041;R0042;R0043;R0048;R0050;R0051;R0053;R0054,10
5045,18,exact,False,False,R0020;R0044;R0052;R0054,4
5046,39,exact,False,False,R0039;R0044;R0051;R0052;R0054,5
5047,49,exact,False,False,R0026;R0029;R0031;R0040;R0046,5
5048,21,exact,False,False,R0051,1
5049,25,exact,False,False,R0030;R0044;R0045;R0048;R0049;R0051;R0053;R0055;R0056,9
5050,11,fallback,False,False,,0
5051,49,exact,False,False,R0026;R0029;R0031;R0040;R0046,5
5052,21,exact,False,False,R0051,1
5053,46,exact,False,False,R0047,1
5054,41,fallback,False,False,,0
5055,-1,fallback,True,False,,0
5056,6,exact,False,False,R0033;R0036;R0044;R0051,4
5057,-1,exact,True,True,R0051;R0052;R0054,3
5058,28,fallback,False,False,,0
5059,23,exact,False,False,R0031,1
5060,12,exact,False,False,R0005;R0008;R0013;R0048;R0050,5
5061,6,exact,False,False,R0033;R0036;R0039;R0044,4
5062,-1,fallback,True,False,,0
5063,9,fallback,False,False,,0
5064,12,exact,False,False,R0005;R0008;R0035;R0041;R0042;R0043;R0048;R0050;R0051,9
5065,6,exact,False,False,R0033;R0036;R0039;R0044;R0052;R0054,6
5066,38,exact,False,False,R0017;R0044;R0048;R0051;R0054,5
5067,42,exact,False,False,R0004;R0014;R0035;R0041;R0042;R0043;R0048;R0050;R0051;R0054,10
5068,27,exact,False,False,R0028;R0034;R0039;R0044;R0052;R0054,6
5069,9,exact,False,False,R0050,1
5070,44,exact,False,False,R0019;R0032;R0042;R0043;R0050,5
5071,6,exact,False,False,R0033;R0036;R0044,3
5072,28,exact,False,False,R0010,1
5073,23,fallback,False,False,,0
5074,1,exact,False,False,R0032,1
5075,45,exact,False,False,R0041;R0048;R0051,3
5076,19,exact,False,False,R0024;R0027;R0038;R0045;R0051;R0055,6
5077,12,exact,False,False,R0005;R0008;R0035;R0042;R0043;R0050,6
5078,48,exact,False,False,R0044;R0051,2
5079,18,exact,False,False,R0020;R0034;R0052,3
5080,48,exact,False,False,R0044;R0048;R0054,3
5081,6,exact,False,False,R0033;R0036;R0039;R0044,4
5082,49,exact,False,False,R0026;R0029;R0031;R0040;R0046,5
5083,37,exact,False,False,R0002;R0011;R0033;R0036;R0039;R0044;R0051,7
5084,12,exact,False,False,R0005;R0008;R0035;R0041;R0042;R0043;R0048;R0050;R0051,9
5085,49,exact,False,False,R0026;R0029;R0031;R0040;R0046,5
5086,23,exact,False,False,R0031,1
5087,37,exact,False,False,R0011;R0033;R0036,3
5088,42,exact,False,False,R0014;R0048;R0050,3
5089,36,exact,False,False,R0034,1
5090,25,fallback,False,False,,0
5091,25,exact,False,False,R0030;R0044;R0045;R0048;R0049;R0051;R0053;R0055;R0056;R0057,10
5092,12,exact,False,False,R0005;R0016;R0035;R0041;R0042;R0043;R0048;R0050;R0051,9
5093,36,exact,False,False,R0034;R0039;R0052;R0054,4
5094,16,fallback,False,False,,0
5095,49,exact,False,False,R0026;R0029;R0031;R0040;R0046,5
5096,49,exact,False,False,R0026;R0029;R0031;R0040;R0046,5
5097,6,exact,False,False,R0033;R0036,2
5098,35,exact,False,False,R0023,1
5099,31,exact,False,False,R0025;R0035;R0041;R0042;R0043;R0048;R0050;R0051;R0053;R0054,10
5100,-1,exact,True,True,R0041;R0042;R0043;R0045;R0048;R0050;R0051,7
5101,0,exact,False,False,R0036;R0039;R0052;R0054,4
5102,-1,fallback,True,False,,0
5103,-1,exact,True,True,R0037;R0042;R0043;R0050;R0055;R0056,6
5104,-1,exact,True,True,R0044;R0045;R0048;R0051;R0055,5
5105,44,exact,False,False,R0019;R0045;R0055;R0056,4
5106,42,exact,False,False,R0004;R0014;R0035;R0041;R0042;R0043;R0048;R0050;R0051;R0054,10
5107,46,exact,False,False,R0047;R0057,2
5108,41,exact,False,False,R0052,1
5109,6,fallback,False,False,,0
5110,15,exact,False,False,R0054,1
5111,37,exact,False,False,R0002;R0033;R0036;R0039;R0044;R0051,6
5112,12,exact,False,False,R0013;R0050,2
5113,18,exact,False,False,R0020,1
5114,36,exact,False,False,R0034;R0039;R0044;R0052;R0054,5
5115,-1,exact,True,True,R0041;R0042;R0043;R0048;R0050;R0051;R0053;R0054,8
5116,-1,fallback,True,False,,0
5117,19,fallback,False,False,,0
5118,25,exact,False,False,R0030;R0041;R0042;R0043;R0045;R0048;R0050;R0051;R0053;R0055,11
5119,18,exact,False,False,R0020,1
5120,38,exact,False,False,R0017;R0044;R0048;R0051,4
5121,-1,exact,True,True,R0042;R0043;R0045;R0050;R0055;R0056;R0057,7
5122,18,exact,False,False,R0020;R0044,2
5123,37,exact,False,False,R0002;R0011;R0033;R0036;R0044;R0051,6
5124,18,exact,False,False,R0020;R0044,2
5125,36,exact,False,False,R0034,1
5126,14,exact,False,False,R0012,1
5127,49,exact,False,False,R0026;R0029;R0031;R0040;R0046,5
5128,18,exact,False,False,R0020;R0021,2
5129,44,exact,False,False,R0009;R0019;R0030;R0045;R0047;R0055;R0056;R0057,8
5130,9,exact,False,False,R0050,1
5131,30,exact,False,False,R0001,1
5132,6,exact,False,False,R0033;R0036;R0039;R0044;R0052;R0054,6
5133,1,exact,False,False,R0032;R0041;R0042;R0043;R0048;R0050;R0051;R0054,8
5134,23,exact,False,False,R0031;R0056,2
5135,-1,exact,True,True,R0052;R0054,2
5136,18,exact,False,False,R0020;R0044;R0052;R0054,4
5137,49,exact,False,False,R0026;R0029;R0040;R0046,4
5138,-1,exact,True,True,R0051;R0054;R0055,3
5139,11,exact,False,False,R0057,1
5140,-1,exact,True,True,R0041;R0042;R0043;R0048;R0050;R0051;R0053;R0054;R0055;R0056,10
5141,48,exact,False,False,R0044;R0052;R0054,3
5142,25,exact,False,False,R0030;R0044;R0048;R0049;R0052;R0053;R0054,7
5143,6,exact,False,False,R0033;R0036;R0039;R0044;R0054,5
5144,12,exact,False,False,R0005;R0016;R0035;R0041;R0042;R0043;R0048;R0050;R0051,9
5145,36,exact,False,False,R0034,1
5146,-1,exact,True,True,R0044;R0045;R0049;R0051;R0053,5
5147,49,exact,False,False,R0026;R0029;R0031;R0040;R0046;R0057,6
5148,49,exact,False,False,R0026;R0029;R0031;R0040;R0046,5
5149,28,exact,False,False,R0010;R0044;R0051;R0053;R0054,5
5150,6,exact,False,False,R0033;R0036;R0039;R0044;R0051;R0052;R0054,7
5151,22,fallback,False,False,,0
5152,6,exact,False,False,R0033;R0036;R0039;R0044;R0052;R0054,6
5153,41,exact,False,False,R0052,1
5154,42,exact,False,False,R0004;R0014;R0035;R0041;R0042;R0043;R0048;R0050;R0051;R0054,10
5155,23,exact,False,False,R0031;R0056,2
5156,25,exact,False,False,R0030;R0044;R0045;R0048;R0049;R0051;R0053;R0055;R0056;R0057,10
5157,41,fallback,False,False,,0
5158,19,exact,False,False,R0024;R0027;R0038;R0044;R0045;R0051,6
5159,6,exact,False,False,R0033;R0036;R0044;R0051;R0052;R0054,6
5160,39,exact,False,False,R0039;R0051;R0052;R0054,4
5161,10,exact,False,False,R0022,1
5162,6,exact,False,False,R0033;R0036,2
5163,6,exact,False,False,R0033;R0036,2
5164,-1,fallback,True,False,,0
5165,-1,exact,True,True,R0041;R0042;R0043;R0048;R0050;R0051;R0054,7
5166,18,exact,False,False,R0020;R0021;R0034,3
5167,47,exact,False,False,R0045;R0051;R0055,3
5168,6,exact,False,False,R0033;R0036;R0039;R0044;R0051,5
5169,29,exact,False,False,R0037;R0052,2
5170,27,fallback,False,False,,0
5171,46,exact,False,False,R0047;R0057,2
5172,48,exact,False,False,R0044;R0051;R0052;R0054,4
5173,42,exact,False,False,R0004;R0032;R0035;R0041;R0042;R0043;R0048;R0050;R0051;R0054,10
5174,45,exact,False,False,R0041;R0048;R0051;R0054,4
5175,27,exact,False,False,R0028;R0044,2
5176,37,exact,False,False,R0002;R0033;R0036,3
5177,36,exact,False,False,R0034,1
5178,12,exact,False,False,R0005;R0035;R0041;R0042;R0043;R0048;R0050;R0051,8
5179,39,exact,False,False,R0039,1
5180,36,exact,False,False,R0034;R0039;R0044;R0052;R0054,5
5181,37,exact,False,False,R0002;R0039;R0051,3
5182,19,exact,False,False,R0024;R0027;R0038;R0045;R0051;R0055,6
5183,36,exact,False,False,R0034,1
5184,37,exact,False,False,R0002;R0033;R0036;R0039;R0044,5
5185,40,exact,False,False,R0035;R0041;R0042;R0043;R0045;R0050,6
5186,6,fallback,False,False,,0
5187,31,exact,False,False,R0025;R0032;R0042;R0043;R0050,5
5188,27,exact,False,False,R0028;R0034;R0044;R0052;R0054,5
5189,45,exact,False,False,R0041;R0044;R0048;R0051;R0054,5
5190,49,exact,False,False,R0026;R0029;R0031;R0040;R0046,5
5191,40,exact,False,False,R0035;R0041;R0042;R0043;R0048;R0050;R0051;R0054,8
5192,49,exact,False,False,R0026;R0029;R0031;R0040;R0046,5
5193,1,exact,False,False,R0032;R0042;R0043;R0050;R0055;R0056,6
5194,37,exact,False,False,R0011;R0033;R0036;R0039;R0044;R0051;R0054,7
5195,36,exact,False,False,R0034,1
5196,36,exact,False,False,R0034;R0051;R0052;R0054,4
5197,6,exact,False,False,R0033;R0036,2
5198,31,exact,False,False,R0025;R0041;R0042;R0043;R0048;R0050;R0051;R0053;R0054;R0055,11
5199,18,fallback,False,False,,0
5200,40,exact,False,False,R0035;R0042;R0043;R0045;R0050,5
5201,6,exact,False,False,R0033;R0036;R0052,3
5202,23,fallback,False,False,,0
5203,35,exact,False,False,R0023;R0045;R0055,3
5204,42,exact,False,False,R0014;R0041;R0042;R0043;R0045;R0050,6
5205,14,exact,False,False,R0012;R0035;R0041;R0042;R0043;R0045;R0048;R0050;R0051,9
5206,6,exact,False,False,R0033;R0036;R0044;R0054,4
5207,49,exact,False,False,R0026;R0029;R0031;R0040;R0046;R0057,6
5208,42,exact,False,False,R0014;R0035;R0041;R0048;R0051,5
5209,27,exact,False,False,R0028;R0034;R0039;R0044;R0052;R0054,6
5210,6,exact,False,False,R0033;R0036;R0039;R0044;R0052;R0054,6
5211,-1,exact,True,True,R0041;R0042;R0043;R0045;R0048;R0050;R0051;R0055,8
5212,21,exact,False,False,R0051,1
5213,47,exact,False,False,R0045;R0048;R0051;R0055,4
5214,14,exact,False,False,R0012;R0050,2
5215,40,exact,False,False,R0035;R0041;R0042;R0043;R0045;R0048;R0050;R0051,8
5216,31,exact,False,False,R0025;R0041;R0042;R0043;R0045;R0048;R0050;R0051;R0053;R0055,11
5217,44,exact,False,False,R0019;R0047;R0057,3
5218,49,exact,False,False,R0026;R0029;R0031;R0040;R0046;R0057,6
5219,18,exact,False,False,R0020;R0052;R0054,3
5220,42,exact,False,False,R0004;R0014;R0035;R0041;R0042;R0043;R0048;R0050;R0051;R0054,10
5221,25,exact,False,False,R0030;R0042;R0043;R0045;R0049;R0050;R0055;R0056;R0057,9
5222,12,exact,False,False,R0005;R0035;R0051,3
5223,49,exact,False,False,R0026;R0029;R0031;R0040;R0046,5
5224,-1,exact,True,True,R0051;R0054,2
5225,27,fallback,False,False,,0
5226,48,exact,False,False,R0044;R0048;R0049;R0051;R0053;R0054;R0057,7
5227,8,fallback,False,False,,0
5228,36,exact,False,False,R0034;R0039;R0044;R0052;R0054,5
5229,-1,exact,True,True,R0051;R0054,2
5230,-1,fallback,True,False,,0
5231,25,fallback,False,False,,0
5232,-1,exact,True,True,R0041;R0042;R0043;R0045;R0048;R0050;R0051;R0053,8
5233,6,exact,False,False,R0033;R0036,2
5234,6,exact,False,False,R0033;R0036,2
5235,49,exact,False,False,R0026;R0029;R0031;R0040;R0046;R0057,6
5236,41,fallback,False,False,,0
5237,11,fallback,False,False,,0
5238,30,exact,False,False,R0001,1
5239,29,fallback,False,False,,0
5240,6,exact,False,False,R0033;R0036;R0039;R0044;R0052;R0054,6
5241,12,exact,False,False,R0005;R0008;R0035;R0041;R0042;R0043;R0048;R0050;R0051,9
5242,48,exact,False,False,R0044;R0051;R0052;R0054,4
5243,36,exact,False,False,R0034;R0044;R0052;R0054,4
5244,42,exact,False,False,R0004;R0014;R0035;R0048;R0051;R0054,6
5245,40,exact,False,False,R0035;R0041;R0042;R0043;R0045;R0048;R0050;R0051,8
5246,18,exact,False,False,R0020,1
5247,49,exact,False,False,R0026;R0029;R0031;R0040;R0046;R0057,6
5248,40,exact,False,False,R0035;R0042;R0043;R0050,4
5249,21,exact,False,False,R0051,1
5250,48,exact,False,False,R0044;R0051;R0054,3
5251,19,exact,False,False,R0024;R0027,2
5252,6,exact,False,False,R0033;R0036;R0039;R0044;R0052;R0054,6
5253,48,exact,False,False,R0044;R0052;R0054,3
5254,6,exact,False,False,R0033;R0036;R0039;R0044;R0052;R0054,6
5255,30,exact,False,False,R0001;R0034;R0052,3
5256,12,fallback,False,False,,0
5257,27,exact,False,False,R0028;R0039;R0044;R0052;R0054,5
5258,49,exact,False,False,R0026;R0029;R0031;R0040;R0046,5
5259,-1,exact,True,True,R0048;R0051;R0053;R0054,4
5260,6,exact,False,False,R0033;R0052,2
5261,23,exact,False,False,R0031,1
5262,46,fallback,False,False,,0
5263,27,exact,False,False,R0028;R0044,2
5264,48,exact,False,False,R0044;R0054,2
5265,36,exact,False,False,R0034,1
5266,9,exact,False,False,R0050;R0056,2
5267,25,fallback,False,False,,0
5268,42,exact,False,False,R0004;R0012;R0014;R0035;R0041;R0042;R0043;R0048;R0050;R0051,11
5269,36,exact,False,False,R0034;R0044;R0052;R0054,4
5270,-1,fallback,True,False,,0
5271,19,exact,False,False,R0024;R0027;R0038;R0051;R0052;R0054,6
5272,27,exact,False,False,R0028,1
5273,6,exact,False,False,R0033;R0036;R0044;R0054,4
5274,39,exact,False,False,R0039;R0044;R0048;R0051;R0053;R0054,6
5275,48,exact,False,False,R0044;R0048;R0051;R0053,4
5276,22,exact,False,False,R0007;R0034;R0039;R0044;R0051;R0052;R0054,7
5277,27,exact,False,False,R0028,1
5278,48,exact,False,False,R0044;R0051,2
5279,36,exact,False,False,R0034,1
5280,36,exact,False,False,R0034;R0044;R0051;R0052;R0054,5
5281,37,exact,False,False,R0002;R0011;R0033;R0036;R0039;R0044;R0051,7
5282,28,exact,False,False,R0010;R0044;R0051;R0053;R0054,5
5283,15,exact,False,False,R0054,1
5284,6,exact,False,False,R0033;R0036;R0039;R0044;R0052;R0054,6
5285,35,exact,False,False,R0023;R0050;R0056,3
5286,31,exact,False,False,R0025;R0042;R0043;R0050,4
5287,47,exact,False,False,R0045;R0048;R0051;R0055,4
5288,-1,exact,True,True,R0042;R0043;R0050,3
5289,-1,fallback,True,False,,0
5290,48,exact,False,False,R0044;R0052;R0054,3
5291,37,exact,False,False,R0002;R0039;R0044;R0051,4
5292,37,exact,False,False,R0002;R0033;R0036,3
5293,-1,exact,True,True,R0042;R0043;R0050;R0055;R0056,5
5294,12,exact,False,False,R0005;R0035;R0041;R0042;R0043;R0048;R0050;R0051,8
5295,6,exact,False,False,R0033;R0044;R0051;R0054,4
5296,48,exact,False,False,R0044;R0051;R0052;R0054,4
5297,19,exact,False,False,R0024;R0027;R0038;R0044;R0051;R0054,6
5298,49,exact,False,False,R0026;R0029;R0031;R0040;R0046;R0057,6
5299,-1,exact,True,True,R0051;R0052;R0054,3
5300,41,exact,False,False,R0052,1
5301,48,exact,False,False,R0044;R0051,2
5302,41,exact,False,False,R0052,1
5303,15,fallback,False,False,,0
5304,12,exact,False,False,R0005;R0035;R0041;R0042;R0043;R0045;R0050,7
5305,-1,exact,True,True,R0047;R0050;R0056;R0057,4
5306,26,exact,False,False,R0009;R0024;R0027;R0038;R0044;R0051,6
5307,3,exact,False,False,R0056,1
5308,6,exact,False,False,R0033;R0036;R0039;R0044;R0051,5
5309,12,exact,False,False,R0005;R0048;R0050,3
5310,6,fallback,False,False,,0
5311,-1,exact,True,True,R0048;R0054,2
5312,1,exact,False,False,R0032;R0042;R0043;R0050,4
5313,47,exact,False,False,R0045;R0055;R0056,3
5314,39,exact,False,False,R0039,1
5315,48,exact,False,False,R0044,1
5316,6,exact,False,False,R0033;R0036;R0039;R0044;R0051,5
5317,-1,exact,True,True,R0041;R0042;R0043;R0048;R0050;R0051;R0053;R0054,8
5318,6,exact,False,False,R0033;R0036;R0039;R0044;R0052;R0054,6
5319,6,exact,False,False,R0033;R0036;R0039;R0044,4
5320,0,exact,False,False,R0036,1
5321,31,exact,False,False,R0025;R0048;R0051,3
5322,-1,exact,True,True,R0041;R0042;R0043;R0044;R0045;R0048;R0050;R0051;R0053;R0057,10
5323,40,exact,False,False,R0035;R0042;R0043;R0045;R0050,5
5324,1,exact,False,False,R0032;R0053,2
5325,47,exact,False,False,R0045;R0048;R0051;R0055,4
5326,26,exact,False,False,R0006;R0009;R0030;R0044;R0045;R0049;R0051;R0053;R0055;R0056,11
5327,25,exact,False,False,R0030;R0044;R0048;R0049;R0051;R0052;R0053;R0054;R0055;R0056,10
5328,-1,exact,True,True,R0041;R0042;R0043;R0045;R0048;R0050;R0051;R0055,8
5329,-1,exact,True,True,R0041;R0042;R0043;R0045;R0048;R0050;R0051;R0053,8
5330,31,exact,False,False,R0025;R0041;R0042;R0048;R0051;R0054,6
5331,48,exact,False,False,R0044;R0048;R0051;R0052;R0054,5
5332,41,exact,False,False,R0052,1
5333,36,exact,False,False,R0034;R0039;R0044;R0052;R0054,5
5334,13,fallback,False,False,,0
5335,49,exact,False,False,R0026;R0029;R0031;R0040;R0046,5
5336,9,exact,False,False,R0050,1
5337,19,exact,False,False,R0024;R0027,2
5338,28,exact,False,False,R0003,1
5339,41,fallback,False,False,,0
5340,26,exact,False,False,R0009;R0030;R0032;R0044;R0049;R0051;R0052;R0053;R0054,9
5341,28,exact,False,False,R0003;R0044;R0048;R0051;R0053;R0054,6
5342,25,exact,False,False,R0030;R0045;R0048;R0051;R0053;R0055;R0056,7
5343,6,exact,False,False,R0033;R0036;R0039,3
5344,1,exact,False,False,R0032;R0044;R0051;R0054,4
5345,49,exact,False,False,R0026;R0029;R0031;R0040;R0046,5
5346,35,exact,False,False,R0023,1
5347,-1,exact,True,True,R0041;R0042;R0048;R0051;R0054,5
5348,19,exact,False,False,R0024;R0027;R0038;R0051;R0052;R0054;R0055,7
5349,41,exact,False,False,R0052,1
5350,40,exact,False,False,R0035;R0041;R0042;R0043;R0048;R0050;R0051;R0054,8
5351,48,exact,False,False,R0044;R0048;R0050;R0053;R0054;R0057,6
5352,38,exact,False,False,R0017;R0044;R0048;R0051,4
5353,-1,fallback,True,False,,0
5354,6,exact,False,False,R0033;R0036,2
5355,49,exact,False,False,R0026;R0029;R0031;R0040;R0046,5
5356,35,exact,False,False,R0023;R0032;R0055;R0056,4
5357,18,exact,False,False,R0020,1
5358,-1,exact,True,True,R0041;R0042;R0043;R0048;R0050;R0051;R0053;R0054,8
5359,39,exact,False,False,R0039;R0044,2
5360,6,exact,False,False,R0033;R0036;R0039;R0044;R0052;R0054,6
5361,46,exact,False,False,R0047;R0057,2
5362,40,exact,False,False,R0035;R0042;R0043;R0045;R0050,5
5363,40,exact,False,False,R0035;R0041;R0042;R0043;R0048;R0050;R0051;R0054,8
5364,48,exact,False,False,R0044;R0052;R0054,3
5365,-1,fallback,True,False,,0
5366,11,exact,False,False,R0057,1
5367,48,exact,False,False,R0044;R0054,2
5368,6,exact,False,False,R0033;R0036;R0044;R0051,4
5369,9,exact,False,False,R0050,1
5370,31,exact,False,False,R0025;R0051,2
5371,3,fallback,False,False,,0
5372,1,exact,False,False,R0032;R0042;R0043;R0050,4
5373,19,exact,False,False,R0024;R0027;R0052;R0054,4
5374,9,exact,False,False,R0050;R0056,2
5375,12,exact,False,False,R0005;R0008;R0035;R0042,4
5376,-1,exact,True,True,R0048;R0051,2
5377,49,exact,False,False,R0026;R0029;R0031;R0040;R0046;R0057,6
5378,27,exact,False,False,R0028,1
5379,1,exact,False,False,R0032;R0048;R0051;R0054,4
5380,12,exact,False,False,R0008;R0035;R0041;R0042;R0043;R0048;R0050;R0051;R0054,9
5381,30,exact,False,False,R0001;R0044;R0052;R0054,4
5382,49,exact,False,False,R0026;R0029;R0031;R0040;R0046;R0057,6
5383,1,exact,False,False,R0032;R0048;R0051;R0052;R0054,5
5384,-1,exact,True,True,R0041;R0042;R0043;R0045;R0048;R0050;R0051;R0053;R0055;R0056,10
5385,1,exact,False,False,R0032;R0042;R0043;R0050,4
5386,-1,exact,True,True,R0055;R0056,2
5387,27,exact,False,False,R0028;R0034;R0039;R0044;R0052;R0054,6
5388,37,exact,False,False,R0002;R0033;R0036,3
5389,12,exact,False,False,R0005;R0008;R0035;R0041;R0042;R0043;R0048;R0050;R0051;R0054,10
5390,48,exact,False,False,R0044;R0053,2
5391,6,exact,False,False,R0033;R0036;R0039;R0044;R0052;R0054,6
5392,-1,exact,True,True,R0051;R0053;R0054;R0055;R0056,5
5393,25,exact,False,False,R0030,1
5394,-1,exact,True,True,R0051;R0052;R0054,3
5395,39,exact,False,False,R0039;R0044;R0051,3
5396,19,exact,False,False,R0024;R0027;R0038;R0045;R0051,5
5397,48,exact,False,False,R0044;R0048;R0051;R0053;R0054,5
5398,41,exact,False,False,R0052,1
5399,48,exact,False,False,R0044;R0051;R0054,3
5400,-1,fallback,True,False,,0
5401,10,exact,False,False,R0022;R0033;R0036;R0039;R0044,5
5402,9,fallback,False,False,,0
5403,21,exact,False,False,R0051,1
5404,31,exact,False,False,R0025,1
5405,41,fallback,False,False,,0
5406,48,exact,False,False,R0044;R0052;R0054,3
5407,37,exact,False,False,R0011;R0033;R0036;R0039;R0044;R0051,6
5408,34,fallback,False,False,,0
5409,36,exact,False,False,R0034,1
5410,41,fallback,False,False,,0
5411,26,exact,False,False,R0009;R0044;R0045;R0049;R0051;R0055,6
5412,48,exact,False,False,R0044;R0052;R0054,3
5413,41,exact,False,False,R0052,1
5414,49,exact,False,False,R0026;R0029;R0031;R0040;R0046,5
5415,-1,exact,True,True,R0041;R0042;R0043;R0048;R0050;R0051;R0054,7
5416,27,exact,False,False,R0028;R0039;R0044,3
5417,48,exact,False,False,R0044;R0049;R0051;R0053,4
5418,-1,exact,True,True,R0041;R0042;R0043;R0048;R0050;R0051;R0053;R0054;R0055;R0056,10
5419,6,exact,False,False,R0033;R0036,2
5420,-1,exact,True,True,R0048;R0054,2
5421,-1,exact,True,True,R0041;R0042;R0043;R0045;R0050;R0055;R0056,7
5422,26,exact,False,False,R0009;R0044;R0045;R0049;R0051;R0055;R0057,7
5423,-1,exact,True,True,R0041;R0042;R0043;R0045;R0048;R0050;R0051;R0053;R0055;R0056,10
5424,11,exact,False,False,R0057,1
5425,44,exact,False,False,R0019;R0032;R0042;R0043;R0050;R0055;R0056,7
5426,48,exact,False,False,R0044;R0052;R0054,3
5427,23,exact,False,False,R0031,1
5428,1,exact,False,False,R0032;R0044;R0048;R0051;R0052;R0054;R0055,7
5429,6,exact,False,False,R0033;R0036;R0039;R0044;R0051;R0052;R0054,7
5430,39,exact,False,False,R0039;R0051;R0052;R0054,4
5431,14,exact,False,False,R0012;R0035;R0041;R0042;R0043;R0048;R0050;R0051;R0054,9
5432,47,exact,False,False,R0045;R0055,2
5433,19,exact,False,False,R0024;R0027;R0038;R0052,4
5434,19,exact,False,False,R0024;R0027;R0038;R0045;R0051;R0055,6
5435,41,fallback,False,False,,0
5436,1,exact,False,False,R0032;R0057,2
5437,18,exact,False,False,R0020;R0034;R0039;R0044;R0052;R0054,6
5438,-1,exact,True,True,R0028;R0033;R0036;R0052,4
5439,39,exact,False,False,R0039;R0044;R0052;R0054,4
5440,1,exact,False,False,R0032;R0055;R0056,3
5441,25,exact,False,False,R0030;R0049,2
5442,27,fallback,False,False,,0
5443,48,exact,False,False,R0044;R0054,2
5444,48,exact,False,False,R0044;R0048;R0051;R0053;R0054,5
5445,36,exact,False,False,R0034;R0039;R0044;R0052;R0054,5
5446,31,exact,False,False,R0025;R0041;R0042;R0043;R0045;R0048;R0050;R0051;R0053;R0055,11
5447,30,exact,False,False,R0001,1
5448,-1,exact,True,True,R0051;R0052;R0054,3
5449,36,exact,False,False,R0034;R0039;R0044;R0052;R0054,5
5450,22,exact,False,False,R0007;R0034;R0039;R0044;R0051;R0054,6
5451,37,exact,False,False,R0002;R0011;R0033;R0036;R0039;R0044;R0051,7
5452,30,exact,False,False,R0001,1
5453,-1,exact,True,True,R0051;R0054;R0055,3
5454,6,exact,False,False,R0033;R0036;R0039;R0044;R0054,5
5455,11,fallback,False,False,,0
5456,47,exact,False,False,R0045;R0051;R0055,3
5457,49,exact,False,False,R0026;R0029;R0031;R0040;R0046,5
5458,36,exact,False,False,R0034,1
5459,38,exact,False,False,R0017;R0042;R0043;R0050,4
5460,31,exact,False,False,R0025;R0035;R0042;R0043;R0050,5
5461,39,exact,False,False,R0039;R0044;R0052;R0054,4
5462,-1,exact,True,True,R0042;R0043;R0045;R0050,4
5463,16,exact,False,False,R0038;R0045;R0051;R0055,4
5464,49,exact,False,False,R0026;R0029;R0040;R0046,4
5465,49,exact,False,False,R0026;R0029;R0031;R0040;R0046;R0057,6
5466,-1,exact,True,True,R0051;R0052;R0054,3
5467,27,exact,False,False,R0028,1
5468,47,exact,False,False,R0045;R0048;R0051;R0055,4
5469,48,exact,False,False,R0044;R0051,2
5470,23,exact,False,False,R0031;R0057,2
5471,-1,exact,True,True,R0041;R0042;R0043;R0048;R0050;R0051;R0054,7
5472,-1,exact,True,True,R0041;R0042;R0043;R0050;R0055,5
5473,6,exact,False,False,R0033;R0036;R0039;R0044;R0051,5
5474,35,exact,False,False,R0023,1
5475,4,exact,False,False,R0018;R0044;R0048;R0050;R0054,5
5476,41,fallback,False,False,,0
5477,48,exact,False,False,R0044;R0054,2
5478,6,exact,False,False,R0033;R0036;R0039;R0044;R0051;R0052;R0054,7
5479,6,exact,False,False,R0033;R0036;R0039,3
5480,49,exact,False,False,R0026;R0029;R0031;R0040;R0046;R0057,6
5481,42,exact,False,False,R0004;R0014;R0035;R0041;R0042;R0043;R0048;R0050;R0051;R0054,10
5482,-1,exact,True,True,R0041;R0042;R0043;R0048;R0050;R0051;R0054,7
5483,-1,fallback,True,False,,0
5484,19,exact,False,False,R0024;R0027;R0038,3
5485,31,exact,False,False,R0025;R0032;R0042;R0043;R0050,5
5486,39,exact,False,False,R0039;R0051,2
5487,40,exact,False,False,R0035;R0041;R0042;R0043;R0045;R0048;R0050;R0051,8
5488,31,exact,False,False,R0025;R0041;R0042;R0043;R0048;R0050;R0051;R0053;R0054;R0055,11
5489,4,exact,False,False,R0018;R0044;R0048;R0054,4
5490,6,exact,False,False,R0033;R0036;R0039;R0044;R0051;R0052;R0054,7
5491,44,exact,False,False,R0019;R0032,2
5492,19,exact,False,False,R0024;R0027;R0044;R0054;R0057,5
5493,48,exact,False,False,R0044;R0048;R0054,3
5494,-1,exact,True,True,R0041;R0042;R0043;R0044;R0048;R0050;R0051;R0053;R0054,9
5495,15,fallback,False,False,,0
5496,36,exact,False,False,R0034;R0039;R0054,3
5497,47,exact,False,False,R0045;R0051;R0053;R0055;R0056,5
5498,40,exact,False,False,R0035;R0041;R0042;R0043;R0048;R0050;R0051;R0054,8
5499,28,exact,False,False,R0003;R0044;R0048;R0051;R0053,5
5500,21,exact,False,False,R0051,1
5501,29,fallback,False,False,,0
5502,9,exact,False,False,R0050,1
5503,36,exact,False,False,R0034;R0039;R0044;R0054,4
5504,1,exact,False,False,R0032,1
5505,-1,exact,True,True,R0041;R0042;R0043;R0045;R0048;R0050;R0051,7
5506,6,exact,False,False,R0033;R0036;R0039;R0044;R0052;R0054,6
5507,48,exact,False,False,R0044;R0048;R0051;R0053;R0054,5
5508,49,exact,False,False,R0026;R0029;R0031;R0040;R0046;R0057,6
5509,49,exact,False,False,R0026;R0029;R0031;R0040;R0046;R0057,6
5510,-1,exact,True,True,R0041;R0042;R0043;R0044;R0045;R0048;R0050;R0051;R0053;R0055,12
5511,44,exact,False,False,R0019;R0056,2
5512,4,exact,False,False,R0018;R0044;R0048;R0050,4
5513,40,exact,False,False,R0035;R0051,2
5514,36,exact,False,False,R0034;R0039;R0044;R0052;R0054,5
5515,25,fallback,False,False,,0
5516,6,exact,False,False,R0033;R0036;R0039;R0044;R0051;R0054,6
5517,-1,exact,True,True,R0028;R0033;R0036;R0039;R0044;R0052;R0054,7
5518,12,exact,False,False,R0008;R0013,2
5519,6,exact,False,False,R0033;R0036;R0039;R0044;R0051,5
5520,29,exact,False,False,R0037,1
5521,37,exact,False,False,R0002;R0033;R0036;R0039;R0044,5
5522,27,exact,False,False,R0028;R0034;R0039;R0044;R0052;R0054,6
5523,28,exact,False,False,R0010,1
5524,-1,exact,True,True,R0051;R0054,2
5525,36,exact,False,False,R0034;R0039;R0044;R0052;R0054,5
5526,48,exact,False,False,R0044,1
5527,46,fallback,False,False,,0
5528,1,exact,False,False,R0032;R0042;R0043;R0050,4
5529,9,exact,False,False,R0050,1
5530,-1,exact,True,True,R0041;R0042;R0043;R0050;R0055;R0056,6
5531,21,fallback,False,False,,0
5532,27,exact,False,False,R0028;R0034,2
5533,35,exact,False,False,R0023,1
5534,18,exact,False,False,R0020;R0044,2
5535,21,exact,False,False,R0051,1
5536,41,fallback,False,False,,0
5537,-1,exact,True,True,R0041;R0042;R0043;R0048;R0050;R0051;R0053;R0054;R0055;R0056,10
5538,-1,exact,True,True,R0041;R0042;R0043;R0048;R0050;R0051;R0053;R0054,8
5539,49,exact,False,False,R0026;R0029;R0031;R0040;R0046,5
5540,25,exact,False,False,R0030;R0041;R0042;R0043;R0048;R0050;R0051;R0053;R0054;R0055,11
5541,6,exact,False,False,R0033;R0036;R0039;R0044,4
5542,21,fallback,False,False,,0
5543,28,exact,False,False,R0003;R0044;R0048;R0051;R0053;R0054,6
5544,-1,exact,True,True,R0041;R0042;R0043;R0048;R0050;R0051;R0054,7
5545,37,exact,False,False,R0002;R0011,2
5546,48,exact,False,False,R0044;R0052;R0054,3
5547,0,exact,False,False,R0036,1
5548,1,exact,False,False,R0032;R0042;R0043;R0050;R0055;R0056,6
5549,-1,exact,True,True,R0051;R0054,2
5550,-1,exact,True,True,R0041;R0042;R0043;R0045;R0048;R0050;R0051;R0055,8
5551,31,exact,False,False,R0025;R0041;R0042;R0043;R0045;R0048;R0050;R0051;R0053;R0055,11
5552,48,fallback,False,False,,0
5553,48,exact,False,False,R0044;R0048;R0054,3
5554,18,exact,False,False,R0020,1
5555,1,exact,False,False,R0032;R0055;R0056,3
5556,47,exact,False,False,R0045;R0055;R0056,3
5557,6,exact,False,False,R0033;R0036,2
5558,38,exact,False,False,R0017;R0044;R0048;R0051;R0054,5
5559,31,exact,False,False,R0025;R0051;R0054,3
5560,13,exact,False,False,R0021;R0047;R0057,3
5561,30,exact,False,False,R0001;R0034;R0039;R0044;R0051;R0052;R0054,7
5562,30,exact,False,False,R0001;R0052;R0054,3
5563,19,exact,False,False,R0024;R0027;R0038;R0044;R0051;R0052;R0054,7
5564,21,exact,False,False,R0051,1
5565,41,exact,False,False,R0052,1
5566,-1,exact,True,True,R0028;R0033;R0036;R0039;R0044;R0052;R0054,7
5567,6,exact,False,False,R0033;R0036,2
5568,27,exact,False,False,R0028;R0034;R0039;R0044;R0052;R0054,6
5569,48,exact,False,False,R0044;R0051,2
5570,-1,exact,True,True,R0028;R0033;R0036;R0039;R0044;R0052;R0054,7
5571,-1,exact,True,True,R0041;R0042;R0043;R0050;R0055;R0056,6
5572,44,exact,False,False,R0019;R0032;R0035;R0042;R0043;R0050,6
5573,21,exact,False,False,R0051,1
5574,38,fallback,False,False,,0
5575,-1,exact,True,True,R0052;R0054,2
5576,1,exact,False,False,R0032;R0044;R0049;R0051;R0052;R0053;R0054;R0057,8
5577,48,exact,False,False,R0044,1
5578,19,exact,False,False,R0024;R0027;R0038;R0044;R0051,5
5579,37,exact,False,False,R0002;R0050,2
5580,49,exact,False,False,R0026;R0029;R0031;R0040;R0046,5
5581,39,exact,False,False,R0039;R0044,2
5582,18,exact,False,False,R0020;R0044;R0052;R0054,4
5583,6,exact,False,False,R0033;R0036;R0039;R0044;R0051,5
5584,42,exact,False,False,R0014;R0035;R0041;R0042;R0043;R0045;R0048;R0050;R0051,9
5585,-1,exact,True,True,R0051;R0052;R0054,3
5586,25,exact,False,False,R0030;R0045;R0048;R0051;R0053;R0055;R0056,7
5587,6,exact,False,False,R0033;R0036;R0039;R0044;R0051,5
5588,44,exact,False,False,R0019;R0032;R0035;R0042;R0043;R0050,6
5589,-1,exact,True,True,R0041;R0042;R0043;R0045;R0048;R0050;R0051;R0053;R0055;R0056,10
5590,36,exact,False,False,R0034,1
5591,30,exact,False,False,R0001;R0039;R0044,3
5592,23,exact,False,False,R0031,1
5593,49,exact,False,False,R0026;R0029;R0040;R0046,4
5594,22,exact,False,False,R0007;R0034;R0039;R0044;R0051;R0054,6
5595,48,fallback,False,False,,0
5596,6,exact,False,False,R0033;R0036,2
5597,-1,exact,True,True,R0041;R0042;R0043;R0045;R0048;R0050;R0051;R0055,8
5598,6,exact,False,False,R0033;R0036;R0039;R0044;R0051;R0052;R0054,7
5599,-1,exact,True,True,R0051;R0054,2
5600,35,exact,False,False,R0023,1
5601,19,exact,False,False,R0024;R0027,2
5602,4,exact,False,False,R0018;R0047,2
5603,34,fallback,False,False,,0
5604,46,fallback,False,False,,0
5605,41,fallback,False,False,,0
5606,1,exact,False,False,R0032;R0055;R0056,3
5607,6,exact,False,False,R0033;R0036;R0039;R0044;R0051,5
5608,6,exact,False,False,R0033;R0036,2
5609,13,exact,False,False,R0021,1
5610,18,exact,False,False,R0020,1
5611,-1,exact,True,True,R0041;R0042;R0043;R0045;R0048;R0050;R0051,7
5612,4,fallback,False,False,,0
5613,-1,exact,True,True,R0041;R0042;R0043;R0048;R0050;R0051;R0053;R0054;R0057,9
5614,-1,exact,True,True,R0056;R0057,2
5615,19,fallback,False,False,,0
5616,27,exact,False,False,R0028;R0034,2
5617,-1,exact,True,True,R0051;R0052;R0054,3
5618,6,exact,False,False,R0033;R0039;R0044,3
5619,42,exact,False,False,R0014;R0035;R0041;R0043;R0048;R0051,6
5620,42,exact,False,False,R0004;R0014;R0035;R0041;R0042;R0043;R0048;R0050;R0051;R0054,10
5621,4,exact,False,False,R0018;R0044;R0048,3
5622,49,exact,False,False,R0026;R0029;R0031;R0040;R0046,5
5623,15,exact,False,False,R0054,1
5624,6,exact,False,False,R0033;R0036;R0039;R0044,4
5625,6,exact,False,False,R0033;R0036;R0039;R0044;R0052;R0054,6
5626,44,exact,False,False,R0019;R0032;R0055;R0056,4
5627,19,exact,False,False,R0024;R0027;R0038;R0051;R0052;R0054,6
5628,36,exact,False,False,R0034;R0044;R0054,3
5629,26,exact,False,False,R0006;R0009;R0030;R0044;R0045;R0049;R0051;R0053;R0055;R0056,11
5630,21,exact,False,False,R0051,1
5631,6,exact,False,False,R0033;R0036,2
5632,41,exact,False,False,R0052,1
5633,45,fallback,False,False,,0
5634,13,exact,False,False,R0021,1
5635,36,exact,False,False,R0034;R0052,2
5636,25,exact,False,False,R0030;R0044;R0045;R0048;R0051;R0053;R0055;R0056,8
5637,30,exact,False,False,R0001,1
5638,28,exact,False,False,R0003;R0044;R0048;R0051;R0053;R0054,6
5639,12,exact,False,False,R0005,1
5640,39,exact,False,False,R0039;R0051;R0052;R0054,4
5641,6,exact,False,False,R0033;R0036;R0039;R0044;R0051,5
5642,38,exact,False,False,R0017;R0048;R0051,3
5643,19,exact,False,False,R0024;R0027;R0038;R0051;R0052;R0054;R0055,7
5644,6,exact,False,False,R0033;R0036;R0039;R0044;R0052;R0054,6
5645,36,exact,False,False,R0034;R0039;R0044;R0052;R0054,5
5646,40,exact,False,False,R0035;R0041;R0042;R0043;R0045;R0048;R0050;R0051,8
5647,6,exact,False,False,R0033;R0036;R0039;R0044;R0052;R0054,6
5648,19,exact,False,False,R0024;R0027;R0038,3
5649,-1,fallback,True,False,,0
5650,18,exact,False,False,R0020;R0044;R0052;R0054,4
5651,19,exact,False,False,R0024;R0027;R0038;R0044;R0051;R0052;R0054;R0055,8
5652,12,exact,False,False,R0005;R0050,2
5653,6,exact,False,False,R0033;R0036;R0039;R0044;R0051;R0054,6
5654,18,exact,False,False,R0020,1
5655,27,fallback,False,False,,0
5656,6,exact,False,False,R0033;R0036,2
5657,31,exact,False,False,R0025;R0041;R0042;R0043;R0048;R0050;R0051;R0053;R0054;R0055,11
5658,-1,exact,True,True,R0041;R0042;R0043;R0045;R0048;R0050;R0051;R0055,8
5659,48,exact,False,False,R0044;R0054,2
5660,48,exact,False,False,R0044;R0051;R0052;R0054,4
5661,21,exact,False,False,R0051,1
5662,47,exact,False,False,R0045;R0055,2
5663,-1,exact,True,True,R0051;R0052;R0054,3
5664,6,exact,False,False,R0033;R0036,2
5665,44,exact,False,False,R0019,1
5666,39,exact,False,False,R0039;R0052;R0054,3
5667,1,fallback,False,False,,0
5668,-1,exact,True,True,R0028;R0033;R0036,3
5669,12,exact,False,False,R0005;R0035;R0041;R0042;R0048;R0051,6
5670,-1,exact,True,True,R0051;R0053;R0054;R0055;R0056,5
5671,-1,exact,True,True,R0052;R0054,2
5672,-1,exact,True,True,R0041;R0042;R0043;R0045;R0050;R0055;R0056,7
5673,18,exact,False,False,R0020;R0044,2
5674,-1,exact,True,True,R0041;R0042;R0043;R0048;R0050;R0051;R0053;R0054,8
5675,48,exact,False,False,R0044;R0052;R0054,3
5676,38,exact,False,False,R0017;R0048;R0051;R0052;R0054,5
5677,-1,exact,True,True,R0049;R0057,2
5678,-1,exact,True,True,R0051;R0054,2
5679,6,exact,False,False,R0033;R0036;R0039;R0044;R0052;R0054,6
5680,26,fallback,False,False,,0
5681,-1,exact,True,True,R0051;R0052;R0054,3
5682,19,exact,False,False,R0024;R0027;R0038;R0051;R0052;R0054,6
5683,6,exact,False,False,R0033;R0036;R0039;R0044;R0051;R0052;R0054,7
5684,31,exact,False,False,R0025;R0041;R0042;R0043;R0048;R0050;R0051;R0053;R0054;R0055,11
5685,49,exact,False,False,R0026;R0029;R0031;R0040;R0046,5
5686,49,exact,False,False,R0026;R0029;R0031;R0040;R0046;R0057,6
5687,37,exact,False,False,R0002;R0033;R0036;R0044,4
5688,29,fallback,False,False,,0
5689,25,exact,False,False,R0030;R0044;R0049;R0051;R0052;R0053;R0054,7
5690,6,exact,False,False,R0033;R0036;R0039;R0044;R0054,5
5691,48,exact,False,False,R0044;R0054,2
5692,44,exact,False,False,R0019;R0032;R0042;R0043;R0050,5
5693,12,exact,False,False,R0005;R0035;R0041;R0042;R0043;R0048;R0050;R0051,8
5694,37,exact,False,False,R0002;R0039;R0051,3
5695,14,exact,False,False,R0012;R0035;R0041;R0042;R0043;R0045;R0048;R0050;R0051,9
5696,37,exact,False,False,R0002;R0011;R0033;R0036;R0039;R0044;R0051,7
5697,6,exact,False,False,R0033;R0036;R0044;R0054,4
5698,27,exact,False,False,R0028;R0034;R0039;R0044;R0052;R0054,6
5699,-1,exact,True,True,R0052;R0054,2
5700,6,exact,False,False,R0033;R0036,2
5701,29,exact,False,False,R0037,1
5702,-1,exact,True,True,R0048;R0050,2
5703,47,exact,False,False,R0045;R0051;R0055,3
5704,26,exact,False,False,R0009;R0038;R0044;R0045;R0049;R0051;R0055;R0057,8
5705,6,exact,False,False,R0033;R0036;R0039;R0044;R0052;R0054,6
5706,38,exact,False,False,R0017;R0044;R0048;R0051,4
5707,25,exact,False,False,R0030;R0045;R0048;R0051;R0053;R0055;R0056,7
5708,21,exact,False,False,R0051,1
5709,4,fallback,False,False,,0
5710,36,exact,False,False,R0034;R0039;R0044;R0051;R0054,5
5711,10,exact,False,False,R0022,1
5712,47,exact,False,False,R0045;R0055;R0056,3
5713,40,exact,False,False,R0035,1
5714,49,exact,False,False,R0026;R0029;R0031;R0040;R0046;R0057,6
5715,-1,exact,True,True,R0044;R0045;R0051;R0055,4
5716,-1,exact,True,True,R0051;R0052;R0054,3
5717,1,exact,False,False,R0032;R0048;R0051;R0052;R0054,5
5718,45,exact,False,False,R0041;R0048;R0051;R0054,4
5719,-1,exact,True,True,R0051;R0052;R0054,3
5720,31,exact,False,False,R0025;R0041;R0042;R0043;R0045;R0048;R0050;R0051;R0053;R0055,11
5721,11,fallback,False,False,,0
5722,39,exact,False,False,R0039;R0051;R0052;R0054,4
5723,-1,exact,True,True,R0041;R0042;R0043;R0048;R0050;R0051;R0054;R0055,8
5724,6,exact,False,False,R0033;R0036;R0039;R0044;R0051;R0052;R0054,7
5725,15,exact,False,False,R0054,1
5726,6,exact,False,False,R0033;R0036;R0039;R0044;R0051,5
5727,37,exact,False,False,R0002;R0011;R0033;R0036;R0039;R0044;R0051,7
5728,44,exact,False,False,R0019;R0032,2
5729,-1,exact,True,True,R0041;R0042;R0043;R0048;R0050;R0051;R0053;R0054;R0055;R0056,11
5730,39,exact,False,False,R0039;R0052;R0054,3
5731,28,exact,False,False,R0010,1
5732,1,exact,False,False,R0032;R0044;R0048;R0051;R0052;R0054,6
5733,35,exact,False,False,R0023,1
5734,49,exact,False,False,R0026;R0029;R0040;R0046,4
5735,-1,exact,True,True,R0048;R0051;R0054,3
5736,49,exact,False,False,R0026;R0029;R0031;R0040;R0046;R0057,6
5737,6,exact,False,False,R0033;R0036,2
5738,23,exact,False,False,R0031;R0057,2
5739,23,exact,False,False,R0031,1
5740,48,exact,False,False,R0044;R0048;R0051;R0053,4
5741,25,exact,False,False,R0030;R0037;R0045;R0049;R0051;R0053;R0055;R0056,8
5742,44,exact,False,False,R0019;R0032;R0055;R0056,4
5743,12,exact,False,False,R0005;R0016;R0035;R0041;R0042;R0043;R0045;R0048;R0050;R0051,10
5744,1,exact,False,False,R0032;R0041;R0042;R0043;R0048;R0050;R0051;R0053;R0054;R0055,12
5745,36,exact,False,False,R0034;R0039;R0044;R0052;R0054,5
5746,49,exact,False,False,R0026;R0029;R0031;R0040;R0046,5
5747,1,exact,False,False,R0032;R0055;R0056,3
5748,19,exact,False,False,R0024;R0027;R0038;R0051;R0052;R0054,6
5749,18,exact,False,False,R0020;R0034;R0039;R0044;R0052;R0054,6
5750,18,exact,False,False,R0020;R0044,2
5751,48,exact,False,False,R0044;R0052;R0054,3
5752,46,fallback,False,False,,0
5753,36,exact,False,False,R0034;R0039;R0044;R0052;R0054,5
5754,28,exact,False,False,R0010,1
5755,38,exact,False,False,R0017;R0044;R0048;R0051;R0052;R0054,6
5756,-1,exact,True,True,R0051;R0052;R0054,3
5757,28,exact,False,False,R0010;R0044;R0051;R0053;R0054,5
5758,19,exact,False,False,R0024;R0027;R0038;R0051,4
5759,25,exact,False,False,R0030;R0044;R0048;R0049;R0051;R0053;R0054,7
5760,0,exact,False,False,R0036;R0039;R0051,3
5761,25,exact,False,False,R0030;R0041;R0042;R0043;R0044;R0045;R0048;R0049;R0050;R0051,14
5762,-1,exact,True,True,R0051;R0052;R0054,3
5763,26,exact,False,False,R0006;R0009;R0030;R0044;R0045;R0049;R0051;R0053;R0055;R0056,11
5764,6,exact,False,False,R0033;R0036;R0039;R0044;R0051;R0052;R0054,7
5765,39,exact,False,False,R0039;R0044;R0051;R0054,4
5766,6,exact,False,False,R0033;R0036,2
5767,28,fallback,False,False,,0
5768,37,exact,False,False,R0002;R0011;R0033;R0036;R0039;R0044;R0051,7
5769,-1,exact,True,True,R0044;R0045;R0049;R0051;R0053;R0057,6
5770,6,exact,False,False,R0033;R0036;R0039;R0044;R0051;R0054,6
5771,9,exact,False,False,R0050,1
5772,49,exact,False,False,R0026;R0029;R0031;R0040;R0046,5
5773,19,exact,False,False,R0024;R0027,2
5774,31,exact,False,False,R0025;R0032;R0042;R0043;R0050,5
5775,1,exact,False,False,R0032,1
5776,6,exact,False,False,R0033;R0036;R0039;R0044;R0051;R0052;R0054,7
5777,39,exact,False,False,R0039;R0051;R0052;R0054,4
5778,49,exact,False,False,R0026;R0029;R0031;R0040;R0046,5
5779,19,exact,False,False,R0024;R0027;R0038;R0051;R0052;R0054,6
5780,-1,exact,True,True,R0051;R0054,2
5781,-1,exact,True,True,R0041;R0042;R0043;R0045;R0048;R0050;R0051,7
5782,-1,exact,True,True,R0041;R0042;R0043;R0048;R0050;R0051;R0054,7
5783,38,exact,False,False,R0017;R0048;R0051;R0052;R0054,5
5784,39,exact,False,False,R0039;R0044;R0048;R0051;R0052;R0054,6
5785,27,exact,False,False,R0028;R0044,2
5786,39,exact,False,False,R0039;R0044;R0052;R0054,4
5787,49,exact,False,False,R0026;R0029;R0031;R0040;R0046,5
5788,44,exact,False,False,R0019;R0045,2
5789,-1,exact,True,True,R0041;R0042;R0043;R0045;R0050;R0055,6
5790,9,exact,False,False,R0050,1
5791,25,exact,False,False,R0030;R0037;R0050;R0056,4
5792,48,exact,False,False,R0044;R0054,2
5793,6,exact,False,False,R0033;R0036;R0039;R0044;R0051;R0054,6
5794,27,exact,False,False,R0028;R0034,2
5795,-1,exact,True,True,R0041;R0042;R0043;R0045;R0048;R0050;R0051;R0055,8
5796,40,exact,False,False,R0035;R0048;R0051;R0054,4
5797,37,exact,False,False,R0002;R0005;R0016;R0035;R0041;R0042;R0043;R0048;R0050;R0051,10
5798,40,exact,False,False,R0035;R0041;R0042;R0043;R0045;R0048;R0050;R0051,8
5799,49,exact,False,False,R0026;R0029;R0031;R0040;R0046;R0057,6
5800,49,exact,False,False,R0026;R0029;R0031;R0040;R0046,5
5801,39,exact,False,False,R0039;R0051;R0052;R0054,4
5802,27,exact,False,False,R0028;R0039;R0044,3
5803,6,exact,False,False,R0033;R0036,2
5804,26,exact,False,False,R0009;R0044;R0049;R0051,4
5805,41,fallback,False,False,,0
5806,48,exact,False,False,R0044;R0051;R0052;R0054,4
5807,49,exact,False,False,R0026;R0029;R0031;R0040;R0046,5
5808,6,exact,False,False,R0033;R0036;R0044;R0051;R0052;R0054,6
5809,25,exact,False,False,R0030;R0044;R0045;R0048;R0051;R0053;R0055;R0056,8
5810,6,fallback,False,False,,0
5811,21,exact,False,False,R0051,1
5812,39,exact,False,False,R0039;R0052;R0054,3
5813,-1,exact,True,True,R0048;R0051;R0053,3
5814,25,exact,False,False,R0030;R0055;R0056,3
5815,48,exact,False,False,R0044;R0048;R0051;R0053;R0054,5
5816,49,exact,False,False,R0026;R0029;R0031;R0040;R0046,5
5817,40,exact,False,False,R0035;R0051;R0054,3
5818,49,exact,False,False,R0026;R0029;R0031;R0040;R0046;R0057,6
5819,23,exact,False,False,R0031,1
5820,-1,exact,True,True,R0041;R0043;R0048;R0051,4
5821,6,exact,False,False,R0033;R0036;R0039;R0044;R0054,5
5822,1,fallback,False,False,,0
5823,29,exact,False,False,R0037;R0050,2
5824,1,exact,False,False,R0032;R0048;R0051;R0052;R0054,5
5825,34,fallback,False,False,,0
5826,37,exact,False,False,R0002;R0011;R0033;R0036;R0039;R0044;R0051,7
5827,39,exact,False,False,R0039;R0044;R0052;R0054,4
5828,49,exact,False,False,R0026;R0029;R0031;R0040;R0046,5
5829,49,exact,False,False,R0026;R0029;R0031;R0040;R0046;R0057,6
5830,9,exact,False,False,R0050,1
5831,14,exact,False,False,R0012;R0035;R0041;R0042;R0043;R0045;R0048;R0050;R0051,9
5832,6,exact,False,False,R0033;R0036;R0039;R0044,4
5833,-1,exact,True,True,R0028;R0033;R0036;R0039;R0044,5
5834,12,exact,False,False,R0005;R0008;R0035;R0041;R0042,5
5835,-1,exact,True,True,R0042;R0043;R0050;R0055;R0056,5
5836,6,exact,False,False,R0033;R0036,2
5837,36,exact,False,False,R0034,1
5838,35,exact,False,False,R0023;R0047;R0056;R0057,4
5839,13,exact,False,False,R0021;R0052,2
5840,15,exact,False,False,R0054,1
5841,12,exact,False,False,R0005;R0016;R0035;R0041;R0042;R0043;R0048;R0050;R0051,9
5842,47,exact,False,False,R0045;R0057,2
5843,11,exact,False,False,R0057,1
5844,1,exact,False,False,R0032;R0048;R0051;R0054;R0055,5
5845,27,exact,False,False,R0028;R0034;R0044;R0052;R0054,5
5846,37,exact,False,False,R0002;R0039;R0051,3
5847,39,exact,False,False,R0039;R0051;R0052;R0054,4
5848,34,fallback,False,False,,0
5849,18,exact,False,False,R0020,1
5850,30,exact,False,False,R0001;R0039;R0044;R0052;R0054,5
5851,-1,exact,True,True,R0051;R0054,2
5852,19,exact,False,False,R0024;R0027;R0044;R0052;R0054,5
5853,9,exact,False,False,R0050,1
5854,36,exact,False,False,R0034;R0039;R0044;R0052;R0054,5
5855,39,exact,False,False,R0039;R0044;R0051;R0052;R0054,5
5856,38,exact,False,False,R0017;R0044;R0048;R0051;R0052;R0054,6
5857,40,exact,False,False,R0035;R0041;R0042;R0043;R0048;R0050;R0051;R0054,8
5858,40,exact,False,False,R0035;R0041;R0042;R0043;R0045;R0048;R0050;R0051,8
5859,1,exact,False,False,R0032;R0035;R0042;R0043;R0050,5
5860,21,fallback,False,False,,0
5861,45,exact,False,False,R0041;R0048;R0051,3
5862,36,exact,False,False,R0034,1
5863,-1,exact,True,True,R0041;R0042;R0043;R0048;R0050;R0051;R0053;R0054;R0055;R0056,10
5864,19,exact,False,False,R0024;R0027;R0044;R0054,4
5865,6,exact,False,False,R0033;R0036;R0039;R0044;R0051;R0054,6
5866,39,exact,False,False,R0039;R0044;R0051;R0054,4
5867,27,exact,False,False,R0028;R0034;R0052,3
5868,49,exact,False,False,R0026;R0029;R0031;R0040;R0046,5
5869,-1,exact,True,True,R0041;R0042;R0048;R0051,4
5870,19,exact,False,False,R0024;R0027;R0038;R0044;R0045;R0051;R0057,7
5871,31,exact,False,False,R0025;R0041;R0042;R0043;R0045;R0048;R0050;R0051;R0053;R0055,11
5872,-1,exact,True,True,R0048;R0051,2
5873,22,exact,False,False,R0007;R0034;R0039;R0044;R0051;R0054,6
5874,21,exact,False,False,R0051,1
5875,27,exact,False,False,R0028;R0034;R0039;R0044;R0052;R0054,6
5876,49,exact,False,False,R0026;R0029;R0031;R0040;R0046,5
5877,40,exact,False,False,R0035;R0041;R0042;R0043;R0048;R0050;R0051;R0054,8
5878,37,exact,False,False,R0002;R0005;R0016;R0035;R0051,5
5879,48,exact,False,False,R0044;R0049;R0051;R0053,4
5880,48,exact,False,False,R0044,1
5881,23,exact,False,False,R0031;R0056,2
5882,6,exact,False,False,R0033;R0036;R0039;R0044;R0051,5
5883,19,exact,False,False,R0024;R0027,2
5884,-1,exact,True,True,R0041;R0042,2
5885,-1,fallback,True,False,,0
5886,19,exact,False,False,R0024;R0027;R0044;R0054,4
5887,48,exact,False,False,R0044;R0051;R0052;R0054,4
5888,-1,exact,True,True,R0048;R0051,2
5889,10,exact,False,False,R0022;R0044;R0051,3
5890,1,exact,False,False,R0032;R0051;R0052;R0054,4
5891,1,fallback,False,False,,0
5892,35,exact,False,False,R0023;R0030;R0032;R0042;R0043;R0050;R0055;R0056,8
5893,44,exact,False,False,R0019;R0032;R0035;R0042;R0043;R0050,6
5894,19,exact,False,False,R0024;R0027;R0038;R0052;R0055,5
5895,37,exact,False,False,R0002;R0033;R0036,3
5896,-1,exact,True,True,R0042;R0043;R0050,3
5897,49,exact,False,False,R0026;R0029;R0031;R0040;R0046,5
5898,12,exact,False,False,R0005;R0035;R0042;R0043;R0050,5
5899,5,fallback,False,False,,0
5900,38,fallback,False,False,,0
5901,49,exact,False,False,R0026;R0029;R0031;R0040;R0046,5
5902,6,exact,False,False,R0033;R0036;R0039;R0044;R0051;R0052;R0054,7
5903,38,exact,False,False,R0017;R0052,2
5904,15,fallback,False,False,,0
5905,-1,exact,True,True,R0050;R0053;R0056,3
5906,48,exact,False,False,R0044;R0049;R0051,3
5907,6,exact,False,False,R0033;R0036;R0039;R0044;R0052;R0054,6
5908,19,exact,False,False,R0024;R0027;R0038;R0051;R0052;R0054;R0055,7
5909,49,exact,False,False,R0026;R0029;R0031;R0040;R0046,5
5910,48,exact,False,False,R0044;R0051;R0052;R0054,4
5911,12,exact,False,False,R0005;R0035;R0042;R0043;R0045;R0050,6
5912,28,exact,False,False,R0010;R0044;R0051;R0053;R0054,5
5913,3,fallback,False,False,,0
5914,27,fallback,False,False,,0
5915,26,exact,False,False,R0009;R0049;R0057,3
5916,30,exact,False,False,R0001;R0044;R0054,3
5917,45,exact,False,False,R0041;R0048;R0051;R0054,4
5918,48,exact,False,False,R0044;R0051;R0052;R0054,4
5919,5,fallback,False,False,,0
5920,37,exact,False,False,R0002;R0011;R0033;R0036;R0039;R0044;R0051,7
5921,19,exact,False,False,R0024;R0027;R0038;R0044;R0051;R0054,6
5922,31,exact,False,False,R0025;R0041;R0048;R0051;R0054,5
5923,6,exact,False,False,R0033;R0036,2
5924,39,exact,False,False,R0039;R0044;R0051;R0052;R0054,5
5925,12,exact,False,False,R0005;R0008;R0013,3
5926,22,exact,False,False,R0007;R0034;R0039;R0044;R0051;R0052;R0054,7
5927,49,exact,False,False,R0026;R0029;R0031;R0040;R0046;R0057,6
5928,-1,fallback,True,False,,0
5929,31,exact,False,False,R0025;R0041;R0042;R0043;R0045;R0048;R0050;R0051;R0053;R0055,11
5930,6,exact,False,False,R0033;R0036;R0039;R0044;R0051;R0052;R0054,7
5931,6,exact,False,False,R0033;R0036;R0039;R0044;R0051;R0052;R0054,7
5932,39,exact,False,False,R0039;R0044;R0051;R0052;R0054,5
5933,48,exact,False,False,R0044;R0051;R0052;R0054,4
5934,27,fallback,False,False,,0
5935,14,exact,False,False,R0012;R0050,2
5936,12,exact,False,False,R0005;R0008;R0035;R0041;R0042;R0043;R0048;R0050;R0051,9
5937,49,exact,False,False,R0026;R0029;R0031;R0040;R0046;R0057,6
5938,-1,exact,True,True,R0028;R0033;R0036;R0039;R0044;R0052;R0054,7
5939,13,fallback,False,False,,0
5940,9,exact,False,False,R0050;R0056,2
5941,9,fallback,False,False,,0
5942,3,exact,False,False,R0056,1
5943,44,exact,False,False,R0019;R0021,2
5944,-1,fallback,True,False,,0
5945,-1,exact,True,True,R0051;R0052;R0054,3
5946,39,exact,False,False,R0039;R0044;R0051;R0052;R0054,5
5947,19,exact,False,False,R0024;R0027;R0038;R0052;R0055,5
5948,38,exact,False,False,R0017;R0048;R0051;R0052;R0054,5
5949,26,exact,False,False,R0009;R0044;R0045;R0049;R0051;R0055;R0057,7
5950,19,exact,False,False,R0024;R0027,2
5951,9,fallback,False,False,,0
5952,48,exact,False,False,R0044;R0048;R0051,3
5953,27,exact,False,False,R0028;R0052,2
5954,31,exact,False,False,R0025;R0042,2
5955,45,exact,False,False,R0041;R0048;R0051;R0054,4
5956,1,exact,False,False,R0032;R0041;R0042;R0043;R0048;R0050;R0051;R0053;R0054,9
5957,49,exact,False,False,R0026;R0029;R0031;R0040;R0046,5
5958,49,exact,False,False,R0026;R0029;R0031;R0040;R0046,5
5959,36,exact,False,False,R0034,1
5960,6,exact,False,False,R0033;R0036;R0039;R0044;R0052;R0054,6
5961,18,exact,False,False,R0020,1
5962,6,exact,False,False,R0033;R0036;R0039;R0044;R0054,5
5963,37,exact,False,False,R0002;R0033;R0036;R0039;R0044;R0051,6
5964,15,exact,False,False,R0054,1
5965,47,exact,False,False,R0045;R0048;R0051;R0055,4
5966,-1,exact,True,True,R0048;R0050;R0053;R0054,4
5967,49,exact,False,False,R0026;R0029;R0031;R0040;R0046;R0057,6
5968,31,exact,False,False,R0025;R0035;R0042;R0043;R0045;R0050;R0053,7
5969,-1,exact,True,True,R0041;R0042;R0043;R0045;R0048;R0050;R0051;R0055,8
5970,28,exact,False,False,R0010;R0044;R0051;R0053;R0054,5
5971,-1,exact,True,True,R0030;R0032;R0044;R0048;R0049;R0051;R0052;R0053;R0054;R0055,11
5972,6,exact,False,False,R0033;R0036,2
5973,19,exact,False,False,R0024;R0027;R0038;R0045;R0051,5
5974,19,exact,False,False,R0024;R0027;R0038;R0044;R0051;R0052;R0054,7
5975,22,exact,False,False,R0007;R0034;R0039;R0044;R0051;R0052;R0054,7
5976,1,exact,False,False,R0032;R0037,2
5977,19,exact,False,False,R0024;R0027,2
5978,18,exact,False,False,R0020;R0044,2
5979,19,exact,False,False,R0024;R0027;R0038;R0044;R0051;R0052;R0054,7
5980,-1,exact,True,True,R0041;R0042;R0043;R0045;R0048;R0050;R0051;R0055,8
5981,44,exact,False,False,R0019;R0050,2
5982,6,exact,False,False,R0033;R0036,2
5983,29,exact,False,False,R0037;R0049;R0051,3
5984,6,exact,False,False,R0033;R0036,2
5985,1,fallback,False,False,,0
5986,28,exact,False,False,R0003;R0044;R0048;R0051;R0054,5
5987,6,exact,False,False,R0033;R0036;R0039;R0044;R0051;R0052;R0054,7
5988,6,exact,False,False,R0033;R0036,2
5989,40,exact,False,False,R0035;R0041;R0042;R0043;R0045;R0048;R0050;R0051,8
5990,21,exact,False,False,R0051,1
5991,-1,exact,True,True,R0042;R0043;R0050,3
5992,39,exact,False,False,R0039;R0051;R0052;R0054,4
5993,39,exact,False,False,R0039;R0044,2
5994,6,exact,False,False,R0033;R0036;R0039;R0044;R0051;R0054,6
5995,21,exact,False,False,R0051,1
5996,-1,exact,True,True,R0052;R0054,2
5997,27,exact,False,False,R0028;R0044,2
5998,31,exact,False,False,R0025;R0041;R0042;R0043;R0045;R0048;R0050;R0051;R0053;R0055,11
5999,-1,exact,True,True,R0041;R0042;R0043;R0045;R0048;R0050;R0051,7
6000,48,exact,False,False,R0044;R0052;R0054,3
6001,9,exact,False,False,R0050,1
6002,49,exact,False,False,R0026;R0029;R0031;R0040;R0046;R0057,6
6003,15,fallback,False,False,,0
6004,18,exact,False,False,R0020;R0044;R0052;R0054,4
6005,37,exact,False,False,R0002;R0033;R0036;R0039;R0044,5
6006,18,exact,False,False,R0020;R0034;R0044;R0052;R0054,5
6007,6,exact,False,False,R0033;R0036;R0039;R0044;R0054,5
6008,28,exact,False,False,R0010;R0044;R0051;R0053;R0054,5
6009,13,exact,False,False,R0021,1
6010,27,exact,False,False,R0028;R0044,2
6011,49,exact,False,False,R0026;R0029;R0031;R0040;R0046,5
6012,6,exact,False,False,R0033;R0036;R0039;R0044;R0051;R0054,6
6013,49,exact,False,False,R0026;R0029;R0031;R0040;R0046;R0057,6
6014,13,exact,False,False,R0021,1
6015,2,fallback,False,False,,0
6016,13,exact,False,False,R0021;R0047;R0057,3
6017,48,exact,False,False,R0044;R0048;R0049;R0051;R0052;R0053;R0054,7
6018,4,exact,False,False,R0018;R0044;R0048;R0054,4
6019,6,exact,False,False,R0033;R0036;R0039;R0044,4
6020,13,exact,False,False,R0021;R0047;R0057,3
6021,-1,exact,True,True,R0041;R0042;R0043;R0045;R0048;R0050;R0051,7
6022,35,exact,False,False,R0023;R0047;R0056;R0057,4
6023,31,exact,False,False,R0025;R0041;R0042;R0048;R0051;R0054,6
6024,19,exact,False,False,R0024;R0027;R0038;R0044;R0051;R0052;R0054;R0057,8
6025,39,exact,False,False,R0039;R0051;R0052;R0054,4
6026,37,exact,False,False,R0002,1
6027,49,exact,False,False,R0026;R0029;R0040;R0046,4
6028,48,exact,False,False,R0044;R0048;R0051,3
6029,22,fallback,False,False,,0
6030,26,exact,False,False,R0009;R0030;R0045;R0049;R0053;R0055;R0056;R0057,8
6031,49,exact,False,False,R0026;R0029;R0040;R0046,4
6032,-1,exact,True,True,R0041;R0042;R0043;R0048;R0050;R0051;R0053;R0054;R0055;R0056,11
6033,21,exact,False,False,R0051,1
6034,47,exact,False,False,R0045;R0048;R0051,3
6035,30,exact,False,False,R0001;R0051,2
6036,38,exact,False,False,R0017;R0048;R0051,3
6037,25,exact,False,False,R0030;R0037,2
6038,40,exact,False,False,R0035;R0041;R0042;R0043;R0045;R0048;R0050;R0051,8
6039,-1,exact,True,True,R0041;R0042;R0043;R0045;R0048;R0050;R0051;R0055,8
6040,19,exact,False,False,R0024;R0027;R0038;R0051;R0052;R0054,6
6041,23,fallback,False,False,,0
6042,18,exact,False,False,R0020;R0044;R0052;R0054,4
6043,35,exact,False,False,R0023;R0055;R0056,3
6044,27,fallback,False,False,,0
6045,0,fallback,False,False,,0
6046,-1,exact,True,True,R0051;R0054,2
6047,37,exact,False,False,R0002;R0033;R0036;R0039;R0044;R0051,6
6048,25,exact,False,False,R0030,1
6049,0,fallback,False,False,,0
6050,33,exact,False,False,R0053,1
6051,6,exact,False,False,R0033;R0036;R0039;R0044;R0051;R0052;R0054,7
6052,23,exact,False,False,R0031,1
6053,6,exact,False,False,R0033;R0036,2
6054,23,fallback,False,False,,0
6055,13,exact,False,False,R0021;R0047;R0057,3
6056,-1,exact,True,True,R0055;R0056,2
6057,-1,exact,True,True,R0041;R0042;R0043;R0048;R0050;R0051;R0053;R0054,8
6058,48,exact,False,False,R0044;R0052;R0054,3
6059,49,exact,False,False,R0026;R0029;R0031;R0040;R0046;R0057,6
6060,27,exact,False,False,R0028;R0034,2
6061,39,exact,False,False,R0039;R0051,2
6062,12,exact,False,False,R0005;R0008;R0013;R0048;R0050,5
6063,22,exact,False,False,R0007;R0034;R0039;R0044;R0051;R0054,6
6064,1,fallback,False,False,,0
6065,25,exact,False,False,R0030;R0056,2
6066,31,exact,False,False,R0025;R0041;R0042;R0043;R0048;R0050;R0051;R0053;R0054;R0055,11
6067,-1,exact,True,True,R0041;R0042;R0043;R0045;R0048;R0050;R0051,7
6068,6,exact,False,False,R0033;R0036;R0039;R0044;R0052;R0054,6
6069,12,exact,False,False,R0005;R0008;R0035;R0041;R0042;R0043;R0048;R0050;R0051;R0054,10
6070,23,exact,False,False,R0031;R0057,2
6071,46,exact,False,False,R0047;R0057,2
6072,13,exact,False,False,R0021,1
6073,49,exact,False,False,R0026;R0029;R0031;R0040;R0046,5
6074,31,exact,False,False,R0025;R0042;R0043;R0045;R0050;R0055;R0056,7
6075,-1,exact,True,True,R0041;R0042;R0043;R0045;R0050;R0057,6
6076,19,exact,False,False,R0024;R0027;R0038;R0051;R0052;R0054,6
6077,-1,exact,True,True,R0052;R0054,2
6078,26,exact,False,False,R0009;R0044;R0045;R0049;R0051;R0055;R0057,7
6079,49,exact,False,False,R0026;R0029;R0031;R0040;R0046;R0057,6
6080,27,fallback,False,False,,0
6081,48,exact,False,False,R0044;R0048;R0051;R0053;R0054,5
6082,37,exact,False,False,R0002;R0011;R0033;R0036;R0039;R0044;R0051,7
6083,19,exact,False,False,R0024;R0027;R0038;R0051;R0052;R0054,6
6084,9,exact,False,False,R0050,1
6085,-1,exact,True,True,R0042;R0043;R0050;R0055;R0056,5
6086,6,exact,False,False,R0033;R0036,2
6087,38,exact,False,False,R0017;R0044;R0048;R0051,4
6088,19,exact,False,False,R0024;R0027;R0052;R0054,4
6089,6,exact,False,False,R0033;R0036;R0039;R0044;R0051,5
6090,-1,fallback,True,False,,0
6091,18,exact,False,False,R0020,1
6092,49,exact,False,False,R0026;R0029;R0031;R0040;R0046,5
6093,15,fallback,False,False,,0
6094,47,exact,False,False,R0045;R0055,2
6095,31,exact,False,False,R0025;R0041;R0042;R0043;R0045;R0048;R0050;R0051;R0053;R0055,11
6096,28,exact,False,False,R0010;R0044;R0051;R0053,4
6097,12,exact,False,False,R0005;R0008;R0035;R0041;R0042;R0043;R0048;R0050;R0051,9
6098,-1,exact,True,True,R0041;R0042;R0043;R0045;R0048;R0050;R0051;R0053,8
6099,0,exact,False,False,R0036;R0039;R0051,3
6100,40,exact,False,False,R0035;R0041;R0042;R0043;R0045;R0048;R0050;R0051,8
6101,10,exact,False,False,R0022;R0033;R0036,3
6102,39,exact,False,False,R0039;R0044;R0052;R0054,4
6103,49,exact,False,False,R0026;R0029;R0031;R0040;R0046,5
6104,-1,exact,True,True,R0041;R0042;R0043;R0045;R0048;R0050;R0051;R0055,8
6105,48,exact,False,False,R0044;R0051;R0052;R0054,4
6106,31,exact,False,False,R0025;R0041;R0042;R0048;R0051;R0054,6
6107,48,exact,False,False,R0044;R0051;R0052;R0054,4
6108,44,exact,False,False,R0019;R0032;R0042;R0043;R0050,5
6109,39,exact,False,False,R0039,1
6110,-1,exact,True,True,R0041;R0042;R0043;R0045;R0050;R0055,6
6111,13,fallback,False,False,,0
6112,-1,exact,True,True,R0006;R0030;R0045;R0055;R0056,5
6113,38,exact,False,False,R0017;R0024;R0027;R0038;R0048;R0051;R0052;R0054;R0055,9
6114,-1,exact,True,True,R0051;R0052;R0054,3
6115,19,exact,False,False,R0024;R0027;R0038;R0045;R0051,5
6116,23,exact,False,False,R0031,1
6117,25,exact,False,False,R0030;R0044;R0048;R0049;R0053;R0054;R0056;R0057,8
6118,-1,exact,True,True,R0041;R0042;R0043;R0048;R0050;R0051;R0053;R0054,8
6119,11,fallback,False,False,,0
6120,1,exact,False,False,R0032;R0055;R0056,3
6121,48,exact,False,False,R0044;R0048,2
6122,-1,exact,True,True,R0052;R0054,2
6123,36,exact,False,False,R0034,1
6124,19,exact,False,False,R0024;R0027;R0038;R0051;R0052;R0054,6
6125,37,exact,False,False,R0002;R0033;R0036;R0039;R0044,5
6126,-1,exact,True,True,R0052;R0054,2
6127,48,exact,False,False,R0044;R0048;R0054,3
6128,40,exact,False,False,R0035;R0041;R0042;R0043;R0045;R0048;R0050;R0051,8
6129,15,fallback,False,False,,0
6130,6,exact,False,False,R0033;R0036,2
6131,0,exact,False,False,R0036;R0039;R0051;R0052;R0054,5
6132,-1,exact,True,True,R0041;R0042;R0043;R0048;R0050;R0051;R0053;R0054;R0055;R0056,10
6133,34,exact,False,False,R0055,1
6134,12,exact,False,False,R0005;R0008;R0035;R0041;R0042;R0043;R0048;R0050;R0051,9
6135,25,exact,False,False,R0030;R0049;R0055;R0056;R0057,5
6136,-1,exact,True,True,R0030;R0032;R0055;R0056,4
6137,6,exact,False,False,R0033;R0036;R0039;R0044;R0054,5
6138,36,exact,False,False,R0034;R0039;R0044;R0054,4
6139,-1,exact,True,True,R0042;R0043;R0045;R0050;R0055,5
6140,28,exact,False,False,R0003;R0044;R0048;R0051;R0053;R0054,6
6141,15,exact,False,False,R0054,1
6142,40,exact,False,False,R0035;R0041;R0042;R0043;R0045;R0048;R0050;R0051,8
6143,10,exact,False,False,R0022,1
6144,9,exact,False,False,R0050,1
6145,19,exact,False,False,R0024;R0027;R0038;R0052,4
6146,49,exact,False,False,R0026;R0029;R0031;R0040;R0046;R0057,6
6147,6,exact,False,False,R0033;R0036;R0039;R0044;R0051,5
6148,35,exact,False,False,R0023;R0056,2
6149,1,exact,False,False,R0032;R0048;R0051;R0054;R0055,5
6150,40,exact,False,False,R0035;R0042;R0043;R0050,4
6151,49,exact,False,False,R0026;R0029;R0031;R0040;R0046;R0057,6
6152,48,exact,False,False,R0044;R0052;R0054,3
6153,48,exact,False,False,R0044;R0051;R0052;R0054,4
6154,44,exact,False,False,R0019;R0032;R0055,3
6155,4,exact,False,False,R0018;R0044;R0048;R0054,4
6156,28,exact,False,False,R0003;R0044;R0048;R0051;R0053;R0054,6
6157,6,exact,False,False,R0033;R0036,2
6158,11,fallback,False,False,,0
6159,19,exact,False,False,R0024;R0027;R0038;R0044;R0051;R0052;R0054;R0057,8
6160,40,exact,False,False,R0035;R0042;R0043;R0045;R0050,5
6161,6,exact,False,False,R0033;R0036;R0044;R0051,4
6162,37,exact,False,False,R0002;R0011;R0033;R0036;R0039;R0044;R0051,7
6163,31,exact,False,False,R0025;R0035;R0041;R0042;R0043;R0045;R0048;R0050;R0051;R0053,10
6164,39,exact,False,False,R0039;R0044;R0051;R0052;R0054,5
6165,-1,exact,True,True,R0051;R0052;R0054,3
6166,49,exact,False,False,R0026;R0029;R0031;R0040;R0046;R0057,6
6167,13,exact,False,False,R0021,1
6168,48,exact,False,False,R0044;R0051,2
6169,-1,exact,True,True,R0041;R0042;R0043;R0048;R0050;R0051;R0053;R0054;R0055;R0056,10
6170,-1,fallback,True,False,,0
6171,39,exact,False,False,R0039;R0044;R0051,3
6172,6,exact,False,False,R0033;R0036;R0039;R0044;R0051,5
6173,41,exact,False,False,R0052,1
6174,48,exact,False,False,R0044;R0051;R0054,3
6175,-1,exact,True,True,R0041;R0042;R0043;R0048;R0050;R0051;R0053;R0054,8
6176,46,exact,False,False,R0047;R0057,2
6177,-1,exact,True,True,R0052;R0054,2
6178,8,fallback,False,False,,0
6179,6,exact,False,False,R0033;R0036;R0044;R0054,4
6180,48,exact,False,False,R0044;R0049;R0051;R0053,4
6181,23,exact,False,False,R0031,1
6182,41,exact,False,False,R0052,1
6183,38,exact,False,False,R0017,1
6184,34,fallback,False,False,,0
6185,44,exact,False,False,R0019;R0032;R0042;R0043;R0050,5
6186,46,exact,False,False,R0047,1
6187,44,exact,False,False,R0019;R0032;R0037,3
6188,6,exact,False,False,R0033;R0036;R0044;R0054,4
6189,12,exact,False,False,R0005;R0008;R0035;R0041;R0042;R0043;R0048;R0050;R0051,9
6190,37,exact,False,False,R0002;R0011;R0033;R0036;R0039;R0044;R0051,7
6191,23,exact,False,False,R0031;R0057,2
6192,36,exact,False,False,R0034;R0039;R0044;R0051;R0052;R0054,6
6193,37,exact,False,False,R0002;R0033;R0036;R0039;R0044;R0051,6
6194,-1,exact,True,True,R0041;R0042;R0043;R0045;R0048;R0050;R0051,7
6195,38,exact,False,False,R0017;R0044;R0048;R0051;R0054,5
6196,48,exact,False,False,R0044;R0054,2
6197,49,exact,False,False,R0026;R0029;R0031;R0040;R0046;R0057,6
6198,48,exact,False,False,R0044;R0051,2
6199,40,exact,False,False,R0035;R0042;R0043;R0050,4
6200,26,exact,False,False,R0009;R0032;R0055;R0056,4
6201,6,exact,False,False,R0033;R0036;R0039;R0044;R0052;R0054,6
6202,42,exact,False,False,R0004;R0014;R0035;R0041;R0042;R0043;R0048;R0050;R0051;R0054,10
6203,38,exact,False,False,R0017;R0024;R0027;R0038;R0048;R0051;R0052;R0054;R0055,9
6204,42,exact,False,False,R0004;R0012;R0014;R0048;R0050;R0054,6
6205,27,exact,False,False,R0028;R0034,2
6206,40,exact,False,False,R0035;R0041;R0042;R0043;R0045;R0050,6
6207,-1,exact,True,True,R0052;R0054,2
6208,49,exact,False,False,R0026;R0029;R0031;R0040;R0046,5
6209,6,exact,False,False,R0033;R0036;R0039;R0044;R0051;R0052;R0054,7
6210,47,exact,False,False,R0045;R0055,2
6211,-1,fallback,True,False,,0
6212,12,exact,False,False,R0005;R0008;R0013,3
6213,-1,exact,True,True,R0052;R0054,2
6214,9,exact,False,False,R0050;R0057,2
6215,12,exact,False,False,R0005;R0035;R0041;R0042;R0043;R0048;R0050;R0051,8
6216,10,exact,False,False,R0022;R0044;R0048;R0051;R0053;R0057,6
6217,44,exact,False,False,R0019;R0032;R0042;R0043;R0050,5
6218,-1,exact,True,True,R0052;R0054,2
6219,12,exact,False,False,R0008;R0013,2
6220,6,exact,False,False,R0033;R0036;R0039;R0044;R0051;R0052;R0054,7
6221,-1,exact,True,True,R0041;R0042;R0043;R0045;R0048;R0050;R0051;R0055,8
6222,6,exact,False,False,R0033;R0036;R0039;R0044;R0051;R0052;R0054,7
6223,28,exact,False,False,R0010,1
6224,23,exact,False,False,R0031,1
6225,49,exact,False,False,R0026;R0029;R0031;R0040;R0046,5
6226,42,exact,False,False,R0004;R0014;R0035;R0041;R0042;R0043;R0048;R0050;R0051;R0054,10
6227,46,fallback,False,False,,0
6228,41,exact,False,False,R0052,1
6229,28,exact,False,False,R0010;R0049;R0053,3
6230,25,exact,False,False,R0030;R0045;R0048;R0051;R0053;R0055;R0056,7
6231,36,exact,False,False,R0034;R0039;R0044;R0052;R0054,5
6232,10,fallback,False,False,,0
6233,36,exact,False,False,R0034;R0039;R0044;R0054,4
6234,13,exact,False,False,R0021;R0057,2
6235,49,exact,False,False,R0026;R0029;R0031;R0040;R0046;R0057,6
6236,19,exact,False,False,R0024;R0027;R0038;R0044;R0045;R0051;R0055,7
6237,27,exact,False,False,R0028;R0044,2
6238,47,exact,False,False,R0045;R0048;R0051,3
6239,0,fallback,False,False,,0
6240,3,fallback,False,False,,0
6241,-1,fallback,True,False,,0
6242,6,exact,False,False,R0033;R0036;R0039,3
6243,41,fallback,False,False,,0
6244,-1,exact,True,True,R0041;R0042;R0043;R0045;R0050;R0055;R0056,7
6245,37,exact,False,False,R0002;R0011;R0033;R0036;R0044;R0051,6
6246,19,exact,False,False,R0024;R0027;R0038;R0045;R0051;R0055,6
6247,27,exact,False,False,R0028;R0034,2
6248,21,exact,False,False,R0051,1
6249,31,exact,False,False,R0025;R0042;R0043;R0050;R0053,5
6250,0,exact,False,False,R0036;R0039;R0051;R0052;R0054,5
6251,12,exact,False,False,R0008;R0035;R0041;R0042;R0043;R0048;R0050;R0051,8
6252,49,exact,False,False,R0026;R0029;R0031;R0040;R0046,5
6253,49,exact,False,False,R0026;R0029;R0031;R0040;R0046,5
6254,27,exact,False,False,R0028;R0034;R0044;R0052;R0054,5
6255,48,exact,False,False,R0044;R0048;R0051;R0053;R0054,5
6256,14,exact,False,False,R0012;R0035;R0042;R0043;R0045;R0050,6
6257,-1,exact,True,True,R0041;R0042;R0043;R0048;R0050;R0051;R0053;R0054;R0055;R0056,10
6258,13,fallback,False,False,,0
6259,44,exact,False,False,R0019;R0032;R0055;R0056,4
6260,49,exact,False,False,R0026;R0029;R0031;R0040;R0046;R0057,6
6261,22,exact,False,False,R0007;R0034;R0039;R0044;R0051;R0054,6
6262,36,exact,False,False,R0034;R0039;R0044;R0051;R0054,5
6263,35,exact,False,False,R0023;R0056,2
6264,19,exact,False,False,R0024;R0027;R0044;R0052;R0054,5
6265,6,exact,False,False,R0033;R0036;R0039;R0044;R0051,5
6266,36,exact,False,False,R0034,1
6267,4,exact,False,False,R0018;R0044;R0048;R0050;R0054,5
6268,48,exact,False,False,R0044;R0049;R0051;R0052;R0054,5
6269,37,exact,False,False,R0002;R0033;R0036;R0039;R0044,5
6270,27,exact,False,False,R0028;R0034;R0039;R0044;R0052;R0054,6
6271,47,exact,False,False,R0045;R0048;R0051;R0055,4
6272,40,exact,False,False,R0035;R0041;R0042;R0048;R0051;R0054,6
6273,6,exact,False,False,R0033;R0036;R0039;R0044;R0051,5
6274,6,exact,False,False,R0033;R0036;R0039;R0044;R0051;R0052;R0054,7
6275,12,exact,False,False,R0005;R0016;R0035;R0041;R0042;R0048;R0051,7
6276,-1,exact,True,True,R0049;R0053;R0057,3
6277,-1,exact,True,True,R0028;R0033;R0036,3
6278,48,exact,False,False,R0044;R0051,2
6279,18,exact,False,False,R0020;R0021,2
6280,40,exact,False,False,R0035;R0041;R0042;R0043;R0048;R0050;R0051,7
6281,40,exact,False,False,R0035;R0041;R0042;R0048;R0051,5
6282,42,exact,False,False,R0014;R0035;R0045,3
6283,49,exact,False,False,R0026;R0029;R0031;R0040;R0046,5
6284,6,exact,False,False,R0033;R0036;R0039;R0044;R0054,5
6285,13,fallback,False,False,,0
6286,49,exact,False,False,R0026;R0029;R0031;R0040;R0046,5
6287,44,exact,False,False,R0019;R0050,2
6288,0,exact,False,False,R0036;R0039;R0051,3
6289,39,exact,False,False,R0039;R0044,2
6290,38,exact,False,False,R0017;R0048;R0051;R0052;R0054,5
6291,37,exact,False,False,R0002;R0011;R0033;R0036;R0039;R0044;R0051,7
6292,49,exact,False,False,R0026;R0029;R0031;R0040;R0046;R0057,6
6293,48,exact,False,False,R0044,1
6294,31,exact,False,False,R0025;R0032;R0042;R0043;R0050,5
6295,1,fallback,False,False,,0
6296,25,exact,False,False,R0030;R0051;R0053,3
6297,25,exact,False,False,R0030;R0044;R0048;R0049;R0051;R0052;R0053;R0054;R0055;R0056,10
6298,37,exact,False,False,R0002;R0016;R0035;R0041;R0042;R0043;R0048;R0050;R0051,9
6299,48,exact,False,False,R0044;R0052;R0054,3
6300,39,exact,False,False,R0039;R0052;R0054,3
6301,6,exact,False,False,R0033;R0036;R0039;R0044;R0051,5
6302,13,exact,False,False,R0021;R0047,2
6303,6,exact,False,False,R0033;R0036;R0039;R0044;R0051;R0052;R0054,7
6304,41,exact,False,False,R0052,1
6305,49,exact,False,False,R0026;R0029;R0031;R0040;R0046;R0057,6
6306,15,fallback,False,False,,0
6307,30,exact,False,False,R0001;R0052;R0054,3
6308,12,exact,False,False,R0005;R0008;R0013;R0050,4
6309,1,exact,False,False,R0032,1
6310,48,exact,False,False,R0044;R0049;R0052;R0053;R0054;R0057,6
6311,14,exact,False,False,R0012;R0050,2
6312,48,exact,False,False,R0044;R0052;R0054,3
6313,22,exact,False,False,R0007;R0034;R0039;R0044;R0051;R0052;R0054,7
6314,18,exact,False,False,R0020;R0044,2
6315,19,exact,False,False,R0024;R0027,2
6316,19,exact,False,False,R0024;R0027,2
6317,39,exact,False,False,R0039;R0044;R0052;R0054,4
6318,12,exact,False,False,R0013,1
6319,40,exact,False,False,R0035;R0041;R0042;R0043;R0048;R0050;R0051;R0054,8
6320,12,exact,False,False,R0005;R0008;R0035;R0041;R0042;R0043;R0048;R0050;R0051,9
6321,12,exact,False,False,R0005;R0008;R0013;R0050,4
6322,41,exact,False,False,R0052,1
6323,-1,exact,True,True,R0041;R0042;R0043;R0045;R0048;R0050;R0051;R0055,8
6324,28,exact,False,False,R0003;R0044;R0048;R0051;R0053;R0054,6
6325,44,exact,False,False,R0019;R0032,2
6326,23,exact,False,False,R0031;R0057,2
6327,25,exact,False,False,R0030;R0056,2
6328,-1,exact,True,True,R0042;R0043;R0050;R0053,4
6329,10,exact,False,False,R0022,1
6330,28,exact,False,False,R0003;R0044;R0048;R0051;R0053;R0054,6
6331,39,exact,False,False,R0039;R0044;R0051;R0052;R0054,5
6332,12,exact,False,False,R0005;R0008;R0035;R0041;R0042;R0043;R0050,7
6333,36,exact,False,False,R0034;R0044;R0052;R0054,4
6334,37,exact,False,False,R0002;R0011;R0039;R0051,4
6335,40,exact,False,False,R0035;R0041;R0042;R0043;R0048;R0050;R0051,7
6336,37,exact,False,False,R0002;R0039;R0044;R0051,4
6337,38,exact,False,False,R0017,1
6338,12,exact,False,False,R0005;R0008;R0035;R0051,4
6339,11,fallback,False,False,,0
6340,0,exact,False,False,R0036;R0052,2
6341,49,exact,False,False,R0026;R0029;R0031;R0040;R0046;R0057,6
6342,6,exact,False,False,R0033;R0036;R0039;R0044;R0052;R0054,6
6343,31,exact,False,False,R0025;R0042;R0043;R0045;R0050;R0055;R0056,7
6344,-1,exact,True,True,R0048;R0051;R0054,3
6345,6,exact,False,False,R0033;R0036;R0039;R0044;R0051;R0052;R0054,7
6346,19,exact,False,False,R0024;R0027,2
6347,9,exact,False,False,R0050;R0057,2
6348,-1,exact,True,True,R0041;R0042;R0043;R0048;R0050;R0051;R0053;R0054;R0057,9
6349,-1,fallback,True,False,,0
6350,39,exact,False,False,R0039;R0044,2
6351,48,exact,False,False,R0044;R0048;R0049;R0050;R0053;R0054;R0057,7
6352,-1,exact,True,True,R0048;R0050,2
6353,19,exact,False,False,R0024;R0027;R0038;R0051;R0052;R0054;R0055,7
6354,-1,exact,True,True,R0051;R0052;R0054,3
6355,21,exact,False,False,R0051,1
6356,19,exact,False,False,R0024;R0027;R0038;R0057,4
6357,26,exact,False,False,R0009;R0030;R0032;R0055;R0056;R0057,6
6358,49,exact,False,False,R0026;R0029;R0031;R0040;R0046,5
6359,27,fallback,False,False,,0
6360,49,exact,False,False,R0026;R0029;R0031;R0040;R0046,5
6361,19,exact,False,False,R0024;R0027;R0038;R0051;R0052;R0054,6
6362,-1,exact,True,True,R0052;R0054,2
6363,29,exact,False,False,R0037;R0047,2
6364,-1,exact,True,True,R0041;R0042;R0043;R0044;R0045;R0048;R0050;R0051;R0053;R0057,10
6365,47,exact,False,False,R0045;R0055,2
6366,-1,exact,True,True,R0056;R0057,2
6367,6,exact,False,False,R0033;R0036;R0039;R0044,4
6368,30,exact,False,False,R0001;R0052;R0054,3
6369,25,exact,False,False,R0030,1
6370,47,exact,False,False,R0045;R0048;R0051,3
6371,6,exact,False,False,R0033;R0036;R0039;R0044,4
6372,-1,exact,True,True,R0052;R0054,2
6373,6,exact,False,False,R0033;R0036;R0039;R0044,4
6374,18,exact,False,False,R0020,1
6375,25,exact,False,False,R0030;R0050;R0056;R0057,4
6376,39,exact,False,False,R0039;R0051;R0052;R0054,4
6377,6,exact,False,False,R0033;R0036;R0044;R0054,4
6378,6,exact,False,False,R0033;R0039;R0044;R0051;R0052;R0054,6
6379,25,exact,False,False,R0030;R0044;R0048;R0049;R0051;R0053,6
6380,21,exact,False,False,R0051,1
6381,-1,fallback,True,False,,0
6382,27,exact,False,False,R0028,1
6383,44,exact,False,False,R0019;R0056,2
6384,-1,exact,True,True,R0041;R0042;R0043;R0044;R0048;R0050;R0051;R0054;R0055,9
6385,36,exact,False,False,R0034;R0039,2
6386,48,exact,False,False,R0044;R0048;R0051,3
6387,48,exact,False,False,R0044;R0048;R0051;R0053;R0054,5
6388,25,exact,False,False,R0030;R0045;R0048;R0051;R0053;R0055;R0056,7
6389,48,exact,False,False,R0044,1
6390,31,exact,False,False,R0025;R0042;R0043;R0045;R0050,5
6391,31,exact,False,False,R0025;R0041;R0042;R0043;R0048;R0050;R0051;R0053;R0054;R0055,11
6392,13,exact,False,False,R0021,1
6393,6,exact,False,False,R0033;R0044;R0054,3
6394,1,exact,False,False,R0032,1
6395,25,exact,False,False,R0030;R0045;R0048;R0049;R0051;R0053;R0055;R0056;R0057,9
6396,-1,exact,True,True,R0041;R0042;R0043;R0045;R0048;R0050;R0051;R0055,8
6397,49,exact,False,False,R0026;R0029;R0031;R0040;R0046,5
6398,38,exact,False,False,R0017;R0024;R0027;R0038;R0048;R0051;R0052;R0054;R0055,9
6399,-1,exact,True,True,R0050;R0053;R0056;R0057,4
6400,48,exact,False,False,R0044;R0048;R0051;R0052;R0053;R0054,6
6401,29,exact,False,False,R0037;R0047;R0055;R0056,4
6402,3,fallback,False,False,,0
6403,35,fallback,False,False,,0
6404,-1,exact,True,True,R0041;R0042;R0043;R0045;R0048;R0050;R0051,7
6405,46,fallback,False,False,,0
6406,44,exact,False,False,R0019;R0032;R0055;R0056,4
6407,6,exact,False,False,R0033;R0036;R0039;R0044,4
6408,40,exact,False,False,R0035;R0042;R0043;R0050,4
6409,11,exact,False,False,R0057,1
6410,1,exact,False,False,R0032;R0052,2
6411,-1,exact,True,True,R0041;R0042;R0043;R0048;R0050;R0051;R0054;R0055,8
6412,-1,exact,True,True,R0049;R0052,2
6413,28,exact,False,False,R0010;R0044;R0051;R0053;R0054,5
6414,25,exact,False,False,R0030;R0056,2
6415,14,exact,False,False,R0004;R0012;R0035;R0041;R0042;R0043;R0050,7
6416,-1,exact,True,True,R0041;R0042;R0044;R0048;R0051,5
6417,6,exact,False,False,R0033;R0036;R0039;R0044;R0052;R0054,6
6418,-1,exact,True,True,R0041;R0042;R0043;R0048;R0050;R0051;R0053;R0054,8
6419,48,exact,False,False,R0044;R0051,2
6420,27,exact,False,False,R0028,1
6421,21,exact,False,False,R0051,1
6422,35,exact,False,False,R0023,1
6423,14,fallback,False,False,,0
6424,21,exact,False,False,R0051,1
6425,25,exact,False,False,R0030;R0042;R0043;R0050;R0055;R0056,6
6426,6,exact,False,False,R0033;R0036;R0039;R0044;R0051;R0054,6
6427,48,exact,False,False,R0044;R0048,2
6428,1,exact,False,False,R0032;R0041;R0042;R0043;R0048;R0050;R0051;R0054,8
6429,49,exact,False,False,R0026;R0029;R0031;R0040;R0046;R0057,6
6430,48,exact,False,False,R0044;R0052;R0054,3
6431,27,exact,False,False,R0028;R0044;R0052;R0054,4
6432,42,exact,False,False,R0014;R0051;R0054,3
6433,0,fallback,False,False,,0
6434,40,exact,False,False,R0035;R0041;R0043;R0048;R0051;R0054,6
6435,1,exact,False,False,R0032,1
6436,34,exact,False,False,R0055,1
6437,28,exact,False,False,R0010;R0044;R0051;R0053;R0054,5
6438,9,exact,False,False,R0050,1
6439,25,exact,False,False,R0030;R0045;R0053;R0055;R0056,5
6440,48,exact,False,False,R0044;R0048;R0049;R0051,4
6441,18,exact,False,False,R0020,1
6442,3,exact,False,False,R0056,1
6443,49,exact,False,False,R0026;R0029;R0031;R0040;R0046;R0057,6
6444,19,exact,False,False,R0024;R0027;R0038;R0044;R0051;R0052;R0054;R0057,8
6445,-1,exact,True,True,R0028;R0033;R0036;R0039;R0044;R0052;R0054,7
6446,6,exact,False,False,R0033;R0036;R0039;R0044,4
6447,-1,exact,True,True,R0051;R0054,2
6448,6,exact,False,False,R0033;R0036;R0039;R0044;R0054,5
6449,12,exact,False,False,R0005;R0035;R0042;R0043;R0045;R0050,6
6450,31,exact,False,False,R0025;R0042;R0043;R0050,4
6451,6,exact,False,False,R0033;R0036,2
6452,37,exact,False,False,R0002;R0033;R0036;R0039;R0044,5
6453,30,fallback,False,False,,0
6454,-1,exact,True,True,R0048;R0051,2
6455,14,exact,False,False,R0012;R0050,2
6456,-1,exact,True,True,R0041;R0042;R0048;R0051;R0054,5
6457,-1,exact,True,True,R0028;R0033;R0036,3
6458,27,exact,False,False,R0028;R0039;R0044;R0052;R0054,5
6459,-1,fallback,True,False,,0
6460,49,exact,False,False,R0026;R0029;R0031;R0040;R0046,5
6461,11,exact,False,False,R0057,1
6462,6,exact,False,False,R0033;R0036,2
6463,30,exact,False,False,R0001;R0044;R0054,3
6464,22,exact,False,False,R0007;R0034;R0039;R0044;R0051;R0052;R0054,7
6465,27,exact,False,False,R0028;R0034;R0039;R0044;R0052;R0054,6
6466,-1,exact,True,True,R0048;R0051;R0054,3
6467,37,exact,False,False,R0002;R0033;R0036;R0039;R0044,5
6468,49,exact,False,False,R0026;R0029;R0031;R0040;R0046;R0057,6
6469,21,exact,False,False,R0051,1
6470,48,exact,False,False,R0044;R0051,2
6471,29,fallback,False,False,,0
6472,40,exact,False,False,R0035;R0051;R0054,3
6473,25,fallback,False,False,,0
6474,27,exact,False,False,R0028;R0034;R0039;R0044;R0052;R0054,6
6475,23,exact,False,False,R0031;R0056;R0057,3
6476,-1,exact,True,True,R0041;R0042;R0043;R0045;R0048;R0050;R0051;R0053;R0055;R0056,10
6477,-1,exact,True,True,R0051;R0052;R0054,3
6478,18,exact,False,False,R0020;R0034;R0039;R0044;R0052;R0054,6
6479,6,exact,False,False,R0033;R0036,2
6480,25,exact,False,False,R0030;R0049;R0055;R0056;R0057,5
6481,36,exact,False,False,R0034;R0039;R0044;R0052;R0054,5
6482,49,exact,False,False,R0026;R0029;R0031;R0040;R0046,5
6483,42,exact,False,False,R0004;R0032;R0035;R0041;R0042;R0043;R0048;R0050;R0051;R0054,10
6484,49,exact,False,False,R0026;R0029;R0031;R0040;R0046,5
6485,7,exact,False,False,R0042,1
6486,25,exact,False,False,R0030;R0049;R0052;R0053;R0055;R0056;R0057,7
6487,40,exact,False,False,R0035;R0041;R0042;R0043;R0048;R0050;R0051;R0054,8
6488,40,exact,False,False,R0035;R0041;R0042;R0043;R0045;R0048;R0050;R0051,8
6489,31,exact,False,False,R0025;R0041;R0042;R0043;R0045;R0048;R0050;R0051;R0053;R0055,11
6490,37,exact,False,False,R0002;R0033;R0036;R0039;R0044;R0051,6
6491,4,exact,False,False,R0018;R0044;R0048,3
6492,47,exact,False,False,R0045;R0051;R0055,3
6493,14,exact,False,False,R0012;R0035;R0041;R0042;R0043;R0045;R0048;R0050;R0051,9
6494,1,exact,False,False,R0032;R0052,2
6495,34,exact,False,False,R0055,1
6496,28,exact,False,False,R0003;R0044;R0048;R0051;R0053;R0054,6
6497,19,exact,False,False,R0024;R0027;R0038;R0045;R0055,5
6498,36,exact,False,False,R0034,1
6499,2,fallback,False,False,,0
6500,48,exact,False,False,R0044;R0052;R0054,3
6501,48,exact,False,False,R0044,1
6502,18,exact,False,False,R0020;R0021;R0034,3
6503,18,exact,False,False,R0020;R0026;R0029;R0040;R0046,5
6504,37,exact,False,False,R0002;R0011;R0033;R0036;R0039;R0044;R0051,7
6505,1,exact,False,False,R0032,1
6506,46,exact,False,False,R0047,1
6507,40,exact,False,False,R0035;R0041;R0042;R0043;R0048;R0050;R0051;R0054,8
6508,35,exact,False,False,R0023;R0047;R0055;R0056;R0057,5
6509,38,exact,False,False,R0017,1
6510,44,exact,False,False,R0019;R0032;R0042;R0043;R0050,5
6511,36,exact,False,False,R0034;R0039;R0044;R0051;R0054,5
6512,29,exact,False,False,R0037;R0052,2
6513,48,exact,False,False,R0044;R0048;R0053;R0056,4
6514,36,exact,False,False,R0034;R0039;R0044;R0052;R0054,5
6515,48,exact,False,False,R0044;R0051;R0052;R0054,4
6516,6,exact,False,False,R0033;R0036;R0039;R0044,4
6517,6,exact,False,False,R0033;R0036;R0039;R0044;R0052;R0054,6
6518,27,exact,False,False,R0028,1
6519,23,exact,False,False,R0031;R0056,2
6520,14,exact,False,False,R0004;R0012;R0035;R0041;R0042;R0043;R0048;R0050;R0051;R0054,10
6521,47,exact,False,False,R0045;R0055,2
6522,40,exact,False,False,R0035;R0041;R0042;R0043;R0045;R0048;R0050;R0051,8
6523,-1,exact,True,True,R0051;R0052;R0054,3
6524,18,exact,False,False,R0020;R0039;R0044,3
6525,7,fallback,False,False,,0
6526,-1,exact,True,True,R0051;R0052;R0054,3
6527,37,exact,False,False,R0002;R0033;R0036;R0039;R0044,5
6528,1,exact,False,False,R0032;R0041;R0042;R0043;R0048;R0050;R0051;R0054,8
6529,30,exact,False,False,R0001;R0039;R0044,3
6530,19,exact,False,False,R0024;R0027;R0038;R0044;R0051;R0052;R0054;R0057,8
6531,48,exact,False,False,R0044;R0049;R0051,3
6532,31,exact,False,False,R0025;R0041;R0042;R0048;R0051;R0054,6
6533,40,exact,False,False,R0035;R0041;R0048;R0051,4
6534,6,exact,False,False,R0033;R0036;R0039;R0044;R0052;R0054,6
6535,21,exact,False,False,R0051,1
6536,39,exact,False,False,R0039;R0044,2
6537,25,exact,False,False,R0030;R0055;R0056,3
6538,39,exact,False,False,R0039;R0052;R0054,3
6539,38,exact,False,False,R0017;R0044;R0048;R0051,4
6540,16,exact,False,False,R0038;R0044;R0051,3
6541,25,exact,False,False,R0030;R0044;R0048;R0049;R0051;R0052;R0053;R0054;R0055;R0056,10
6542,6,exact,False,False,R0033;R0036;R0039;R0044;R0052;R0054,6
6543,49,exact,False,False,R0026;R0029;R0031;R0040;R0046;R0057,6
6544,41,exact,False,False,R0052,1
6545,6,exact,False,False,R0033;R0036,2
6546,25,exact,False,False,R0030;R0041;R0042;R0043;R0045;R0048;R0050;R0051;R0053;R0055,11
6547,49,exact,False,False,R0026;R0029;R0031;R0040;R0046;R0057,6
6548,-1,exact,True,True,R0044;R0045;R0051;R0053;R0057,5
6549,37,exact,False,False,R0002;R0011;R0033;R0036;R0039;R0044;R0051,7
6550,39,exact,False,False,R0039;R0044,2
6551,48,exact,False,False,R0044;R0048;R0051;R0052;R0053;R0054;R0055;R0056,8
6552,49,exact,False,False,R0026;R0029;R0031;R0040;R0046,5
6553,-1,exact,True,True,R0030;R0032;R0049;R0052;R0053;R0055;R0056;R0057,8
6554,40,exact,False,False,R0035;R0041;R0043;R0048;R0051,5
6555,38,exact,False,False,R0017;R0044;R0048;R0051,4
6556,19,exact,False,False,R0024;R0027;R0038;R0051;R0052;R0054,6
6557,49,exact,False,False,R0026;R0029;R0031;R0040;R0046;R0057,6
6558,48,exact,False,False,R0044;R0054,2
6559,6,exact,False,False,R0033;R0036,2
6560,25,exact,False,False,R0030;R0048;R0051;R0053;R0054;R0055;R0056,7
6561,48,exact,False,False,R0044;R0051;R0054,3
6562,48,exact,False,False,R0044;R0052;R0054,3
6563,12,exact,False,False,R0005;R0035;R0041;R0042;R0043;R0048;R0050;R0051,8
6564,35,exact,False,False,R0023;R0055;R0056,3
6565,23,exact,False,False,R0031,1
6566,-1,exact,True,True,R0051;R0052;R0054,3
6567,46,exact,False,False,R0047;R0057,2
6568,36,exact,False,False,R0034;R0039;R0044;R0054,4
6569,-1,fallback,True,False,,0
6570,36,exact,False,False,R0034;R0052;R0054,3
6571,27,exact,False,False,R0028;R0034;R0039;R0044;R0052;R0054,6
6572,48,exact,False,False,R0044;R0048;R0051,3
6573,38,exact,False,False,R0017;R0042;R0043;R0050;R0055,5
6574,31,exact,False,False,R0025;R0035;R0041;R0042;R0043;R0045;R0048;R0050;R0051;R0053,10
6575,38,exact,False,False,R0017,1
6576,12,exact,False,False,R0005;R0048;R0050,3
6577,25,exact,False,False,R0030;R0050;R0056;R0057,4
6578,48,exact,False,False,R0044;R0052;R0054,3
6579,6,exact,False,False,R0033;R0036;R0039;R0044;R0052;R0054,6
6580,6,exact,False,False,R0033;R0036;R0039;R0044;R0051,5
6581,30,exact,False,False,R0001;R0051,2
6582,21,exact,False,False,R0051,1
6583,42,exact,False,False,R0014;R0035;R0041;R0042;R0043;R0045;R0048;R0050;R0051,9
6584,40,exact,False,False,R0035;R0041;R0042;R0043;R0048;R0050;R0051;R0054,8
6585,44,exact,False,False,R0019;R0050;R0056,3
6586,6,exact,False,False,R0033;R0036,2
6587,6,exact,False,False,R0033;R0039;R0044;R0051;R0054,5
6588,-1,exact,True,True,R0042;R0043;R0050,3
6589,40,exact,False,False,R0035;R0041;R0042;R0043;R0045;R0048;R0050;R0051,8
6590,-1,exact,True,True,R0041;R0042;R0043;R0044;R0045;R0048;R0050;R0051;R0053;R0057,10
6591,31,exact,False,False,R0025;R0032;R0042;R0043;R0050;R0053,6
6592,26,exact,False,False,R0006;R0009;R0030;R0032;R0044;R0049;R0051;R0052;R0053;R0054,13
6593,39,exact,False,False,R0039;R0044,2
6594,25,exact,False,False,R0030;R0041;R0042;R0043;R0044;R0045;R0048;R0049;R0050;R0051,13
6595,-1,fallback,True,False,,0
6596,46,fallback,False,False,,0
6597,34,fallback,False,False,,0
6598,-1,exact,True,True,R0028;R0033;R0036,3
6599,48,exact,False,False,R0044;R0052;R0054,3
6600,36,exact,False,False,R0034,1
6601,37,exact,False,False,R0002;R0033;R0036;R0039;R0044,5
6602,34,fallback,False,False,,0
6603,6,exact,False,False,R0033;R0036;R0039;R0044;R0052;R0054,6
6604,6,exact,False,False,R0033;R0036;R0039;R0044,4
6605,22,exact,False,False,R0007;R0034,2
6606,-1,exact,True,True,R0048;R0051;R0054,3
6607,29,fallback,False,False,,0
6608,6,exact,False,False,R0033;R0036;R0039;R0044;R0052;R0054,6
6609,1,exact,False,False,R0032;R0052;R0053;R0055;R0056,5
6610,-1,exact,True,True,R0048;R0050;R0054,3
6611,-1,exact,True,True,R0048;R0051,2
6612,-1,exact,True,True,R0030;R0032;R0044;R0048;R0049;R0051;R0052;R0053;R0054;R0055,12
6613,-1,exact,True,True,R0041;R0042;R0043;R0045;R0048;R0050;R0051;R0055,8
6614,-1,exact,True,True,R0051;R0052;R0054,3
6615,30,exact,False,False,R0001;R0039;R0044,3
6616,6,exact,False,False,R0033;R0036;R0039;R0044;R0054,5
6617,-1,exact,True,True,R0041;R0042;R0043;R0045;R0048;R0050;R0051;R0053,8
6618,6,exact,False,False,R0033;R0036;R0039;R0044;R0051,5
6619,23,exact,False,False,R0031;R0056,2
6620,49,exact,False,False,R0026;R0029;R0031;R0040;R0046;R0057,6
6621,35,fallback,False,False,,0
6622,41,exact,False,False,R0052,1
6623,6,exact,False,False,R0033;R0036;R0039;R0044;R0051;R0052;R0054,7
6624,14,exact,False,False,R0012;R0035;R0041;R0042;R0043;R0045;R0050,7
6625,49,exact,False,False,R0026;R0029;R0031;R0040;R0046,5
6626,-1,exact,True,True,R0041;R0042;R0043;R0048;R0050;R0051;R0053;R0054;R0055;R0056,10
6627,44,exact,False,False,R0019;R0032;R0042;R0043;R0050,5
6628,22,exact,False,False,R0007;R0039;R0051,3
6629,49,exact,False,False,R0026;R0029;R0031;R0040;R0046,5
6630,48,exact,False,False,R0044;R0052;R0054,3
6631,39,exact,False,False,R0039;R0051;R0052;R0054,4
6632,21,exact,False,False,R0051,1
6633,19,exact,False,False,R0024;R0027;R0052;R0054,4
6634,6,exact,False,False,R0033;R0036;R0039;R0044;R0052;R0054,6
6635,6,exact,False,False,R0033;R0036;R0039,3
6636,9,exact,False,False,R0050,1
6637,36,exact,False,False,R0034;R0039;R0044;R0052;R0054,5
6638,-1,exact,True,True,R0051;R0052;R0054,3
6639,15,fallback,False,False,,0
6640,48,exact,False,False,R0044;R0049;R0052;R0054,4
6641,13,exact,False,False,R0021;R0052;R0057,3
6642,46,fallback,False,False,,0
6643,47,exact,False,False,R0045;R0048;R0051;R0053;R0055;R0056,6
6644,27,exact,False,False,R0028,1
6645,-1,exact,True,True,R0048;R0051,2
6646,12,exact,False,False,R0005;R0050,2
6647,6,exact,False,False,R0033;R0036;R0039;R0044;R0052;R0054,6
6648,7,fallback,False,False,,0
6649,6,exact,False,False,R0033;R0036;R0039;R0044;R0051;R0052;R0054,7
6650,6,exact,False,False,R0033;R0036;R0039;R0044;R0052;R0054,6
6651,-1,fallback,True,False,,0
6652,49,exact,False,False,R0026;R0029;R0031;R0040;R0046;R0057,6
6653,6,fallback,False,False,,0
6654,28,exact,False,False,R0003;R0044;R0048;R0051;R0052;R0053;R0054,7
6655,21,exact,False,False,R0051,1
6656,18,exact,False,False,R0020;R0034,2
6657,38,exact,False,False,R0017;R0044;R0048;R0051;R0052;R0054,6
6658,38,exact,False,False,R0017,1
6659,27,exact,False,False,R0028;R0034;R0044;R0052;R0054,5
6660,36,exact,False,False,R0034;R0051;R0052;R0054,4
6661,39,exact,False,False,R0039;R0051;R0052;R0054,4
6662,49,exact,False,False,R0026;R0029;R0031;R0040;R0046,5
6663,6,exact,False,False,R0033;R0036;R0039;R0044;R0052;R0054,6
6664,0,exact,False,False,R0036;R0039;R0051,3
6665,25,exact,False,False,R0030;R0045;R0055;R0056;R0057,5
6666,49,exact,False,False,R0026;R0029;R0031;R0040;R0046;R0057,6
6667,37,exact,False,False,R0002;R0033;R0036;R0039;R0044,5
6668,13,exact,False,False,R0021;R0057,2
6669,27,fallback,False,False,,0
6670,27,fallback,False,False,,0
6671,6,exact,False,False,R0033;R0036;R0044;R0052;R0054,5
6672,48,exact,False,False,R0044;R0054,2
6673,37,exact,False,False,R0002;R0033;R0039;R0044;R0051,5
6674,19,exact,False,False,R0024;R0027;R0038;R0051,4
6675,22,exact,False,False,R0007;R0034;R0039;R0044;R0051;R0052;R0054,7
6676,22,exact,False,False,R0007;R0034;R0039;R0044;R0051;R0054,6
6677,-1,exact,True,True,R0048;R0051,2
6678,12,exact,False,False,R0005;R0008;R0035;R0041;R0042;R0043;R0048;R0050;R0051,9
6679,6,exact,False,False,R0033;R0036,2
6680,38,exact,False,False,R0017;R0048;R0051;R0052;R0054,5
6681,47,exact,False,False,R0045;R0051;R0053;R0055;R0056,5
6682,28,exact,False,False,R0010;R0044;R0051;R0053;R0054,5
6683,6,exact,False,False,R0033;R0036;R0039;R0044;R0052;R0054,6
6684,27,fallback,False,False,,0
6685,-1,fallback,True,False,,0
6686,12,exact,False,False,R0005;R0008;R0035;R0041;R0042;R0043;R0048;R0050;R0051,9
6687,49,exact,False,False,R0026;R0029;R0031;R0040;R0046,5
6688,48,exact,False,False,R0044;R0051;R0054,3
6689,20,exact,False,False,R0015;R0033;R0036;R0039;R0044;R0054,6
6690,31,exact,False,False,R0025;R0051;R0054,3
6691,39,exact,False,False,R0039,1
6692,6,exact,False,False,R0033;R0036;R0039;R0044;R0051;R0054,6
6693,46,fallback,False,False,,0
6694,6,exact,False,False,R0033;R0036,2
6695,-1,exact,True,True,R0010;R0022,2
6696,6,exact,False,False,R0033;R0036,2
6697,1,exact,False,False,R0032;R0041;R0042;R0043;R0048;R0050;R0051;R0054;R0055,9
6698,-1,exact,True,True,R0048;R0050;R0054,3
6699,-1,exact,True,True,R0048;R0051;R0054;R0055,4
6700,25,exact,False,False,R0030;R0045;R0051;R0053;R0055;R0056,6
6701,42,exact,False,False,R0014;R0035;R0041;R0042;R0043;R0045;R0048;R0050;R0051,9
6702,48,exact,False,False,R0044,1
6703,37,exact,False,False,R0002;R0011;R0033;R0036;R0039;R0044;R0051,7
6704,45,exact,False,False,R0041;R0048;R0051;R0054,4
6705,-1,exact,True,True,R0042;R0043;R0050,3
6706,6,exact,False,False,R0033;R0036;R0039;R0044;R0052;R0054,6
6707,36,exact,False,False,R0034;R0039;R0051;R0052;R0054,5
6708,48,exact,False,False,R0044;R0051;R0054,3
6709,40,exact,False,False,R0035;R0041;R0042;R0043;R0045;R0048;R0050;R0051,8
6710,-1,exact,True,True,R0051;R0054,2
6711,-1,exact,True,True,R0048;R0054,2
6712,-1,exact,True,True,R0041;R0042;R0043;R0048;R0050;R0051;R0053;R0054;R0057,9
6713,13,fallback,False,False,,0
6714,48,exact,False,False,R0044;R0052;R0054,3
6715,30,exact,False,False,R0001;R0044;R0052;R0054,4
6716,21,exact,False,False,R0051,1
6717,44,exact,False,False,R0019;R0025;R0032;R0042;R0043;R0050,6
6718,27,fallback,False,False,,0
6719,19,exact,False,False,R0024;R0027;R0038;R0044;R0051,5
6720,-1,exact,True,True,R0042;R0043;R0050,3
6721,30,exact,False,False,R0001;R0052;R0054,3
6722,27,fallback,False,False,,0
6723,46,exact,False,False,R0047;R0057,2
6724,6,exact,False,False,R0033;R0036;R0039;R0044;R0052;R0054,6
6725,6,exact,False,False,R0033;R0036;R0039;R0044;R0051;R0054,6
6726,-1,exact,True,True,R0052;R0054,2
6727,35,exact,False,False,R0023;R0056,2
6728,-1,exact,True,True,R0041;R0042;R0043;R0044;R0048;R0050;R0051;R0053;R0054;R0055,11
6729,35,exact,False,False,R0023;R0056,2
6730,15,exact,False,False,R0054,1
6731,35,exact,False,False,R0023;R0032;R0037;R0047;R0055;R0056,6
6732,6,exact,False,False,R0033;R0036;R0039;R0044;R0051;R0054,6
6733,-1,exact,True,True,R0041;R0042;R0043;R0048;R0050;R0051;R0054,7
6734,6,exact,False,False,R0033;R0036;R0039;R0044;R0051;R0052;R0054,7
6735,45,exact,False,False,R0041;R0044;R0048;R0051,4
6736,40,fallback,False,False,,0
6737,-1,fallback,True,False,,0
6738,42,exact,False,False,R0014;R0050,2
6739,27,exact,False,False,R0028,1
6740,26,exact,False,False,R0009;R0044;R0051;R0052;R0054,5
6741,40,exact,False,False,R0035;R0042;R0043;R0045;R0050,5
6742,9,exact,False,False,R0050,1
6743,6,exact,False,False,R0033;R0036;R0039;R0044;R0051;R0054,6
6744,6,exact,False,False,R0033;R0036;R0039;R0044;R0052;R0054,6
6745,47,exact,False,False,R0045;R0055,2
6746,37,exact,False,False,R0002;R0008;R0035;R0041;R0048;R0051,6
6747,35,exact,False,False,R0023;R0056,2
6748,-1,exact,True,True,R0041;R0042;R0043;R0048;R0050;R0051;R0053;R0054;R0055;R0056,10
6749,40,exact,False,False,R0035;R0041;R0042;R0043;R0045;R0048;R0050;R0051,8
6750,-1,exact,True,True,R0028;R0033;R0036,3
6751,36,exact,False,False,R0034;R0039;R0044;R0054,4
6752,-1,exact,True,True,R0048;R0051;R0054,3
6753,27,exact,False,False,R0028,1
6754,40,exact,False,False,R0035;R0051,2
6755,25,exact,False,False,R0030;R0044;R0048;R0049;R0051;R0052;R0053;R0054,8
6756,6,exact,False,False,R0033;R0036;R0039;R0044;R0051;R0052;R0054,7
6757,48,exact,False,False,R0044;R0052;R0054,3
6758,6,exact,False,False,R0033;R0036;R0039;R0044;R0052;R0054,6
6759,36,exact,False,False,R0034;R0039;R0044;R0052;R0054,5
6760,22,exact,False,False,R0007;R0034;R0039;R0051;R0052;R0054,6
6761,19,exact,False,False,R0024;R0027;R0038;R0051;R0052;R0054,6
6762,49,exact,False,False,R0026;R0029;R0031;R0040;R0046,5
6763,23,fallback,False,False,,0
6764,6,exact,False,False,R0033;R0036,2
6765,-1,exact,True,True,R0048;R0051;R0054;R0055,4
6766,-1,exact,True,True,R0042;R0043;R0050,3
6767,25,exact,False,False,R0030;R0048;R0051;R0052;R0053;R0054;R0055;R0056,8
6768,44,exact,False,False,R0019;R0025;R0032;R0042;R0043;R0050,6
6769,1,exact,False,False,R0032;R0055,2
6770,6,exact,False,False,R0033;R0036;R0039;R0044;R0051,5
6771,41,fallback,False,False,,0
6772,-1,exact,True,True,R0055;R0056,2
6773,19,exact,False,False,R0024;R0027;R0038;R0052,4
6774,36,exact,False,False,R0034;R0039;R0044;R0052;R0054,5
6775,39,exact,False,False,R0039;R0044;R0051;R0052;R0054,5
6776,1,exact,False,False,R0032;R0042;R0043;R0050,4
6777,48,exact,False,False,R0044;R0051;R0052;R0054,4
6778,25,exact,False,False,R0030,1
6779,6,exact,False,False,R0033;R0036;R0039;R0044;R0051;R0052;R0054,7
6780,49,exact,False,False,R0026;R0029;R0031;R0040;R0046,5
6781,49,exact,False,False,R0026;R0029;R0031;R0040;R0046,5
6782,19,exact,False,False,R0024;R0027;R0038;R0051;R0054;R0055,6
6783,23,exact,False,False,R0031;R0056,2
6784,37,exact,False,False,R0002;R0039;R0051,3
6785,0,fallback,False,False,,0
6786,6,exact,False,False,R0033;R0036;R0039;R0044;R0054,5
6787,6,exact,False,False,R0033;R0036;R0039;R0044;R0051;R0052;R0054,7
6788,39,exact,False,False,R0039;R0044;R0051;R0053;R0054,5
6789,27,exact,False,False,R0028,1
6790,38,exact,False,False,R0017;R0044;R0048;R0051;R0052;R0054,6
6791,48,exact,False,False,R0044;R0051;R0054,3
6792,37,exact,False,False,R0002;R0039;R0044;R0051,4
6793,48,exact,False,False,R0044;R0051;R0054,3
6794,47,exact,False,False,R0045;R0051;R0055,3
6795,-1,exact,True,True,R0041;R0042;R0048;R0051;R0054,5
6796,-1,exact,True,True,R0030;R0032;R0044;R0048;R0049;R0051;R0052;R0053;R0054;R0055,12
6797,6,exact,False,False,R0033;R0036,2
6798,39,exact,False,False,R0039;R0044;R0051,3
6799,4,exact,False,False,R0018;R0044;R0048;R0050;R0053;R0054;R0056,7
6800,41,fallback,False,False,,0
6801,-1,exact,True,True,R0041;R0042;R0043;R0048;R0050;R0051;R0053;R0054;R0055;R0056,11
6802,6,exact,False,False,R0033;R0036,2
6803,-1,exact,True,True,R0042;R0043;R0050;R0053,4
6804,-1,exact,True,True,R0051;R0053,2
6805,30,exact,False,False,R0001;R0039;R0044;R0052;R0054,5
6806,48,exact,False,False,R0044;R0054,2
6807,44,exact,False,False,R0019;R0045,2
6808,36,exact,False,False,R0034,1
6809,-1,exact,True,True,R0041;R0042;R0043;R0048;R0050;R0051;R0053;R0054,8
6810,27,exact,False,False,R0028;R0034;R0039,3
6811,-1,exact,True,True,R0044;R0045;R0048;R0051;R0053,5
6812,36,exact,False,False,R0034;R0039;R0044;R0054,4
6813,6,exact,False,False,R0033;R0036,2
6814,31,exact,False,False,R0025;R0041;R0042;R0043;R0045;R0048;R0050;R0051;R0053;R0055,11
6815,39,exact,False,False,R0039;R0051;R0052;R0054,4
6816,-1,exact,True,True,R0041;R0042;R0043;R0048;R0050;R0051;R0053;R0054,8
6817,49,exact,False,False,R0026;R0029;R0031;R0040;R0046,5
6818,49,exact,False,False,R0026;R0029;R0031;R0040;R0046;R0057,6
6819,19,exact,False,False,R0024;R0027,2
6820,40,exact,False,False,R0035;R0041;R0042;R0043;R0048;R0050;R0051;R0054,8
6821,46,exact,False,False,R0047,1
6822,-1,fallback,True,False,,0
6823,-1,fallback,True,False,,0
6824,48,exact,False,False,R0044;R0051;R0054,3
6825,7,fallback,False,False,,0
6826,48,exact,False,False,R0044;R0048;R0051;R0053,4
6827,-1,exact,True,True,R0048;R0051;R0052;R0054;R0055,5
6828,37,exact,False,False,R0002;R0033;R0036;R0039;R0044;R0051,6
6829,-1,fallback,True,False,,0
6830,6,exact,False,False,R0033;R0036;R0044;R0051;R0054,5
6831,6,exact,False,False,R0033;R0039;R0044;R0052;R0054,5
6832,21,exact,False,False,R0051,1
6833,31,exact,False,False,R0025;R0051;R0054,3
6834,6,exact,False,False,R0033;R0036;R0039;R0044;R0051,5
6835,48,exact,False,False,R0044;R0051,2
6836,9,exact,False,False,R0050;R0057,2
6837,49,exact,False,False,R0026;R0029;R0031;R0040;R0046,5
6838,47,exact,False,False,R0045;R0055;R0056,3
6839,4,exact,False,False,R0018,1
6840,-1,exact,True,True,R0051;R0052;R0054,3
6841,30,exact,False,False,R0001;R0044;R0052;R0054,4
6842,49,exact,False,False,R0026;R0029;R0031;R0040;R0046;R0057,6
6843,19,exact,False,False,R0024;R0027;R0057,3
6844,6,exact,False,False,R0033;R0036;R0039;R0044;R0054,5
6845,-1,exact,True,True,R0041;R0042;R0043;R0045;R0048;R0050;R0051;R0055,8
6846,20,exact,False,False,R0015;R0033;R0036;R0039;R0044;R0054,6
6847,36,exact,False,False,R0034;R0052,2
6848,9,exact,False,False,R0050,1
6849,0,fallback,False,False,,0
6850,39,exact,False,False,R0039;R0044;R0054,3
6851,49,exact,False,False,R0026;R0029;R0031;R0040;R0046,5
6852,36,exact,False,False,R0034;R0044;R0051;R0054,4
6853,49,exact,False,False,R0026;R0029;R0031;R0040;R0046;R0057,6
6854,18,exact,False,False,R0020,1
6855,30,exact,False,False,R0001;R0039;R0044;R0051,4
6856,-1,fallback,True,False,,0
6857,49,exact,False,False,R0026;R0029;R0031;R0040;R0046;R0057,6
6858,49,exact,False,False,R0026;R0029;R0031;R0040;R0046,5
6859,14,exact,False,False,R0012;R0035;R0042;R0043;R0050,5
6860,35,exact,False,False,R0023;R0047;R0055;R0056;R0057,5
6861,13,fallback,False,False,,0
6862,12,exact,False,False,R0005;R0008;R0013,3
6863,36,exact,False,False,R0034;R0039,2
6864,42,exact,False,False,R0004;R0014;R0035;R0041;R0042;R0043;R0048;R0050;R0051;R0054,10
6865,48,exact,False,False,R0044;R0048;R0054,3
6866,44,exact,False,False,R0019;R0032;R0055;R0056,4
6867,16,exact,False,False,R0038;R0044;R0051;R0052;R0054;R0057,6
6868,25,exact,False,False,R0030;R0044;R0049;R0051;R0053,5
6869,30,exact,False,False,R0001;R0044;R0054,3
6870,-1,exact,True,True,R0041;R0042;R0043;R0045;R0048;R0050;R0051;R0053;R0055;R0056,10
6871,36,exact,False,False,R0034;R0039;R0044;R0052;R0054,5
6872,-1,exact,True,True,R0041;R0042;R0043;R0050;R0057,5
6873,9,exact,False,False,R0050;R0057,2
6874,48,exact,False,False,R0044;R0048;R0051;R0054,4
6875,15,exact,False,False,R0054,1
6876,19,exact,False,False,R0024;R0027;R0038;R0051;R0052;R0054,6
6877,37,exact,False,False,R0002;R0033;R0036,3
6878,36,exact,False,False,R0034,1
6879,19,exact,False,False,R0024;R0027;R0038,3
6880,47,exact,False,False,R0045;R0051;R0053;R0055;R0056,5
6881,6,exact,False,False,R0033;R0039;R0044;R0051;R0054,5
6882,6,exact,False,False,R0033;R0036;R0039;R0044;R0052;R0054,6
6883,6,exact,False,False,R0033;R0036;R0039;R0044;R0051;R0054,6
6884,47,exact,False,False,R0045,1
6885,8,fallback,False,False,,0
6886,7,exact,False,False,R0042,1
6887,-1,exact,True,True,R0041;R0042;R0043;R0048;R0050;R0051;R0054,7
6888,45,exact,False,False,R0041;R0048;R0051;R0054,4
6889,12,exact,False,False,R0005;R0050,2
6890,48,exact,False,False,R0044;R0048;R0051;R0052;R0053;R0054,6
6891,21,exact,False,False,R0051,1
6892,28,exact,False,False,R0003;R0044;R0048;R0051;R0053;R0054,6
6893,48,exact,False,False,R0044;R0054,2
6894,40,exact,False,False,R0035;R0048;R0051;R0054,4
6895,-1,exact,True,True,R0052;R0054,2
6896,48,exact,False,False,R0044;R0051;R0052;R0054,4
6897,42,exact,False,False,R0004;R0014;R0035;R0041;R0042;R0043;R0048;R0050;R0051;R0054,10
6898,47,exact,False,False,R0045;R0057,2
6899,-1,exact,True,True,R0041;R0042;R0043;R0048;R0050;R0051;R0054,7
6900,6,exact,False,False,R0033;R0036;R0039;R0044;R0054,5
6901,11,fallback,False,False,,0
6902,-1,exact,True,True,R0042;R0043;R0050,3
6903,12,exact,False,False,R0008,1
6904,6,exact,False,False,R0033;R0036;R0039;R0044;R0051;R0054,6
6905,38,exact,False,False,R0017;R0048;R0051;R0052;R0054,5
6906,48,exact,False,False,R0044;R0051;R0054;R0055,4
6907,6,exact,False,False,R0033;R0036;R0039;R0044;R0052;R0054,6
6908,0,fallback,False,False,,0
6909,31,exact,False,False,R0025;R0041;R0042;R0048;R0051;R0054,6
6910,31,exact,False,False,R0025;R0041;R0042;R0048;R0051;R0054,6
6911,26,exact,False,False,R0009;R0044;R0051,3
6912,38,exact,False,False,R0017;R0024;R0027;R0038;R0044;R0048;R0049;R0051;R0052;R0054,12
6913,19,exact,False,False,R0024;R0027;R0044,3
6914,48,exact,False,False,R0044;R0049;R0051,3
6915,-1,exact,True,True,R0042;R0043;R0045;R0050,4
6916,9,exact,False,False,R0050,1
6917,25,exact,False,False,R0030;R0044;R0048;R0049;R0051;R0052;R0053;R0054,8
6918,19,exact,False,False,R0024;R0027;R0038;R0051;R0052;R0054,6
6919,30,exact,False,False,R0001,1
6920,22,exact,False,False,R0007;R0034;R0039;R0051;R0052;R0054,6
6921,47,exact,False,False,R0045;R0048;R0051;R0055,4
6922,3,exact,False,False,R0056,1
6923,15,fallback,False,False,,0
6924,35,exact,False,False,R0023;R0055;R0056,3
6925,22,exact,False,False,R0007;R0034;R0039;R0044;R0051;R0052;R0054,7
6926,42,exact,False,False,R0014;R0035;R0041;R0042;R0043;R0045;R0048;R0050;R0051,9
6927,35,exact,False,False,R0023;R0030;R0047;R0056;R0057,5
6928,-1,fallback,True,False,,0
6929,35,exact,False,False,R0023;R0056,2
6930,23,exact,False,False,R0031;R0057,2
6931,30,exact,False,False,R0001;R0039;R0044;R0054,4
6932,6,exact,False,False,R0033;R0036;R0039;R0044;R0051;R0054,6
6933,-1,fallback,True,False,,0
6934,30,exact,False,False,R0001;R0039;R0044;R0051;R0052;R0054,6
6935,-1,exact,True,True,R0048;R0051;R0054,3
6936,1,exact,False,False,R0032;R0044;R0048;R0049;R0051;R0054;R0055,7
6937,38,fallback,False,False,,0
6938,6,exact,False,False,R0033;R0036;R0039;R0044;R0052;R0054,6
6939,-1,exact,True,True,R0051;R0054,2
6940,6,exact,False,False,R0033;R0036;R0039;R0044;R0052;R0054,6
6941,-1,exact,True,True,R0041;R0042;R0043;R0045;R0048;R0050;R0051;R0053;R0055;R0056,10
6942,27,exact,False,False,R0028;R0044;R0052;R0054,4
6943,49,exact,False,False,R0026;R0029;R0031;R0040;R0046;R0057,6
6944,6,exact,False,False,R0033;R0036,2
6945,25,exact,False,False,R0030;R0041;R0042;R0043;R0045;R0048;R0050;R0051;R0053;R0055,11
6946,3,exact,False,False,R0056,1
6947,19,exact,False,False,R0024;R0027,2
6948,4,exact,False,False,R0018;R0044;R0048;R0050;R0053;R0054,6
6949,-1,exact,True,True,R0052;R0054,2
6950,27,exact,False,False,R0028;R0039;R0044,3
6951,-1,exact,True,True,R0041;R0042;R0048;R0051;R0054,5
6952,27,exact,False,False,R0028,1
6953,-1,exact,True,True,R0041;R0042;R0043;R0045;R0048;R0050;R0051,7
6954,-1,exact,True,True,R0041;R0042;R0043;R0044;R0045;R0048;R0050;R0051,8
6955,25,exact,False,False,R0030;R0045;R0055;R0056;R0057,5
6956,-1,exact,True,True,R0051;R0054,2
6957,1,exact,False,False,R0032,1
6958,19,exact,False,False,R0024;R0027,2
6959,38,fallback,False,False,,0
6960,12,exact,False,False,R0016;R0035;R0041;R0042;R0043;R0048;R0050;R0051,8
6961,28,exact,False,False,R0010;R0044;R0051;R0053,4
6962,37,exact,False,False,R0002;R0011;R0033;R0036;R0039;R0044;R0051,7
6963,6,exact,False,False,R0033;R0036;R0039;R0044;R0051;R0052;R0054,7
6964,39,exact,False,False,R0039;R0044;R0051;R0052;R0054,5
6965,12,exact,False,False,R0005;R0035;R0041;R0042;R0043;R0048;R0050;R0051,8
6966,1,exact,False,False,R0032;R0048;R0051;R0054;R0055,5
6967,6,exact,False,False,R0033;R0036;R0039;R0044;R0052;R0054,6
6968,-1,exact,True,True,R0051;R0054,2
6969,38,exact,False,False,R0017;R0048;R0051;R0052;R0054,5
6970,49,exact,False,False,R0026;R0029;R0031;R0040;R0046;R0057,6
6971,11,exact,False,False,R0057,1
6972,-1,exact,True,True,R0048;R0051;R0052;R0053;R0054,5
6973,19,exact,False,False,R0024;R0027;R0038;R0045;R0051;R0055,6
6974,27,exact,False,False,R0028;R0034,2
6975,-1,exact,True,True,R0048;R0051,2
6976,48,exact,False,False,R0044;R0052;R0054,3
6977,48,exact,False,False,R0044;R0051;R0054,3
6978,40,exact,False,False,R0035;R0041;R0042;R0043;R0045;R0048;R0050;R0051,8
6979,-1,exact,True,True,R0048;R0051;R0054,3
6980,35,exact,False,False,R0023;R0047;R0056;R0057,4
6981,31,exact,False,False,R0025;R0035;R0041;R0042;R0043;R0048;R0050;R0051;R0053;R0054,10
6982,6,exact,False,False,R0033;R0036;R0039;R0044;R0051;R0054,6
6983,-1,exact,True,True,R0044;R0045;R0048;R0051;R0053;R0055;R0056;R0057,8
6984,38,exact,False,False,R0017;R0037;R0052;R0055,4
6985,-1,exact,True,True,R0048;R0051,2
6986,6,exact,False,False,R0033;R0036;R0039;R0044;R0051;R0052;R0054,7
6987,11,exact,False,False,R0057,1
6988,49,exact,False,False,R0026;R0029;R0031;R0040;R0046,5
6989,7,fallback,False,False,,0
6990,36,exact,False,False,R0034;R0039;R0044;R0054,4
6991,6,exact,False,False,R0033;R0036;R0039;R0044;R0052;R0054,6
6992,27,fallback,False,False,,0
6993,35,fallback,False,False,,0
6994,6,exact,False,False,R0033;R0036;R0039;R0044;R0052;R0054,6
6995,6,exact,False,False,R0033;R0036;R0039;R0044;R0052;R0054,6
6996,48,exact,False,False,R0044;R0051,2
6997,6,exact,False,False,R0033;R0036;R0039,3
6998,36,exact,False,False,R0034;R0039;R0044;R0052;R0054,5
6999,21,exact,False,False,R0051,1
7000,28,exact,False,False,R0010;R0044;R0051;R0053;R0054,5
7001,48,exact,False,False,R0044;R0051;R0052;R0054,4
7002,40,exact,False,False,R0035;R0041;R0043;R0048;R0051;R0054,6
7003,48,exact,False,False,R0044;R0049;R0051;R0052;R0054,5
7004,0,fallback,False,False,,0
7005,-1,exact,True,True,R0042;R0043;R0045;R0050;R0055;R0056,6
7006,29,fallback,False,False,,0
7007,49,exact,False,False,R0026;R0029;R0031;R0040;R0046,5
7008,-1,exact,True,True,R0041;R0042;R0043;R0045;R0048;R0050;R0051;R0053;R0055;R0056,10
7009,48,exact,False,False,R0044;R0054,2
7010,40,exact,False,False,R0035;R0041;R0042;R0043;R0045;R0048;R0050;R0051,8
7011,3,exact,False,False,R0056,1
7012,49,exact,False,False,R0026;R0029;R0040;R0046,4
7013,23,exact,False,False,R0031,1
7014,-1,exact,True,True,R0051;R0052;R0054,3
7015,6,exact,False,False,R0033;R0036;R0039;R0044;R0052;R0054,6
7016,36,exact,False,False,R0034;R0039;R0044;R0054,4
7017,49,exact,False,False,R0026;R0029;R0031;R0040;R0046;R0057,6
7018,-1,exact,True,True,R0051;R0054,2
7019,6,exact,False,False,R0033;R0036,2
7020,12,exact,False,False,R0005;R0008;R0035;R0051,4
7021,18,exact,False,False,R0020;R0021;R0034,3
7022,26,exact,False,False,R0009;R0032;R0044;R0049;R0051;R0052;R0054;R0055;R0057,9
7023,-1,exact,True,True,R0042;R0043;R0045;R0050,4
7024,12,exact,False,False,R0005;R0035;R0042;R0043;R0050,5
7025,6,exact,False,False,R0033;R0036;R0039;R0044;R0051;R0052;R0054,7
7026,38,exact,False,False,R0017,1
7027,26,exact,False,False,R0009;R0038;R0044;R0045;R0049;R0051;R0055,7
7028,14,exact,False,False,R0012;R0035;R0041;R0042;R0043;R0045;R0048;R0050;R0051,9
7029,27,exact,False,False,R0028;R0034;R0052,3
7030,34,fallback,False,False,,0
7031,-1,exact,True,True,R0041;R0042;R0043;R0045;R0048;R0050;R0051;R0053;R0057,9
7032,3,exact,False,False,R0056,1
7033,9,exact,False,False,R0050,1
7034,46,exact,False,False,R0047;R0057,2
7035,14,exact,False,False,R0012;R0048;R0050,3
7036,26,exact,False,False,R0009;R0044;R0051,3
7037,11,fallback,False,False,,0
7038,19,exact,False,False,R0024;R0027;R0044;R0052;R0054,5
7039,49,exact,False,False,R0026;R0029;R0031;R0040;R0046;R0057,6
7040,15,fallback,False,False,,0
7041,18,exact,False,False,R0020;R0052;R0054,3
7042,12,exact,False,False,R0005;R0035,2
7043,6,exact,False,False,R0033;R0036;R0039;R0044;R0054,5
7044,49,exact,False,False,R0026;R0029;R0031;R0040;R0046,5
7045,41,fallback,False,False,,0
7046,-1,exact,True,True,R0041;R0042;R0043;R0045;R0048;R0050;R0051;R0053,8
7047,34,fallback,False,False,,0
7048,39,exact,False,False,R0039;R0051;R0052;R0054,4
7049,39,exact,False,False,R0039;R0044;R0051;R0052;R0054,5
7050,-1,exact,True,True,R0041;R0042;R0043;R0048;R0050;R0051;R0054;R0055,8
7051,-1,exact,True,True,R0041;R0042;R0048;R0051;R0054,5
7052,37,exact,False,False,R0002;R0005;R0008;R0013;R0050,5
7053,13,exact,False,False,R0021,1
7054,38,exact,False,False,R0017,1
7055,37,exact,False,False,R0011;R0033;R0036;R0039;R0044;R0051,6
7056,-1,exact,True,True,R0041;R0042;R0043;R0045;R0048;R0050;R0051;R0055,8
7057,6,exact,False,False,R0033;R0036;R0039;R0044;R0054,5
7058,7,exact,False,False,R0042,1
7059,6,exact,False,False,R0033;R0036;R0039;R0044;R0052;R0054,6
7060,-1,exact,True,True,R0041;R0042;R0043;R0045;R0048;R0050;R0051;R0055,8
7061,48,exact,False,False,R0044;R0051,2
7062,39,exact,False,False,R0039;R0044,2
7063,27,exact,False,False,R0028;R0034,2
7064,23,exact,False,False,R0031;R0057,2
7065,37,exact,False,False,R0002;R0011;R0033;R0036;R0039;R0044;R0051,7
7066,34,fallback,False,False,,0
7067,48,exact,False,False,R0044;R0052;R0054,3
7068,12,exact,False,False,R0005;R0035;R0041;R0042;R0043;R0048;R0050;R0051,8
7069,19,exact,False,False,R0024;R0027;R0038;R0044;R0049;R0051;R0052;R0054,8
7070,39,exact,False,False,R0039;R0044;R0051;R0054,4
7071,31,exact,False,False,R0025;R0035;R0041;R0042;R0043;R0045;R0048;R0050;R0051;R0053,10
7072,-1,exact,True,True,R0053;R0057,2
7073,49,exact,False,False,R0026;R0029;R0031;R0040;R0046;R0057,6
7074,21,exact,False,False,R0051,1
7075,-1,exact,True,True,R0041;R0042;R0043;R0048;R0050;R0051;R0053;R0054;R0055;R0056,10
7076,-1,exact,True,True,R0048;R0050,2
7077,6,exact,False,False,R0033;R0036;R0039;R0044;R0051,5
7078,40,exact,False,False,R0035;R0041;R0042;R0043;R0045;R0048;R0050;R0051,8
7079,25,exact,False,False,R0030;R0048;R0051;R0053;R0054;R0055;R0056,7
7080,37,exact,False,False,R0002;R0011;R0033;R0036;R0039;R0044;R0051,7
7081,-1,exact,True,True,R0041;R0042;R0043;R0050;R0055;R0056;R0057,7
7082,34,exact,False,False,R0055,1
7083,6,exact,False,False,R0033;R0036;R0039;R0044;R0051;R0052;R0054,7
7084,-1,exact,True,True,R0051;R0054,2
7085,13,exact,False,False,R0021;R0047;R0057,3
7086,49,exact,False,False,R0026;R0029;R0031;R0040;R0046;R0057,6
7087,48,exact,False,False,R0044,1
7088,30,exact,False,False,R0001;R0039;R0044;R0052;R0054,5
7089,6,exact,False,False,R0033;R0036;R0039;R0044,4
7090,-1,exact,True,True,R0041;R0042;R0043;R0045;R0048;R0050;R0051;R0055,8
7091,6,exact,False,False,R0033;R0036;R0039;R0044;R0052;R0054,6
7092,44,exact,False,False,R0019;R0042;R0043;R0045;R0050,5
7093,13,exact,False,False,R0021,1
7094,47,exact,False,False,R0045;R0048;R0051;R0053,4
7095,3,fallback,False,False,,0
7096,49,exact,False,False,R0026;R0029;R0031;R0040;R0046,5
7097,8,fallback,False,False,,0
7098,35,exact,False,False,R0023;R0032;R0055,3
7099,34,fallback,False,False,,0
7100,-1,exact,True,True,R0042;R0043;R0050,3
7101,36,exact,False,False,R0034;R0039;R0051;R0052;R0054,5
7102,14,exact,False,False,R0012;R0035;R0041;R0042;R0043;R0048;R0050;R0051;R0054,9
7103,10,exact,False,False,R0022;R0033;R0036;R0039;R0044,5
7104,1,exact,False,False,R0032;R0055,2
7105,48,exact,False,False,R0044;R0054,2
7106,-1,exact,True,True,R0042;R0043;R0050;R0055,4
7107,0,exact,False,False,R0036;R0039;R0051,3
7108,44,exact,False,False,R0019;R0030;R0032;R0042;R0043;R0050;R0055;R0056,8
7109,49,exact,False,False,R0026;R0029;R0031;R0040;R0046,5
7110,18,fallback,False,False,,0
7111,11,exact,False,False,R0057,1
7112,-1,fallback,True,False,,0
7113,48,exact,False,False,R0044;R0051;R0052;R0054,4
7114,27,exact,False,False,R0028;R0044;R0052;R0054,4
7115,49,exact,False,False,R0026;R0029;R0031;R0040;R0046;R0057,6
7116,-1,exact,True,True,R0037;R0045;R0049;R0051;R0055,5
7117,19,exact,False,False,R0024;R0027;R0038;R0045;R0051;R0055,6
7118,-1,fallback,True,False,,0
7119,27,fallback,False,False,,0
7120,25,exact,False,False,R0030;R0044;R0048;R0049;R0051;R0053;R0054,7
7121,27,exact,False,False,R0028;R0034;R0039;R0044;R0052;R0054,6
7122,-1,exact,True,True,R0006;R0030;R0055;R0056,4
7123,-1,exact,True,True,R0041;R0042;R0043;R0045;R0050;R0055;R0056,7
7124,-1,exact,True,True,R0028;R0033;R0036,3
7125,15,exact,False,False,R0054,1
7126,6,exact,False,False,R0033;R0036;R0039;R0044;R0052;R0054,6
7127,13,fallback,False,False,,0
7128,-1,fallback,True,False,,0
7129,-1,exact,True,True,R0048;R0051,2
7130,37,exact,False,False,R0002;R0033;R0036;R0039;R0044,5
7131,19,exact,False,False,R0024;R0027;R0038,3
7132,25,exact,False,False,R0030;R0045;R0049;R0055;R0056,5
7133,40,exact,False,False,R0035;R0041;R0042;R0043;R0048;R0050;R0051;R0054,8
7134,48,exact,False,False,R0044;R0048;R0051;R0052;R0053;R0054,6
7135,-1,exact,True,True,R0006;R0030;R0044;R0045;R0049;R0051;R0053;R0055;R0056,9
7136,49,exact,False,False,R0026;R0029;R0031;R0040;R0046,5
7137,48,exact,False,False,R0044;R0048;R0051,3
7138,49,exact,False,False,R0026;R0029;R0031;R0040;R0046,5
7139,40,exact,False,False,R0035;R0041;R0042;R0043;R0048;R0050;R0051;R0054,8
7140,37,exact,False,False,R0002;R0033;R0036;R0039;R0044;R0051,6
7141,6,exact,False,False,R0033;R0036;R0052,3
7142,6,exact,False,False,R0033;R0036;R0039;R0044;R0051,5
7143,15,exact,False,False,R0054,1
7144,-1,exact,True,True,R0041;R0042;R0043;R0045;R0048;R0050;R0051;R0055,8
7145,49,exact,False,False,R0026;R0029;R0031;R0040;R0046,5
7146,48,exact,False,False,R0044;R0051;R0052;R0054,4
7147,21,exact,False,False,R0051,1
7148,30,exact,False,False,R0001;R0039;R0044,3
7149,23,exact,False,False,R0031;R0056;R0057,3
7150,-1,exact,True,True,R0041;R0042;R0043;R0045;R0048;R0050;R0051;R0053;R0055;R0056,10
7151,37,exact,False,False,R0002;R0011;R0033;R0036;R0039;R0044;R0051,7
7152,6,exact,False,False,R0033;R0036;R0039;R0044;R0052;R0054,6
7153,49,exact,False,False,R0026;R0029;R0031;R0040;R0046,5
7154,11,fallback,False,False,,0
7155,11,exact,False,False,R0057,1
7156,18,exact,False,False,R0020;R0034,2
7157,-1,exact,True,True,R0051;R0052;R0054,3
7158,28,exact,False,False,R0010;R0044;R0051;R0053;R0054,5
7159,-1,exact,True,True,R0049;R0052;R0053,3
7160,35,exact,False,False,R0023;R0047;R0057,3
7161,48,exact,False,False,R0044;R0048;R0051;R0053;R0054,5
7162,-1,exact,True,True,R0041;R0042;R0043;R0045;R0048;R0050;R0051;R0053;R0055;R0056,10
7163,0,exact,False,False,R0036;R0039;R0051,3
7164,36,exact,False,False,R0034;R0044;R0052;R0054,4
7165,27,exact,False,False,R0028,1
7166,29,fallback,False,False,,0
7167,38,exact,False,False,R0017;R0048;R0051,3
7168,27,exact,False,False,R0028,1
7169,48,exact,False,False,R0044;R0052;R0054,3
7170,19,exact,False,False,R0024;R0027;R0038;R0051;R0052;R0054,6
7171,6,exact,False,False,R0033;R0036;R0039;R0044;R0054,5
7172,34,fallback,False,False,,0
7173,12,exact,False,False,R0005;R0008;R0035;R0042;R0043;R0045;R0050,7
7174,20,exact,False,False,R0015;R0033;R0036;R0039;R0044;R0054,6
7175,1,exact,False,False,R0032;R0051;R0052;R0054;R0055,5
7176,19,exact,False,False,R0024;R0027;R0038,3
7177,25,exact,False,False,R0030;R0044;R0049;R0053,4
7178,25,exact,False,False,R0030;R0041;R0042;R0043;R0044;R0045;R0048;R0049;R0050;R0051,14
7179,38,exact,False,False,R0017;R0048;R0051;R0052;R0054,5
7180,49,exact,False,False,R0026;R0029;R0031;R0040;R0046;R0057,6
7181,48,exact,False,False,R0044;R0051;R0052;R0054,4
7182,29,exact,False,False,R0037,1
7183,28,exact,False,False,R0003;R0044;R0048;R0051;R0053;R0054,6
7184,27,exact,False,False,R0028;R0039;R0044,3
7185,49,exact,False,False,R0026;R0029;R0031;R0040;R0046;R0057,6
7186,20,exact,False,False,R0015;R0033;R0036;R0039;R0044;R0054,6
7187,6,exact,False,False,R0033;R0036;R0039;R0044;R0052;R0054,6
7188,37,exact,False,False,R0002;R0011;R0039;R0044;R0051,5
7189,12,exact,False,False,R0005;R0008;R0035;R0041;R0042;R0043;R0048;R0050;R0051,9
7190,49,exact,False,False,R0026;R0029;R0031;R0040;R0046,5
7191,37,exact,False,False,R0002;R0039,2
7192,-1,exact,True,True,R0041;R0042;R0043;R0045;R0050;R0055;R0056,7
7193,27,exact,False,False,R0028,1
7194,19,exact,False,False,R0024;R0027;R0038;R0051;R0052;R0054;R0055;R0057,8
7195,35,exact,False,False,R0023;R0050;R0056,3
7196,31,exact,False,False,R0025;R0051;R0053;R0054;R0055;R0056,6
7197,12,exact,False,False,R0005;R0035;R0041;R0042;R0043;R0048;R0050;R0051,8
7198,37,exact,False,False,R0002;R0039;R0051,3
7199,39,exact,False,False,R0039;R0044;R0052;R0054,4
7200,11,exact,False,False,R0057,1
7201,47,exact,False,False,R0045;R0051;R0053;R0055;R0056;R0057,6
7202,25,exact,False,False,R0030;R0049,2
7203,46,exact,False,False,R0047;R0056;R0057,3
7204,6,exact,False,False,R0033;R0036;R0039,3
7205,39,exact,False,False,R0039;R0044,2
7206,1,exact,False,False,R0032;R0042;R0043;R0050,4
7207,37,exact,False,False,R0002;R0033;R0036;R0039;R0044;R0051,6
7208,27,exact,False,False,R0028;R0034,2
7209,-1,exact,True,True,R0041;R0042;R0043;R0044;R0048;R0050;R0051;R0053;R0054;R0057,10
7210,40,exact,False,False,R0035;R0041;R0042;R0043;R0045;R0048;R0050;R0051,8
7211,36,exact,False,False,R0034,1
7212,48,exact,False,False,R0044;R0048;R0053;R0054;R0057,5
7213,-1,exact,True,True,R0041;R0042;R0043;R0045;R0048;R0050;R0051;R0053;R0055;R0056,10
7214,19,exact,False,False,R0024;R0027;R0038;R0051;R0052;R0054;R0055,7
7215,9,exact,False,False,R0050,1
7216,-1,exact,True,True,R0051;R0052;R0054,3
7217,40,exact,False,False,R0035;R0041;R0042;R0043;R0048;R0050;R0051;R0054,8
7218,26,exact,False,False,R0009;R0045;R0055;R0056,4
7219,-1,exact,True,True,R0041;R0042;R0043;R0048;R0050;R0051;R0053;R0054,8
7220,0,fallback,False,False,,0
7221,13,exact,False,False,R0021;R0047;R0057,3
7222,47,exact,False,False,R0045;R0048;R0051;R0055,4
7223,49,exact,False,False,R0026;R0029;R0031;R0040;R0046,5
7224,37,exact,False,False,R0002;R0039;R0051,3
7225,25,exact,False,False,R0030;R0045;R0048;R0051;R0053;R0055;R0056,7
7226,-1,exact,True,True,R0042;R0043;R0050;R0053;R0055;R0056,6
7227,38,exact,False,False,R0017;R0044;R0048;R0051;R0054,5
7228,4,exact,False,False,R0018;R0044;R0048,3
7229,-1,exact,True,True,R0041;R0042;R0043;R0048;R0050;R0051;R0053;R0054;R0055;R0056,10
7230,19,exact,False,False,R0024;R0027;R0038;R0044;R0051;R0052;R0054;R0057,8
7231,-1,exact,True,True,R0050;R0053;R0056;R0057,4
7232,41,exact,False,False,R0052,1
7233,-1,exact,True,True,R0041;R0042;R0043;R0044;R0045;R0048;R0050;R0051;R0053;R0055,12
7234,48,exact,False,False,R0044;R0051,2
7235,41,exact,False,False,R0052,1
7236,6,exact,False,False,R0033;R0036;R0039;R0044;R0051;R0054,6
7237,30,exact,False,False,R0001;R0039;R0044;R0051,4
7238,36,exact,False,False,R0034;R0052,2
7239,37,exact,False,False,R0011;R0033;R0036;R0039;R0044;R0051;R0054,7
7240,-1,exact,True,True,R0053;R0054,2
7241,-1,exact,True,True,R0048;R0051,2
7242,-1,exact,True,True,R0041;R0042;R0043;R0045;R0048;R0050;R0051;R0053;R0055;R0056,10
7243,6,exact,False,False,R0033;R0036;R0039;R0044;R0051,5
7244,-1,exact,True,True,R0042;R0043;R0050,3
7245,1,exact,False,False,R0032;R0044;R0051;R0053;R0054,5
7246,48,exact,False,False,R0044;R0051;R0052;R0054,4
7247,38,exact,False,False,R0017,1
7248,19,exact,False,False,R0024;R0027;R0038;R0051,4
7249,-1,exact,True,True,R0051;R0052;R0054,3
7250,49,exact,False,False,R0026;R0029;R0031;R0040;R0046,5
7251,12,exact,False,False,R0005;R0035;R0042;R0043;R0045;R0050,6
7252,28,exact,False,False,R0010;R0044;R0051;R0053;R0054,5
7253,30,exact,False,False,R0001;R0028;R0034;R0052,4
7254,48,exact,False,False,R0044;R0052;R0054,3
7255,28,exact,False,False,R0010;R0044;R0051;R0053;R0054,5
7256,22,exact,False,False,R0007;R0034;R0039;R0044;R0051;R0052;R0054,7
7257,6,exact,False,False,R0033;R0036;R0039;R0044;R0054,5
7258,48,exact,False,False,R0044;R0054,2
7259,39,exact,False,False,R0039;R0051;R0052;R0054,4
7260,36,exact,False,False,R0034;R0044;R0051;R0052;R0054,5
7261,48,exact,False,False,R0044;R0051,2
7262,36,exact,False,False,R0034;R0039;R0044;R0052;R0054,5
7263,23,fallback,False,False,,0
7264,-1,exact,True,True,R0048;R0051;R0052;R0053;R0054,5
7265,6,exact,False,False,R0033;R0036;R0039;R0044;R0054,5
7266,42,exact,False,False,R0014;R0035;R0041;R0042;R0043;R0045;R0048;R0050;R0051,9
7267,30,exact,False,False,R0001;R0051;R0052;R0054,4
7268,18,exact,False,False,R0020,1
7269,6,exact,False,False,R0033;R0036;R0039,3
7270,40,exact,False,False,R0035;R0042;R0043;R0050,4
7271,-1,exact,True,True,R0051;R0054,2
7272,40,exact,False,False,R0035;R0042;R0043;R0045;R0050,5
7273,49,exact,False,False,R0026;R0029;R0031;R0040;R0046,5
7274,1,exact,False,False,R0032,1
7275,30,exact,False,False,R0001;R0051;R0052;R0054,4
7276,31,exact,False,False,R0025;R0035;R0041;R0042;R0043;R0048;R0050;R0051;R0053;R0054,10
7277,39,exact,False,False,R0039;R0044,2
7278,18,exact,False,False,R0020,1
7279,6,exact,False,False,R0033;R0036;R0039;R0044;R0051;R0052;R0054,7
7280,42,exact,False,False,R0004;R0014;R0035;R0041;R0042;R0043;R0048;R0050;R0051;R0054,10
7281,30,exact,False,False,R0001;R0039;R0044,3
7282,3,fallback,False,False,,0
7283,25,exact,False,False,R0030;R0045;R0051;R0053;R0055;R0056,6
7284,44,exact,False,False,R0019;R0032;R0042;R0043;R0050,5
7285,22,exact,False,False,R0007;R0034;R0039;R0044;R0051;R0052;R0054,7
7286,48,exact,False,False,R0044;R0048;R0051;R0053;R0054,5
7287,9,exact,False,False,R0050,1
7288,40,exact,False,False,R0035;R0041;R0042;R0043;R0048;R0050;R0051;R0054,8
7289,46,exact,False,False,R0047,1
7290,25,exact,False,False,R0030;R0049;R0052;R0053;R0055;R0056;R0057,7
7291,39,exact,False,False,R0039;R0044;R0051;R0052;R0054,5
7292,-1,exact,True,True,R0048;R0051,2
7293,37,exact,False,False,R0002;R0011;R0033;R0036;R0039;R0044;R0051,7
7294,22,exact,False,False,R0007;R0034;R0039;R0044;R0051;R0052;R0054,7
7295,-1,exact,True,True,R0041;R0042;R0043;R0045;R0048;R0050;R0051;R0055,8
7296,18,exact,False,False,R0020;R0034,2
7297,25,exact,False,False,R0030;R0055;R0056,3
7298,36,exact,False,False,R0034;R0039;R0044;R0052;R0054,5
7299,37,exact,False,False,R0002;R0033;R0036;R0039;R0044,5
7300,39,exact,False,False,R0039;R0044,2
7301,36,exact,False,False,R0034;R0039;R0044;R0052;R0054,5
7302,-1,fallback,True,False,,0
7303,39,exact,False,False,R0039;R0051;R0052;R0054,4
7304,-1,exact,True,True,R0044;R0045;R0051;R0053;R0057,5
7305,44,exact,False,False,R0019;R0050;R0056,3
7306,11,exact,False,False,R0057,1
7307,6,exact,False,False,R0033;R0036,2
7308,40,exact,False,False,R0035;R0041;R0042;R0043;R0048;R0050;R0051,7
7309,48,exact,False,False,R0044;R0051;R0054,3
7310,19,exact,False,False,R0024;R0027;R0038;R0045;R0051,5
7311,-1,exact,True,True,R0051;R0052;R0054,3
7312,37,exact,False,False,R0002;R0011;R0033;R0036;R0039;R0044;R0051,7
7313,12,exact,False,False,R0005;R0016;R0035;R0041;R0042;R0043;R0048;R0050;R0051,9
7314,-1,exact,True,True,R0048;R0050;R0053;R0054;R0056,5
7315,37,exact,False,False,R0002;R0036;R0039,3
7316,25,exact,False,False,R0030;R0044;R0049;R0052;R0053;R0054;R0056;R0057,8
7317,25,exact,False,False,R0030;R0041;R0042;R0043;R0048;R0050;R0051;R0053;R0054;R0055,11
7318,25,exact,False,False,R0030;R0041;R0042;R0043;R0048;R0050;R0051;R0053;R0054;R0055,11
7319,38,exact,False,False,R0017;R0044;R0048;R0051;R0054,5
7320,40,exact,False,False,R0035;R0041;R0042;R0048;R0051;R0054,6
7321,19,exact,False,False,R0024;R0027;R0038;R0044;R0051;R0054,6
7322,49,exact,False,False,R0026;R0029;R0031;R0040;R0046;R0057,6
7323,48,exact,False,False,R0044;R0048;R0050;R0053;R0054,5
7324,7,fallback,False,False,,0
7325,49,exact,False,False,R0026;R0029;R0031;R0040;R0046,5
7326,6,exact,False,False,R0033;R0036;R0039;R0044;R0052;R0054,6
7327,11,fallback,False,False,,0
7328,48,exact,False,False,R0044;R0048;R0049;R0052;R0054,5
7329,6,exact,False,False,R0033;R0039;R0044;R0051;R0054,5
7330,26,exact,False,False,R0006;R0009;R0030;R0044;R0045;R0049;R0051;R0053;R0055;R0056,11
7331,25,exact,False,False,R0030;R0037;R0047;R0056,4
7332,37,exact,False,False,R0011;R0033;R0036;R0039;R0044;R0051;R0054,7
7333,46,exact,False,False,R0047;R0057,2
7334,48,exact,False,False,R0044;R0051;R0052;R0054,4
7335,6,exact,False,False,R0033;R0036;R0039;R0044;R0051,5
7336,-1,exact,True,True,R0006;R0030;R0044;R0049;R0051;R0052;R0053;R0054;R0055;R0056,10
7337,28,exact,False,False,R0010,1
7338,48,exact,False,False,R0044;R0052;R0054,3
7339,26,exact,False,False,R0009;R0044;R0049;R0051,4
7340,6,exact,False,False,R0033;R0036;R0039;R0044;R0051;R0052;R0054,7
7341,6,exact,False,False,R0033;R0036;R0039;R0044;R0052;R0054,6
7342,-1,exact,True,True,R0051;R0052;R0054,3
7343,27,fallback,False,False,,0
7344,4,exact,False,False,R0018;R0044;R0048;R0050,4
7345,45,exact,False,False,R0041;R0048;R0051,3
7346,30,exact,False,False,R0001,1
7347,6,exact,False,False,R0033;R0036;R0039;R0044;R0051;R0054,6
7348,49,exact,False,False,R0026;R0029;R0031;R0040;R0046;R0057,6
7349,28,exact,False,False,R0003;R0044;R0048;R0051;R0053;R0054,6
7350,9,exact,False,False,R0050,1
7351,45,exact,False,False,R0041;R0048;R0051;R0054,4
7352,49,exact,False,False,R0026;R0029;R0031;R0040;R0046,5
7353,48,exact,False,False,R0044;R0051;R0052;R0054,4
7354,1,exact,False,False,R0032,1
7355,19,exact,False,False,R0024;R0027;R0038;R0045;R0051,5
7356,-1,exact,True,True,R0041;R0042;R0043;R0048;R0050;R0051;R0053;R0054;R0055;R0056,10
7357,-1,exact,True,True,R0028;R0033;R0036,3
7358,19,exact,False,False,R0024;R0027;R0038;R0051;R0052;R0054,6
7359,44,exact,False,False,R0019;R0032;R0042;R0043;R0050,5
7360,28,fallback,False,False,,0
7361,42,exact,False,False,R0014;R0035;R0041;R0042;R0043;R0048;R0050;R0051,8
7362,-1,exact,True,True,R0048;R0050;R0053;R0054;R0056,5
7363,12,exact,False,False,R0005;R0008;R0035;R0041;R0042;R0043;R0048;R0050;R0051,9
7364,19,exact,False,False,R0024;R0027;R0038;R0051,4
7365,3,fallback,False,False,,0
7366,10,fallback,False,False,,0
7367,48,exact,False,False,R0044;R0051;R0052;R0054,4
7368,6,exact,False,False,R0033;R0036;R0039;R0044;R0054,5
7369,37,exact,False,False,R0011;R0033;R0036,3
7370,35,exact,False,False,R0023;R0047;R0056;R0057,4
7371,-1,exact,True,True,R0041;R0042;R0043;R0045;R0050;R0055;R0056,7
7372,6,exact,False,False,R0033;R0036,2
7373,35,exact,False,False,R0023;R0037,2
7374,27,exact,False,False,R0028,1
7375,26,exact,False,False,R0009;R0044;R0049;R0051,4
7376,6,exact,False,False,R0033;R0036;R0039;R0044;R0054,5
7377,19,exact,False,False,R0024;R0027;R0057,3
7378,49,exact,False,False,R0026;R0029;R0031;R0040;R0046;R0057,6
7379,6,exact,False,False,R0033;R0036;R0039;R0044;R0051;R0054,6
7380,36,exact,False,False,R0034;R0052,2
7381,49,exact,False,False,R0026;R0029;R0031;R0040;R0046,5
7382,6,exact,False,False,R0033;R0036;R0039;R0044;R0052;R0054,6
7383,6,exact,False,False,R0033;R0036;R0039;R0044;R0054,5
7384,6,exact,False,False,R0033;R0036;R0039;R0044;R0051;R0052;R0054,7
7385,48,exact,False,False,R0044;R0052;R0054,3
7386,-1,exact,True,True,R0051;R0052;R0054,3
7387,-1,exact,True,True,R0041;R0042;R0043;R0048;R0050;R0051;R0053;R0054;R0055;R0056,10
7388,45,exact,False,False,R0041;R0048;R0051;R0054,4
7389,36,exact,False,False,R0034;R0039;R0044;R0052;R0054,5
7390,6,exact,False,False,R0033;R0036;R0039;R0044;R0051;R0052;R0054,7
7391,49,exact,False,False,R0026;R0029;R0031;R0040;R0046,5
7392,-1,exact,True,True,R0048;R0051;R0054,3
7393,6,exact,False,False,R0033;R0036;R0039;R0044;R0052;R0054,6
7394,44,exact,False,False,R0019;R0032;R0042;R0043;R0050,5
7395,1,exact,False,False,R0032;R0052,2
7396,-1,fallback,True,False,,0
7397,19,exact,False,False,R0024;R0027;R0038;R0051;R0052;R0054,6
7398,25,exact,False,False,R0030;R0044;R0045;R0048;R0051;R0053;R0055;R0056,8
7399,41,exact,False,False,R0052,1
7400,-1,exact,True,True,R0041;R0042;R0043;R0048;R0050;R0051;R0054,7
7401,-1,exact,True,True,R0041;R0042;R0043;R0048;R0050;R0051;R0054,7
7402,-1,exact,True,True,R0051;R0054,2
7403,-1,exact,True,True,R0041;R0042;R0043;R0048;R0050;R0051;R0053;R0054;R0057,9
7404,-1,exact,True,True,R0051;R0052;R0054,3
7405,37,exact,False,False,R0002;R0039;R0051,3
7406,48,exact,False,False,R0044;R0052;R0054,3
7407,48,exact,False,False,R0044;R0048;R0054,3
7408,48,exact,False,False,R0044;R0049;R0051,3
7409,1,exact,False,False,R0032;R0048;R0051;R0052;R0054,5
7410,37,exact,False,False,R0002;R0039;R0051,3
7411,48,exact,False,False,R0044;R0054,2
7412,-1,exact,True,True,R0052;R0054,2
7413,29,exact,False,False,R0037,1
7414,30,exact,False,False,R0001;R0051;R0052;R0054,4
7415,30,exact,False,False,R0001;R0044;R0051,3
7416,23,exact,False,False,R0031,1
7417,6,exact,False,False,R0033;R0036;R0044;R0052;R0054,5
7418,30,exact,False,False,R0001;R0044;R0052;R0054,4
7419,36,exact,False,False,R0034;R0039;R0044;R0052;R0054,5
7420,25,exact,False,False,R0030;R0048;R0051;R0053;R0054;R0055;R0056,7
7421,23,fallback,False,False,,0
7422,12,exact,False,False,R0005;R0035;R0041;R0042;R0043;R0048;R0050;R0051,8
7423,49,exact,False,False,R0026;R0029;R0031;R0040;R0046,5
7424,18,exact,False,False,R0020,1
7425,-1,exact,True,True,R0041;R0042;R0043;R0048;R0050;R0051;R0054,7
7426,1,exact,False,False,R0032;R0055,2
7427,25,exact,False,False,R0030;R0051;R0052;R0053;R0054;R0055;R0056,7
7428,29,exact,False,False,R0037,1
7429,-1,exact,True,True,R0052;R0054,2
7430,30,exact,False,False,R0001;R0039;R0044;R0052;R0054,5
7431,13,fallback,False,False,,0
7432,37,exact,False,False,R0002;R0033;R0036;R0039;R0044,5
7433,36,exact,False,False,R0034,1
7434,6,exact,False,False,R0033;R0039;R0044;R0052;R0054,5
7435,40,exact,False,False,R0035;R0041;R0042;R0043;R0045;R0048;R0050;R0051,8
7436,-1,exact,True,True,R0030;R0032,2
7437,-1,exact,True,True,R0041;R0042;R0043;R0045;R0048;R0050;R0051;R0055,8
7438,19,exact,False,False,R0024;R0027;R0038;R0044;R0049;R0051;R0054,7
7439,21,exact,False,False,R0051,1
7440,47,exact,False,False,R0045;R0048;R0051;R0053,4
7441,-1,exact,True,True,R0048;R0051,2
7442,44,exact,False,False,R0019;R0032;R0042;R0043;R0050,5
7443,29,exact,False,False,R0037;R0055;R0056,3
7444,49,exact,False,False,R0026;R0029;R0031;R0040;R0046;R0057,6
7445,-1,exact,True,True,R0048;R0051,2
7446,28,exact,False,False,R0010;R0044;R0051;R0053;R0054,5
7447,40,exact,False,False,R0035;R0041;R0042;R0043;R0050,5
7448,27,exact,False,False,R0028;R0034;R0052,3
7449,30,exact,False,False,R0001,1
7450,19,exact,False,False,R0024;R0027;R0038;R0051;R0054;R0055,6
7451,49,exact,False,False,R0026;R0029;R0031;R0040;R0046,5
7452,31,exact,False,False,R0025;R0042;R0043;R0050;R0055;R0056,6
7453,30,exact,False,False,R0001;R0039;R0044;R0054,4
7454,-1,exact,True,True,R0051;R0052;R0054,3
7455,23,exact,False,False,R0031,1
7456,6,exact,False,False,R0033;R0036;R0039,3
7457,35,exact,False,False,R0023,1
7458,48,exact,False,False,R0044;R0051;R0052;R0054,4
7459,37,exact,False,False,R0011;R0033;R0036;R0039;R0044;R0051,6
7460,18,exact,False,False,R0020;R0052;R0054,3
7461,27,exact,False,False,R0028,1
7462,-1,exact,True,True,R0041;R0042;R0043;R0045;R0048;R0050;R0051,7
7463,19,fallback,False,False,,0
7464,48,exact,False,False,R0044;R0052;R0054,3
