row_index,prediction,mode,abstained,conflict,activated_rules,n_activated
0,-1,exact,True,True,R0297;R0302;R0304;R0308;R0311;R0315;R0318;R0319;R0320;R0322,163
1,-1,exact,True,True,R0297;R0302;R0304;R0308;R0311;R0315;R0318;R0319;R0320;R0322,163
2,-1,exact,True,True,R0252;R0297;R0300;R0302;R0303;R0304;R0305;R0306;R0308;R0311,248
3,370,fallback,False,False,,0
4,-1,exact,True,True,R0252;R0300;R0302;R0303;R0304;R0306;R0308;R0311;R0312;R0315,179
5,-1,exact,True,True,R0256;R0297;R0300;R0303;R0306;R0308;R0314;R0315;R0318;R0320,151
6,-1,exact,True,True,R0300;R0302;R0303;R0304;R0308;R0317;R0318;R0319;R0320;R0322,75
7,-1,exact,True,True,R0300;R0302;R0303;R0304;R0306;R0308;R0311;R0315;R0317;R0318,173
8,-1,exact,True,True,R0018;R0028;R0135;R0154;R0158;R0169;R0216;R0224;R0244;R0248,26
9,-1,exact,True,True,R0056;R0067;R0123;R0138;R0142;R0147;R0153;R0159;R0181;R0202,26
10,-1,exact,True,True,R0117;R0183;R0202;R0217;R0258;R0260;R0263;R0266;R0267;R0270,31
11,-1,exact,True,True,R0082;R0109;R0129;R0138;R0149;R0159;R0160;R0161;R0165;R0167,24
12,-1,exact,True,True,R0014;R0017;R0019;R0022;R0072;R0075;R0081;R0096;R0097;R0098,57
13,-1,exact,True,True,R0017;R0022;R0038;R0057;R0118;R0124;R0125;R0139;R0158;R0169,34
14,437,exact,False,False,R0006;R0019;R0022;R0081;R0096;R0097;R0098;R0099;R0100;R0101,24
15,-1,exact,True,True,R0019;R0022;R0081;R0111;R0118;R0124;R0131;R0150;R0158;R0169,24
16,-1,exact,True,True,R0300;R0302;R0304;R0306;R0308;R0311;R0315;R0318;R0319;R0320,110
17,-1,exact,True,True,R0322;R0339;R0342;R0360;R0406;R0496,6
18,-1,exact,True,True,R0252;R0256;R0297;R0300;R0302;R0303;R0304;R0305;R0306;R0308,227
19,-1,exact,True,True,R0032;R0252;R0300;R0302;R0318;R0319;R0320;R0333;R0334;R0339,19
20,-1,exact,True,True,R0017;R0069;R0072;R0073;R0075;R0113;R0118;R0124;R0195;R0212,41
21,-1,exact,True,True,R0070;R0072;R0076;R0077;R0080;R0088;R0089;R0103;R0104;R0105,32
22,-1,fallback,True,False,,0
23,-1,exact,True,True,R0022;R0081;R0096;R0097;R0098;R0099;R0100;R0101;R0102;R0111,29
24,613,fallback,False,False,,0
25,-1,exact,True,True,R0256;R0277;R0297;R0303;R0311;R0314;R0315;R0318;R0324;R0331,90
26,-1,exact,True,True,R0253;R0312;R0330;R0442;R0468;R0470;R0478;R0499;R0533;R0536,10
27,-1,exact,True,True,R0093;R0191;R0197;R0246;R0305;R0371;R0395;R0417;R0423;R0490,15
28,-1,exact,True,True,R0256;R0277;R0297;R0303;R0305;R0308;R0311;R0314;R0315;R0318,171
29,-1,exact,True,True,R0252;R0300;R0304;R0305;R0308;R0311;R0312;R0314;R0317;R0320,165
30,-1,exact,True,True,R0256;R0297;R0300;R0302;R0303;R0306;R0314;R0315;R0317;R0318,172
31,-1,exact,True,True,R0302;R0304;R0308;R0318;R0319;R0320;R0322;R0324;R0333;R0334,50
32,-1,exact,True,True,R0093;R0246;R0304;R0311;R0315;R0324;R0329;R0334;R0344;R0347,51
33,-1,exact,True,True,R0196;R0304;R0308;R0311;R0314;R0315;R0317;R0320;R0322;R0324,199
34,-1,exact,True,True,R0196;R0197;R0222;R0451;R0498;R0509;R0519;R0520;R0534;R0556,12
35,-1,exact,True,True,R0039;R0040;R0059;R0061;R0092;R0112;R0134;R0144;R0145;R0200,210
36,-1,exact,True,True,R0121;R0137;R0163;R0165;R0166;R0228;R0231;R0241;R0257;R0260,24
37,-1,exact,True,True,R0056;R0067;R0123;R0135;R0136;R0138;R0142;R0147;R0153;R0159,29
38,-1,exact,True,True,R0109;R0136;R0138;R0142;R0149;R0153;R0159;R0165;R0171;R0172,33
39,-1,exact,True,True,R0108;R0117;R0158;R0164;R0169;R0171;R0183;R0190;R0194;R0202,79
40,-1,exact,True,True,R0063;R0068;R0070;R0071;R0076;R0077;R0080;R0087;R0122;R0172,19
41,-1,exact,True,True,R0025;R0055;R0060;R0062;R0064;R0066;R0072;R0081;R0083;R0085,82
42,-1,exact,True,True,R0058;R0066;R0078;R0085;R0094;R0103;R0104;R0105;R0106;R0107,46
43,-1,exact,True,True,R0029;R0068;R0089;R0227;R0253;R0262;R0265;R0284;R0286,9
44,664,exact,False,False,R0001,1
45,-1,exact,True,True,R0256;R0297;R0303;R0314;R0318;R0331;R0335;R0338;R0340;R0341,55
46,-1,exact,True,True,R0252;R0297;R0300;R0302;R0303;R0304;R0305;R0306;R0308;R0312,224
47,-1,exact,True,True,R0252;R0256;R0277;R0297;R0302;R0303;R0304;R0305;R0308;R0314,197
48,-1,exact,True,True,R0054;R0055;R0060;R0062;R0064;R0072;R0081;R0083;R0086;R0088,49
49,-1,exact,True,True,R0025;R0055;R0060;R0062;R0064;R0066;R0072;R0081;R0083;R0085,82
50,-1,exact,True,True,R0054;R0055;R0060;R0062;R0064;R0081;R0083;R0086;R0088;R0090,42
51,-1,exact,True,True,R0055;R0062;R0064;R0081;R0083;R0086;R0090;R0096;R0097;R0098,39
52,-1,exact,True,True,R0066;R0085;R0121;R0137;R0165;R0167;R0168;R0185;R0186;R0214,21
53,226,exact,False,False,R0078,1
54,354,exact,False,False,R0017;R0197;R0250;R0264;R0268;R0281;R0282;R0313;R0498;R0509,15
55,-1,exact,True,True,R0029;R0066;R0070;R0076;R0077;R0080;R0091;R0094;R0103;R0104,87
56,-1,exact,True,True,R0060;R0072;R0089;R0096;R0097;R0098;R0099;R0100;R0101;R0102,23
57,-1,exact,True,True,R0025;R0054;R0055;R0060;R0062;R0063;R0064;R0072;R0081;R0083,72
58,-1,exact,True,True,R0060;R0096;R0097;R0098;R0099;R0100;R0101;R0102;R0110;R0155,18
59,-1,exact,True,True,R0014;R0019;R0072;R0096;R0097;R0098;R0099;R0100;R0101;R0102,16
60,-1,exact,True,True,R0277;R0297;R0302;R0303;R0304;R0308;R0311;R0314;R0315;R0317,240
61,-1,exact,True,True,R0256;R0304;R0314;R0317;R0325;R0329;R0330;R0334;R0335;R0340,112
62,-1,exact,True,True,R0256;R0277;R0297;R0302;R0303;R0304;R0308;R0311;R0314;R0315,219
63,-1,exact,True,True,R0256;R0297;R0300;R0302;R0303;R0304;R0306;R0308;R0311;R0314,220
64,-1,exact,True,True,R0084;R0135;R0154;R0173;R0191;R0196;R0212;R0233;R0236;R0282,27
65,-1,exact,True,True,R0084;R0135;R0154;R0173;R0191;R0196;R0212;R0233;R0236;R0282,28
66,-1,exact,True,True,R0140;R0206;R0212;R0222;R0277;R0305;R0460;R0461;R0462;R0475,22
67,-1,exact,True,True,R0302;R0304;R0318;R0324;R0333;R0341;R0348;R0360;R0370;R0372,35
68,-1,exact,True,True,R0173;R0191;R0197;R0233;R0245;R0282;R0498;R0509;R0519;R0520,13
69,551,exact,False,False,R0068,1
70,-1,exact,True,True,R0015;R0074;R0095;R0109;R0123;R0136;R0138;R0142;R0153;R0159,18
71,-1,exact,True,True,R0166;R0183;R0217;R0231;R0240;R0260;R0272;R0273;R0291;R0293,14
72,-1,exact,True,True,R0039;R0040;R0059;R0061;R0092;R0112;R0134;R0144;R0145;R0256,229
73,-1,exact,True,True,R0302;R0303;R0304;R0317;R0318;R0324;R0331;R0333;R0341;R0348,45
74,-1,exact,True,True,R0039;R0040;R0059;R0061;R0092;R0112;R0134;R0144;R0145;R0297,250
75,-1,exact,True,True,R0256;R0277;R0297;R0302;R0303;R0314;R0315;R0317;R0318;R0319,167
76,-1,exact,True,True,R0148;R0154;R0158;R0169;R0216;R0224;R0228;R0244;R0248;R0260,28
77,-1,exact,True,True,R0148;R0177;R0182;R0203;R0238;R0241;R0257;R0262;R0268;R0276,17
78,-1,exact,True,True,R0108;R0148;R0158;R0177;R0192;R0231;R0238;R0241;R0242;R0257,24
79,-1,exact,True,True,R0043;R0053;R0089;R0162;R0169;R0177;R0192;R0203;R0224;R0232,82
80,-1,exact,True,True,R0038;R0052;R0075;R0084;R0124;R0127;R0140;R0212;R0220;R0232,30
81,-1,exact,True,True,R0014;R0019;R0022;R0096;R0097;R0098;R0099;R0100;R0101;R0102,16
82,-1,exact,True,True,R0064;R0072;R0081;R0083;R0086;R0096;R0097;R0098;R0099;R0100,32
83,614,exact,False,False,R0014;R0060;R0064;R0069;R0072;R0073;R0081;R0083;R0086;R0096,42
84,-1,exact,True,True,R0027;R0057;R0074;R0113;R0125;R0139;R0166;R0183;R0190;R0217,38
85,-1,exact,True,True,R0054;R0060;R0064;R0083;R0086;R0096;R0097;R0098;R0099;R0100,30
86,-1,exact,True,True,R0073;R0078;R0157;R0170;R0187;R0188;R0226;R0229,8
87,-1,exact,True,True,R0015;R0078;R0157;R0170;R0187;R0188;R0226;R0229;R0279,9
88,-1,exact,True,True,R0029;R0069;R0073;R0079;R0136;R0138;R0141;R0142;R0143;R0149,54
89,-1,exact,True,True,R0056;R0065;R0074;R0123;R0138;R0149;R0166;R0228;R0240;R0241,25
90,-1,exact,True,True,R0065;R0069;R0136;R0198;R0202;R0235;R0237;R0247;R0259;R0261,47
91,-1,exact,True,True,R0053;R0069;R0073;R0075;R0117;R0124;R0126;R0143;R0154;R0158,75
92,-1,exact,True,True,R0053;R0089;R0162;R0203;R0261;R0262;R0265;R0283;R0285;R0286,19
93,-1,exact,True,True,R0089;R0127;R0140;R0154;R0184;R0203;R0213;R0236;R0239;R0261,35
94,-1,exact,True,True,R0089;R0162;R0184;R0198;R0203;R0213;R0236;R0239;R0259;R0261,72
95,-1,exact,True,True,R0173;R0184;R0191;R0197;R0198;R0213;R0224;R0233;R0245;R0261,61
96,-1,exact,True,True,R0256;R0277;R0297;R0302;R0303;R0304;R0308;R0311;R0314;R0315,219
97,-1,exact,True,True,R0277;R0304;R0306;R0308;R0311;R0314;R0315;R0317;R0320;R0322,203
98,-1,exact,True,True,R0277;R0297;R0302;R0303;R0304;R0308;R0311;R0314;R0315;R0317,240
99,-1,exact,True,True,R0277;R0297;R0303;R0311;R0314;R0318;R0320;R0322;R0331;R0335,141
100,-1,exact,True,True,R0053;R0066;R0117;R0121;R0137;R0163;R0165;R0214;R0218;R0228,60
101,-1,exact,True,True,R0028;R0108;R0124;R0126;R0135;R0143;R0158;R0164;R0166;R0169,45
102,-1,exact,True,True,R0014;R0017;R0019;R0021;R0022;R0026;R0036;R0037;R0041;R0042,46
103,-1,exact,True,True,R0081;R0083;R0086;R0111;R0131;R0150;R0151;R0160;R0161;R0170,20
104,-1,exact,True,True,R0084;R0089;R0140;R0154;R0173;R0182;R0191;R0197;R0212;R0227,26
105,-1,exact,True,True,R0056;R0065;R0089;R0143;R0166;R0203;R0220;R0234;R0241;R0286,15
106,-1,exact,True,True,R0052;R0093;R0130;R0184;R0198;R0213;R0224;R0245;R0246;R0259,77
107,-1,exact,True,True,R0093;R0120;R0130;R0192;R0197;R0222;R0246;R0274;R0300;R0346,39
108,-1,exact,True,True,R0014;R0017;R0019;R0022;R0072;R0075;R0084;R0111;R0124;R0131,38
109,-1,exact,True,True,R0064;R0072;R0081;R0083;R0086;R0096;R0097;R0098;R0099;R0100,27
110,-1,exact,True,True,R0038;R0057;R0075;R0113;R0124;R0125;R0139;R0158;R0169;R0177,43
111,-1,exact,True,True,R0014;R0017;R0019;R0064;R0081;R0083;R0086;R0096;R0097;R0098,41
112,-1,exact,True,True,R0093;R0197;R0222;R0246;R0305;R0312;R0344;R0371;R0386;R0395,39
113,-1,exact,True,True,R0256;R0297;R0300;R0303;R0306;R0308;R0311;R0314;R0315;R0318,170
114,-1,exact,True,True,R0300;R0304;R0308;R0311;R0320;R0324;R0325;R0329;R0333;R0334,96
115,-1,exact,True,True,R0297;R0300;R0302;R0303;R0304;R0306;R0308;R0311;R0314;R0315,241
116,-1,exact,True,True,R0093;R0130;R0146;R0184;R0191;R0192;R0197;R0198;R0213;R0224,97
117,-1,exact,True,True,R0274;R0300;R0306;R0322;R0325;R0329;R0338;R0342;R0344;R0350,85
118,-1,exact,True,True,R0052;R0084;R0140;R0173;R0191;R0212;R0233;R0236;R0282;R0460,25
119,-1,exact,True,True,R0191;R0233;R0262;R0282,4
120,-1,exact,True,True,R0046;R0182;R0227;R0245,4
121,-1,exact,True,True,R0108;R0117;R0135;R0158;R0164;R0169;R0192;R0194;R0216;R0224,64
122,-1,exact,True,True,R0135;R0202;R0261;R0271;R0285;R0292;R0307;R0528;R0535;R0537,20
123,-1,exact,True,True,R0084;R0135;R0196;R0222;R0282;R0460;R0461;R0462;R0486;R0502,14
124,-1,exact,True,True,R0094;R0103;R0104;R0105;R0106;R0107;R0114;R0115;R0116;R0119,32
125,161,exact,False,False,R0018;R0261;R0285;R0292;R0494,5
126,549,exact,False,False,R0015;R0121;R0135;R0137;R0139;R0163;R0166;R0226;R0260;R0273,13
127,-1,exact,True,True,R0094;R0103;R0104;R0105;R0106;R0107;R0114;R0115;R0116;R0119,33
128,-1,exact,True,True,R0025;R0055;R0060;R0062;R0064;R0066;R0081;R0083;R0085;R0086,44
129,-1,exact,True,True,R0054;R0055;R0060;R0062;R0064;R0081;R0083;R0086;R0088;R0090,36
130,614,exact,False,False,R0014;R0060;R0064;R0069;R0073;R0081;R0083;R0086;R0096;R0097,28
131,-1,exact,True,True,R0054;R0055;R0060;R0062;R0064;R0072;R0081;R0083;R0086;R0088,48
132,-1,exact,True,True,R0046;R0182;R0227;R0245;R0580,5
133,-1,exact,True,True,R0256;R0297;R0300;R0302;R0303;R0304;R0306;R0308;R0311;R0314,220
134,-1,exact,True,True,R0297;R0302;R0304;R0308;R0311;R0315;R0318;R0319;R0320;R0322,163
135,-1,exact,True,True,R0047;R0057;R0068;R0089;R0253;R0262;R0265;R0286,8
136,-1,exact,True,True,R0025;R0055;R0060;R0062;R0064;R0066;R0081;R0083;R0085;R0086,62
137,-1,exact,True,True,R0022;R0025;R0046;R0055;R0062;R0096;R0097;R0098;R0099;R0100,20
138,-1,exact,True,True,R0025;R0055;R0060;R0062;R0064;R0066;R0070;R0072;R0076;R0077,88
139,-1,exact,True,True,R0025;R0034;R0060;R0062;R0064;R0066;R0083;R0085;R0086;R0088,74
140,-1,exact,True,True,R0064;R0081;R0083;R0086;R0096;R0097;R0098;R0099;R0100;R0101,24
141,-1,exact,True,True,R0060;R0064;R0083;R0086;R0110;R0160;R0161;R0170;R0187;R0188,29
142,-1,exact,True,True,R0064;R0081;R0083;R0086;R0096;R0097;R0098;R0099;R0100;R0101,22
143,-1,exact,True,True,R0019;R0054;R0060;R0064;R0072;R0081;R0083;R0086;R0096;R0097,35
144,-1,exact,True,True,R0124;R0135;R0154;R0158;R0169;R0196;R0197;R0212;R0216;R0224,48
145,-1,exact,True,True,R0069;R0073;R0108;R0117;R0126;R0158;R0164;R0194;R0197;R0224,93
146,-1,exact,True,True,R0069;R0073;R0108;R0117;R0124;R0126;R0140;R0143;R0158;R0164,86
147,-1,exact,True,True,R0069;R0073;R0148;R0158;R0170;R0187;R0188;R0197;R0225;R0229,26
148,-1,exact,True,True,R0277;R0297;R0302;R0303;R0304;R0308;R0311;R0314;R0315;R0317,240
149,-1,exact,True,True,R0222;R0414;R0423;R0454;R0456;R0458;R0459;R0491;R0492;R0493,17
150,-1,exact,True,True,R0252;R0297;R0300;R0302;R0303;R0304;R0305;R0306;R0308;R0311,248
151,-1,exact,True,True,R0252;R0256;R0277;R0297;R0302;R0303;R0304;R0305;R0308;R0311,222
152,-1,exact,True,True,R0054;R0060;R0064;R0081;R0083;R0086;R0096;R0097;R0098;R0099,37
153,-1,exact,True,True,R0029;R0109;R0136;R0138;R0142;R0153;R0159;R0171;R0174;R0175,41
154,-1,exact,True,True,R0074;R0166;R0183;R0217;R0258;R0260;R0267;R0273;R0279;R0288,14
155,-1,exact,True,True,R0024;R0063;R0070;R0071;R0076;R0077;R0080;R0082;R0087;R0091,69
156,-1,exact,True,True,R0068;R0096;R0097;R0098;R0099;R0100;R0101;R0102;R0155;R0180,14
157,662,exact,False,False,R0005;R0027;R0288;R0291,4
158,-1,exact,True,True,R0089;R0203;R0238;R0257;R0262;R0265;R0286;R0291;R0309;R0355,11
159,-1,exact,True,True,R0047;R0127;R0190;R0281;R0440,5
160,-1,exact,True,True,R0111;R0131;R0150;R0180,4
161,661,exact,False,False,R0007;R0011;R0265;R0291;R0309;R0355;R0441,7
162,661,exact,False,False,R0003;R0007;R0072;R0131;R0265;R0291;R0309;R0355;R0441,9
163,661,exact,False,False,R0003;R0007;R0011;R0253,4
164,-1,exact,True,True,R0025;R0034;R0058;R0066;R0085;R0086;R0088;R0094;R0103;R0104,55
165,-1,exact,True,True,R0066;R0094;R0103;R0104;R0105;R0106;R0107;R0114;R0115;R0116,59
166,-1,exact,True,True,R0082;R0085;R0091;R0094;R0103;R0104;R0105;R0106;R0107;R0114,46
167,-1,exact,True,True,R0081;R0083;R0086;R0090;R0111;R0119;R0121;R0137;R0151;R0152,34
168,-1,exact,True,True,R0027;R0078;R0113;R0157;R0160;R0161;R0170;R0187;R0188;R0217,19
169,-1,exact,True,True,R0079;R0082;R0091;R0129;R0138;R0141;R0152;R0167;R0168;R0174,27
170,-1,exact,True,True,R0027;R0078;R0113;R0157;R0160;R0161;R0163;R0167;R0168;R0170,23
171,-1,exact,True,True,R0074;R0166;R0228;R0231;R0238;R0240;R0241;R0257;R0260;R0265,27
172,144,exact,False,False,R0009;R0034;R0103;R0104;R0105;R0106;R0107;R0114;R0115;R0116,20
173,660,exact,False,False,R0011;R0025;R0034;R0055;R0085;R0086;R0094;R0103;R0104;R0105,44
174,-1,exact,True,True,R0034;R0066;R0085;R0094;R0103;R0104;R0105;R0106;R0107;R0113,52
175,-1,exact,True,True,R0034;R0066;R0085;R0088;R0094;R0113;R0128;R0178;R0179;R0193,34
176,-1,exact,True,True,R0236;R0580,2
177,-1,exact,True,True,R0069;R0073;R0075;R0093;R0108;R0117;R0126;R0130;R0158;R0164,111
178,-1,exact,True,True,R0069;R0073;R0108;R0117;R0126;R0158;R0164;R0170;R0187;R0188,103
179,-1,exact,True,True,R0027;R0074;R0078;R0113;R0157;R0160;R0161;R0170;R0187;R0188,27
180,-1,exact,True,True,R0065;R0067;R0095;R0109;R0123;R0136;R0142;R0149;R0153;R0159,71
181,-1,exact,True,True,R0029;R0068;R0071;R0076;R0077;R0087;R0166;R0199;R0237;R0262,13
182,-1,exact,True,True,R0056;R0067;R0123;R0136;R0142;R0147;R0153;R0159;R0181;R0202,44
183,-1,exact,True,True,R0063;R0068;R0070;R0071;R0076;R0077;R0080;R0087;R0122;R0136,51
184,-1,exact,True,True,R0014;R0019;R0060;R0064;R0069;R0072;R0073;R0081;R0083;R0086,43
185,-1,exact,True,True,R0069;R0075;R0084;R0089;R0124;R0127;R0140;R0212;R0220;R0232,32
186,-1,exact,True,True,R0089;R0203;R0236;R0239;R0261;R0285;R0286;R0292;R0306;R0312,18
187,-1,exact,True,True,R0027;R0047;R0127;R0166;R0281;R0288,6
188,-1,exact,True,True,R0154;R0158;R0164;R0166;R0169;R0194;R0216;R0223;R0228;R0248,19
189,-1,exact,True,True,R0043;R0182;R0192;R0203;R0227;R0245;R0246;R0259;R0276;R0284,13
190,-1,exact,True,True,R0029;R0108;R0138;R0142;R0147;R0149;R0153;R0159;R0164;R0166,34
191,-1,exact,True,True,R0056;R0067;R0123;R0136;R0138;R0142;R0147;R0149;R0153;R0159,38
192,626,exact,False,False,R0035;R0471;R0479;R0483;R0500;R0523;R0528;R0535;R0537;R0545,20
193,-1,exact,True,True,R0206;R0222;R0274;R0336;R0337;R0357;R0367;R0385;R0386;R0417,82
194,-1,exact,True,True,R0084;R0127;R0140;R0146;R0173;R0184;R0191;R0198;R0212;R0213,106
195,-1,exact,True,True,R0479;R0483;R0494;R0506;R0507;R0508;R0526;R0528;R0530;R0531,29
196,-1,exact,True,True,R0252;R0256;R0305;R0312;R0314;R0317;R0325;R0329;R0330;R0334,107
197,-1,exact,True,True,R0252;R0302;R0303;R0304;R0308;R0311;R0315;R0317;R0318;R0319,173
198,-1,exact,True,True,R0032;R0265,2
199,-1,exact,True,True,R0252;R0297;R0300;R0302;R0304;R0305;R0306;R0308;R0311;R0312,172
200,-1,exact,True,True,R0054;R0063;R0070;R0071;R0080;R0081;R0087;R0090;R0091;R0109,36
201,-1,exact,True,True,R0103;R0104;R0105;R0106;R0107;R0114;R0115;R0116;R0119;R0132,15
202,-1,exact,True,True,R0022;R0025;R0055;R0060;R0062;R0066;R0081;R0088;R0090;R0094,68
203,-1,exact,True,True,R0022;R0025;R0055;R0060;R0062;R0088;R0096;R0097;R0098;R0099,24
204,626,exact,False,False,R0035,1
205,-1,exact,True,True,R0206;R0274;R0277;R0297;R0322;R0336;R0337;R0338;R0339;R0350,91
206,-1,exact,True,True,R0300;R0314;R0320;R0335;R0340;R0350;R0351;R0352;R0361;R0362,99
207,-1,exact,True,True,R0140;R0206;R0212;R0274;R0277;R0292;R0297;R0322;R0338;R0339,68
208,-1,exact,True,True,R0277;R0297;R0302;R0303;R0311;R0314;R0315;R0317;R0318;R0319,198
209,-1,exact,True,True,R0256;R0297;R0302;R0303;R0304;R0308;R0311;R0314;R0315;R0317,215
210,-1,exact,True,True,R0252;R0277;R0297;R0302;R0303;R0304;R0305;R0308;R0311;R0314,243
211,-1,exact,True,True,R0256;R0302;R0303;R0304;R0311;R0315;R0317;R0318;R0323;R0324,85
212,-1,exact,True,True,R0127;R0198;R0261;R0271;R0278;R0283;R0285;R0292;R0310;R0476,15
213,-1,exact,True,True,R0136;R0147;R0235;R0259;R0284;R0483;R0511,7
214,-1,exact,True,True,R0056;R0065;R0067;R0123;R0136;R0142;R0147;R0149;R0153;R0159,61
215,-1,exact,True,True,R0043;R0182;R0227;R0245;R0246;R0259;R0284;R0451;R0495;R0511,11
216,-1,exact,True,True,R0016;R0160;R0161;R0258;R0267,5
217,-1,exact,True,True,R0173;R0206;R0330;R0456;R0499;R0536,6
218,-1,exact,True,True,R0046;R0196;R0268;R0501,4
219,-1,exact,True,True,R0084;R0135;R0154;R0196,4
220,-1,exact,True,True,R0027;R0065;R0074;R0095;R0109;R0123;R0138;R0149;R0166;R0183,33
221,-1,exact,True,True,R0063;R0070;R0071;R0080;R0087;R0091;R0109;R0136;R0138;R0142,44
222,-1,exact,True,True,R0063;R0070;R0071;R0076;R0077;R0080;R0082;R0087;R0091;R0109,55
223,-1,exact,True,True,R0071;R0076;R0077;R0087;R0091;R0109;R0138;R0156;R0166;R0174,26
224,-1,exact,True,True,R0120;R0184;R0191;R0206;R0213;R0274;R0300;R0305;R0312;R0358,24
225,-1,exact,True,True,R0084;R0089;R0191;R0203;R0233;R0236;R0262;R0265;R0282;R0286,20
226,-1,exact,True,True,R0140;R0173;R0191;R0206;R0212;R0277;R0460;R0461;R0462;R0475,22
227,-1,exact,True,True,R0127;R0261;R0284;R0285;R0292;R0307;R0476;R0479;R0494;R0545,13
228,-1,exact,True,True,R0056;R0065;R0203;R0241;R0262;R0286;R0309;R0355;R0441,9
229,-1,exact,True,True,R0117;R0171;R0183;R0202;R0217;R0247;R0258;R0260;R0263;R0266,41
230,-1,exact,True,True,R0056;R0123;R0136;R0142;R0147;R0149;R0153;R0159;R0181;R0202,38
231,-1,exact,True,True,R0067;R0095;R0109;R0123;R0135;R0136;R0138;R0142;R0153;R0159,32
232,-1,exact,True,True,R0052;R0075;R0237;R0259;R0264;R0313;R0344;R0395;R0414;R0451,13
233,281,fallback,False,False,,0
234,-1,exact,True,True,R0024;R0065;R0073;R0079;R0082;R0095;R0109;R0123;R0129;R0141,31
235,-1,exact,True,True,R0065;R0067;R0095;R0109;R0123;R0142;R0153;R0159;R0162;R0181,43
236,-1,exact,True,True,R0084;R0112;R0135;R0146;R0173;R0184;R0191;R0196;R0212;R0213,52
237,-1,exact,True,True,R0084;R0135;R0154;R0196;R0227;R0233;R0236,7
238,-1,exact,True,True,R0018;R0046;R0135;R0261;R0269;R0271;R0285;R0292;R0307;R0310,23
239,-1,exact,True,True,R0127;R0154;R0236;R0261;R0285;R0292;R0508;R0530;R0540;R0560,10
240,-1,exact,True,True,R0120;R0191;R0197;R0305;R0312,5
241,-1,exact,True,True,R0127;R0202;R0261;R0271;R0285;R0292;R0307;R0479;R0483;R0494,23
242,671,exact,False,False,R0008;R0021;R0037;R0042;R0048;R0049;R0125;R0169;R0176;R0232,14
243,-1,exact,True,True,R0043;R0068;R0190;R0202;R0237;R0238;R0247;R0253;R0257;R0261,47
244,-1,exact,True,True,R0043;R0093;R0130;R0146;R0173;R0184;R0191;R0197;R0198;R0213,113
245,-1,exact,True,True,R0069;R0148;R0197;R0250;R0264;R0268;R0282;R0305;R0313;R0498,18
246,-1,exact,True,True,R0084;R0127;R0140;R0154;R0173;R0184;R0191;R0212;R0213;R0233,48
247,-1,exact,True,True,R0197;R0198;R0224;R0244;R0250;R0261;R0264;R0268;R0278;R0281,42
248,-1,exact,True,True,R0034;R0085;R0094;R0103;R0104;R0105;R0106;R0107;R0114;R0115,51
249,-1,exact,True,True,R0094;R0103;R0104;R0105;R0106;R0107;R0114;R0115;R0116;R0119,31
250,-1,exact,True,True,R0066;R0085;R0094;R0103;R0104;R0105;R0106;R0107;R0114;R0115,49
251,-1,exact,True,True,R0034;R0066;R0085;R0094;R0103;R0104;R0105;R0106;R0107;R0114,60
252,-1,exact,True,True,R0014;R0019;R0060;R0096;R0097;R0098;R0099;R0100;R0101;R0102,14
253,662,exact,False,False,R0005;R0071;R0095;R0111;R0127;R0131;R0150;R0234;R0288,9
254,-1,exact,True,True,R0019;R0054;R0060;R0064;R0081;R0083;R0086;R0096;R0097;R0098,29
255,-1,exact,True,True,R0055;R0062;R0064;R0081;R0083;R0086;R0090;R0096;R0097;R0098,38
256,-1,exact,True,True,R0024;R0082;R0095;R0109;R0123;R0129;R0142;R0153;R0159;R0160,26
257,-1,exact,True,True,R0025;R0086;R0157;R0160;R0161;R0170;R0187;R0188;R0193;R0207,22
258,-1,exact,True,True,R0074;R0157;R0160;R0161;R0170;R0187;R0188;R0226;R0229;R0279,11
259,-1,exact,True,True,R0018;R0021;R0023;R0037;R0044;R0049;R0117;R0202;R0247;R0260,42
260,-1,exact,True,True,R0025;R0055;R0060;R0062;R0064;R0066;R0072;R0081;R0083;R0085,82
261,-1,exact,True,True,R0078;R0085;R0094;R0103;R0104;R0105;R0106;R0107;R0114;R0115,37
262,-1,exact,True,True,R0025;R0034;R0055;R0060;R0062;R0064;R0066;R0072;R0081;R0083,52
263,-1,exact,True,True,R0034;R0058;R0066;R0078;R0085;R0094;R0103;R0104;R0105;R0106,63
264,-1,exact,True,True,R0066;R0070;R0080;R0091;R0094;R0103;R0104;R0105;R0106;R0107,56
265,-1,exact,True,True,R0066;R0085;R0094;R0103;R0104;R0105;R0106;R0107;R0114;R0115,46
266,-1,exact,True,True,R0029;R0066;R0070;R0076;R0077;R0080;R0082;R0085;R0091;R0094,68
267,-1,exact,True,True,R0066;R0094;R0103;R0104;R0105;R0106;R0107;R0114;R0115;R0116,53
268,-1,exact,True,True,R0093;R0130;R0197;R0222;R0246;R0269;R0308;R0310;R0344;R0346,79
269,-1,exact,True,True,R0052;R0093;R0130;R0146;R0173;R0184;R0191;R0197;R0198;R0213,113
270,-1,exact,True,True,R0120;R0173;R0184;R0191;R0213;R0274;R0299;R0300;R0305;R0306,100
271,-1,exact,True,True,R0033;R0120;R0222;R0274;R0300;R0306;R0323;R0336;R0337;R0344,91
272,-1,exact,True,True,R0304;R0311;R0314;R0315;R0317;R0324;R0325;R0329;R0330;R0334,143
273,-1,exact,True,True,R0274;R0297;R0322;R0325;R0329;R0336;R0337;R0338;R0339;R0344,104
274,-1,exact,True,True,R0252;R0297;R0300;R0302;R0303;R0304;R0305;R0306;R0308;R0311,248
275,-1,exact,True,True,R0252;R0304;R0305;R0308;R0311;R0314;R0317;R0320;R0324;R0325,162
276,-1,exact,True,True,R0053;R0073;R0108;R0117;R0158;R0162;R0164;R0169;R0177;R0192,114
277,-1,exact,True,True,R0173;R0191;R0206;R0277;R0305;R0330;R0356;R0414;R0423;R0454,34
278,-1,exact,True,True,R0120;R0173;R0184;R0191;R0206;R0213;R0274;R0300;R0306;R0323,90
279,-1,exact,True,True,R0166;R0228;R0231;R0238;R0240;R0241;R0253;R0257;R0260;R0265,27
280,-1,exact,True,True,R0222;R0252;R0300;R0305;R0306;R0308;R0312;R0323;R0344;R0353,79
281,-1,exact,True,True,R0093;R0146;R0173;R0182;R0191;R0197;R0233;R0245;R0282;R0344,36
282,-1,exact,True,True,R0069;R0073;R0108;R0117;R0140;R0143;R0158;R0164;R0169;R0194,65
283,-1,exact,True,True,R0069;R0075;R0148;R0177;R0182;R0197;R0238;R0241;R0250;R0257,30
284,-1,exact,True,True,R0023;R0026;R0030;R0037;R0041;R0042;R0044;R0048;R0049;R0084,90
285,-1,exact,True,True,R0026;R0036;R0041;R0042;R0045;R0048;R0050;R0173;R0176;R0191,20
286,-1,exact,True,True,R0021;R0044;R0048;R0108;R0117;R0158;R0164;R0170;R0187;R0188,56
287,-1,exact,True,True,R0020;R0021;R0026;R0030;R0036;R0041;R0042;R0044;R0045;R0048,106
288,501,exact,False,False,R0093,1
289,-1,exact,True,True,R0052;R0068;R0202;R0224;R0245;R0246;R0261;R0262;R0269;R0276,46
290,-1,exact,True,True,R0046;R0093;R0130;R0146;R0173;R0184;R0191;R0197;R0198;R0213,107
291,-1,exact,True,True,R0093;R0126;R0130;R0146;R0197;R0198;R0224;R0242;R0244;R0246,116
292,-1,exact,True,True,R0039;R0040;R0059;R0061;R0092;R0112;R0134;R0144;R0145;R0196,224
293,-1,exact,True,True,R0031;R0059;R0144;R0145;R0222;R0277;R0319;R0330;R0353;R0356,55
294,577,exact,False,False,R0135,1
295,-1,exact,True,True,R0269;R0319;R0471;R0477;R0483;R0511;R0535;R0562;R0568,9
296,-1,exact,True,True,R0196;R0206;R0325;R0329;R0330;R0350;R0356;R0392;R0393;R0400,51
297,-1,exact,True,True,R0196;R0314;R0335;R0340;R0350;R0351;R0352;R0361;R0362;R0363,86
298,-1,exact,True,True,R0302;R0304;R0311;R0315;R0318;R0324;R0333;R0338;R0341;R0347,60
299,-1,exact,True,True,R0196;R0325;R0329;R0350;R0392;R0393;R0414;R0421;R0423;R0430,30
300,-1,exact,True,True,R0256;R0277;R0314;R0317;R0325;R0329;R0330;R0334;R0335;R0340,105
301,-1,exact,True,True,R0252;R0297;R0300;R0302;R0303;R0304;R0305;R0306;R0308;R0312,222
302,-1,exact,True,True,R0256;R0274;R0322;R0338;R0339;R0357;R0360;R0367;R0383;R0384,28
303,-1,exact,True,True,R0297;R0300;R0302;R0303;R0304;R0306;R0308;R0311;R0314;R0315,241
304,-1,exact,True,True,R0252;R0297;R0300;R0302;R0303;R0304;R0305;R0306;R0308;R0311,248
305,-1,exact,True,True,R0256;R0306;R0311;R0312;R0324;R0338;R0341;R0342;R0351;R0352,36
306,-1,exact,True,True,R0300;R0302;R0303;R0304;R0308;R0317;R0318;R0319;R0320;R0322,65
307,-1,exact,True,True,R0297;R0302;R0304;R0308;R0315;R0318;R0319;R0320;R0322;R0325,137
308,-1,exact,True,True,R0225;R0256;R0302;R0303;R0304;R0308;R0311;R0315;R0317;R0318,154
309,-1,exact,True,True,R0256;R0314;R0317;R0325;R0329;R0330;R0334;R0335;R0340;R0347,104
310,-1,exact,True,True,R0297;R0300;R0302;R0306;R0315;R0318;R0319;R0320;R0322;R0325,116
311,-1,exact,True,True,R0252;R0297;R0300;R0302;R0304;R0305;R0306;R0308;R0311;R0312,172
312,-1,exact,True,True,R0056;R0136;R0147;R0202;R0235;R0247;R0261;R0275;R0285;R0289,27
313,-1,exact,True,True,R0029;R0109;R0136;R0138;R0142;R0149;R0153;R0159;R0165;R0172,49
314,-1,exact,True,True,R0043;R0198;R0203;R0259;R0261;R0262;R0269;R0284;R0285;R0286,35
315,-1,exact,True,True,R0109;R0136;R0138;R0142;R0149;R0153;R0159;R0165;R0166;R0172,30
316,586,exact,False,False,R0012;R0071;R0082;R0087;R0091;R0109;R0129;R0152;R0157;R0160,33
317,-1,exact,True,True,R0082;R0085;R0090;R0091;R0094;R0103;R0104;R0105;R0106;R0107,46
318,-1,exact,True,True,R0024;R0152;R0160;R0161;R0163;R0167;R0168;R0170;R0185;R0186,26
319,586,exact,False,False,R0012;R0013;R0042;R0044;R0056;R0079;R0082;R0123;R0129;R0138,28
320,-1,exact,True,True,R0225;R0302;R0303;R0304;R0308;R0311;R0315;R0317;R0318;R0319,166
321,-1,exact,True,True,R0146;R0173;R0184;R0191;R0198;R0213;R0233;R0259;R0261;R0282,98
322,-1,exact,True,True,R0277;R0297;R0302;R0303;R0304;R0308;R0311;R0314;R0315;R0317,240
323,-1,exact,True,True,R0039;R0040;R0059;R0061;R0092;R0112;R0134;R0144;R0145;R0256,226
324,-1,exact,True,True,R0027;R0078;R0113;R0157;R0160;R0161;R0170;R0187;R0188;R0217,18
325,-1,exact,True,True,R0053;R0162;R0265;R0292;R0300;R0406;R0418,7
326,-1,exact,True,True,R0053;R0069;R0075;R0089;R0143;R0154;R0169;R0177;R0182;R0212,52
327,-1,exact,True,True,R0052;R0053;R0162;R0184;R0192;R0213;R0224;R0236;R0239;R0245,52
328,-1,exact,True,True,R0043;R0053;R0089;R0162;R0169;R0177;R0192;R0198;R0203;R0224,95
329,-1,exact,True,True,R0043;R0146;R0173;R0184;R0191;R0197;R0198;R0213;R0224;R0233,97
330,-1,exact,True,True,R0043;R0069;R0075;R0177;R0198;R0224;R0237;R0242;R0244;R0246,84
331,-1,exact,True,True,R0043;R0182;R0192;R0236;R0245;R0246;R0249;R0259;R0284;R0495,14
332,-1,exact,True,True,R0198;R0259;R0261;R0262;R0269;R0285;R0299;R0300;R0310;R0323,32
333,-1,exact,True,True,R0274;R0344;R0395;R0414;R0451;R0458;R0459;R0466;R0471;R0477,57
334,-1,exact,True,True,R0026;R0036;R0039;R0040;R0041;R0044;R0045;R0048;R0051;R0059,134
335,-1,exact,True,True,R0277;R0297;R0302;R0303;R0304;R0311;R0314;R0315;R0317;R0318,124
336,-1,exact,True,True,R0075;R0108;R0117;R0126;R0158;R0164;R0177;R0194;R0197;R0218,104
337,-1,exact,True,True,R0018;R0074;R0117;R0183;R0202;R0217;R0258;R0260;R0263;R0266,22
338,-1,exact,True,True,R0053;R0069;R0073;R0075;R0108;R0117;R0124;R0126;R0158;R0162,147
339,-1,exact,True,True,R0089;R0162;R0203;R0238;R0241;R0257;R0262;R0265;R0286;R0291,13
340,-1,exact,True,True,R0029;R0063;R0070;R0071;R0076;R0077;R0080;R0087;R0091;R0109,59
341,-1,exact,True,True,R0071;R0076;R0077;R0087;R0091;R0109;R0174;R0175;R0183;R0193,23
342,-1,exact,True,True,R0063;R0070;R0071;R0076;R0077;R0080;R0087;R0091;R0109;R0119,50
343,-1,exact,True,True,R0029;R0063;R0070;R0071;R0076;R0077;R0080;R0087;R0091;R0109,69
344,-1,exact,True,True,R0148;R0203;R0239;R0241;R0244;R0261;R0285;R0343;R0406;R0437,23
345,-1,exact,True,True,R0173;R0191;R0206;R0277;R0330;R0356;R0414;R0423;R0454;R0456,33
346,-1,exact,True,True,R0222;R0305;R0344;R0371;R0414;R0417;R0423;R0454;R0456;R0458,26
347,-1,exact,True,True,R0043;R0093;R0146;R0173;R0182;R0191;R0197;R0227;R0233;R0245,44
348,-1,exact,True,True,R0085;R0094;R0103;R0104;R0105;R0106;R0107;R0114;R0115;R0116,14
349,-1,exact,True,True,R0034;R0078;R0085;R0094;R0103;R0104;R0105;R0106;R0107;R0113,50
350,-1,exact,True,True,R0034;R0058;R0066;R0078;R0085;R0094;R0103;R0104;R0105;R0106,63
351,-1,exact,True,True,R0025;R0055;R0060;R0062;R0064;R0066;R0072;R0081;R0083;R0085,74
352,-1,exact,True,True,R0053;R0108;R0117;R0158;R0162;R0164;R0169;R0171;R0177;R0183,107
353,-1,exact,True,True,R0126;R0146;R0198;R0244;R0247;R0250;R0259;R0261;R0264;R0275,101
354,-1,exact,True,True,R0073;R0108;R0117;R0124;R0126;R0140;R0158;R0164;R0169;R0192,108
355,-1,exact,True,True,R0092;R0108;R0117;R0135;R0158;R0164;R0169;R0192;R0194;R0216,65
356,626,exact,False,False,R0035;R0506;R0508;R0530;R0538;R0540;R0560;R0572,8
357,-1,exact,True,True,R0084;R0135;R0191;R0196;R0233;R0236;R0282;R0460;R0461;R0462,16
358,-1,exact,True,True,R0124;R0139;R0216;R0255;R0277;R0290;R0321,7
359,-1,exact,True,True,R0084;R0127;R0140;R0212;R0222;R0277;R0282;R0460;R0461;R0462,23
360,-1,exact,True,True,R0052;R0068;R0127,3
361,-1,exact,True,True,R0033;R0093;R0120;R0130;R0197;R0222;R0224;R0246;R0269;R0274,107
362,-1,exact,True,True,R0274;R0297;R0322;R0325;R0329;R0336;R0337;R0338;R0339;R0360,89
363,-1,exact,True,True,R0033;R0120;R0222;R0274;R0300;R0305;R0306;R0312;R0323;R0336,66
364,-1,exact,True,True,R0277;R0297;R0302;R0303;R0304;R0308;R0311;R0314;R0315;R0317,240
365,-1,exact,True,True,R0252;R0297;R0300;R0302;R0303;R0304;R0305;R0306;R0308;R0311,248
366,-1,exact,True,True,R0308;R0311;R0318;R0320;R0322;R0324;R0338;R0339;R0341;R0360,64
367,-1,exact,True,True,R0252;R0297;R0302;R0303;R0305;R0314;R0317;R0318;R0319;R0320,152
368,661,exact,False,False,R0007;R0027;R0054;R0238;R0253;R0257;R0309;R0355;R0441,9
369,661,exact,False,False,R0003;R0007;R0011;R0265;R0291;R0309;R0355;R0441,8
370,661,exact,False,False,R0007;R0014;R0069;R0072;R0131;R0238;R0257;R0309;R0355;R0441,10
371,-1,exact,True,True,R0054;R0127;R0288;R0440,4
372,-1,exact,True,True,R0056;R0065;R0067;R0123;R0136;R0142;R0147;R0149;R0153;R0159,67
373,-1,exact,True,True,R0171;R0217;R0231;R0238;R0241;R0247;R0254;R0257;R0269;R0270,39
374,-1,exact,True,True,R0043;R0202;R0203;R0261;R0262;R0269;R0284;R0285;R0286;R0299,35
375,-1,exact,True,True,R0203;R0238;R0241;R0257;R0262;R0286;R0309;R0355;R0441,9
376,-1,exact,True,True,R0297;R0300;R0302;R0303;R0304;R0306;R0308;R0311;R0314;R0315,241
377,-1,exact,True,True,R0256;R0314;R0317;R0325;R0329;R0330;R0334;R0335;R0340;R0347,104
378,-1,exact,True,True,R0297;R0302;R0303;R0314;R0317;R0319;R0325;R0329;R0330;R0331,131
379,-1,exact,True,True,R0277;R0297;R0302;R0303;R0304;R0308;R0311;R0314;R0315;R0317,240
380,161,exact,False,False,R0018;R0198;R0202;R0247;R0259;R0261;R0269;R0271;R0275;R0283,32
381,-1,exact,True,True,R0038;R0071;R0087;R0091;R0109;R0119;R0121;R0137;R0139;R0174,20
382,-1,exact,True,True,R0117;R0135;R0171;R0183;R0190;R0202;R0217;R0228;R0247;R0258,45
383,22,exact,False,False,R0010;R0162;R0262;R0265;R0291;R0309;R0418,7
384,-1,exact,True,True,R0252;R0300;R0304;R0305;R0306;R0308;R0311;R0312;R0314;R0315,211
385,-1,exact,True,True,R0140;R0206;R0212;R0222;R0277;R0460;R0461;R0462;R0475;R0486,21
386,-1,exact,True,True,R0040;R0059;R0144;R0145;R0200;R0314;R0317;R0320;R0322;R0325,160
387,-1,exact,True,True,R0256;R0277;R0297;R0303;R0308;R0311;R0314;R0315;R0318;R0320,169
388,-1,exact,True,True,R0297;R0302;R0304;R0308;R0311;R0315;R0318;R0319;R0320;R0322,163
389,-1,exact,True,True,R0297;R0302;R0304;R0308;R0311;R0315;R0318;R0319;R0320;R0322,163
390,-1,exact,True,True,R0297;R0300;R0302;R0303;R0304;R0306;R0308;R0311;R0314;R0315,241
391,-1,exact,True,True,R0300;R0302;R0304;R0306;R0308;R0311;R0315;R0318;R0319;R0320,121
392,-1,exact,True,True,R0074;R0166;R0183;R0217;R0258;R0260;R0263;R0267;R0273;R0279,15
393,-1,exact,True,True,R0078;R0085;R0094;R0103;R0104;R0105;R0106;R0107;R0113;R0114,48
394,-1,exact,True,True,R0121;R0137;R0163;R0166;R0260;R0263;R0273;R0293;R0294;R0295,11
395,-1,exact,True,True,R0125;R0139;R0183;R0190;R0217;R0226;R0228;R0258;R0260;R0267,18
396,-1,exact,True,True,R0034;R0078;R0085;R0094;R0103;R0104;R0105;R0106;R0107;R0114,16
397,-1,exact,True,True,R0085;R0094;R0103;R0104;R0105;R0106;R0107;R0114;R0115;R0116,44
398,-1,exact,True,True,R0034;R0066;R0085;R0094;R0103;R0104;R0105;R0106;R0107;R0114,72
399,-1,exact,True,True,R0078;R0085;R0094;R0103;R0104;R0105;R0106;R0107;R0114;R0115,37
400,-1,exact,True,True,R0034;R0066;R0085;R0094;R0103;R0104;R0105;R0106;R0107;R0113,55
401,-1,exact,True,True,R0034;R0058;R0066;R0078;R0085;R0094;R0103;R0104;R0105;R0106,64
402,-1,exact,True,True,R0034;R0058;R0066;R0078;R0085;R0094;R0103;R0104;R0105;R0106,55
403,-1,exact,True,True,R0068;R0089;R0162;R0202;R0253;R0261;R0262;R0265;R0271;R0284,35
404,-1,exact,True,True,R0252;R0277;R0297;R0302;R0303;R0304;R0305;R0308;R0311;R0314,243
405,-1,exact,True,True,R0225;R0308;R0319;R0353;R0471;R0477;R0500;R0525;R0528;R0535,24
406,-1,exact,True,True,R0252;R0277;R0297;R0302;R0303;R0304;R0305;R0308;R0311;R0314,243
407,-1,exact,True,True,R0206;R0256;R0274;R0297;R0300;R0306;R0322;R0336;R0337;R0338,99
408,-1,exact,True,True,R0120;R0274;R0300;R0306;R0322;R0323;R0338;R0339;R0342;R0350,74
409,-1,exact,True,True,R0059;R0144;R0145;R0200;R0314;R0317;R0325;R0329;R0330;R0334,125
410,-1,exact,True,True,R0040;R0112;R0134;R0144;R0145;R0277;R0297;R0303;R0308;R0314,165
411,-1,exact,True,True,R0039;R0040;R0061;R0092;R0134;R0302;R0303;R0304;R0311;R0315,92
412,-1,exact,True,True,R0034;R0058;R0066;R0078;R0085;R0094;R0103;R0104;R0105;R0106,64
413,22,exact,False,False,R0010;R0057;R0125;R0127;R0281;R0288;R0440,7
414,-1,exact,True,True,R0058;R0066;R0078;R0085;R0086;R0094;R0103;R0104;R0105;R0106,47
415,-1,exact,True,True,R0066;R0122;R0152;R0163;R0165;R0167;R0168;R0170;R0185;R0186,41
416,-1,exact,True,True,R0034;R0066;R0070;R0076;R0077;R0080;R0091;R0122;R0136;R0142,82
417,-1,exact,True,True,R0056;R0067;R0123;R0135;R0136;R0142;R0147;R0153;R0159;R0181,38
418,-1,exact,True,True,R0063;R0070;R0071;R0076;R0077;R0080;R0087;R0091;R0109;R0122,69
419,-1,exact,True,True,R0029;R0073;R0079;R0109;R0136;R0138;R0141;R0142;R0149;R0153,54
420,-1,exact,True,True,R0203;R0286,2
421,-1,exact,True,True,R0053;R0069;R0073;R0075;R0108;R0117;R0158;R0162;R0164;R0169,120
422,-1,exact,True,True,R0056;R0065,2
423,-1,exact,True,True,R0029;R0056;R0065;R0067;R0108;R0123;R0138;R0142;R0147;R0149,56
424,-1,exact,True,True,R0182;R0227;R0245;R0580,4
425,-1,exact,True,True,R0061;R0092;R0184;R0198;R0213;R0225;R0259;R0261;R0285;R0299,61
426,714,fallback,False,False,,0
427,542,exact,False,False,R0225,1
428,-1,exact,True,True,R0039;R0040;R0059;R0061;R0092;R0112;R0134;R0144;R0145;R0277,246
429,-1,exact,True,True,R0039;R0092;R0302;R0303;R0304;R0308;R0317;R0318;R0319;R0320,74
430,-1,exact,True,True,R0031;R0059;R0144;R0145;R0196;R0200;R0222;R0330;R0353;R0356,46
431,-1,exact,True,True,R0039;R0059;R0061;R0092;R0112;R0134;R0144;R0145;R0277;R0304,155
432,-1,exact,True,True,R0014;R0019;R0060;R0096;R0097;R0098;R0099;R0100;R0101;R0102,14
433,317,exact,False,False,R0004;R0022;R0081;R0111;R0118;R0131;R0150;R0180;R0195;R0201,16
434,-1,exact,True,True,R0073;R0078;R0086;R0157;R0158;R0170;R0177;R0187;R0188;R0197,26
435,-1,exact,True,True,R0017;R0019;R0054;R0060;R0064;R0072;R0073;R0081;R0083;R0086,40
436,-1,exact,True,True,R0206;R0277,2
437,-1,exact,True,True,R0039;R0040;R0059;R0061;R0112;R0134;R0144;R0145;R0200;R0297,221
438,-1,exact,True,True,R0093;R0120;R0130;R0246;R0274;R0300;R0344;R0346;R0354;R0395,27
439,-1,exact,True,True,R0277;R0314;R0335;R0340;R0350;R0351;R0352;R0361;R0362;R0363,86
440,226,exact,False,False,R0078,1
441,-1,exact,True,True,R0262;R0286;R0312,3
442,-1,exact,True,True,R0069;R0073;R0075;R0113;R0124;R0148;R0162;R0212;R0216;R0228,64
443,-1,exact,True,True,R0127;R0140;R0154;R0184;R0213;R0236;R0239;R0261;R0285;R0292,17
444,-1,exact,True,True,R0059;R0222;R0353;R0387;R0414;R0423;R0454;R0456;R0458;R0459,21
445,-1,exact,True,True,R0196;R0225;R0297;R0302;R0304;R0308;R0311;R0315;R0318;R0319,159
446,-1,exact,True,True,R0031;R0059;R0144;R0145;R0196;R0200;R0222;R0330;R0353;R0356,46
447,-1,exact,True,True,R0277;R0297;R0302;R0303;R0314;R0317;R0319;R0325;R0329;R0330,137
448,-1,exact,True,True,R0228;R0231;R0240;R0241;R0254;R0257;R0260;R0266;R0270;R0272,40
449,-1,exact,True,True,R0073;R0143;R0166;R0220;R0228;R0260;R0273;R0293;R0294;R0295,12
450,-1,exact,True,True,R0056;R0065;R0074;R0123;R0138;R0149;R0166;R0228;R0234;R0241,21
451,-1,exact,True,True,R0043;R0053;R0089;R0162;R0169;R0177;R0192;R0203;R0224;R0232,65
452,-1,exact,True,True,R0252;R0256;R0297;R0300;R0302;R0303;R0304;R0305;R0306;R0308,204
453,-1,exact,True,True,R0256;R0300;R0304;R0308;R0317;R0320;R0329;R0333;R0334;R0347,83
454,-1,exact,True,True,R0300;R0303;R0308;R0318;R0320;R0322;R0323;R0324;R0331;R0339,56
455,-1,exact,True,True,R0256;R0297;R0300;R0302;R0303;R0314;R0317;R0318;R0319;R0320,133
456,-1,exact,True,True,R0297;R0302;R0304;R0308;R0311;R0315;R0318;R0319;R0320;R0322,162
457,-1,exact,True,True,R0252;R0300;R0302;R0303;R0304;R0306;R0308;R0311;R0312;R0315,179
458,-1,exact,True,True,R0256;R0302;R0303;R0304;R0306;R0311;R0315;R0317;R0318;R0323,90
459,-1,exact,True,True,R0297;R0302;R0303;R0304;R0308;R0311;R0314;R0315;R0317;R0318,240
460,-1,exact,True,True,R0056;R0067;R0073;R0079;R0108;R0123;R0136;R0141;R0142;R0147,73
461,-1,exact,True,True,R0108;R0117;R0158;R0164;R0169;R0177;R0192;R0194;R0202;R0216,91
462,-1,exact,True,True,R0067;R0069;R0073;R0079;R0123;R0136;R0141;R0142;R0149;R0153,47
463,-1,exact,True,True,R0073;R0124;R0140;R0148;R0154;R0158;R0169;R0177;R0197;R0216,58
464,-1,exact,True,True,R0256;R0302;R0303;R0304;R0308;R0311;R0315;R0317;R0318;R0319,159
465,-1,exact,True,True,R0303;R0318;R0331;R0341;R0359;R0360;R0370;R0372;R0375;R0404,15
466,-1,exact,True,True,R0297;R0302;R0304;R0308;R0311;R0315;R0318;R0319;R0320;R0322,143
467,-1,exact,True,True,R0252;R0256;R0277;R0297;R0302;R0303;R0304;R0305;R0308;R0314,197
468,-1,exact,True,True,R0120;R0206;R0256;R0274;R0300;R0305;R0312;R0358;R0367;R0383,37
469,-1,exact,True,True,R0252;R0277;R0304;R0305;R0308;R0311;R0314;R0315;R0317;R0320,207
470,-1,exact,True,True,R0032;R0252;R0302;R0318;R0319;R0320;R0322;R0333;R0334;R0339,26
471,-1,exact,True,True,R0252;R0256;R0297;R0300;R0302;R0303;R0305;R0312;R0314;R0317,138
472,-1,exact,True,True,R0127;R0227,2
473,-1,exact,True,True,R0113;R0157;R0170;R0187;R0188;R0226;R0229;R0231;R0238;R0241,26
474,-1,exact,True,True,R0038;R0057;R0124;R0125;R0135;R0139;R0158;R0169;R0196;R0197,23
475,-1,exact,True,True,R0052;R0177;R0268;R0276;R0281;R0349;R0501,7
476,-1,exact,True,True,R0256;R0277;R0297;R0302;R0303;R0314;R0315;R0317;R0318;R0319,167
477,-1,exact,True,True,R0196;R0206;R0222;R0330;R0356;R0414;R0423;R0454;R0456;R0458,32
478,-1,exact,True,True,R0031;R0222;R0277;R0330;R0344;R0353;R0356;R0371;R0387;R0408,50
479,-1,exact,True,True,R0120;R0206;R0274;R0277;R0297;R0306;R0322;R0338;R0339;R0350,67
480,-1,exact,True,True,R0074;R0079;R0123;R0138;R0141;R0143;R0166;R0220;R0234;R0279,12
481,-1,exact,True,True,R0043;R0126;R0146;R0192;R0197;R0198;R0224;R0239;R0242;R0244,88
482,-1,exact,True,True,R0056;R0065;R0147;R0203;R0241;R0511,6
483,-1,exact,True,True,R0109;R0136;R0142;R0149;R0153;R0159;R0165;R0171;R0172;R0174,48
484,-1,exact,True,True,R0032;R0252;R0302;R0303;R0304;R0308;R0314;R0317;R0318;R0319,64
485,-1,exact,True,True,R0297;R0300;R0303;R0305;R0306;R0308;R0311;R0312;R0314;R0315,190
486,-1,exact,True,True,R0317;R0364;R0365;R0455;R0489,5
487,-1,exact,True,True,R0256;R0297;R0300;R0303;R0306;R0314;R0318;R0320;R0322;R0331,123
488,-1,exact,True,True,R0146;R0233;R0239;R0261;R0277;R0285;R0336;R0337;R0385;R0386,47
489,-1,exact,True,True,R0068;R0084;R0089;R0124;R0148;R0162;R0190;R0232;R0241;R0244,42
490,-1,exact,True,True,R0117;R0171;R0190;R0202;R0217;R0218;R0231;R0237;R0247;R0253,55
491,-1,exact,True,True,R0126;R0146;R0198;R0237;R0239;R0244;R0247;R0250;R0259;R0261,108
492,-1,exact,True,True,R0140;R0143;R0154;R0158;R0166;R0169;R0177;R0216;R0220;R0223,24
493,-1,exact,True,True,R0108;R0148;R0158;R0177;R0192;R0224;R0231;R0241;R0242;R0244,41
494,-1,exact,True,True,R0029;R0056;R0065;R0108;R0123;R0136;R0138;R0142;R0147;R0149,58
495,-1,exact,True,True,R0108;R0117;R0158;R0164;R0169;R0192;R0194;R0216;R0223;R0242,33
496,-1,exact,True,True,R0120;R0173;R0184;R0191;R0197;R0213;R0246;R0269;R0274;R0300,65
497,-1,exact,True,True,R0031;R0196;R0222;R0252;R0305;R0319;R0330;R0336;R0337;R0344,78
498,-1,exact,True,True,R0222;R0252;R0305;R0344;R0353;R0371;R0386;R0387;R0395;R0414,40
499,-1,exact,True,True,R0173;R0184;R0191;R0213;R0252;R0305;R0308;R0330;R0344;R0353,82
500,-1,exact,True,True,R0015;R0056;R0067;R0074;R0079;R0123;R0135;R0138;R0139;R0141,18
501,586,exact,False,False,R0012;R0071;R0082;R0087;R0091;R0109;R0129;R0136;R0142;R0152,41
502,586,exact,False,False,R0012;R0013;R0020;R0023;R0037;R0042;R0044;R0049;R0067;R0079,49
503,-1,exact,True,True,R0015;R0074;R0082;R0095;R0109;R0123;R0129;R0138;R0160;R0161,15
504,-1,exact,True,True,R0046;R0092;R0192;R0202;R0224;R0239;R0242;R0244;R0246;R0247,47
505,586,exact,False,False,R0012;R0074;R0095;R0109;R0123;R0136;R0142;R0153;R0159;R0166,21
506,-1,exact,True,True,R0084;R0135;R0144;R0145;R0154;R0196;R0200;R0227;R0233;R0236,10
507,-1,exact,True,True,R0093;R0130;R0146;R0173;R0184;R0191;R0197;R0198;R0213;R0224,105
508,-1,exact,True,True,R0058;R0066;R0078;R0085;R0094;R0103;R0104;R0105;R0106;R0107,47
509,-1,exact,True,True,R0078;R0119;R0121;R0137;R0152;R0157;R0160;R0161;R0163;R0167,30
510,-1,exact,True,True,R0078;R0119;R0121;R0137;R0152;R0156;R0157;R0160;R0161;R0163,31
511,-1,exact,True,True,R0078;R0082;R0085;R0091;R0094;R0103;R0104;R0105;R0106;R0107,46
512,-1,exact,True,True,R0014;R0017;R0019;R0084;R0096;R0097;R0098;R0099;R0100;R0101,29
513,-1,exact,True,True,R0019;R0046;R0096;R0097;R0098;R0099;R0100;R0101;R0102;R0111,14
514,19,exact,False,False,R0019;R0096;R0097;R0098;R0099;R0100;R0101;R0102;R0111;R0131,14
515,-1,exact,True,True,R0019;R0064;R0081;R0083;R0086;R0096;R0097;R0098;R0099;R0100,27
516,-1,exact,True,True,R0031;R0033;R0222;R0300;R0306;R0319;R0330;R0356;R0357;R0366,60
517,-1,exact,True,True,R0120;R0274;R0297;R0300;R0306;R0322;R0323;R0325;R0329;R0336,111
518,-1,exact,True,True,R0222;R0274;R0300;R0305;R0312;R0358;R0467;R0480;R0498;R0509,17
519,-1,exact,True,True,R0300;R0304;R0308;R0311;R0320;R0324;R0325;R0329;R0333;R0334,96
520,-1,exact,True,True,R0277;R0297;R0302;R0303;R0304;R0308;R0311;R0314;R0315;R0317,240
521,-1,exact,True,True,R0256;R0302;R0303;R0304;R0306;R0311;R0312;R0315;R0317;R0318,95
522,-1,exact,True,True,R0256;R0302;R0303;R0304;R0306;R0311;R0315;R0317;R0318;R0324,90
523,-1,exact,True,True,R0224;R0269;R0274;R0300;R0301;R0306;R0310;R0312;R0346;R0354,37
524,-1,exact,True,True,R0029;R0063;R0070;R0071;R0076;R0077;R0080;R0087;R0091;R0109,71
525,-1,exact,True,True,R0109;R0136;R0142;R0149;R0153;R0159;R0165;R0171;R0172;R0174,54
526,-1,exact,True,True,R0109;R0136;R0142;R0153;R0159;R0171;R0174;R0175;R0181;R0183,46
527,-1,exact,True,True,R0063;R0070;R0076;R0077;R0080;R0087;R0091;R0122;R0142;R0153,36
528,-1,exact,True,True,R0252;R0304;R0305;R0312;R0314;R0315;R0317;R0325;R0329;R0330,137
529,-1,exact,True,True,R0297;R0300;R0302;R0303;R0314;R0317;R0318;R0319;R0320;R0325,152
530,-1,exact,True,True,R0297;R0302;R0304;R0308;R0311;R0315;R0318;R0319;R0320;R0322,163
531,-1,exact,True,True,R0252;R0305;R0312;R0325;R0329;R0334;R0340;R0347;R0350;R0353,63
532,-1,exact,True,True,R0252;R0302;R0304;R0306;R0308;R0311;R0315;R0318;R0319;R0320,120
533,-1,exact,True,True,R0196;R0314;R0317;R0325;R0329;R0330;R0334;R0335;R0340;R0347,122
534,-1,exact,True,True,R0256;R0297;R0300;R0302;R0303;R0304;R0306;R0308;R0311;R0314,220
535,-1,exact,True,True,R0192;R0224;R0246;R0269;R0274;R0300;R0301;R0306;R0310;R0322,60
536,-1,exact,True,True,R0029;R0065;R0067;R0095;R0109;R0123;R0136;R0138;R0142;R0149,66
537,-1,exact,True,True,R0056;R0067;R0073;R0079;R0123;R0136;R0141;R0142;R0147;R0149,48
538,-1,exact,True,True,R0052;R0075;R0177;R0182;R0198;R0237;R0238;R0242;R0244;R0246,53
539,-1,exact,True,True,R0075;R0138;R0148;R0149;R0241;R0309;R0312;R0326;R0327;R0328,16
540,-1,exact,True,True,R0297;R0300;R0303;R0306;R0308;R0311;R0314;R0315;R0318;R0320,184
541,-1,exact,True,True,R0277;R0311;R0314;R0315;R0324;R0335;R0340;R0350;R0351;R0352,110
542,-1,exact,True,True,R0277;R0297;R0303;R0314;R0315;R0318;R0331;R0335;R0336;R0337,72
543,-1,exact,True,True,R0277;R0314;R0335;R0340;R0350;R0351;R0352;R0361;R0362;R0363,86
544,-1,exact,True,True,R0029;R0063;R0070;R0071;R0076;R0077;R0080;R0087;R0091;R0109,78
545,-1,exact,True,True,R0029;R0063;R0070;R0071;R0076;R0077;R0080;R0087;R0091;R0109,69
546,-1,exact,True,True,R0063;R0068;R0070;R0071;R0076;R0077;R0080;R0087;R0089;R0122,21
547,-1,exact,True,True,R0066;R0070;R0076;R0077;R0080;R0091;R0094;R0103;R0104;R0105,57
548,-1,exact,True,True,R0026;R0036;R0037;R0041;R0042;R0045;R0048;R0049;R0050;R0084,35
549,-1,exact,True,True,R0026;R0036;R0041;R0045;R0048;R0050;R0456,7
550,-1,exact,True,True,R0013;R0020;R0021;R0030;R0042;R0044;R0048;R0108;R0117;R0158,73
551,586,exact,False,False,R0012;R0036;R0037;R0044;R0045;R0049;R0051;R0074;R0092;R0095,28
552,-1,exact,True,True,R0039;R0040;R0059;R0061;R0092;R0112;R0134;R0144;R0145;R0196,245
553,-1,exact,True,True,R0026;R0036;R0041;R0045;R0048;R0059;R0144;R0145;R0256;R0314,55
554,671,exact,False,False,R0008;R0037;R0042;R0049;R0176,5
555,664,exact,False,False,R0001;R0011;R0135,3
556,-1,exact,True,True,R0024;R0117;R0160;R0161;R0170;R0171;R0187;R0188;R0190;R0217,44
557,-1,exact,True,True,R0046;R0084;R0092;R0112;R0135;R0146;R0182;R0184;R0191;R0192,62
558,-1,exact,True,True,R0073;R0113;R0124;R0139;R0216;R0228;R0240;R0250;R0255;R0265,34
559,-1,exact,True,True,R0108;R0117;R0135;R0158;R0164;R0169;R0194;R0202;R0216;R0224,66
560,-1,exact,True,True,R0066;R0074;R0139;R0166;R0214;R0226;R0228;R0231;R0240;R0241,31
561,-1,exact,True,True,R0068;R0148;R0190;R0241;R0253;R0286;R0312;R0355;R0441,9
562,-1,exact,True,True,R0053;R0117;R0202;R0218;R0228;R0231;R0237;R0238;R0240;R0253,57
563,-1,exact,True,True,R0203;R0233;R0239;R0261;R0285;R0366;R0406;R0437;R0452;R0508,14
564,-1,exact,True,True,R0066;R0074;R0162;R0166;R0214;R0228;R0231;R0238;R0240;R0255,31
565,-1,exact,True,True,R0027;R0074;R0113;R0160;R0161;R0170;R0187;R0188;R0190;R0217,26
566,-1,exact,True,True,R0066;R0085;R0094;R0103;R0104;R0105;R0106;R0107;R0113;R0114,57
567,22,exact,False,False,R0010;R0066;R0117;R0171;R0183;R0202;R0214;R0217;R0218;R0228,72
568,-1,exact,True,True,R0252;R0297;R0300;R0302;R0303;R0304;R0305;R0306;R0308;R0311,248
569,354,exact,False,False,R0017;R0222;R0414;R0423;R0454;R0456;R0458;R0459;R0491;R0492,18
570,-1,exact,True,True,R0196;R0206;R0222;R0225;R0274;R0330;R0336;R0337;R0344;R0356,107
571,-1,exact,True,True,R0206;R0222;R0274;R0277;R0336;R0337;R0357;R0367;R0385;R0386,82
572,-1,exact,True,True,R0146;R0184;R0191;R0192;R0197;R0198;R0213;R0224;R0233;R0239,76
573,-1,exact,True,True,R0196;R0206;R0222;R0225;R0274;R0336;R0337;R0357;R0367;R0385,53
574,-1,exact,True,True,R0093;R0130;R0146;R0173;R0184;R0191;R0197;R0198;R0213;R0224,109
575,-1,exact,True,True,R0073;R0108;R0117;R0158;R0164;R0169;R0192;R0194;R0216;R0224,79
576,-1,exact,True,True,R0206;R0222;R0274;R0277;R0305;R0330;R0336;R0337;R0344;R0356,114
577,-1,exact,True,True,R0252;R0256;R0297;R0300;R0302;R0303;R0304;R0305;R0306;R0308,227
578,-1,exact,True,True,R0092;R0112;R0134;R0144;R0145;R0200;R0206;R0222;R0274;R0336,88
579,-1,exact,True,True,R0252;R0297;R0300;R0302;R0303;R0304;R0305;R0306;R0308;R0311,248
580,-1,exact,True,True,R0020;R0030;R0039;R0040;R0059;R0061;R0092;R0112;R0134;R0144,245
581,-1,exact,True,True,R0039;R0040;R0059;R0061;R0112;R0134;R0144;R0145;R0277;R0297,208
582,-1,exact,True,True,R0039;R0040;R0059;R0061;R0092;R0112;R0134;R0144;R0145;R0277,246
583,-1,exact,True,True,R0471;R0479;R0483;R0494;R0500;R0528;R0535;R0537;R0545;R0546,19
584,-1,exact,True,True,R0069;R0075;R0084;R0089;R0124;R0126;R0146;R0162;R0198;R0212,107
585,-1,exact,True,True,R0047;R0127;R0202;R0269;R0271;R0278;R0307;R0310;R0479;R0483,16
586,-1,exact,True,True,R0084;R0089;R0154;R0162;R0173;R0184;R0191;R0212;R0213;R0233,63
587,-1,exact,True,True,R0146;R0184;R0191;R0203;R0213;R0233;R0239;R0259;R0261;R0282,53
588,-1,exact,True,True,R0027;R0068;R0262;R0309,4
589,-1,exact,True,True,R0089;R0148;R0162;R0203;R0232;R0239;R0241;R0244;R0261;R0262,34
590,-1,exact,True,True,R0052;R0224;R0239;R0245;R0261;R0262;R0276;R0285;R0306;R0366,16
591,-1,exact,True,True,R0203;R0227;R0262;R0286;R0312,5
592,-1,exact,True,True,R0063;R0068;R0070;R0071;R0076;R0077;R0080;R0087;R0122;R0136,51
593,-1,exact,True,True,R0029;R0034;R0070;R0076;R0077;R0080;R0103;R0104;R0105;R0106,37
594,-1,exact,True,True,R0136;R0172;R0235;R0247;R0261;R0271;R0275;R0284;R0285;R0289,27
595,-1,exact,True,True,R0029;R0063;R0068;R0070;R0071;R0076;R0077;R0080;R0087;R0122,36
596,-1,exact,True,True,R0053;R0089;R0198;R0203;R0262;R0265;R0271;R0283;R0286;R0300,17
597,-1,exact,True,True,R0073;R0113;R0124;R0162;R0216;R0228;R0240;R0244;R0250;R0254,63
598,-1,exact,True,True,R0047;R0227,2
599,-1,exact,True,True,R0206;R0222;R0274;R0277;R0330;R0356;R0357;R0367;R0385;R0414,50
600,-1,exact,True,True,R0300;R0302;R0303;R0304;R0308;R0317;R0318;R0319;R0320;R0322,75
601,-1,exact,True,True,R0196;R0225;R0297;R0302;R0303;R0304;R0308;R0311;R0314;R0315,235
602,-1,exact,True,True,R0277;R0297;R0302;R0303;R0304;R0308;R0311;R0314;R0315;R0317,240
603,-1,exact,True,True,R0304;R0308;R0320;R0322;R0324;R0333;R0334;R0341;R0348;R0353,35
604,-1,exact,True,True,R0093;R0130;R0197;R0224;R0225;R0246;R0269;R0274;R0297;R0301,113
605,-1,exact,True,True,R0120;R0206;R0274;R0297;R0300;R0306;R0322;R0323;R0325;R0329,144
606,-1,exact,True,True,R0256;R0297;R0300;R0302;R0303;R0306;R0311;R0314;R0315;R0317,182
607,-1,exact,True,True,R0020;R0021;R0026;R0030;R0036;R0041;R0042;R0044;R0045;R0048,58
608,-1,exact,True,True,R0253;R0262;R0286,3
609,-1,exact,True,True,R0022;R0054;R0055;R0060;R0062;R0072;R0081;R0088;R0090;R0096,55
610,-1,exact,True,True,R0113;R0139;R0149;R0228;R0240;R0255;R0265;R0272;R0291;R0309,20
611,-1,exact,True,True,R0109;R0142;R0149;R0153;R0159;R0165;R0166;R0172;R0174;R0175,41
612,-1,exact,True,True,R0225;R0252;R0256;R0277;R0297;R0302;R0303;R0304;R0305;R0308,218
613,-1,exact,True,True,R0120;R0184;R0191;R0206;R0213;R0274;R0277;R0357;R0367;R0385,40
614,-1,exact,True,True,R0303;R0318;R0320;R0322;R0331;R0339;R0341;R0357;R0359;R0360,34
615,-1,exact,True,True,R0196;R0225;R0256;R0297;R0302;R0303;R0304;R0308;R0311;R0314,214
616,-1,exact,True,True,R0043;R0093;R0130;R0146;R0173;R0184;R0191;R0197;R0198;R0213,121
617,-1,exact,True,True,R0277;R0297;R0303;R0308;R0311;R0314;R0315;R0318;R0320;R0322,183
618,-1,exact,True,True,R0093;R0130;R0197;R0252;R0300;R0305;R0312;R0320;R0325;R0329,82
619,-1,exact,True,True,R0269;R0310;R0354;R0358;R0406;R0471;R0476;R0479;R0480;R0483,26
620,13,exact,False,False,R0127,1
621,-1,exact,True,True,R0027;R0083;R0086;R0160;R0161;R0170;R0187;R0188;R0190;R0217,23
622,-1,exact,True,True,R0014;R0019;R0060;R0064;R0081;R0096;R0097;R0098;R0099;R0100,16
623,-1,exact,True,True,R0017;R0060;R0110;R0173;R0191;R0233;R0262;R0282;R0286;R0305,27
624,-1,exact,True,True,R0277;R0297;R0302;R0303;R0314;R0317;R0319;R0325;R0329;R0330,132
625,-1,exact,True,True,R0252;R0300;R0304;R0305;R0308;R0311;R0312;R0315;R0320;R0324,111
626,-1,exact,True,True,R0297;R0300;R0302;R0303;R0304;R0306;R0308;R0311;R0314;R0315,241
627,-1,exact,True,True,R0256;R0302;R0303;R0304;R0306;R0308;R0311;R0315;R0317;R0318,158
628,-1,exact,True,True,R0054;R0055;R0060;R0062;R0064;R0072;R0081;R0083;R0086;R0088,58
629,-1,exact,True,True,R0054;R0055;R0060;R0062;R0064;R0072;R0081;R0083;R0086;R0088,56
630,-1,exact,True,True,R0060;R0062;R0064;R0081;R0083;R0086;R0088;R0090;R0096;R0097,36
631,-1,exact,True,True,R0060;R0064;R0072;R0081;R0083;R0086;R0096;R0097;R0098;R0099,37
632,-1,exact,True,True,R0314;R0335;R0340;R0350;R0351;R0352;R0361;R0362;R0363;R0368,85
633,-1,exact,True,True,R0033;R0120;R0206;R0222;R0274;R0357;R0366;R0367;R0385;R0406,33
634,-1,exact,True,True,R0120;R0206;R0222;R0305;R0312;R0460;R0461;R0462;R0475;R0486,21
635,664,exact,False,False,R0001;R0120;R0206;R0212;R0222;R0265;R0460;R0461;R0462;R0475,22
636,-1,exact,True,True,R0256;R0297;R0300;R0303;R0305;R0306;R0312;R0314;R0315;R0318,133
637,-1,exact,True,True,R0252;R0256;R0297;R0300;R0302;R0303;R0305;R0306;R0312;R0314,168
638,-1,exact,True,True,R0206;R0256;R0274;R0277;R0297;R0322;R0336;R0337;R0338;R0339,98
639,-1,exact,True,True,R0252;R0297;R0300;R0302;R0303;R0304;R0305;R0306;R0308;R0311,248
640,-1,exact,True,True,R0252;R0297;R0300;R0302;R0303;R0304;R0305;R0306;R0308;R0311,248
641,-1,exact,True,True,R0252;R0256;R0277;R0297;R0302;R0303;R0304;R0305;R0308;R0311,222
642,-1,exact,True,True,R0302;R0303;R0304;R0308;R0311;R0315;R0317;R0318;R0319;R0320,171
643,-1,exact,True,True,R0303;R0308;R0318;R0320;R0322;R0324;R0331;R0339;R0341;R0357,54
644,-1,exact,True,True,R0305;R0312;R0314;R0335;R0340;R0350;R0351;R0352;R0361;R0362,87
645,-1,exact,True,True,R0032;R0162;R0265;R0292;R0342;R0358;R0360;R0406;R0418;R0480,10
646,-1,exact,True,True,R0256;R0300;R0314;R0317;R0320;R0325;R0329;R0330;R0333;R0334,120
647,-1,exact,True,True,R0277;R0297;R0302;R0303;R0304;R0308;R0311;R0314;R0315;R0317,240
648,-1,exact,True,True,R0078;R0085;R0094;R0103;R0104;R0105;R0106;R0107;R0114;R0115,44
649,-1,exact,True,True,R0027;R0078;R0113;R0119;R0121;R0137;R0152;R0156;R0157;R0160,35
650,-1,exact,True,True,R0038;R0057;R0125;R0135;R0139;R0183;R0217;R0226;R0255;R0258,17
651,-1,exact,True,True,R0047;R0227,2
652,-1,exact,True,True,R0052;R0146;R0233;R0239;R0262;R0299;R0366;R0371;R0386;R0395,17
653,-1,exact,True,True,R0053;R0108;R0117;R0158;R0162;R0164;R0169;R0171;R0177;R0183,105
654,-1,exact,True,True,R0148;R0203;R0239;R0241;R0244;R0261;R0262;R0285;R0286;R0306,30
655,-1,exact,True,True,R0043;R0177;R0192;R0203;R0224;R0237;R0238;R0239;R0242;R0244,70
656,-1,exact,True,True,R0252;R0297;R0300;R0302;R0303;R0304;R0305;R0306;R0308;R0311,248
657,-1,exact,True,True,R0252;R0277;R0297;R0302;R0303;R0304;R0305;R0308;R0311;R0314,243
658,-1,exact,True,True,R0222;R0274;R0300;R0305;R0312;R0358;R0423;R0466;R0467;R0480,14
659,-1,exact,True,True,R0256;R0302;R0303;R0304;R0308;R0311;R0315;R0317;R0318;R0319,159
660,-1,exact,True,True,R0030;R0039;R0040;R0059;R0061;R0092;R0112;R0134;R0144;R0145,223
661,-1,exact,True,True,R0196;R0206;R0222;R0225;R0274;R0330;R0344;R0356;R0357;R0367,85
662,-1,exact,True,True,R0140;R0154;R0206;R0222;R0460;R0461;R0462;R0486;R0502;R0503,12
663,-1,exact,True,True,R0196;R0222;R0344;R0371;R0386;R0395;R0414;R0417;R0423;R0451,33
664,-1,exact,True,True,R0092;R0112;R0146;R0173;R0184;R0191;R0198;R0213;R0233;R0259,75
665,-1,exact,True,True,R0184;R0191;R0206;R0213;R0274;R0277;R0336;R0337;R0357;R0367,77
666,-1,exact,True,True,R0092;R0112;R0134;R0144;R0145;R0196;R0200;R0206;R0222;R0225,87
667,-1,exact,True,True,R0092;R0200;R0271;R0283;R0292;R0307;R0357;R0437;R0479;R0483,26
668,-1,exact,True,True,R0078;R0157;R0160;R0161;R0170;R0187;R0188;R0190;R0217;R0226,15
669,-1,exact,True,True,R0015;R0024;R0079;R0082;R0095;R0109;R0123;R0129;R0138;R0141,20
670,-1,exact,True,True,R0117;R0135;R0228;R0247;R0260;R0263;R0266;R0269;R0270;R0271,38
671,-1,exact,True,True,R0135;R0225;R0260;R0266;R0270;R0273;R0275;R0280;R0292;R0293,16
672,586,exact,False,False,R0012;R0095;R0109;R0118;R0123;R0139;R0159;R0251;R0263,9
673,-1,exact,True,True,R0021;R0036;R0037;R0045;R0048;R0049;R0154;R0158;R0166;R0169,23
674,586,exact,False,False,R0012;R0037;R0044;R0048;R0049;R0056;R0108;R0123;R0142;R0147,21
675,577,fallback,False,False,,0
676,-1,exact,True,True,R0302;R0303;R0304;R0308;R0311;R0315;R0317;R0318;R0319;R0320,167
677,-1,exact,True,True,R0252;R0277;R0297;R0302;R0303;R0304;R0305;R0308;R0311;R0314,243
678,-1,exact,True,True,R0304;R0315;R0325;R0329;R0334;R0340;R0344;R0347;R0350;R0353,75
679,-1,exact,True,True,R0252;R0277;R0297;R0302;R0303;R0304;R0305;R0308;R0311;R0314,239
680,-1,exact,True,True,R0024;R0113;R0160;R0161;R0163;R0165;R0167;R0168;R0170;R0171,46
681,-1,exact,True,True,R0066;R0070;R0076;R0077;R0080;R0082;R0091;R0113;R0122;R0129,44
682,-1,exact,True,True,R0071;R0087;R0091;R0109;R0136;R0138;R0142;R0153;R0159;R0171,44
683,-1,exact,True,True,R0034;R0066;R0070;R0076;R0077;R0080;R0082;R0085;R0091;R0094,90
684,-1,exact,True,True,R0302;R0303;R0304;R0311;R0315;R0317;R0318;R0324;R0331;R0333,87
685,-1,exact,True,True,R0303;R0318;R0324;R0331;R0341;R0359;R0360;R0370;R0372;R0375,27
686,-1,exact,True,True,R0256;R0303;R0311;R0315;R0318;R0324;R0331;R0338;R0341;R0351,57
687,-1,exact,True,True,R0020;R0021;R0030;R0036;R0042;R0044;R0045;R0048;R0051;R0061,76
688,-1,exact,True,True,R0222;R0274;R0336;R0337;R0344;R0371;R0386;R0395;R0414;R0417,88
689,-1,exact,True,True,R0203;R0261;R0262;R0285;R0286;R0300;R0358;R0406;R0418;R0476,13
690,-1,exact,True,True,R0222;R0274;R0305;R0306;R0336;R0337;R0386;R0417;R0437;R0451,68
691,-1,exact,True,True,R0093;R0130;R0197;R0222;R0224;R0246;R0269;R0274;R0301;R0305,99
692,-1,exact,True,True,R0028;R0079;R0108;R0135;R0136;R0138;R0141;R0142;R0143;R0153,55
693,-1,exact,True,True,R0074;R0170;R0187;R0188;R0229;R0316,6
694,-1,exact,True,True,R0021;R0036;R0045;R0078;R0157;R0170;R0187;R0188;R0226;R0229,10
695,-1,exact,True,True,R0028;R0057;R0124;R0125;R0135;R0139;R0158;R0169;R0196;R0197,32
696,-1,exact,True,True,R0297;R0300;R0302;R0303;R0304;R0306;R0308;R0311;R0314;R0315,241
697,-1,exact,True,True,R0252;R0256;R0297;R0300;R0302;R0303;R0304;R0305;R0306;R0308,227
698,-1,exact,True,True,R0302;R0303;R0317;R0318;R0331;R0333;R0341;R0348;R0359;R0360,26
699,-1,exact,True,True,R0252;R0300;R0302;R0303;R0304;R0306;R0308;R0311;R0312;R0315,179
700,-1,exact,True,True,R0297;R0300;R0303;R0305;R0306;R0308;R0311;R0312;R0314;R0318,172
701,-1,exact,True,True,R0256;R0297;R0302;R0303;R0304;R0306;R0311;R0314;R0315;R0317,125
702,-1,exact,True,True,R0120;R0173;R0191;R0206;R0460;R0461;R0462;R0475;R0486;R0498,20
703,-1,exact,True,True,R0206;R0222;R0330;R0356;R0414;R0423;R0454;R0456;R0458;R0459,31
704,-1,exact,True,True,R0277;R0297;R0302;R0303;R0304;R0308;R0311;R0314;R0315;R0317,240
705,-1,exact,True,True,R0277;R0297;R0302;R0303;R0304;R0308;R0311;R0314;R0315;R0317,240
706,-1,exact,True,True,R0039;R0040;R0059;R0061;R0092;R0112;R0134;R0144;R0145;R0196,245
707,-1,exact,True,True,R0225;R0274;R0297;R0322;R0325;R0329;R0336;R0337;R0338;R0339,66
708,-1,exact,True,True,R0297;R0300;R0302;R0303;R0304;R0306;R0308;R0314;R0315;R0317,219
709,698,exact,False,False,R0438,1
710,-1,exact,True,True,R0059;R0144;R0145;R0277;R0314;R0317;R0325;R0329;R0330;R0334,125
711,-1,exact,True,True,R0256;R0297;R0302;R0303;R0304;R0308;R0314;R0317;R0318;R0319,181
712,-1,exact,True,True,R0034;R0066;R0085;R0094;R0103;R0104;R0105;R0106;R0107;R0113,60
713,-1,exact,True,True,R0058;R0066;R0078;R0085;R0094;R0103;R0104;R0105;R0106;R0107,61
714,-1,exact,True,True,R0034;R0066;R0094;R0103;R0104;R0105;R0106;R0107;R0114;R0115,56
715,-1,exact,True,True,R0034;R0066;R0085;R0094;R0103;R0104;R0105;R0106;R0107;R0114,71
716,-1,exact,True,True,R0084;R0127;R0140;R0173;R0184;R0191;R0212;R0213;R0233;R0236,33
717,-1,exact,True,True,R0075;R0084;R0124;R0143;R0154;R0166;R0212;R0223;R0232;R0250,24
718,-1,exact,True,True,R0084;R0127;R0140;R0146;R0184;R0191;R0198;R0213;R0233;R0236,74
719,-1,exact,True,True,R0084;R0089;R0124;R0148;R0166;R0203;R0223;R0232;R0241;R0262,17
720,-1,exact,True,True,R0261;R0262;R0285;R0306;R0366;R0406;R0418;R0508;R0530;R0540,12
721,-1,exact,True,True,R0071;R0082;R0087;R0091;R0109;R0129;R0152;R0156;R0157;R0160,33
722,-1,exact,True,True,R0053;R0108;R0117;R0158;R0162;R0164;R0169;R0177;R0194;R0202,102
723,-1,exact,True,True,R0109;R0136;R0142;R0149;R0153;R0159;R0165;R0172;R0174;R0175,57
724,-1,exact,True,True,R0256;R0297;R0300;R0302;R0303;R0304;R0306;R0308;R0311;R0314,220
725,-1,exact,True,True,R0031;R0222;R0277;R0330;R0353;R0356;R0387;R0408;R0409;R0414,42
726,-1,exact,True,True,R0252;R0300;R0304;R0305;R0308;R0312;R0314;R0315;R0317;R0320,161
727,-1,exact,True,True,R0196;R0225;R0252;R0297;R0302;R0303;R0304;R0305;R0308;R0311,238
728,-1,exact,True,True,R0127;R0227,2
729,-1,exact,True,True,R0018;R0117;R0135;R0171;R0183;R0202;R0217;R0247;R0258;R0260,43
730,-1,exact,True,True,R0127;R0154;R0227;R0236;R0239;R0494;R0506;R0526,8
731,-1,exact,True,True,R0108;R0117;R0158;R0164;R0169;R0171;R0183;R0194;R0202;R0216,68
732,-1,exact,True,True,R0277;R0297;R0302;R0303;R0304;R0308;R0311;R0314;R0315;R0317,240
733,-1,exact,True,True,R0031;R0222;R0252;R0277;R0305;R0330;R0353;R0356;R0387;R0408,46
734,167,fallback,False,False,,0
735,-1,exact,True,True,R0093;R0120;R0130;R0197;R0222;R0246;R0274;R0300;R0344;R0346,53
736,-1,exact,True,True,R0196;R0256;R0304;R0311;R0314;R0315;R0317;R0324;R0325;R0330,87
737,-1,exact,True,True,R0256;R0277;R0314;R0317;R0325;R0329;R0330;R0334;R0335;R0340,105
738,-1,exact,True,True,R0196;R0340;R0350;R0368;R0369;R0376;R0377;R0378;R0379;R0380,37
739,-1,exact,True,True,R0196;R0225;R0256;R0297;R0302;R0303;R0304;R0308;R0311;R0314,214
740,-1,exact,True,True,R0034;R0085;R0094;R0103;R0104;R0105;R0106;R0107;R0113;R0114,42
741,-1,exact,True,True,R0025;R0062;R0064;R0081;R0083;R0085;R0086;R0090;R0094;R0096,53
742,-1,exact,True,True,R0034;R0078;R0085;R0094;R0103;R0104;R0105;R0106;R0107;R0113,50
743,-1,exact,True,True,R0034;R0066;R0085;R0094;R0103;R0104;R0105;R0106;R0107;R0114,60
744,-1,exact,True,True,R0196;R0225;R0256;R0297;R0302;R0303;R0304;R0308;R0311;R0314,214
745,-1,exact,True,True,R0252;R0300;R0305;R0306;R0312;R0314;R0315;R0317;R0320;R0322,169
746,-1,exact,True,True,R0252;R0297;R0300;R0302;R0303;R0304;R0305;R0306;R0308;R0311,248
747,-1,exact,True,True,R0314;R0317;R0325;R0329;R0330;R0334;R0335;R0340;R0347;R0350,121
748,-1,exact,True,True,R0093;R0182;R0203;R0227;R0245;R0262;R0276;R0286;R0312,9
749,-1,exact,True,True,R0043;R0182;R0192;R0203;R0227;R0245;R0262;R0276;R0286;R0312,10
750,-1,exact,True,True,R0093;R0173;R0191;R0197;R0305;R0344;R0371;R0386;R0414;R0417,32
751,-1,exact,True,True,R0196;R0233;R0239;R0261;R0285;R0437;R0452;R0507;R0508;R0528,16
752,-1,exact,True,True,R0038;R0076;R0077;R0091;R0094;R0103;R0104;R0105;R0106;R0107,38
753,-1,exact,True,True,R0025;R0055;R0060;R0062;R0066;R0070;R0076;R0077;R0080;R0081,70
754,-1,exact,True,True,R0027;R0068;R0071;R0076;R0077;R0087;R0199,7
755,-1,exact,True,True,R0027;R0058;R0063;R0070;R0071;R0076;R0077;R0080;R0087;R0091,48
756,-1,exact,True,True,R0140;R0154;R0256;R0277;R0283;R0292;R0297;R0303;R0311;R0314,131
757,-1,exact,True,True,R0035;R0253;R0306;R0312;R0354;R0358;R0406;R0422;R0476;R0479,40
758,-1,exact,True,True,R0256;R0297;R0300;R0303;R0305;R0306;R0308;R0311;R0312;R0314,176
759,-1,exact,True,True,R0196;R0206;R0336;R0337;R0385;R0386;R0422;R0437;R0452;R0504,39
760,-1,exact,True,True,R0252;R0297;R0300;R0302;R0303;R0304;R0305;R0306;R0308;R0311,248
761,-1,exact,True,True,R0196;R0206;R0222;R0225;R0274;R0330;R0356;R0357;R0367;R0385,66
762,-1,exact,True,True,R0222;R0274;R0437;R0451;R0452;R0467;R0494;R0498;R0506;R0508,32
763,-1,exact,True,True,R0297;R0302;R0303;R0304;R0308;R0311;R0314;R0315;R0317;R0318,240
764,-1,exact,True,True,R0039;R0040;R0059;R0061;R0092;R0112;R0134;R0144;R0145;R0200,246
765,-1,exact,True,True,R0039;R0040;R0059;R0061;R0092;R0112;R0134;R0144;R0145;R0277,249
766,-1,exact,True,True,R0039;R0040;R0059;R0061;R0092;R0112;R0134;R0144;R0145;R0196,245
767,-1,exact,True,True,R0039;R0040;R0059;R0061;R0092;R0112;R0134;R0144;R0145;R0297,247
768,-1,exact,True,True,R0069;R0073;R0078;R0079;R0082;R0129;R0141;R0149;R0157;R0189,10
769,586,exact,False,False,R0012;R0079;R0141,3
770,-1,exact,True,True,R0074;R0123;R0135;R0159;R0166;R0263,6
771,-1,exact,True,True,R0015;R0056;R0074;R0082;R0123;R0129;R0138;R0189;R0279,9
772,-1,exact,True,True,R0084;R0173;R0191;R0212;R0233;R0236;R0277;R0282;R0460;R0461,25
773,-1,exact,True,True,R0043;R0146;R0173;R0182;R0191;R0197;R0227;R0233;R0245;R0282,24
774,-1,exact,True,True,R0124;R0139;R0166;R0216;R0223;R0228;R0255;R0277;R0290,9
775,-1,exact,True,True,R0031;R0222;R0277;R0330;R0356;R0371;R0387;R0395;R0408;R0409,36
776,-1,exact,True,True,R0196;R0222;R0498;R0509;R0519;R0520;R0556;R0557;R0564,9
777,-1,exact,True,True,R0031;R0035;R0061;R0092;R0134;R0308;R0319;R0344;R0353;R0356,82
778,-1,exact,True,True,R0206;R0274;R0277;R0322;R0325;R0329;R0330;R0338;R0344;R0350,116
779,-1,exact,True,True,R0196;R0225;R0297;R0302;R0304;R0308;R0311;R0315;R0318;R0319,159
780,-1,exact,True,True,R0350;R0393;R0421,3
781,-1,exact,True,True,R0120;R0222;R0305;R0312,4
782,-1,exact,True,True,R0014;R0017;R0019;R0196;R0206;R0222;R0460;R0461;R0462;R0475,22
783,-1,exact,True,True,R0154;R0265;R0312,3
784,-1,exact,True,True,R0126;R0136;R0146;R0196;R0198;R0225;R0235;R0244;R0250;R0259,74
785,-1,exact,True,True,R0108;R0136;R0142;R0147;R0153;R0159;R0164;R0181;R0194;R0235,43
786,-1,exact,True,True,R0021;R0026;R0030;R0041;R0042;R0044;R0048;R0146;R0176;R0184,77
787,-1,exact,True,True,R0020;R0021;R0026;R0030;R0041;R0042;R0044;R0048;R0093;R0130,111
788,-1,exact,True,True,R0120;R0191;R0265;R0305;R0312;R0386;R0417;R0490;R0504;R0522,15
789,-1,exact,True,True,R0046;R0093;R0130;R0146;R0173;R0184;R0191;R0196;R0197;R0198,106
790,-1,exact,True,True,R0084;R0092;R0112;R0127;R0140;R0146;R0184;R0191;R0192;R0197,86
791,-1,exact,True,True,R0140;R0154;R0206;R0212;R0222;R0274;R0277;R0357;R0367;R0385,37
792,-1,exact,True,True,R0055;R0062;R0064;R0072;R0081;R0083;R0086;R0090;R0096;R0097,53
793,-1,exact,True,True,R0058;R0066;R0078;R0085;R0094;R0103;R0104;R0105;R0106;R0107,60
794,-1,exact,True,True,R0047;R0127,2
795,-1,exact,True,True,R0054;R0055;R0060;R0062;R0064;R0072;R0081;R0083;R0086;R0088,56
796,-1,exact,True,True,R0297;R0300;R0302;R0304;R0306;R0308;R0311;R0315;R0318;R0319,165
797,-1,exact,True,True,R0031;R0196;R0222;R0319;R0330;R0336;R0337;R0344;R0353;R0356,76
798,-1,exact,True,True,R0222;R0274;R0336;R0337;R0344;R0371;R0386;R0395;R0414;R0417,88
799,-1,exact,True,True,R0033;R0120;R0206;R0222;R0274;R0300;R0306;R0323;R0330;R0336,97
800,-1,exact,True,True,R0027;R0113;R0139;R0166;R0183;R0190;R0216;R0223;R0228;R0240,29
801,-1,exact,True,True,R0053;R0066;R0121;R0137;R0163;R0165;R0214;R0228;R0231;R0238,37
802,-1,exact,True,True,R0239;R0261;R0285;R0299;R0395;R0422;R0471;R0479;R0483;R0494,41
803,-1,exact,True,True,R0074;R0154;R0158;R0166;R0169;R0177;R0183;R0216;R0217;R0223,30
804,-1,exact,True,True,R0074;R0082;R0095;R0109;R0123;R0129;R0157;R0160;R0161;R0189,15
805,-1,exact,True,True,R0065;R0095;R0109;R0123;R0136;R0142;R0153;R0159;R0171;R0181,45
806,-1,exact,True,True,R0015;R0109;R0135;R0136;R0138;R0142;R0153;R0159;R0174;R0175,28
807,-1,exact,True,True,R0065;R0067;R0095;R0109;R0123;R0136;R0142;R0149;R0153;R0159,71
808,-1,exact,True,True,R0252;R0256;R0297;R0300;R0302;R0303;R0304;R0305;R0306;R0308,227
809,-1,exact,True,True,R0256;R0304;R0306;R0311;R0315;R0317;R0323;R0324;R0333;R0338,61
810,-1,exact,True,True,R0252;R0277;R0297;R0302;R0303;R0304;R0305;R0308;R0311;R0314,240
811,-1,exact,True,True,R0314;R0315;R0317;R0325;R0329;R0330;R0334;R0335;R0340;R0347,123
812,577,exact,False,False,R0135,1
813,613,fallback,False,False,,0
814,-1,exact,True,True,R0196;R0297;R0302;R0303;R0304;R0308;R0311;R0314;R0315;R0317,235
815,577,exact,False,False,R0135,1
816,-1,exact,True,True,R0375;R0406;R0471;R0479;R0500;R0523;R0528;R0537;R0545;R0553,15
817,129,exact,False,False,R0033,1
818,-1,exact,True,True,R0312;R0371;R0386;R0395;R0504;R0531;R0548;R0549,8
819,129,exact,False,False,R0033;R0306;R0323;R0354;R0366;R0395;R0406;R0418;R0471;R0497,37
820,-1,exact,True,True,R0297;R0300;R0302;R0304;R0306;R0308;R0311;R0315;R0318;R0319,165
821,-1,exact,True,True,R0297;R0300;R0302;R0303;R0304;R0306;R0308;R0311;R0314;R0315,241
822,-1,exact,True,True,R0277;R0314;R0317;R0325;R0329;R0330;R0334;R0335;R0340;R0347,122
823,-1,exact,True,True,R0303;R0308;R0318;R0320;R0322;R0324;R0331;R0339;R0341;R0357,54
824,-1,exact,True,True,R0046;R0224;R0242;R0244;R0246;R0247;R0261;R0268;R0269;R0275,42
825,-1,exact,True,True,R0043;R0093;R0130;R0184;R0198;R0213;R0224;R0245;R0246;R0259,78
826,-1,exact,True,True,R0029;R0069;R0073;R0075;R0079;R0108;R0136;R0138;R0141;R0142,39
827,-1,exact,True,True,R0043;R0089;R0127;R0198;R0202;R0203;R0259;R0261;R0269;R0271,38
828,-1,exact,True,True,R0031;R0222;R0277;R0330;R0356;R0387;R0408;R0409;R0423;R0442,28
829,169,fallback,False,False,,0
830,-1,exact,True,True,R0039;R0040;R0059;R0061;R0112;R0134;R0144;R0145;R0196;R0200,202
831,-1,exact,True,True,R0297;R0303;R0314;R0315;R0331;R0335;R0340;R0350;R0351;R0352,95
832,-1,exact,True,True,R0043;R0126;R0130;R0146;R0177;R0192;R0203;R0224;R0237;R0238,89
833,-1,exact,True,True,R0069;R0075;R0136;R0198;R0235;R0237;R0244;R0247;R0259;R0261,83
834,-1,exact,True,True,R0057;R0069;R0073;R0075;R0113;R0124;R0125;R0143;R0158;R0166,57
835,-1,exact,True,True,R0146;R0173;R0184;R0191;R0198;R0213;R0233;R0259;R0261;R0262,130
836,-1,exact,True,True,R0277;R0297;R0302;R0303;R0304;R0306;R0308;R0311;R0314;R0315,239
837,-1,exact,True,True,R0297;R0300;R0302;R0303;R0304;R0306;R0308;R0311;R0314;R0315,241
838,-1,exact,True,True,R0256;R0300;R0314;R0317;R0320;R0325;R0329;R0330;R0333;R0334,120
839,-1,exact,True,True,R0297;R0300;R0302;R0303;R0304;R0306;R0308;R0311;R0314;R0315,241
840,-1,exact,True,True,R0202;R0269;R0310;R0323;R0494;R0525;R0528;R0535;R0537;R0545,20
841,-1,exact,True,True,R0093;R0130;R0224;R0246;R0253;R0269;R0274;R0300;R0301;R0306,65
842,-1,exact,True,True,R0277;R0297;R0302;R0303;R0304;R0308;R0311;R0314;R0315;R0317,240
843,-1,exact,True,True,R0031;R0033;R0222;R0252;R0300;R0305;R0306;R0308;R0312;R0319,97
844,-1,exact,True,True,R0277;R0297;R0302;R0303;R0304;R0308;R0311;R0314;R0315;R0317,240
845,-1,exact,True,True,R0206;R0274;R0277;R0297;R0322;R0338;R0339;R0350;R0357;R0360,70
846,-1,exact,True,True,R0256;R0274;R0322;R0329;R0338;R0339;R0356;R0357;R0360;R0367,78
847,-1,exact,True,True,R0297;R0302;R0303;R0304;R0308;R0311;R0314;R0315;R0317;R0318,238
848,-1,exact,True,True,R0092;R0112;R0196;R0222;R0225;R0274;R0336;R0337;R0386;R0417,65
849,-1,exact,True,True,R0196;R0206;R0222;R0225;R0274;R0330;R0336;R0337;R0344;R0356,107
850,593,exact,False,False,R0051,1
851,-1,exact,True,True,R0020;R0031;R0041;R0051;R0059;R0061;R0112;R0134;R0144;R0145,91
852,-1,exact,True,True,R0095;R0096;R0097;R0098;R0099;R0100;R0101;R0102;R0111;R0131,14
853,-1,exact,True,True,R0096;R0097;R0098;R0099;R0100;R0101;R0102;R0111;R0127;R0131,13
854,-1,exact,True,True,R0019;R0055;R0062;R0081;R0090;R0096;R0097;R0098;R0099;R0100,22
855,-1,exact,True,True,R0055;R0062;R0096;R0097;R0098;R0099;R0100;R0101;R0102;R0111,16
856,-1,exact,True,True,R0043;R0184;R0192;R0198;R0203;R0213;R0224;R0239;R0245;R0246,68
857,-1,exact,True,True,R0173;R0184;R0191;R0213;R0274;R0437;R0452;R0467;R0498;R0508,26
858,-1,exact,True,True,R0222;R0274;R0336;R0337;R0344;R0371;R0386;R0395;R0414;R0417,88
859,-1,exact,True,True,R0043;R0093;R0130;R0146;R0182;R0184;R0191;R0192;R0197;R0198,83
860,-1,exact,True,True,R0081;R0095;R0109;R0111;R0118;R0123;R0131;R0135;R0150;R0183,16
861,-1,exact,True,True,R0093;R0120;R0246;R0344;R0395;R0414;R0451;R0458;R0459;R0534,10
862,-1,exact,True,True,R0090;R0091;R0094;R0103;R0104;R0105;R0106;R0107;R0114;R0115,33
863,-1,exact,True,True,R0033;R0120;R0206;R0222;R0274;R0300;R0306;R0323;R0336;R0337,88
864,-1,exact,True,True,R0047;R0281,2
865,-1,exact,True,True,R0043;R0177;R0192;R0198;R0203;R0224;R0237;R0238;R0239;R0242,82
866,-1,exact,True,True,R0056;R0065;R0136;R0147;R0202;R0203;R0235;R0237;R0247;R0261,43
867,-1,exact,True,True,R0109;R0121;R0137;R0142;R0149;R0153;R0159;R0162;R0165;R0172,58
868,129,exact,False,False,R0033;R0222;R0252;R0300;R0305;R0306;R0308;R0312;R0319;R0323,86
869,-1,exact,True,True,R0297;R0302;R0304;R0308;R0311;R0315;R0318;R0319;R0320;R0322,163
870,-1,exact,True,True,R0252;R0297;R0300;R0302;R0303;R0304;R0305;R0306;R0308;R0311,248
871,-1,exact,True,True,R0277;R0297;R0303;R0305;R0308;R0311;R0314;R0315;R0318;R0320,185
872,-1,exact,True,True,R0026;R0030;R0036;R0041;R0042;R0045;R0048;R0050;R0144;R0145,61
873,-1,exact,True,True,R0026;R0030;R0036;R0041;R0042;R0044;R0045;R0048;R0050;R0051,90
874,-1,exact,True,True,R0026;R0036;R0037;R0041;R0042;R0045;R0048;R0049;R0050;R0084,25
875,-1,exact,True,True,R0173;R0182;R0191;R0196;R0197;R0227;R0233;R0245;R0282;R0498,17
876,-1,exact,True,True,R0117;R0171;R0183;R0190;R0202;R0217;R0218;R0228;R0231;R0237,73
877,-1,exact,True,True,R0043;R0130;R0177;R0192;R0203;R0224;R0237;R0238;R0239;R0242,76
878,-1,exact,True,True,R0166;R0183;R0190;R0217;R0228;R0231;R0241;R0257;R0258;R0260,25
879,-1,exact,True,True,R0075;R0108;R0117;R0126;R0158;R0164;R0177;R0194;R0197;R0218,101
880,-1,exact,True,True,R0039;R0040;R0059;R0061;R0092;R0112;R0134;R0144;R0145;R0297,247
881,-1,exact,True,True,R0039;R0040;R0059;R0061;R0092;R0112;R0134;R0144;R0145;R0256,226
882,-1,exact,True,True,R0020;R0030;R0039;R0040;R0059;R0061;R0092;R0112;R0134;R0144,245
883,-1,exact,True,True,R0304;R0317;R0324;R0348;R0364;R0365;R0403;R0455;R0489;R0535,11
884,-1,exact,True,True,R0297;R0300;R0302;R0303;R0304;R0306;R0308;R0311;R0314;R0315,241
885,-1,exact,True,True,R0256;R0302;R0303;R0304;R0311;R0315;R0317;R0318;R0324;R0331,88
886,-1,exact,True,True,R0277;R0297;R0302;R0303;R0304;R0308;R0314;R0317;R0318;R0319,200
887,-1,exact,True,True,R0277;R0297;R0302;R0303;R0304;R0308;R0311;R0314;R0315;R0317,240
888,-1,exact,True,True,R0297;R0302;R0303;R0304;R0308;R0311;R0314;R0315;R0317;R0318,238
889,-1,exact,True,True,R0144;R0145;R0277;R0297;R0303;R0314;R0318;R0320;R0331;R0335,110
890,-1,exact,True,True,R0277;R0297;R0302;R0303;R0304;R0308;R0311;R0314;R0315;R0317,240
891,-1,exact,True,True,R0059;R0311;R0325;R0329;R0334;R0340;R0347;R0350;R0353;R0368,64
892,-1,exact,True,True,R0023;R0036;R0037;R0044;R0045;R0048;R0049;R0050;R0051;R0092,42
893,586,exact,False,False,R0012;R0044;R0095;R0109;R0123;R0136;R0142;R0153;R0159;R0171,36
894,586,exact,False,False,R0012;R0042;R0044;R0079;R0082;R0129;R0138;R0141;R0142;R0147,17
895,586,exact,False,False,R0012;R0023;R0037;R0044;R0049;R0067;R0095;R0109;R0123;R0136,37
896,-1,exact,True,True,R0314;R0335;R0361;R0362;R0363;R0396;R0397;R0398;R0399;R0400,19
897,-1,exact,True,True,R0256;R0277;R0297;R0302;R0303;R0304;R0306;R0308;R0314;R0315,194
898,-1,exact,True,True,R0035;R0135;R0212;R0225;R0274;R0292;R0357;R0367;R0445;R0475,21
899,-1,exact,True,True,R0040;R0092;R0134;R0200;R0225;R0256;R0274;R0322;R0338;R0339,63
900,-1,exact,True,True,R0085;R0094;R0103;R0104;R0105;R0106;R0107;R0113;R0114;R0115,39
901,-1,exact,True,True,R0034;R0085;R0094;R0103;R0104;R0105;R0106;R0107;R0113;R0114,41
902,-1,exact,True,True,R0058;R0066;R0078;R0085;R0094;R0103;R0104;R0105;R0106;R0107,52
903,-1,exact,True,True,R0038;R0057;R0094;R0125;R0128;R0139;R0178;R0179;R0226;R0255,17
904,-1,exact,True,True,R0054;R0055;R0060;R0062;R0063;R0064;R0070;R0071;R0080;R0081,64
905,-1,exact,True,True,R0025;R0055;R0062;R0064;R0081;R0083;R0086;R0090;R0096;R0097,38
906,-1,exact,True,True,R0025;R0055;R0060;R0062;R0064;R0081;R0085;R0094;R0096;R0097,21
907,-1,exact,True,True,R0066;R0070;R0072;R0076;R0077;R0080;R0081;R0082;R0083;R0085,73
908,-1,exact,True,True,R0317;R0334;R0353;R0362;R0363;R0364;R0365;R0396;R0397;R0398,20
909,-1,exact,True,True,R0277;R0314;R0317;R0325;R0329;R0330;R0334;R0335;R0340;R0347,122
910,-1,exact,True,True,R0256;R0277;R0297;R0302;R0303;R0304;R0311;R0314;R0315;R0317,153
911,-1,exact,True,True,R0297;R0300;R0302;R0304;R0306;R0308;R0311;R0315;R0318;R0319,165
912,-1,exact,True,True,R0021;R0042;R0044;R0176;R0198;R0259;R0261;R0269;R0285;R0310,25
913,-1,exact,True,True,R0013;R0018;R0020;R0021;R0023;R0026;R0030;R0037;R0041;R0042,117
914,-1,exact,True,True,R0013;R0021;R0036;R0042;R0045;R0170;R0176;R0187;R0188;R0229,13
915,-1,exact,True,True,R0013;R0020;R0021;R0036;R0042;R0044;R0045;R0051;R0092;R0117,41
916,-1,exact,True,True,R0032;R0252;R0300;R0302;R0303;R0304;R0308;R0317;R0318;R0319,83
917,-1,exact,True,True,R0032;R0252;R0300;R0317;R0320;R0333;R0334;R0358;R0362;R0363,29
918,-1,exact,True,True,R0032;R0303;R0318;R0323;R0331;R0341;R0342;R0354;R0358;R0359,28
919,-1,exact,True,True,R0032;R0300;R0320;R0358;R0362;R0363;R0396;R0397;R0398;R0399,19
920,-1,exact,True,True,R0222;R0498;R0509;R0519;R0520;R0556;R0557;R0564,8
921,-1,exact,True,True,R0084;R0127;R0154;R0249,4
922,19,exact,False,False,R0019;R0084;R0135;R0144;R0145;R0196;R0200;R0233;R0236,9
923,-1,exact,True,True,R0014;R0017;R0019;R0021;R0022;R0026;R0036;R0037;R0041;R0042,47
924,-1,exact,True,True,R0084;R0089;R0173;R0191;R0212;R0233;R0236;R0262;R0265;R0282,20
925,-1,exact,True,True,R0027;R0078;R0113;R0157;R0160;R0161;R0253;R0309;R0326;R0327,17
926,-1,exact,True,True,R0084;R0127;R0140;R0191;R0233;R0236;R0277;R0282;R0460;R0461,16
927,-1,exact,True,True,R0017;R0019;R0150;R0180;R0191;R0233;R0282,7
928,-1,exact,True,True,R0146;R0173;R0233;R0261;R0277;R0285;R0299;R0330;R0336;R0337,61
929,-1,exact,True,True,R0052;R0173;R0182;R0191;R0197;R0227;R0233;R0245;R0262;R0276,18
930,-1,exact,True,True,R0065;R0074;R0095;R0109;R0123;R0149;R0166;R0183;R0190;R0228,30
931,-1,exact,True,True,R0052;R0239;R0244;R0261;R0262;R0285;R0306;R0309;R0366;R0406,18
932,-1,exact,True,True,R0395;R0471;R0497;R0500;R0506;R0507;R0508;R0528;R0530;R0531,30
933,-1,exact,True,True,R0127;R0202;R0261;R0269;R0271;R0278;R0285;R0292;R0307;R0310,26
934,-1,exact,True,True,R0297;R0300;R0302;R0304;R0306;R0308;R0311;R0315;R0318;R0319,165
935,-1,exact,True,True,R0039;R0040;R0061;R0092;R0304;R0308;R0311;R0315;R0320;R0322,98
936,-1,exact,True,True,R0040;R0092;R0308;R0311;R0315;R0318;R0320;R0322;R0324;R0338,86
937,-1,exact,True,True,R0033;R0120;R0162;R0206;R0212;R0222;R0265;R0271;R0274;R0283,101
938,-1,exact,True,True,R0120;R0191;R0206;R0305;R0312;R0460;R0461;R0462;R0486;R0502,13
939,-1,exact,True,True,R0300;R0304;R0306;R0308;R0311;R0320;R0322;R0323;R0324;R0325,123
940,-1,exact,True,True,R0117;R0154;R0158;R0164;R0169;R0177;R0183;R0194;R0216;R0217,48
941,-1,exact,True,True,R0057;R0069;R0073;R0075;R0113;R0124;R0125;R0139;R0143;R0158,59
942,-1,exact,True,True,R0043;R0192;R0203;R0224;R0239;R0245;R0246;R0261;R0262;R0269,54
943,-1,exact,True,True,R0052;R0130;R0146;R0182;R0192;R0233;R0239;R0245;R0269;R0276,27
944,-1,exact,True,True,R0224;R0246;R0269;R0301;R0310;R0346;R0479;R0483;R0494;R0506,35
945,-1,exact,True,True,R0028;R0126;R0182;R0268,4
946,-1,exact,True,True,R0061;R0130;R0224;R0245;R0246;R0261;R0262;R0276;R0285;R0301,34
947,-1,exact,True,True,R0046;R0135;R0154;R0166;R0169;R0232;R0248;R0249;R0268;R0501,10
948,-1,exact,True,True,R0039;R0040;R0059;R0061;R0092;R0112;R0134;R0144;R0145;R0277,246
949,-1,exact,True,True,R0039;R0040;R0061;R0092;R0134;R0256;R0302;R0303;R0304;R0311,90
950,-1,exact,True,True,R0039;R0040;R0059;R0061;R0092;R0112;R0134;R0144;R0145;R0196,245
951,-1,exact,True,True,R0039;R0040;R0059;R0061;R0092;R0112;R0134;R0144;R0145;R0200,246
952,-1,exact,True,True,R0074;R0228;R0231;R0241;R0254;R0257;R0260;R0272;R0273;R0288,23
953,-1,exact,True,True,R0069;R0238;R0241;R0257;R0262;R0286;R0298;R0300;R0309;R0355,15
954,-1,exact,True,True,R0065;R0074;R0095;R0109;R0123;R0138;R0149;R0166;R0228;R0234,28
955,-1,exact,True,True,R0053;R0117;R0162;R0171;R0183;R0202;R0217;R0218;R0231;R0237,58
956,-1,exact,True,True,R0084;R0127;R0140;R0173;R0191;R0212;R0233;R0236;R0277;R0282,27
957,-1,exact,True,True,R0084;R0127,2
958,-1,exact,True,True,R0135;R0154;R0196;R0206,4
959,361,exact,False,False,R0253,1
960,-1,exact,True,True,R0252;R0256;R0302;R0303;R0315;R0317;R0318;R0319;R0320;R0322,119
961,129,exact,False,False,R0033;R0306;R0323;R0330;R0336;R0337;R0344;R0354;R0366;R0371,64
962,129,fallback,False,False,,0
963,-1,exact,True,True,R0277;R0297;R0302;R0303;R0304;R0308;R0311;R0314;R0315;R0317,240
964,-1,exact,True,True,R0034;R0058;R0066;R0085;R0094;R0103;R0104;R0105;R0106;R0107,64
965,-1,exact,True,True,R0034;R0058;R0066;R0078;R0085;R0094;R0103;R0104;R0105;R0106,64
966,-1,exact,True,True,R0034;R0058;R0078;R0085;R0094;R0103;R0104;R0105;R0106;R0107,18
967,-1,exact,True,True,R0066;R0070;R0076;R0077;R0080;R0082;R0085;R0091;R0094;R0103,101
968,-1,exact,True,True,R0192;R0224;R0225;R0246;R0269;R0274;R0301;R0310;R0346;R0476,44
969,-1,exact,True,True,R0274;R0322;R0338;R0339;R0360;R0383;R0384;R0464;R0476;R0479,51
970,13,fallback,False,False,,0
971,-1,exact,True,True,R0135;R0261;R0271;R0285;R0292;R0528;R0537;R0545;R0553;R0554,13
972,-1,exact,True,True,R0055;R0062;R0064;R0071;R0081;R0082;R0083;R0086;R0087;R0090,53
973,-1,exact,True,True,R0046;R0057;R0135,3
974,-1,exact,True,True,R0022;R0055;R0062;R0081;R0090;R0096;R0097;R0098;R0099;R0100,31
975,-1,exact,True,True,R0021;R0036;R0037;R0045;R0049;R0050;R0057;R0125,8
976,129,exact,False,False,R0033;R0300;R0306;R0308;R0312;R0323;R0354;R0358;R0366;R0406,35
977,-1,exact,True,True,R0146;R0244;R0250;R0264;R0282;R0313;R0343;R0417;R0452;R0467,33
978,-1,exact,True,True,R0031;R0222;R0300;R0305;R0312;R0358;R0367;R0408;R0409;R0418,26
979,-1,exact,True,True,R0182;R0191;R0197;R0227;R0233;R0245;R0282;R0305,8
980,-1,exact,True,True,R0108;R0117;R0140;R0158;R0164;R0169;R0192;R0194;R0216;R0220,80
981,-1,exact,True,True,R0065;R0067;R0095;R0109;R0123;R0136;R0142;R0149;R0153;R0159,74
982,-1,exact,True,True,R0047;R0089;R0166;R0238;R0253;R0257;R0262;R0265;R0286;R0291,13
983,-1,exact,True,True,R0053;R0117;R0154;R0158;R0164;R0169;R0177;R0194;R0216;R0218,57
984,-1,exact,True,True,R0018;R0108;R0117;R0140;R0158;R0164;R0169;R0194;R0212;R0216,88
985,-1,exact,True,True,R0124;R0148;R0154;R0158;R0169;R0216;R0223;R0228;R0244;R0248,26
986,-1,exact,True,True,R0113;R0148;R0216;R0228;R0240;R0241;R0244;R0254;R0272;R0280,35
987,437,exact,False,False,R0006;R0019;R0072;R0081;R0083;R0086;R0111;R0131;R0150;R0151,21
988,-1,exact,True,True,R0277;R0297;R0302;R0303;R0304;R0308;R0311;R0314;R0315;R0317,237
989,-1,exact,True,True,R0256;R0277;R0297;R0302;R0303;R0304;R0308;R0311;R0314;R0315,216
990,-1,exact,True,True,R0256;R0297;R0300;R0302;R0303;R0306;R0311;R0314;R0315;R0317,182
991,-1,exact,True,True,R0302;R0304;R0311;R0315;R0318;R0323;R0324;R0333;R0338;R0341,58
992,-1,exact,True,True,R0027;R0063;R0070;R0071;R0076;R0077;R0078;R0080;R0082;R0087,57
993,-1,exact,True,True,R0056;R0065;R0073;R0079;R0082;R0113;R0123;R0129;R0141;R0149,29
994,-1,exact,True,True,R0063;R0070;R0076;R0077;R0080;R0087;R0091;R0122;R0142;R0153,36
995,-1,exact,True,True,R0027;R0063;R0070;R0071;R0076;R0077;R0078;R0080;R0082;R0087,55
996,-1,exact,True,True,R0056;R0065;R0136;R0147;R0198;R0202;R0203;R0235;R0237;R0239,77
997,-1,exact,True,True,R0043;R0184;R0192;R0198;R0202;R0203;R0213;R0224;R0239;R0245,69
998,-1,exact,True,True,R0046;R0093;R0130;R0184;R0192;R0198;R0213;R0224;R0225;R0239,64
999,-1,exact,True,True,R0043;R0127;R0202;R0247;R0261;R0269;R0271;R0275;R0278;R0281,38
1000,-1,exact,True,True,R0038;R0065;R0127;R0220;R0234;R0288,6
1001,-1,exact,True,True,R0027;R0063;R0070;R0071;R0076;R0077;R0078;R0080;R0082;R0087,51
1002,-1,exact,True,True,R0065;R0071;R0095;R0109;R0113;R0123;R0139;R0149;R0156;R0193,26
1003,-1,exact,True,True,R0076;R0077;R0082;R0091;R0113;R0129;R0138;R0152;R0156;R0157,31
1004,-1,exact,True,True,R0069;R0073;R0079;R0108;R0136;R0140;R0141;R0142;R0149;R0153,85
1005,-1,exact,True,True,R0065;R0095;R0136;R0202;R0235;R0237;R0247;R0253;R0261;R0262,39
1006,-1,exact,True,True,R0067;R0079;R0123;R0135;R0136;R0141;R0142;R0153;R0159;R0181,41
1007,-1,exact,True,True,R0067;R0135;R0198;R0202;R0225;R0259;R0271;R0283;R0307;R0525,16
1008,-1,exact,True,True,R0120;R0274;R0297;R0300;R0306;R0322;R0323;R0336;R0337;R0338,73
1009,-1,exact,True,True,R0046;R0135;R0154;R0184;R0213;R0224;R0225;R0236;R0239;R0245,29
1010,-1,exact,True,True,R0053;R0068;R0089;R0162;R0253;R0262;R0265;R0286;R0358;R0418,11
1011,-1,exact,True,True,R0093;R0130;R0224;R0246;R0269;R0274;R0301;R0310;R0344;R0346,60
1012,549,fallback,False,False,,0
1013,-1,exact,True,True,R0063;R0070;R0071;R0076;R0077;R0080;R0087;R0091;R0109;R0122,43
1014,144,fallback,False,False,,0
1015,-1,exact,True,True,R0029;R0063;R0068;R0070;R0076;R0077;R0080;R0087;R0122;R0172,22
1016,-1,exact,True,True,R0078;R0253,2
1017,-1,exact,True,True,R0057;R0073;R0074;R0113;R0125;R0139;R0143;R0166;R0226;R0228,35
1018,226,exact,False,False,R0078,1
1019,-1,exact,True,True,R0084;R0127;R0140;R0173;R0191;R0212;R0233;R0236;R0277;R0282,26
1020,-1,exact,True,True,R0198;R0202;R0259;R0261;R0269;R0278;R0285;R0310;R0479;R0483,26
1021,-1,exact,True,True,R0084;R0089;R0127;R0140;R0173;R0182;R0184;R0191;R0197;R0212,29
1022,161,exact,False,False,R0018;R0140;R0192;R0246;R0274;R0307;R0346;R0483;R0495;R0511,18
1023,-1,exact,True,True,R0043;R0068;R0202;R0253;R0261;R0262;R0269;R0284;R0285;R0286,36
1024,-1,exact,True,True,R0148;R0177;R0182;R0203;R0238;R0241;R0257;R0262;R0268;R0276,21
1025,-1,exact,True,True,R0052;R0093;R0130;R0146;R0173;R0182;R0184;R0191;R0197;R0213,71
1026,-1,exact,True,True,R0130;R0192;R0224;R0239;R0242;R0244;R0246;R0247;R0261;R0268,57
1027,-1,exact,True,True,R0261;R0284;R0285;R0299;R0395;R0471;R0476;R0479;R0483;R0494,39
1028,-1,exact,True,True,R0043;R0068;R0190;R0238;R0241;R0247;R0253;R0257;R0261;R0262,34
1029,-1,exact,True,True,R0043;R0093;R0130;R0184;R0192;R0198;R0203;R0213;R0224;R0239,80
1030,-1,exact,True,True,R0073;R0124;R0140;R0148;R0216;R0220;R0228;R0241;R0250;R0254,24
1031,-1,exact,True,True,R0029;R0065;R0095;R0109;R0123;R0136;R0138;R0142;R0149;R0153,52
1032,-1,exact,True,True,R0173;R0191;R0233;R0277;R0282;R0305;R0330;R0356;R0414;R0423,37
1033,-1,exact,True,True,R0146;R0222;R0259;R0262;R0282;R0300;R0306;R0323;R0344;R0354,59
1034,-1,exact,True,True,R0239;R0244;R0247;R0261;R0275;R0285;R0289;R0422;R0506;R0507,34
1035,-1,exact,True,True,R0089;R0127;R0154;R0166;R0169;R0177;R0182;R0203;R0223;R0232,20
1036,-1,exact,True,True,R0084;R0089;R0173;R0191;R0212;R0233;R0236;R0262;R0265;R0282,29
1037,-1,exact,True,True,R0073;R0140;R0148;R0154;R0158;R0169;R0177;R0216;R0220;R0224,49
1038,-1,exact,True,True,R0074;R0157;R0160;R0161;R0170;R0187;R0188;R0190;R0217;R0226,15
1039,-1,exact,True,True,R0069;R0073;R0075;R0078;R0086;R0157;R0250;R0264;R0305;R0309,37
1040,-1,exact,True,True,R0073;R0143;R0166;R0218;R0228;R0231;R0238;R0240;R0257;R0260,30
1041,-1,exact,True,True,R0053;R0108;R0117;R0158;R0164;R0169;R0171;R0177;R0183;R0192,86
1042,-1,exact,True,True,R0065;R0074;R0095;R0109;R0123;R0138;R0149;R0190;R0241;R0251,28
1043,-1,exact,True,True,R0069;R0073;R0079;R0141;R0149;R0159;R0220;R0228;R0234;R0263,21
1044,-1,exact,True,True,R0093;R0130;R0246;R0274;R0344;R0346;R0395;R0414;R0451;R0458,20
1045,-1,exact,True,True,R0206;R0277;R0336;R0337;R0385;R0386;R0422;R0437;R0452;R0479,43
1046,-1,exact,True,True,R0302;R0303;R0304;R0314;R0317;R0318;R0331;R0333;R0335;R0341,44
1047,-1,exact,True,True,R0196;R0225;R0297;R0302;R0303;R0304;R0308;R0311;R0314;R0315,235
1048,-1,exact,True,True,R0078;R0082;R0109;R0129;R0157;R0160;R0161;R0167;R0168;R0174,17
1049,-1,exact,True,True,R0015;R0056;R0073;R0074;R0079;R0082;R0123;R0129;R0138;R0141,13
1050,-1,exact,True,True,R0024;R0063;R0070;R0071;R0080;R0082;R0087;R0091;R0109;R0119,42
1051,-1,exact,True,True,R0063;R0070;R0071;R0076;R0077;R0080;R0082;R0087;R0091;R0109,54
1052,-1,exact,True,True,R0252;R0277;R0305;R0314;R0317;R0325;R0329;R0330;R0334;R0335,124
1053,-1,exact,True,True,R0297;R0300;R0302;R0303;R0304;R0306;R0308;R0311;R0314;R0315,241
1054,-1,exact,True,True,R0252;R0300;R0302;R0303;R0304;R0306;R0308;R0311;R0312;R0315,179
1055,-1,exact,True,True,R0314;R0335;R0340;R0350;R0351;R0352;R0361;R0362;R0363;R0368,85
1056,129,exact,False,False,R0033;R0306;R0323;R0330;R0336;R0337;R0354;R0366;R0371;R0375,62
1057,-1,exact,True,True,R0300;R0304;R0306;R0308;R0311;R0315;R0320;R0322;R0323;R0324,135
1058,-1,exact,True,True,R0222;R0274;R0305;R0336;R0337;R0344;R0371;R0386;R0395;R0414,90
1059,-1,exact,True,True,R0140;R0256;R0277;R0283;R0292;R0297;R0303;R0307;R0308;R0311,154
1060,-1,exact,True,True,R0091;R0139;R0156;R0174;R0175;R0183;R0199;R0204;R0211;R0219,15
1061,-1,exact,True,True,R0074;R0078;R0157;R0160;R0161;R0170;R0187;R0188;R0217;R0226,13
1062,131,exact,False,False,R0262,1
1063,22,exact,False,False,R0010;R0238;R0281,3
1064,586,exact,False,False,R0012;R0013;R0020;R0023;R0037;R0042;R0044;R0049;R0067;R0079,48
1065,-1,exact,True,True,R0056;R0082;R0123;R0129;R0159;R0189;R0235;R0279;R0280;R0289,13
1066,-1,exact,True,True,R0020;R0021;R0026;R0030;R0041;R0042;R0044;R0048;R0093;R0176,50
1067,671,exact,False,False,R0008;R0020;R0021;R0037;R0042;R0048;R0049;R0154;R0176;R0182,17
1068,-1,exact,True,True,R0043;R0069;R0075;R0126;R0146;R0177;R0197;R0198;R0224;R0237,113
1069,-1,exact,True,True,R0108;R0117;R0126;R0158;R0164;R0194;R0197;R0224;R0242;R0244,88
1070,-1,exact,True,True,R0052;R0075;R0126;R0146;R0198;R0237;R0244;R0247;R0250;R0259,85
1071,-1,exact,True,True,R0075;R0108;R0158;R0177;R0224;R0231;R0238;R0242;R0244;R0247,55
1072,-1,exact,True,True,R0256;R0303;R0306;R0312;R0315;R0318;R0331;R0338;R0341;R0342,43
1073,-1,exact,True,True,R0252;R0297;R0300;R0302;R0303;R0304;R0305;R0306;R0308;R0311,248
1074,-1,exact,True,True,R0031;R0222;R0277;R0319;R0330;R0353;R0356;R0387;R0408;R0409,46
1075,-1,exact,True,True,R0225;R0256;R0302;R0303;R0315;R0317;R0318;R0319;R0320;R0322,119
1076,-1,exact,True,True,R0302;R0303;R0304;R0308;R0311;R0315;R0317;R0318;R0319;R0320,171
1077,-1,exact,True,True,R0303;R0318;R0331;R0341;R0359;R0360;R0370;R0372;R0375;R0404,15
1078,-1,exact,True,True,R0252;R0305;R0312;R0325;R0329;R0334;R0340;R0347;R0350;R0353,63
1079,-1,exact,True,True,R0252;R0297;R0300;R0302;R0303;R0305;R0306;R0312;R0314;R0317,187
1080,661,exact,False,False,R0007;R0054;R0055;R0060;R0062;R0072;R0088;R0096;R0097;R0098,25
1081,662,exact,False,False,R0005;R0054;R0055;R0060;R0062;R0068;R0072;R0088;R0089;R0096,30
1082,661,exact,False,False,R0007;R0011;R0055;R0253,4
1083,13,exact,False,False,R0127,1
1084,-1,exact,True,True,R0277;R0314;R0317;R0325;R0329;R0330;R0334;R0335;R0340;R0347,122
1085,-1,exact,True,True,R0196;R0225;R0297;R0302;R0303;R0304;R0308;R0311;R0314;R0315,235
1086,-1,exact,True,True,R0338;R0360;R0395;R0464;R0471;R0497;R0500;R0506;R0507;R0508,33
1087,-1,exact,True,True,R0277;R0297;R0302;R0303;R0304;R0308;R0311;R0314;R0315;R0317,240
1088,595,exact,False,False,R0046,1
1089,661,fallback,False,False,,0
1090,-1,exact,True,True,R0252;R0470,2
1091,125,fallback,False,False,,0
1092,-1,exact,True,True,R0053;R0089;R0162;R0253;R0261;R0262;R0265;R0271;R0285;R0286,19
1093,-1,exact,True,True,R0046;R0093;R0130;R0182;R0184;R0192;R0198;R0213;R0225;R0239,44
1094,-1,exact,True,True,R0084;R0135;R0154;R0184;R0191;R0196;R0213;R0225;R0227;R0233,15
1095,-1,exact,True,True,R0061;R0112;R0120;R0134;R0144;R0145;R0206;R0244;R0247;R0250,83
1096,-1,exact,True,True,R0039;R0059;R0061;R0092;R0112;R0134;R0144;R0145;R0277;R0304,180
1097,-1,exact,True,True,R0039;R0040;R0059;R0061;R0092;R0112;R0134;R0144;R0145;R0277,249
1098,-1,exact,True,True,R0277;R0297;R0302;R0303;R0304;R0308;R0311;R0314;R0315;R0317,240
1099,-1,exact,True,True,R0277;R0304;R0308;R0311;R0314;R0315;R0317;R0320;R0322;R0324,204
1100,-1,exact,True,True,R0196;R0314;R0317;R0325;R0329;R0330;R0334;R0335;R0340;R0347,122
1101,-1,exact,True,True,R0206;R0212;R0350;R0393;R0400;R0421;R0429;R0430;R0431;R0432,34
1102,-1,exact,True,True,R0020;R0026;R0030;R0041;R0042;R0044;R0048;R0176;R0206;R0350,53
1103,-1,exact,True,True,R0196;R0314;R0317;R0325;R0329;R0330;R0334;R0335;R0340;R0347,122
1104,-1,exact,True,True,R0108;R0126;R0158;R0164;R0192;R0194;R0242;R0246;R0316;R0321,12
1105,-1,exact,True,True,R0108;R0158;R0164;R0177;R0192;R0194;R0218;R0231;R0237;R0242,27
1106,-1,exact,True,True,R0069;R0075;R0126;R0146;R0198;R0237;R0244;R0247;R0250;R0259,130
1107,-1,exact,True,True,R0297;R0300;R0302;R0304;R0306;R0308;R0311;R0315;R0318;R0319,165
1108,-1,exact,True,True,R0334;R0420,2
1109,-1,exact,True,True,R0256;R0277;R0297;R0303;R0311;R0314;R0315;R0318;R0320;R0322,135
1110,-1,exact,True,True,R0032;R0302;R0318;R0333;R0341;R0342;R0348;R0358;R0360;R0370,17
1111,-1,exact,True,True,R0297;R0300;R0302;R0303;R0306;R0314;R0315;R0317;R0318;R0319,191
1112,-1,exact,True,True,R0146;R0233;R0239;R0262;R0366;R0385;R0386;R0422;R0504;R0531,14
1113,-1,exact,True,True,R0034;R0094;R0103;R0104;R0105;R0106;R0107;R0114;R0115;R0116,63
1114,-1,exact,True,True,R0127;R0202;R0227;R0236;R0307;R0526,6
1115,-1,exact,True,True,R0117;R0171;R0190;R0202;R0217;R0218;R0231;R0237;R0238;R0247,56
1116,417,fallback,False,False,,0
1117,-1,exact,True,True,R0069;R0075;R0093;R0148;R0177;R0197;R0238;R0241;R0250;R0257,43
1118,-1,exact,True,True,R0053;R0148;R0154;R0158;R0162;R0169;R0177;R0183;R0190;R0216,61
1119,-1,exact,True,True,R0052;R0146;R0233;R0239;R0261;R0285;R0299;R0306;R0336;R0337,54
1120,-1,exact,True,True,R0073;R0113;R0124;R0125;R0139;R0140;R0148;R0158;R0166;R0169,46
1121,-1,exact,True,True,R0078;R0157;R0160;R0161;R0170;R0187;R0188;R0217;R0226;R0229,13
1122,81,fallback,False,False,,0
1123,-1,exact,True,True,R0074;R0166;R0260;R0263;R0266;R0273;R0279;R0288;R0293;R0294,13
1124,-1,exact,True,True,R0043;R0093;R0130;R0146;R0173;R0184;R0191;R0197;R0198;R0213,121
1125,131,exact,False,False,R0262,1
1126,-1,exact,True,True,R0146;R0192;R0224;R0233;R0239;R0245;R0246;R0261;R0262;R0269,56
1127,-1,exact,True,True,R0093;R0130;R0224;R0246;R0269;R0274;R0301;R0310;R0344;R0346,65
1128,-1,exact,True,True,R0154;R0158;R0169;R0216;R0223;R0248;R0260;R0273;R0290;R0293,16
1129,-1,exact,True,True,R0024;R0160;R0161;R0170;R0187;R0188;R0190;R0217;R0229;R0231,32
1130,-1,exact,True,True,R0069;R0073;R0108;R0117;R0140;R0143;R0158;R0164;R0169;R0194,65
1131,-1,exact,True,True,R0027;R0038;R0057;R0113;R0124;R0125;R0139;R0158;R0169;R0177,31
1132,-1,exact,True,True,R0252;R0277;R0297;R0302;R0303;R0305;R0314;R0317;R0318;R0319,179
1133,-1,exact,True,True,R0039;R0040;R0059;R0061;R0092;R0112;R0134;R0144;R0145;R0277,249
1134,-1,exact,True,True,R0252;R0297;R0300;R0302;R0304;R0305;R0306;R0308;R0311;R0312,172
1135,-1,exact,True,True,R0039;R0040;R0059;R0061;R0092;R0112;R0134;R0144;R0145;R0277,246
1136,-1,exact,True,True,R0093;R0130;R0146;R0173;R0182;R0184;R0191;R0197;R0198;R0213,85
1137,-1,exact,True,True,R0047;R0068;R0166;R0238;R0262;R0265;R0291;R0309,8
1138,-1,exact,True,True,R0127;R0261;R0285;R0292;R0479;R0545;R0577,7
1139,-1,exact,True,True,R0029;R0063;R0070;R0071;R0076;R0077;R0080;R0087;R0091;R0109,61
1140,-1,exact,True,True,R0154;R0158;R0164;R0166;R0169;R0194;R0216;R0223;R0228;R0248,22
1141,13,exact,False,False,R0127,1
1142,-1,exact,True,True,R0148;R0158;R0177;R0231;R0238;R0241;R0254;R0257;R0309;R0312,26
1143,-1,exact,True,True,R0067;R0079;R0108;R0123;R0136;R0138;R0140;R0141;R0142;R0143,67
1144,-1,exact,True,True,R0120;R0206;R0256;R0274;R0300;R0306;R0322;R0338;R0342;R0357,48
1145,-1,exact,True,True,R0256;R0277;R0297;R0303;R0305;R0314;R0318;R0320;R0331;R0335,96
1146,-1,exact,True,True,R0032;R0252;R0300;R0304;R0308;R0317;R0320;R0322;R0324;R0333,57
1147,-1,exact,True,True,R0031;R0222;R0252;R0300;R0305;R0306;R0308;R0312;R0323;R0330,78
1148,-1,exact,True,True,R0073;R0079;R0138;R0141;R0143;R0149;R0166;R0220;R0228;R0234,25
1149,-1,exact,True,True,R0203;R0241;R0286;R0355;R0441,5
1150,-1,exact,True,True,R0203;R0262;R0286;R0309;R0355;R0441,6
1151,-1,exact,True,True,R0065;R0074;R0095;R0109;R0123;R0138;R0149;R0166;R0183;R0190,32
1152,-1,exact,True,True,R0256;R0277;R0297;R0302;R0303;R0314;R0317;R0318;R0325;R0330,78
1153,-1,exact,True,True,R0314;R0335;R0340;R0350;R0351;R0352;R0361;R0362;R0363;R0368,85
1154,-1,exact,True,True,R0032;R0252;R0300;R0302;R0303;R0314;R0317;R0318;R0319;R0320,63
1155,-1,exact,True,True,R0277;R0297;R0302;R0303;R0304;R0308;R0314;R0315;R0317;R0318,215
1156,-1,exact,True,True,R0035;R0036;R0044;R0045;R0048;R0051;R0061;R0092;R0134;R0395,42
1157,-1,exact,True,True,R0026;R0030;R0036;R0041;R0042;R0045;R0048;R0050;R0173;R0176,20
1158,-1,exact,True,True,R0020;R0026;R0030;R0041;R0042;R0044;R0048;R0176;R0297;R0302,241
1159,-1,exact,True,True,R0196;R0225;R0297;R0302;R0303;R0304;R0308;R0311;R0314;R0315,235
1160,-1,exact,True,True,R0029;R0056;R0065;R0074;R0123;R0138;R0149;R0159;R0166;R0218,28
1161,-1,exact,True,True,R0056;R0065;R0067;R0123;R0159;R0162;R0218;R0240;R0254;R0263,22
1162,-1,exact,True,True,R0074;R0166;R0228;R0231;R0238;R0240;R0241;R0257;R0260;R0265,27
1163,-1,exact,True,True,R0043;R0069;R0198;R0237;R0238;R0247;R0257;R0259;R0261;R0262,46
1164,-1,exact,True,True,R0052;R0093;R0191;R0197;R0233;R0245;R0262;R0276;R0282;R0423,14
1165,-1,exact,True,True,R0043;R0192;R0203;R0224;R0239;R0245;R0246;R0261;R0269;R0276,54
1166,-1,exact,True,True,R0198;R0259;R0262;R0269;R0299;R0300;R0310;R0323;R0354;R0418,19
1167,-1,exact,True,True,R0182;R0264;R0268;R0281;R0313,5
1168,664,exact,False,False,R0001;R0014;R0019;R0135,4
1169,523,fallback,False,False,,0
1170,664,exact,False,False,R0001;R0019;R0096;R0097;R0098;R0099;R0100;R0101;R0102;R0135,13
1171,608,fallback,False,False,,0
1172,-1,exact,True,True,R0075;R0113;R0125;R0148;R0158;R0166;R0169;R0177;R0216;R0223,40
1173,-1,exact,True,True,R0157;R0170;R0187;R0188;R0226;R0229;R0321,7
1174,-1,exact,True,True,R0113;R0125;R0139;R0148;R0158;R0166;R0169;R0177;R0216;R0226,33
1175,-1,exact,True,True,R0148;R0177;R0203;R0238;R0241;R0257;R0262;R0268;R0276;R0286,16
1176,-1,exact,True,True,R0108;R0136;R0142;R0147;R0149;R0153;R0159;R0164;R0181;R0194,57
1177,-1,exact,True,True,R0052;R0075;R0093;R0177;R0182;R0197;R0238;R0250;R0262;R0264,32
1178,-1,exact,True,True,R0108;R0244;R0247;R0270;R0275;R0280;R0321;R0336;R0337;R0343,33
1179,-1,exact,True,True,R0069;R0073;R0075;R0079;R0138;R0140;R0141;R0143;R0148;R0149,32
1180,-1,exact,True,True,R0126;R0146;R0182;R0242;R0246;R0268;R0281;R0386;R0483;R0504,13
1181,-1,exact,True,True,R0052;R0075;R0177;R0182;R0197;R0250;R0264;R0268;R0276;R0281,20
1182,-1,exact,True,True,R0173;R0233;R0261;R0262;R0285;R0299;R0306;R0330;R0366;R0385,31
1183,-1,exact,True,True,R0148;R0177;R0182;R0203;R0238;R0241;R0257;R0262;R0268;R0276,17
1184,-1,exact,True,True,R0069;R0073;R0108;R0117;R0126;R0158;R0164;R0170;R0187;R0188,97
1185,-1,exact,True,True,R0108;R0112;R0117;R0124;R0126;R0135;R0143;R0158;R0164;R0169,74
1186,-1,exact,True,True,R0069;R0073;R0108;R0117;R0140;R0158;R0164;R0169;R0194;R0212,93
1187,-1,exact,True,True,R0028;R0124;R0125;R0135;R0139;R0158;R0166;R0169;R0196;R0197,31
1188,-1,exact,True,True,R0256;R0305;R0312;R0314;R0335;R0340;R0351;R0352;R0361;R0362,76
1189,-1,exact,True,True,R0196;R0314;R0335;R0340;R0350;R0351;R0352;R0361;R0362;R0363,86
1190,-1,exact,True,True,R0252;R0300;R0304;R0305;R0308;R0311;R0312;R0315;R0320;R0324,111
1191,-1,exact,True,True,R0277;R0297;R0302;R0303;R0304;R0308;R0311;R0314;R0315;R0317,240
1192,-1,exact,True,True,R0302;R0304;R0311;R0315;R0318;R0324;R0333;R0338;R0341;R0344,61
1193,-1,exact,True,True,R0252;R0305;R0314;R0317;R0325;R0329;R0330;R0334;R0335;R0340,123
1194,-1,exact,True,True,R0277;R0297;R0303;R0308;R0314;R0315;R0318;R0320;R0322;R0331,160
1195,-1,exact,True,True,R0256;R0277;R0297;R0302;R0303;R0304;R0308;R0314;R0315;R0317,195
1196,-1,exact,True,True,R0222;R0274;R0336;R0337;R0386;R0417;R0437;R0451;R0452;R0467,67
1197,-1,exact,True,True,R0300;R0418,2
1198,-1,exact,True,True,R0093;R0130;R0224;R0246;R0269;R0274;R0301;R0310;R0344;R0346,65
1199,432,exact,False,False,R0454,1
1200,437,exact,False,False,R0006;R0019;R0064;R0081;R0083;R0086;R0096;R0097;R0098;R0099,27
1201,-1,exact,True,True,R0016;R0017;R0069;R0073;R0083;R0151;R0158;R0170;R0187;R0188,27
1202,-1,exact,True,True,R0081;R0083;R0111;R0131;R0150;R0151;R0170;R0187;R0188;R0195,14
1203,-1,exact,True,True,R0124;R0158;R0169;R0177;R0216;R0228;R0231;R0240;R0248;R0255,34
1204,-1,exact,True,True,R0034;R0058;R0078;R0085;R0094;R0103;R0104;R0105;R0106;R0107,18
1205,-1,exact,True,True,R0034;R0058;R0089;R0103;R0104;R0105;R0106;R0107;R0114;R0115,29
1206,-1,exact,True,True,R0058;R0066;R0094;R0103;R0104;R0105;R0106;R0107;R0114;R0115,30
1207,-1,exact,True,True,R0029;R0063;R0070;R0076;R0077;R0080;R0087;R0091;R0122;R0142,28
1208,-1,exact,True,True,R0084;R0089;R0140;R0191;R0197;R0203;R0233;R0236;R0245;R0249,15
1209,-1,exact,True,True,R0093;R0192;R0246;R0387;R0395;R0483;R0495;R0511;R0531;R0549,12
1210,-1,exact,True,True,R0206;R0306;R0330;R0336;R0337;R0354;R0371;R0385;R0395;R0406,35
1211,-1,exact,True,True,R0033;R0120;R0222;R0274;R0300;R0306;R0366;R0406;R0418;R0437,30
1212,346,fallback,False,False,,0
1213,-1,exact,True,True,R0084;R0127;R0233;R0236,4
1214,-1,exact,True,True,R0022;R0027;R0054;R0057;R0072;R0113;R0118;R0125;R0131;R0139,50
1215,-1,exact,True,True,R0071;R0081;R0082;R0083;R0090;R0095;R0109;R0111;R0123;R0129,28
1216,-1,exact,True,True,R0297;R0300;R0302;R0304;R0306;R0308;R0311;R0315;R0318;R0319,165
1217,-1,exact,True,True,R0277;R0297;R0302;R0303;R0304;R0308;R0311;R0314;R0317;R0318,217
1218,-1,exact,True,True,R0277;R0297;R0302;R0303;R0304;R0308;R0311;R0314;R0315;R0317,240
1219,-1,exact,True,True,R0297;R0300;R0302;R0303;R0304;R0306;R0308;R0311;R0314;R0315,241
1220,-1,exact,True,True,R0015;R0074;R0095;R0109;R0123;R0136;R0138;R0149;R0166;R0181,19
1221,-1,exact,True,True,R0056;R0073;R0074;R0079;R0123;R0135;R0141;R0149;R0166;R0228,11
1222,-1,exact,True,True,R0069;R0136;R0198;R0202;R0235;R0259;R0284;R0289;R0476;R0494,17
1223,161,exact,False,False,R0018;R0227,2
1224,144,exact,False,False,R0009,1
1225,-1,exact,True,True,R0054;R0055;R0060;R0062;R0064;R0072;R0081;R0083;R0086;R0088,58
1226,-1,exact,True,True,R0060;R0096;R0097;R0098;R0099;R0100;R0101;R0102;R0127;R0150,12
1227,144,exact,False,False,R0009;R0025;R0055;R0060;R0062;R0096;R0097;R0098;R0099;R0100,16
1228,-1,exact,True,True,R0018;R0053;R0075;R0113;R0124;R0125;R0139;R0158;R0169;R0177,34
1229,-1,exact,True,True,R0038;R0057;R0113;R0125;R0139;R0166;R0183;R0217;R0226;R0231,24
1230,-1,exact,True,True,R0120;R0197;R0222;R0274;R0452;R0467;R0498;R0509;R0519;R0520,19
1231,-1,exact,True,True,R0061;R0092;R0112;R0126;R0146;R0244;R0247;R0261;R0275;R0285,56
1232,-1,exact,True,True,R0277;R0314;R0317;R0320;R0322;R0325;R0329;R0330;R0333;R0334,156
1233,-1,exact,True,True,R0196;R0225;R0297;R0302;R0303;R0304;R0308;R0311;R0314;R0315,235
1234,-1,exact,True,True,R0277;R0314;R0317;R0325;R0329;R0330;R0334;R0335;R0340;R0347,122
1235,-1,exact,True,True,R0302;R0303;R0304;R0311;R0315;R0317;R0318;R0324;R0331;R0333,86
1236,-1,exact,True,True,R0043;R0203;R0261;R0269;R0278;R0284;R0285;R0310;R0406;R0476,26
1237,-1,exact,True,True,R0202;R0269;R0310;R0471;R0500;R0528;R0535;R0537;R0545;R0546,19
1238,-1,exact,True,True,R0031;R0222;R0277;R0308;R0319;R0330;R0336;R0337;R0344;R0353,123
1239,-1,exact,True,True,R0256;R0277;R0297;R0303;R0311;R0314;R0315;R0318;R0324;R0331,90
1240,-1,exact,True,True,R0017;R0084;R0089;R0173;R0191;R0212;R0233;R0236;R0262;R0265,21
1241,-1,exact,True,True,R0052;R0075;R0084;R0124;R0154;R0162;R0212;R0232;R0244;R0250,54
1242,-1,exact,True,True,R0069;R0075;R0084;R0089;R0124;R0143;R0166;R0212;R0223;R0232,30
1243,-1,exact,True,True,R0196;R0314;R0315;R0335;R0340;R0350;R0351;R0352;R0361;R0362,94
1244,-1,exact,True,True,R0039;R0040;R0059;R0061;R0092;R0112;R0134;R0144;R0145;R0200,246
1245,-1,exact,True,True,R0039;R0040;R0059;R0061;R0092;R0112;R0134;R0144;R0145;R0200,246
1246,-1,exact,True,True,R0092;R0483;R0535;R0568,4
1247,-1,exact,True,True,R0039;R0040;R0059;R0061;R0092;R0112;R0134;R0144;R0145;R0277,246
1248,-1,exact,True,True,R0064;R0083;R0086;R0096;R0097;R0098;R0099;R0100;R0101;R0102,19
1249,-1,exact,True,True,R0025;R0034;R0058;R0066;R0088;R0094;R0128;R0139;R0178;R0179,28
1250,-1,exact,True,True,R0025;R0055;R0060;R0062;R0088;R0096;R0097;R0098;R0099;R0100,18
1251,-1,exact,True,True,R0025;R0058;R0089;R0253;R0286,5
1252,-1,exact,True,True,R0022;R0057;R0118;R0125;R0135;R0139;R0201;R0226;R0255;R0260,14
1253,-1,exact,True,True,R0060;R0064;R0073;R0081;R0083;R0086;R0096;R0097;R0098;R0099,26
1254,-1,exact,True,True,R0081;R0083;R0111;R0151;R0160;R0161;R0170;R0187;R0188;R0195,17
1255,-1,exact,True,True,R0066;R0074;R0078;R0085;R0113;R0157;R0170;R0187;R0188;R0214,22
1256,675,exact,False,False,R0032,1
1257,-1,exact,True,True,R0252;R0256;R0297;R0300;R0302;R0303;R0304;R0305;R0306;R0308,205
1258,-1,exact,True,True,R0252;R0297;R0300;R0302;R0303;R0304;R0305;R0306;R0308;R0311,248
1259,-1,exact,True,True,R0256;R0297;R0302;R0303;R0304;R0306;R0311;R0312;R0314;R0315,130
1260,626,exact,False,False,R0035;R0471;R0479;R0483;R0494;R0500;R0523;R0528;R0535;R0537,21
1261,-1,exact,True,True,R0206;R0222;R0274;R0277;R0357;R0367;R0385;R0417;R0445;R0452,36
1262,-1,exact,True,True,R0061;R0093;R0344;R0414;R0458;R0459;R0558,7
1263,-1,exact,True,True,R0256;R0274;R0322;R0338;R0357;R0367;R0383;R0384;R0429;R0445,38
1264,-1,exact,True,True,R0038;R0052;R0084;R0124;R0162;R0232;R0239;R0366;R0385,9
1265,-1,exact,True,True,R0078;R0086;R0157;R0321;R0326;R0327;R0328;R0373;R0569;R0579,10
1266,-1,exact,True,True,R0069;R0073;R0075;R0113;R0124;R0143;R0148;R0212;R0216;R0223,41
1267,-1,exact,True,True,R0173;R0184;R0191;R0213;R0233;R0261;R0282;R0285;R0305;R0357,46
1268,-1,exact,True,True,R0108;R0117;R0124;R0126;R0135;R0158;R0164;R0169;R0194;R0196,106
1269,-1,exact,True,True,R0052;R0075;R0126;R0146;R0198;R0237;R0244;R0247;R0250;R0259,101
1270,-1,exact,True,True,R0074;R0166;R0183;R0217;R0218;R0228;R0231;R0240;R0257;R0260,30
1271,-1,exact,True,True,R0126;R0146;R0198;R0244;R0247;R0250;R0259;R0261;R0264;R0275,101
1272,-1,exact,True,True,R0057;R0066;R0113;R0122;R0125;R0156;R0163;R0165;R0166;R0183,39
1273,-1,exact,True,True,R0109;R0136;R0142;R0149;R0153;R0159;R0162;R0165;R0171;R0172,74
1274,-1,exact,True,True,R0053;R0117;R0171;R0183;R0202;R0217;R0247;R0258;R0260;R0263,44
1275,-1,exact,True,True,R0053;R0068;R0162;R0238;R0261;R0262;R0265;R0285;R0291;R0292,15
1276,-1,exact,True,True,R0055;R0060;R0062;R0063;R0064;R0070;R0080;R0081;R0087;R0091,22
1277,-1,exact,True,True,R0027;R0054;R0063;R0070;R0071;R0072;R0076;R0077;R0080;R0081,65
1278,-1,exact,True,True,R0063;R0070;R0071;R0072;R0076;R0077;R0080;R0087;R0091;R0109,48
1279,-1,exact,True,True,R0071;R0076;R0077;R0087;R0091;R0109;R0118;R0139;R0174;R0175,25
1280,-1,exact,True,True,R0046;R0093;R0130;R0146;R0173;R0184;R0191;R0196;R0197;R0198,106
1281,-1,exact,True,True,R0053;R0069;R0073;R0075;R0108;R0117;R0158;R0162;R0164;R0169,120
1282,-1,exact,True,True,R0108;R0117;R0124;R0126;R0140;R0158;R0164;R0169;R0194;R0197,113
1283,-1,exact,True,True,R0043;R0069;R0075;R0177;R0198;R0224;R0237;R0238;R0242;R0244,85
1284,-1,exact,True,True,R0015;R0109;R0135;R0136;R0138;R0142;R0149;R0153;R0159;R0165,39
1285,-1,exact,True,True,R0026;R0030;R0036;R0037;R0041;R0042;R0045;R0048;R0049;R0050,36
1286,-1,exact,True,True,R0008;R0012;R0013;R0020;R0023;R0030;R0037;R0042;R0044;R0048,79
1287,-1,exact,True,True,R0087;R0091;R0142;R0153;R0171;R0535;R0546;R0547;R0568;R0575,10
1288,-1,exact,True,True,R0035;R0356;R0395;R0477;R0495;R0511;R0516;R0542;R0573,9
1289,-1,exact,True,True,R0256;R0277;R0314;R0335;R0340;R0351;R0352;R0361;R0362;R0363,75
1290,-1,exact,True,True,R0302;R0304;R0308;R0311;R0315;R0318;R0319;R0320;R0322;R0324,108
1291,-1,exact,True,True,R0206;R0222;R0274;R0277;R0330;R0336;R0337;R0344;R0356;R0357,112
1292,-1,exact,True,True,R0058;R0063;R0070;R0071;R0076;R0077;R0080;R0082;R0087;R0091,56
1293,-1,exact,True,True,R0034;R0066;R0085;R0094;R0103;R0104;R0105;R0106;R0107;R0114,64
1294,-1,exact,True,True,R0063;R0070;R0071;R0076;R0077;R0080;R0082;R0087;R0091;R0109,57
1295,-1,exact,True,True,R0027;R0054;R0063;R0070;R0071;R0072;R0076;R0077;R0080;R0081,66
1296,-1,exact,True,True,R0074;R0092;R0135;R0166;R0183;R0217;R0258;R0260;R0263;R0266,16
1297,-1,exact,True,True,R0069;R0073;R0124;R0126;R0140;R0143;R0154;R0158;R0164;R0166,43
1298,-1,exact,True,True,R0093;R0130;R0146;R0173;R0184;R0191;R0197;R0198;R0213;R0224,109
1299,-1,exact,True,True,R0018;R0028;R0108;R0117;R0124;R0126;R0135;R0143;R0158;R0164,87
1300,-1,exact,True,True,R0043;R0093;R0126;R0130;R0146;R0177;R0182;R0192;R0197;R0203,56
1301,-1,exact,True,True,R0069;R0073;R0075;R0108;R0117;R0158;R0164;R0177;R0194;R0218,95
1302,-1,exact,True,True,R0136;R0147;R0203;R0235;R0237;R0247;R0261;R0262;R0275;R0284,37
1303,-1,exact,True,True,R0109;R0139;R0149;R0165;R0172;R0174;R0175;R0183;R0190;R0219,31
1304,-1,exact,True,True,R0252;R0256;R0277;R0297;R0302;R0303;R0304;R0305;R0308;R0311,222
1305,-1,exact,True,True,R0196;R0225;R0256;R0304;R0308;R0311;R0314;R0317;R0320;R0322,165
1306,-1,exact,True,True,R0252;R0297;R0300;R0302;R0303;R0304;R0305;R0306;R0308;R0311,248
1307,-1,exact,True,True,R0252;R0277;R0297;R0302;R0303;R0304;R0305;R0308;R0311;R0314,243
1308,-1,exact,True,True,R0057;R0081;R0150,3
1309,-1,exact,True,True,R0017;R0019;R0022;R0060;R0072;R0073;R0081;R0096;R0097;R0098,60
1310,-1,exact,True,True,R0014;R0017;R0019;R0150;R0173;R0191;R0197;R0233;R0245;R0276,19
1311,437,exact,False,False,R0006;R0019;R0060;R0072;R0073;R0079;R0081;R0096;R0097;R0098,39
1312,-1,exact,True,True,R0093;R0246;R0312;R0344;R0395;R0414;R0451;R0458;R0459;R0534,10
1313,-1,exact,True,True,R0043;R0182;R0184;R0213;R0227;R0245;R0246;R0259;R0276;R0278,26
1314,-1,exact,True,True,R0184;R0198;R0202;R0203;R0213;R0239;R0259;R0261;R0284;R0285,67
1315,-1,exact,True,True,R0197;R0222;R0417;R0490;R0495;R0498;R0509;R0511;R0519;R0520,15
1316,-1,exact,True,True,R0093;R0197;R0325;R0329;R0334;R0340;R0347;R0350;R0353;R0368,62
1317,-1,exact,True,True,R0304;R0311;R0324;R0325;R0329;R0334;R0340;R0344;R0347;R0350,76
1318,-1,exact,True,True,R0039;R0040;R0059;R0061;R0092;R0112;R0134;R0144;R0145;R0277,249
1319,-1,exact,True,True,R0277;R0297;R0302;R0303;R0304;R0308;R0314;R0315;R0317;R0318,215
1320,-1,exact,True,True,R0052;R0154;R0166;R0169;R0177;R0232;R0238;R0248;R0249;R0262,17
1321,-1,exact,True,True,R0057;R0125;R0139;R0183;R0217;R0226;R0255;R0258;R0260;R0267,17
1322,-1,exact,True,True,R0027;R0078;R0113;R0157;R0160;R0161;R0170;R0187;R0188;R0217,16
1323,226,exact,False,False,R0078,1
1324,-1,exact,True,True,R0034;R0085;R0094;R0103;R0104;R0105;R0106;R0107;R0114;R0115,51
1325,-1,exact,True,True,R0064;R0081;R0096;R0097;R0098;R0099;R0100;R0101;R0102;R0110,13
1326,-1,exact,True,True,R0054;R0055;R0072;R0086;R0088;R0090;R0131;R0151;R0157;R0160,36
1327,-1,exact,True,True,R0055;R0062;R0064;R0081;R0083;R0086;R0090;R0096;R0097;R0098,38
1328,-1,exact,True,True,R0015;R0109;R0138;R0174;R0175;R0183;R0219;R0251;R0258;R0267,10
1329,586,exact,False,False,R0012;R0074;R0079;R0123;R0136;R0138;R0141;R0142;R0143;R0153,19
1330,-1,exact,True,True,R0071;R0074;R0095;R0109;R0123;R0138;R0156;R0166;R0211;R0251,10
1331,-1,exact,True,True,R0135;R0136;R0142;R0147;R0153;R0159;R0174;R0175;R0181;R0219,36
1332,-1,exact,True,True,R0054;R0055;R0060;R0062;R0088;R0090;R0096;R0097;R0098;R0099,29
1333,-1,exact,True,True,R0038;R0094;R0103;R0104;R0105;R0106;R0107;R0113;R0114;R0115,40
1334,-1,exact,True,True,R0027;R0071;R0076;R0077;R0087;R0091;R0109;R0119;R0121;R0137,29
1335,-1,exact,True,True,R0057;R0068;R0127,3
1336,-1,exact,True,True,R0173;R0184;R0191;R0197;R0198;R0213;R0224;R0233;R0245;R0261,51
1337,-1,exact,True,True,R0084;R0089;R0154;R0184;R0191;R0203;R0213;R0227;R0233;R0236,22
1338,-1,exact,True,True,R0043;R0069;R0075;R0093;R0146;R0148;R0177;R0197;R0238;R0241,58
1339,-1,exact,True,True,R0191;R0206;R0277;R0330;R0356;R0423;R0460;R0461;R0462;R0486,19
1340,-1,exact,True,True,R0325;R0329;R0334;R0340;R0347;R0368;R0369;R0376;R0377;R0378,44
1341,-1,exact,True,True,R0256;R0302;R0303;R0304;R0311;R0315;R0317;R0318;R0324;R0331,88
1342,129,exact,False,False,R0033;R0206;R0306;R0323;R0330;R0336;R0337;R0354;R0366;R0371,37
1343,-1,exact,True,True,R0252;R0297;R0300;R0302;R0303;R0304;R0305;R0306;R0308;R0311,248
1344,-1,exact,True,True,R0054;R0055;R0060;R0062;R0063;R0064;R0070;R0071;R0072;R0076,78
1345,-1,exact,True,True,R0027;R0054;R0063;R0070;R0071;R0072;R0076;R0077;R0080;R0081,66
1346,-1,exact,True,True,R0027;R0063;R0070;R0071;R0076;R0077;R0078;R0080;R0082;R0087,56
1347,-1,exact,True,True,R0055;R0056;R0060;R0062;R0064;R0065;R0072;R0073;R0079;R0081,52
1348,-1,exact,True,True,R0196;R0206;R0222;R0225;R0274;R0330;R0336;R0337;R0344;R0356,107
1349,-1,exact,True,True,R0196;R0206;R0385;R0437;R0452;R0508;R0530;R0540;R0560;R0572,11
1350,-1,exact,True,True,R0297;R0300;R0302;R0303;R0304;R0306;R0308;R0311;R0314;R0315,241
1351,-1,exact,True,True,R0026;R0036;R0041;R0044;R0045;R0048;R0051;R0112;R0134;R0144,38
1352,-1,exact,True,True,R0196;R0206;R0222;R0225;R0274;R0305;R0330;R0336;R0337;R0344,109
1353,-1,exact,True,True,R0297;R0300;R0302;R0303;R0304;R0306;R0308;R0311;R0314;R0315,241
1354,-1,exact,True,True,R0256;R0297;R0300;R0303;R0306;R0314;R0315;R0318;R0320;R0322,129
1355,-1,exact,True,True,R0252;R0297;R0300;R0302;R0304;R0305;R0306;R0308;R0311;R0312,172
1356,-1,exact,True,True,R0071;R0087;R0091;R0109;R0135;R0136;R0138;R0142;R0153;R0159,39
1357,-1,exact,True,True,R0071;R0087;R0091;R0109;R0136;R0142;R0153;R0159;R0171;R0174,49
1358,-1,exact,True,True,R0071;R0087;R0091;R0109;R0135;R0136;R0142;R0153;R0159;R0171,49
1359,586,exact,False,False,R0012;R0013;R0056;R0067;R0079;R0123;R0136;R0141;R0142;R0147,44
1360,-1,exact,True,True,R0252;R0277;R0297;R0302;R0303;R0304;R0305;R0308;R0311;R0314,243
1361,-1,exact,True,True,R0225;R0256;R0302;R0303;R0304;R0308;R0311;R0315;R0317;R0318,154
1362,-1,exact,True,True,R0252;R0277;R0297;R0302;R0303;R0304;R0305;R0308;R0311;R0314,243
1363,-1,exact,True,True,R0031;R0222;R0277;R0319;R0330;R0353;R0356;R0387;R0408;R0409,48
1364,-1,exact,True,True,R0144;R0145;R0256;R0277;R0311;R0314;R0320;R0335;R0340;R0351,93
1365,-1,exact,True,True,R0039;R0040;R0061;R0092;R0134;R0256;R0302;R0303;R0304;R0311,91
1366,-1,exact,True,True,R0040;R0059;R0144;R0145;R0256;R0277;R0297;R0302;R0303;R0306,163
1367,-1,exact,True,True,R0039;R0040;R0059;R0061;R0112;R0134;R0144;R0145;R0256;R0277,202
1368,-1,exact,True,True,R0078;R0157;R0160;R0161;R0170;R0187;R0188;R0226;R0229;R0321,10
1369,-1,exact,True,True,R0069;R0073;R0075;R0113;R0124;R0125;R0143;R0148;R0158;R0166,57
1370,-1,exact,True,True,R0056;R0065;R0067;R0074;R0123;R0138;R0149;R0228;R0240;R0241,28
1371,-1,exact,True,True,R0019;R0054;R0060;R0064;R0073;R0081;R0083;R0086;R0096;R0097,39
1372,-1,exact,True,True,R0135;R0184;R0198;R0212;R0213;R0225;R0236;R0259;R0261;R0271,52
1373,-1,exact,True,True,R0222;R0274;R0336;R0337;R0344;R0371;R0386;R0395;R0414;R0417,88
1374,13,fallback,False,False,,0
1375,-1,exact,True,True,R0046;R0135;R0198;R0202;R0225;R0259;R0261;R0269;R0271;R0283,29
1376,-1,exact,True,True,R0202;R0269;R0310;R0471;R0479;R0483;R0494;R0500;R0528;R0535,22
1377,-1,exact,True,True,R0026;R0036;R0041;R0042;R0045;R0048;R0144;R0145;R0176;R0206,28
1378,-1,exact,True,True,R0274;R0297;R0322;R0325;R0329;R0338;R0339;R0350;R0360;R0383,61
1379,-1,exact,True,True,R0202;R0307;R0483;R0511;R0565;R0575,6
1380,-1,exact,True,True,R0020;R0030;R0041;R0051;R0061;R0092;R0112;R0173;R0191;R0344,40
1381,-1,exact,True,True,R0093;R0130;R0173;R0184;R0191;R0197;R0213;R0224;R0233;R0245,59
1382,-1,exact,True,True,R0256;R0297;R0303;R0306;R0312;R0314;R0318;R0331;R0335;R0338,58
1383,-1,exact,True,True,R0120;R0173;R0184;R0191;R0213;R0274;R0299;R0300;R0306;R0323,94
1384,-1,exact,True,True,R0063;R0070;R0071;R0076;R0077;R0080;R0082;R0087;R0091;R0109,57
1385,-1,exact,True,True,R0057;R0074;R0125;R0166;R0255;R0260;R0273;R0279;R0288;R0293,13
1386,-1,exact,True,True,R0078;R0152;R0157;R0160;R0161;R0163;R0167;R0168;R0170;R0185,27
1387,-1,exact,True,True,R0078;R0085;R0094;R0103;R0104;R0105;R0106;R0107;R0114;R0115,44
1388,-1,exact,True,True,R0018;R0117;R0202;R0247;R0260;R0263;R0266;R0269;R0270;R0271,36
1389,586,exact,False,False,R0012;R0013;R0020;R0023;R0037;R0042;R0044;R0049;R0067;R0079,48
1390,-1,exact,True,True,R0038;R0079;R0123;R0135;R0139;R0141;R0255;R0279,8
1391,586,exact,False,False,R0012;R0013;R0020;R0036;R0042;R0045;R0079;R0082;R0129;R0138,14
1392,-1,exact,True,True,R0277;R0297;R0302;R0303;R0314;R0317;R0318;R0319;R0320;R0322,177
1393,-1,exact,True,True,R0277;R0297;R0302;R0303;R0304;R0308;R0311;R0314;R0315;R0317,240
1394,-1,exact,True,True,R0297;R0300;R0302;R0303;R0304;R0306;R0308;R0311;R0314;R0315,241
1395,-1,exact,True,True,R0031;R0033;R0222;R0252;R0300;R0305;R0306;R0312;R0319;R0330,81
1396,-1,exact,True,True,R0024;R0160;R0161;R0170;R0171;R0187;R0188;R0190;R0217;R0229,20
1397,-1,exact,True,True,R0024;R0027;R0063;R0113;R0122;R0152;R0160;R0161;R0163;R0165,47
1398,-1,exact,True,True,R0085;R0094;R0103;R0104;R0105;R0106;R0107;R0114;R0115;R0116,36
1399,-1,exact,True,True,R0025;R0055;R0085;R0086;R0090;R0094;R0103;R0104;R0105;R0106,48
1400,-1,exact,True,True,R0022;R0038;R0118;R0125;R0131;R0135;R0139;R0183;R0201;R0217,19
1401,-1,exact,True,True,R0055;R0062;R0064;R0071;R0081;R0082;R0083;R0086;R0090;R0095,42
1402,-1,exact,True,True,R0027;R0057;R0068;R0089;R0125;R0127;R0190;R0257;R0281;R0288,11
1403,-1,exact,True,True,R0054;R0055;R0060;R0062;R0064;R0072;R0081;R0083;R0086;R0088,56
1404,-1,exact,True,True,R0016;R0078;R0157;R0250;R0321,5
1405,-1,exact,True,True,R0016;R0157,2
1406,-1,exact,True,True,R0016;R0073;R0078;R0113;R0157;R0250;R0305;R0321;R0326;R0327,14
1407,-1,exact,True,True,R0016;R0078;R0157;R0250;R0264;R0313;R0321;R0498;R0509;R0519,14
1408,-1,exact,True,True,R0302;R0303;R0304;R0308;R0311;R0315;R0317;R0318;R0319;R0320,171
1409,-1,exact,True,True,R0256;R0297;R0300;R0303;R0305;R0306;R0308;R0311;R0312;R0314,176
1410,-1,exact,True,True,R0140;R0206;R0256;R0277;R0429;R0430;R0431;R0432;R0439;R0453,24
1411,-1,exact,True,True,R0256;R0302;R0303;R0304;R0311;R0315;R0317;R0318;R0324;R0331,87
1412,-1,exact,True,True,R0063;R0070;R0071;R0078;R0080;R0082;R0087;R0091;R0109;R0129,41
1413,-1,exact,True,True,R0047;R0127;R0227,3
1414,549,fallback,False,False,,0
1415,-1,exact,True,True,R0056;R0067;R0123;R0136;R0142;R0147;R0153;R0159;R0181;R0202,38
1416,-1,exact,True,True,R0277;R0314;R0317;R0325;R0329;R0330;R0334;R0335;R0340;R0347,122
1417,-1,exact,True,True,R0093;R0130;R0246;R0269;R0274;R0310;R0344;R0346;R0395;R0414,46
1418,-1,exact,True,True,R0093;R0130;R0197;R0222;R0246;R0274;R0344;R0346;R0371;R0395,43
1419,-1,exact,True,True,R0252;R0277;R0304;R0305;R0311;R0314;R0315;R0317;R0324;R0325,157
1420,-1,exact,True,True,R0033;R0202;R0259;R0261;R0262;R0285;R0300;R0323;R0354;R0406,17
1421,-1,exact,True,True,R0026;R0030;R0041;R0042;R0044;R0048;R0176;R0206;R0222;R0274,75
1422,-1,exact,True,True,R0146;R0184;R0191;R0198;R0213;R0233;R0239;R0259;R0261;R0282,97
1423,-1,exact,True,True,R0173;R0191;R0233;R0282;R0498;R0509;R0519;R0520;R0556;R0557,11
1424,-1,exact,True,True,R0026;R0041;R0042;R0048;R0176;R0206;R0222;R0330;R0356;R0414,36
1425,-1,exact,True,True,R0026;R0036;R0037;R0041;R0042;R0045;R0048;R0049;R0144;R0145,31
1426,-1,exact,True,True,R0026;R0041;R0042;R0048;R0176;R0297;R0303;R0314;R0331;R0335,96
1427,-1,exact,True,True,R0020;R0026;R0030;R0031;R0041;R0042;R0044;R0048;R0176;R0222,128
1428,-1,exact,True,True,R0256;R0297;R0300;R0302;R0303;R0304;R0306;R0308;R0311;R0314,220
1429,-1,exact,True,True,R0277;R0297;R0302;R0303;R0304;R0308;R0314;R0317;R0318;R0319,200
1430,-1,exact,True,True,R0252;R0297;R0300;R0302;R0303;R0304;R0305;R0306;R0308;R0311,248
1431,-1,exact,True,True,R0256;R0302;R0303;R0304;R0311;R0315;R0317;R0318;R0324;R0331,83
1432,-1,exact,True,True,R0029;R0065;R0067;R0074;R0095;R0109;R0123;R0138;R0142;R0149,40
1433,-1,exact,True,True,R0024;R0082;R0109;R0129;R0138;R0159;R0160;R0161;R0167;R0168,24
1434,-1,exact,True,True,R0024;R0071;R0082;R0087;R0091;R0109;R0129;R0138;R0152;R0160,34
1435,-1,exact,True,True,R0024;R0063;R0119;R0121;R0122;R0137;R0152;R0160;R0161;R0163,43
1436,-1,exact,True,True,R0277;R0297;R0302;R0303;R0304;R0308;R0314;R0315;R0317;R0318,215
1437,-1,exact,True,True,R0297;R0302;R0303;R0314;R0317;R0319;R0325;R0329;R0330;R0331,131
1438,-1,exact,True,True,R0256;R0277;R0297;R0302;R0303;R0304;R0308;R0314;R0315;R0317,195
1439,-1,exact,True,True,R0252;R0256;R0297;R0300;R0302;R0303;R0305;R0306;R0312;R0314,168
1440,-1,exact,True,True,R0039;R0059;R0061;R0112;R0134;R0144;R0145;R0196;R0200;R0256,125
1441,-1,exact,True,True,R0039;R0040;R0059;R0061;R0112;R0134;R0144;R0145;R0277;R0297,223
1442,-1,exact,True,True,R0256;R0277;R0297;R0303;R0314;R0318;R0320;R0322;R0331;R0335,118
1443,-1,exact,True,True,R0144;R0145;R0277;R0297;R0303;R0314;R0318;R0320;R0331;R0335,110
1444,-1,exact,True,True,R0074;R0157;R0170;R0187;R0188;R0217;R0226;R0229;R0231;R0241,18
1445,-1,exact,True,True,R0038;R0072;R0075;R0113;R0118;R0124;R0195;R0216;R0240;R0255,17
1446,-1,exact,True,True,R0139;R0148;R0158;R0166;R0169;R0177;R0216;R0226;R0228;R0231,32
1447,-1,exact,True,True,R0043;R0084;R0127;R0140;R0146;R0173;R0184;R0191;R0197;R0198,99
1448,282,fallback,False,False,,0
1449,577,exact,False,False,R0135,1
1450,-1,exact,True,True,R0140;R0154;R0212;R0277;R0314;R0320;R0322;R0335;R0338;R0340,117
1451,-1,exact,True,True,R0222;R0344;R0371;R0386;R0395;R0414;R0417;R0423;R0451;R0454,35
1452,129,exact,False,False,R0033;R0323;R0354;R0406;R0418;R0471;R0500;R0528;R0535;R0537,21
1453,-1,exact,True,True,R0302;R0303;R0304;R0311;R0315;R0317;R0318;R0324;R0331;R0333,86
1454,-1,exact,True,True,R0297;R0302;R0304;R0308;R0311;R0315;R0318;R0319;R0320;R0322,163
1455,-1,exact,True,True,R0252;R0297;R0300;R0302;R0303;R0305;R0306;R0312;R0314;R0315,196
1456,-1,exact,True,True,R0084;R0135;R0184;R0191;R0196;R0213;R0225;R0233;R0236;R0239,27
1457,-1,exact,True,True,R0056;R0082;R0123;R0129;R0136;R0142;R0147;R0153;R0159;R0181,34
1458,-1,exact,True,True,R0125;R0127;R0278;R0281;R0440;R0551,6
1459,586,exact,False,False,R0012;R0013;R0023;R0037;R0042;R0044;R0049;R0056;R0067;R0079,50
1460,-1,exact,True,True,R0027;R0057;R0074;R0113;R0125;R0166;R0183;R0217;R0231;R0238,21
1461,-1,exact,True,True,R0052;R0127;R0154;R0236;R0261;R0285;R0292;R0406;R0508;R0530,12
1462,-1,exact,True,True,R0068;R0089;R0253;R0262;R0265;R0286,6
1463,267,fallback,False,False,,0
1464,-1,exact,True,True,R0052;R0173;R0191;R0227;R0233;R0282;R0330;R0356;R0414;R0423,35
1465,-1,exact,True,True,R0126;R0146;R0244;R0247;R0261;R0275;R0277;R0285;R0289;R0330,64
1466,-1,exact,True,True,R0052;R0173;R0233;R0261;R0262;R0285;R0299;R0306;R0366;R0406,26
1467,-1,exact,True,True,R0182;R0268;R0281;R0501,4
1468,-1,exact,True,True,R0052;R0184;R0191;R0213;R0233;R0239;R0261;R0262;R0282;R0285,41
1469,-1,exact,True,True,R0171;R0217;R0231;R0238;R0241;R0247;R0254;R0257;R0269;R0270,39
1470,-1,exact,True,True,R0052;R0146;R0173;R0182;R0184;R0191;R0197;R0213;R0227;R0233,54
1471,-1,exact,True,True,R0084;R0127;R0140;R0173;R0191;R0212;R0233;R0236;R0282;R0498,16
1472,-1,exact,True,True,R0196;R0297;R0302;R0303;R0304;R0308;R0311;R0314;R0315;R0317,235
1473,-1,exact,True,True,R0256;R0277;R0297;R0302;R0303;R0304;R0306;R0308;R0311;R0314,218
1474,-1,exact,True,True,R0206;R0274;R0277;R0297;R0322;R0338;R0339;R0350;R0357;R0360,65
1475,-1,exact,True,True,R0256;R0302;R0303;R0304;R0311;R0315;R0317;R0318;R0324;R0331,84
1476,-1,exact,True,True,R0277;R0297;R0302;R0303;R0304;R0308;R0311;R0314;R0315;R0317,240
1477,-1,exact,True,True,R0031;R0222;R0225;R0277;R0308;R0319;R0330;R0336;R0337;R0344,123
1478,-1,exact,True,True,R0196;R0206;R0222;R0460;R0461;R0462;R0486;R0502;R0503;R0518,11
1479,-1,exact,True,True,R0112;R0134;R0144;R0145;R0146;R0173;R0184;R0191;R0196;R0198,77
1480,-1,exact,True,True,R0252;R0256;R0300;R0304;R0306;R0308;R0311;R0312;R0315;R0317,135
1481,-1,exact,True,True,R0297;R0300;R0302;R0303;R0304;R0306;R0308;R0311;R0314;R0315,241
1482,-1,exact,True,True,R0031;R0196;R0222;R0330;R0344;R0353;R0356;R0371;R0387;R0408,48
1483,354,exact,False,False,R0017;R0196;R0314;R0317;R0325;R0329;R0330;R0334;R0335;R0340,123
1484,-1,exact,True,True,R0108;R0117;R0158;R0164;R0169;R0183;R0190;R0194;R0202;R0216,50
1485,-1,exact,True,True,R0108;R0117;R0158;R0164;R0169;R0194;R0202;R0216;R0223;R0242,51
1486,-1,exact,True,True,R0043;R0192;R0203;R0224;R0239;R0245;R0246;R0261;R0269;R0276,54
1487,-1,exact,True,True,R0053;R0074;R0117;R0183;R0190;R0202;R0217;R0218;R0228;R0231,50
1488,-1,exact,True,True,R0039;R0059;R0061;R0112;R0134;R0144;R0145;R0196;R0200;R0225,153
1489,-1,exact,True,True,R0277;R0297;R0303;R0305;R0314;R0318;R0320;R0322;R0331;R0335,132
1490,-1,exact,True,True,R0314;R0317;R0325;R0329;R0330;R0334;R0335;R0340;R0347;R0350,121
1491,-1,exact,True,True,R0277;R0304;R0306;R0308;R0311;R0314;R0315;R0317;R0320;R0322,203
1492,-1,exact,True,True,R0063;R0086;R0088;R0122;R0152;R0157;R0160;R0161;R0163;R0165,47
1493,-1,exact,True,True,R0038;R0074;R0125;R0166;R0183;R0217;R0258;R0260;R0267;R0273,16
1494,-1,exact,True,True,R0057;R0125;R0127;R0281;R0288,5
1495,-1,exact,True,True,R0027;R0074;R0078;R0113;R0157;R0160;R0161;R0170;R0187;R0188,18
1496,-1,exact,True,True,R0063;R0070;R0071;R0076;R0077;R0080;R0082;R0087;R0091;R0109,57
1497,-1,exact,True,True,R0027;R0063;R0070;R0071;R0076;R0077;R0078;R0080;R0082;R0087,53
1498,-1,exact,True,True,R0027;R0071;R0076;R0077;R0078;R0082;R0087;R0091;R0109;R0113,40
1499,-1,exact,True,True,R0082;R0091;R0129;R0138;R0152;R0159;R0167;R0168;R0174;R0175,26
1500,-1,exact,True,True,R0297;R0300;R0302;R0303;R0304;R0306;R0308;R0311;R0314;R0315,241
1501,-1,exact,True,True,R0206;R0212;R0222;R0460;R0461;R0462;R0475;R0486;R0498;R0502,19
1502,-1,exact,True,True,R0196;R0297;R0302;R0303;R0304;R0311;R0314;R0315;R0317;R0319,170
1503,-1,exact,True,True,R0256;R0277;R0297;R0302;R0303;R0314;R0315;R0317;R0325;R0330,62
1504,-1,exact,True,True,R0055;R0062;R0064;R0081;R0083;R0086;R0090;R0096;R0097;R0098,38
1505,-1,exact,True,True,R0054;R0055;R0060;R0062;R0063;R0064;R0070;R0071;R0072;R0076,78
1506,-1,exact,True,True,R0054;R0055;R0060;R0062;R0064;R0072;R0081;R0083;R0086;R0088,56
1507,-1,exact,True,True,R0022;R0054;R0060;R0081;R0096;R0097;R0098;R0099;R0100;R0101,32
1508,-1,exact,True,True,R0256;R0300;R0302;R0303;R0304;R0306;R0308;R0311;R0315;R0317,161
1509,-1,exact,True,True,R0040;R0092;R0134;R0200;R0303;R0311;R0315;R0318;R0324;R0331,60
1510,-1,exact,True,True,R0039;R0040;R0059;R0061;R0092;R0112;R0297;R0302;R0304;R0308,169
1511,-1,exact,True,True,R0277;R0297;R0302;R0303;R0304;R0311;R0314;R0315;R0317;R0318,122
1512,144,exact,False,False,R0009;R0043;R0261;R0269;R0278;R0284;R0285;R0286;R0310;R0354,30
1513,129,exact,False,False,R0033,1
1514,661,fallback,False,False,,0
1515,-1,exact,True,True,R0061;R0092;R0112;R0134;R0144;R0145;R0206;R0222;R0274;R0277,101
1516,-1,exact,True,True,R0024;R0117;R0160;R0161;R0170;R0187;R0188;R0190;R0217;R0218,39
1517,-1,exact,True,True,R0084;R0089;R0162;R0173;R0184;R0191;R0212;R0213;R0233;R0236,62
1518,-1,exact,True,True,R0027;R0074;R0113;R0156;R0162;R0166;R0183;R0190;R0193;R0228,29
1519,-1,exact,True,True,R0173;R0191;R0233;R0282;R0305;R0498;R0509;R0519;R0520;R0556,12
1520,-1,exact,True,True,R0027;R0057;R0068;R0089;R0125;R0190;R0238;R0253;R0257;R0262,16
1521,-1,exact,True,True,R0029;R0056;R0065;R0067;R0073;R0079;R0123;R0136;R0138;R0141,67
1522,-1,exact,True,True,R0065;R0095;R0109;R0123;R0139;R0149;R0183;R0190;R0228;R0240,30
1523,-1,exact,True,True,R0065;R0095;R0109;R0123;R0138;R0149;R0190;R0241;R0251;R0253,27
1524,-1,exact,True,True,R0154;R0158;R0166;R0169;R0177;R0216;R0223;R0231;R0238;R0240,26
1525,-1,exact,True,True,R0027;R0047;R0057;R0089;R0125;R0169;R0177;R0182;R0223;R0232,26
1526,-1,exact,True,True,R0065;R0074;R0095;R0109;R0123;R0138;R0166;R0183;R0240;R0251,19
1527,-1,exact,True,True,R0089;R0166;R0203;R0262;R0265;R0286;R0291;R0309;R0355;R0441,10
1528,-1,exact,True,True,R0297;R0300;R0302;R0303;R0304;R0306;R0308;R0311;R0314;R0315,241
1529,-1,exact,True,True,R0277;R0297;R0302;R0303;R0304;R0308;R0311;R0314;R0315;R0317,240
1530,-1,exact,True,True,R0297;R0300;R0302;R0304;R0306;R0308;R0311;R0315;R0318;R0319,165
1531,-1,exact,True,True,R0039;R0040;R0059;R0061;R0092;R0112;R0134;R0144;R0145;R0277,213
1532,-1,exact,True,True,R0117;R0124;R0126;R0140;R0154;R0158;R0164;R0169;R0194;R0197,65
1533,-1,exact,True,True,R0073;R0117;R0220;R0228;R0260;R0263;R0273;R0280;R0283;R0289,23
1534,-1,exact,True,True,R0053;R0069;R0073;R0117;R0162;R0202;R0218;R0228;R0231;R0237,74
1535,-1,exact,True,True,R0117;R0143;R0202;R0218;R0220;R0231;R0237;R0254;R0260;R0263,41
1536,-1,exact,True,True,R0297;R0300;R0302;R0303;R0304;R0306;R0308;R0314;R0315;R0317,219
1537,-1,exact,True,True,R0256;R0297;R0302;R0303;R0304;R0314;R0315;R0317;R0319;R0325,128
1538,-1,exact,True,True,R0297;R0300;R0302;R0303;R0306;R0314;R0317;R0318;R0319;R0320,182
1539,-1,exact,True,True,R0297;R0300;R0302;R0303;R0306;R0311;R0314;R0315;R0317;R0318,202
1540,-1,exact,True,True,R0065;R0095;R0136;R0202;R0235;R0237;R0247;R0261;R0275;R0284,31
1541,-1,exact,True,True,R0056;R0136;R0147;R0202;R0235;R0247;R0261;R0275;R0285;R0289,27
1542,-1,exact,True,True,R0073;R0079;R0136;R0141;R0142;R0147;R0149;R0153;R0159;R0162,73
1543,-1,exact,True,True,R0079;R0123;R0141;R0255;R0279,5
1544,-1,exact,True,True,R0261;R0262;R0285;R0406;R0418;R0528;R0553;R0554,8
1545,-1,exact,True,True,R0202;R0269;R0310;R0354;R0406;R0479;R0483;R0528;R0535;R0537,20
1546,-1,exact,True,True,R0323;R0354;R0406;R0418;R0528;R0537;R0545;R0553;R0554;R0555,12
1547,129,exact,False,False,R0033;R0253;R0269;R0310;R0323;R0354;R0358;R0406;R0418;R0471,21
1548,-1,exact,True,True,R0068;R0253;R0262;R0286,4
1549,-1,exact,True,True,R0063;R0070;R0071;R0076;R0077;R0080;R0087;R0091;R0109;R0122,51
1550,-1,exact,True,True,R0085;R0094;R0103;R0104;R0105;R0106;R0107;R0114;R0115;R0116,43
1551,-1,exact,True,True,R0063;R0070;R0071;R0080;R0087;R0091;R0109;R0135;R0138;R0149,27
1552,-1,exact,True,True,R0227;R0262;R0265;R0418,4
1553,-1,exact,True,True,R0043;R0053;R0089;R0162;R0184;R0192;R0198;R0203;R0213;R0224,78
1554,-1,exact,True,True,R0024;R0113;R0157;R0160;R0161;R0254;R0258;R0267;R0309;R0418,11
1555,-1,exact,True,True,R0033;R0202;R0253;R0323;R0354;R0358;R0406;R0418;R0476;R0480,24
1556,-1,exact,True,True,R0109;R0138;R0142;R0153;R0159;R0174;R0175;R0181;R0183;R0219,21
1557,-1,exact,True,True,R0065;R0095;R0136;R0202;R0235;R0237;R0247;R0253;R0261;R0262,39
1558,122,exact,False,False,R0095,1
1559,-1,exact,True,True,R0089;R0253;R0262;R0265;R0286,5
1560,-1,exact,True,True,R0225;R0269;R0310;R0471;R0477;R0494;R0500;R0525;R0528;R0535,23
1561,-1,exact,True,True,R0269;R0310;R0471;R0500;R0528;R0535;R0537;R0545;R0546;R0547,18
1562,-1,exact,True,True,R0026;R0030;R0036;R0041;R0042;R0045;R0048;R0176;R0222;R0414,26
1563,-1,exact,True,True,R0202;R0269;R0310;R0471;R0500;R0528;R0535;R0537;R0545;R0546,19
1564,-1,exact,True,True,R0073;R0108;R0117;R0158;R0164;R0170;R0187;R0188;R0192;R0194,73
1565,-1,exact,True,True,R0015;R0074;R0157;R0170;R0187;R0188;R0226;R0229;R0279,9
1566,-1,exact,True,True,R0024;R0082;R0095;R0109;R0123;R0129;R0136;R0142;R0149;R0153,42
1567,-1,exact,True,True,R0073;R0157;R0170;R0187;R0188;R0226;R0229,7
1568,-1,exact,True,True,R0047;R0127;R0227,3
1569,-1,exact,True,True,R0142;R0153;R0202;R0225;R0525;R0528;R0535;R0537;R0545;R0546,19
1570,-1,exact,True,True,R0192;R0202;R0224;R0236;R0239;R0245;R0246;R0249;R0261;R0269,43
1571,-1,exact,True,True,R0028;R0057;R0124;R0125;R0135;R0139;R0143;R0158;R0166;R0169,35
1572,-1,exact,True,True,R0277;R0297;R0302;R0303;R0304;R0306;R0308;R0311;R0314;R0317,216
1573,-1,exact,True,True,R0196;R0304;R0311;R0314;R0315;R0317;R0324;R0325;R0329;R0330,144
1574,-1,exact,True,True,R0031;R0196;R0222;R0225;R0308;R0319;R0330;R0336;R0337;R0344,122
1575,-1,exact,True,True,R0256;R0302;R0303;R0304;R0311;R0315;R0317;R0318;R0324;R0331,83
1576,-1,exact,True,True,R0038;R0125;R0139;R0158;R0169;R0183;R0216;R0217;R0226;R0248,19
1577,-1,exact,True,True,R0117;R0154;R0158;R0164;R0169;R0194;R0216;R0223;R0244;R0248,28
1578,-1,exact,True,True,R0198;R0259;R0479;R0483;R0494;R0511;R0525;R0535;R0546;R0547,13
1579,-1,exact,True,True,R0043;R0047;R0068;R0177;R0182;R0190;R0202;R0237;R0238;R0242,51
1580,-1,exact,True,True,R0043;R0069;R0075;R0084;R0089;R0124;R0126;R0127;R0140;R0146,100
1581,-1,exact,True,True,R0029;R0056;R0065;R0067;R0123;R0136;R0138;R0142;R0147;R0149,56
1582,-1,exact,True,True,R0113;R0125;R0139;R0148;R0158;R0169;R0177;R0216;R0226;R0228,40
1583,-1,exact,True,True,R0027;R0038;R0065;R0074;R0095;R0109;R0113;R0123;R0138;R0139,24
1584,-1,exact,True,True,R0252;R0277;R0305;R0314;R0317;R0320;R0325;R0329;R0330;R0333,139
1585,-1,exact,True,True,R0277;R0297;R0302;R0303;R0304;R0308;R0311;R0314;R0315;R0317,240
1586,-1,exact,True,True,R0297;R0302;R0304;R0308;R0315;R0318;R0319;R0320;R0325;R0329,105
1587,-1,exact,True,True,R0277;R0297;R0302;R0303;R0304;R0308;R0311;R0314;R0315;R0317,240
1588,129,exact,False,False,R0033;R0206;R0306;R0330;R0366;R0385;R0406;R0418;R0437;R0452,20
1589,-1,exact,True,True,R0256;R0297;R0300;R0302;R0303;R0306;R0314;R0315;R0317;R0318,172
1590,-1,exact,True,True,R0297;R0300;R0302;R0303;R0306;R0314;R0317;R0318;R0319;R0320,182
1591,-1,exact,True,True,R0033;R0120;R0206;R0222;R0274;R0300;R0306;R0323;R0330;R0336,114
1592,-1,exact,True,True,R0025;R0055;R0062;R0064;R0081;R0083;R0085;R0086;R0090;R0094,36
1593,-1,exact,True,True,R0054;R0055;R0060;R0062;R0064;R0072;R0073;R0081;R0083;R0086,53
1594,-1,exact,True,True,R0055;R0062;R0064;R0081;R0083;R0086;R0090;R0096;R0097;R0098,32
1595,-1,exact,True,True,R0086;R0157;R0160;R0161;R0190;R0258;R0267,7
1596,-1,exact,True,True,R0274;R0297;R0322;R0325;R0329;R0336;R0337;R0338;R0339;R0344,108
1597,-1,exact,True,True,R0252;R0304;R0305;R0311;R0312;R0314;R0317;R0324;R0325;R0329,138
1598,-1,exact,True,True,R0297;R0300;R0303;R0306;R0308;R0314;R0315;R0318;R0320;R0322,164
1599,-1,exact,True,True,R0039;R0040;R0059;R0061;R0092;R0112;R0134;R0144;R0145;R0256,229
1600,-1,exact,True,True,R0029;R0034;R0066;R0070;R0076;R0077;R0080;R0082;R0085;R0091,82
1601,-1,exact,True,True,R0066;R0070;R0076;R0077;R0080;R0082;R0085;R0091;R0094;R0103,65
1602,-1,exact,True,True,R0066;R0070;R0080;R0082;R0085;R0091;R0094;R0103;R0104;R0105,51
1603,-1,exact,True,True,R0066;R0070;R0076;R0077;R0080;R0082;R0085;R0091;R0094;R0103,63
1604,-1,exact,True,True,R0084;R0124;R0126;R0135;R0146;R0196;R0198;R0212;R0225;R0232,85
1605,-1,exact,True,True,R0069;R0073;R0124;R0148;R0154;R0158;R0169;R0197;R0212;R0216,50
1606,-1,exact,True,True,R0148;R0154;R0158;R0169;R0183;R0190;R0216;R0217;R0224;R0228,32
1607,-1,exact,True,True,R0038;R0125;R0135;R0260;R0273;R0280;R0292;R0293;R0294;R0295,12
1608,653,exact,False,False,R0029;R0198;R0202;R0259;R0262;R0284;R0286;R0300;R0323;R0354,22
1609,-1,exact,True,True,R0203;R0284;R0286;R0312;R0395;R0483;R0531;R0549,8
1610,-1,exact,True,True,R0299;R0300;R0323;R0354;R0358;R0406;R0418;R0471;R0476;R0477,29
1611,-1,exact,True,True,R0089;R0125;R0166;R0203;R0241;R0257;R0286;R0291;R0355;R0440,11
1612,-1,exact,True,True,R0117;R0183;R0217;R0228;R0260;R0263;R0266;R0270;R0273;R0280,27
1613,-1,exact,True,True,R0052;R0075;R0093;R0177;R0182;R0242;R0264;R0268;R0276;R0281,18
1614,-1,exact,True,True,R0079;R0108;R0126;R0138;R0141;R0142;R0153;R0159;R0164;R0181,44
1615,-1,exact,True,True,R0108;R0148;R0158;R0177;R0192;R0231;R0238;R0241;R0242;R0257,25
1616,-1,exact,True,True,R0056;R0082;R0123;R0129;R0136;R0142;R0147;R0149;R0153;R0159,37
1617,-1,exact,True,True,R0024;R0074;R0113;R0157;R0160;R0161;R0170;R0187;R0188;R0226,29
1618,-1,exact,True,True,R0069;R0073;R0079;R0135;R0141;R0149;R0228,7
1619,-1,exact,True,True,R0073;R0170;R0187;R0188;R0229;R0280;R0298;R0345,8
1620,-1,exact,True,True,R0297;R0302;R0303;R0304;R0308;R0311;R0314;R0315;R0317;R0318,233
1621,-1,exact,True,True,R0020;R0021;R0030;R0036;R0040;R0042;R0044;R0045;R0048;R0050,72
1622,-1,exact,True,True,R0020;R0021;R0026;R0030;R0041;R0042;R0044;R0048;R0093;R0130,60
1623,-1,exact,True,True,R0020;R0026;R0030;R0036;R0041;R0042;R0044;R0045;R0048;R0051,122
1624,-1,exact,True,True,R0089;R0148;R0154;R0162;R0203;R0232;R0239;R0241;R0244;R0261,30
1625,-1,exact,True,True,R0052;R0075;R0126;R0244;R0261;R0285;R0289;R0343;R0406;R0437,19
1626,-1,exact,True,True,R0052;R0075;R0126;R0146;R0198;R0237;R0244;R0247;R0250;R0259,80
1627,-1,exact,True,True,R0043;R0093;R0130;R0146;R0173;R0184;R0191;R0197;R0198;R0213,121
1628,-1,exact,True,True,R0162;R0198;R0259;R0261;R0262;R0265;R0271;R0283;R0285;R0292,33
1629,-1,exact,True,True,R0039;R0040;R0059;R0061;R0092;R0112;R0134;R0144;R0145;R0297,247
1630,-1,exact,True,True,R0039;R0040;R0059;R0061;R0092;R0112;R0134;R0144;R0145;R0277,246
1631,-1,exact,True,True,R0035;R0323;R0354;R0418;R0546;R0547,6
1632,-1,exact,True,True,R0013;R0020;R0023;R0037;R0042;R0044;R0049;R0142;R0153;R0176,16
1633,-1,exact,True,True,R0082;R0095;R0109;R0123;R0129;R0151;R0157;R0160;R0161;R0189,14
1634,-1,exact,True,True,R0056;R0123;R0135;R0139;R0279,5
1635,586,exact,False,False,R0012;R0013;R0036;R0037;R0042;R0044;R0045;R0049;R0051;R0056,25
1636,626,exact,False,False,R0035;R0422;R0494;R0506;R0507;R0508;R0528;R0530;R0531;R0535,29
1637,-1,exact,True,True,R0302;R0303;R0304;R0308;R0311;R0315;R0317;R0318;R0319;R0320,171
1638,-1,exact,True,True,R0256;R0277;R0297;R0302;R0303;R0304;R0311;R0314;R0315;R0317,124
1639,-1,exact,True,True,R0020;R0026;R0030;R0031;R0041;R0042;R0044;R0048;R0176;R0222,128
1640,586,exact,False,False,R0012;R0013;R0056;R0067;R0073;R0079;R0123;R0136;R0141;R0142,49
1641,-1,exact,True,True,R0046;R0131,2
1642,-1,exact,True,True,R0127;R0202;R0261;R0271;R0284;R0285;R0292;R0307;R0476;R0479,25
1643,-1,exact,True,True,R0074;R0160;R0161;R0170;R0187;R0188;R0229;R0279;R0321,9
1644,-1,exact,True,True,R0061;R0092;R0112;R0134;R0144;R0145;R0196;R0200;R0206;R0299,58
1645,-1,exact,True,True,R0300;R0302;R0304;R0306;R0308;R0311;R0315;R0318;R0319;R0320,121
1646,-1,exact,True,True,R0302;R0303;R0304;R0308;R0314;R0317;R0318;R0319;R0320;R0322,73
1647,-1,exact,True,True,R0140;R0154;R0256;R0311;R0314;R0335;R0340;R0351;R0352;R0361,78
1648,-1,exact,True,True,R0302;R0303;R0304;R0308;R0311;R0315;R0317;R0318;R0319;R0320,171
1649,-1,exact,True,True,R0037;R0048;R0049;R0256,4
1650,-1,exact,True,True,R0196;R0225;R0304;R0308;R0311;R0314;R0315;R0317;R0320;R0322,199
1651,-1,exact,True,True,R0020;R0026;R0030;R0041;R0042;R0044;R0048;R0176;R0206;R0350,53
1652,-1,exact,True,True,R0252;R0297;R0300;R0302;R0304;R0305;R0306;R0308;R0311;R0312,172
1653,-1,exact,True,True,R0040;R0144;R0145;R0277;R0297;R0303;R0314;R0315;R0331;R0335,99
1654,-1,exact,True,True,R0032;R0252;R0300;R0304;R0308;R0320;R0322;R0323;R0324;R0333,40
1655,-1,exact,True,True,R0297;R0300;R0303;R0306;R0308;R0314;R0315;R0318;R0320;R0322,164
1656,-1,exact,True,True,R0297;R0302;R0303;R0304;R0306;R0311;R0312;R0314;R0315;R0317,131
1657,-1,exact,True,True,R0334;R0420,2
1658,-1,exact,True,True,R0252;R0297;R0302;R0303;R0305;R0314;R0315;R0317;R0318;R0319,189
1659,-1,exact,True,True,R0252;R0297;R0300;R0302;R0304;R0305;R0306;R0308;R0311;R0312,172
1660,-1,exact,True,True,R0277;R0297;R0302;R0303;R0304;R0308;R0311;R0314;R0315;R0317,240
1661,-1,exact,True,True,R0252;R0300;R0304;R0305;R0306;R0308;R0311;R0312;R0315;R0320,142
1662,-1,exact,True,True,R0297;R0300;R0302;R0303;R0306;R0314;R0315;R0317;R0318;R0319,191
1663,-1,exact,True,True,R0252;R0297;R0302;R0303;R0304;R0305;R0308;R0311;R0314;R0315,242
1664,-1,exact,True,True,R0222;R0414;R0423;R0454;R0456;R0458;R0459;R0491;R0492;R0493,20
1665,-1,exact,True,True,R0297;R0302;R0303;R0304;R0308;R0311;R0314;R0315;R0317;R0318,236
1666,-1,exact,True,True,R0039;R0040;R0059;R0061;R0092;R0112;R0134;R0144;R0145;R0196,224
1667,-1,exact,True,True,R0033;R0120;R0206;R0222;R0274;R0300;R0306;R0323;R0330;R0336,114
1668,-1,exact,True,True,R0157;R0158;R0170;R0177;R0187;R0188;R0197;R0224;R0226;R0229,35
1669,-1,exact,True,True,R0173;R0191;R0305;R0414;R0423;R0454;R0456;R0458;R0459;R0491,19
1670,476,fallback,False,False,,0
1671,-1,exact,True,True,R0018;R0053;R0154;R0158;R0162;R0169;R0177;R0216;R0224;R0231,46
1672,-1,exact,True,True,R0277;R0297;R0302;R0303;R0304;R0308;R0311;R0314;R0315;R0317,240
1673,-1,exact,True,True,R0222;R0261;R0282;R0285;R0437;R0452;R0467;R0498;R0508;R0509,25
1674,-1,exact,True,True,R0033;R0035;R0306;R0323;R0354;R0366;R0375;R0395;R0406;R0418,45
1675,-1,exact,True,True,R0277;R0297;R0302;R0303;R0304;R0308;R0311;R0314;R0315;R0317,240
1676,-1,exact,True,True,R0078;R0253,2
1677,-1,exact,True,True,R0065;R0074;R0095;R0109;R0123;R0138;R0149;R0166;R0183;R0190,32
1678,-1,exact,True,True,R0015;R0056;R0074;R0123;R0136;R0138;R0142;R0147;R0153;R0159,18
1679,-1,exact,True,True,R0056;R0074;R0123;R0135;R0138;R0142;R0147;R0153;R0159;R0166,15
1680,-1,exact,True,True,R0297;R0300;R0302;R0303;R0304;R0306;R0308;R0311;R0314;R0315,241
1681,-1,exact,True,True,R0304;R0324;R0334;R0353;R0403;R0420,6
1682,-1,exact,True,True,R0302;R0303;R0304;R0317;R0318;R0323;R0331;R0333;R0341;R0342,40
1683,-1,exact,True,True,R0252;R0256;R0297;R0300;R0302;R0303;R0304;R0305;R0306;R0308,204
1684,-1,exact,True,True,R0066;R0070;R0076;R0077;R0080;R0091;R0094;R0103;R0104;R0105,90
1685,-1,exact,True,True,R0066;R0070;R0076;R0077;R0080;R0082;R0085;R0091;R0094;R0103,66
1686,-1,exact,True,True,R0058;R0066;R0070;R0076;R0077;R0078;R0080;R0082;R0085;R0091,68
1687,-1,exact,True,True,R0034;R0076;R0077;R0082;R0085;R0091;R0094;R0103;R0104;R0105,52
1688,-1,exact,True,True,R0146;R0173;R0184;R0191;R0198;R0213;R0233;R0259;R0261;R0262,130
1689,-1,exact,True,True,R0144;R0145;R0206;R0222;R0277;R0460;R0461;R0462;R0475;R0486,21
1690,-1,exact,True,True,R0206;R0222;R0274;R0277;R0330;R0336;R0337;R0344;R0356;R0357,112
1691,-1,exact,True,True,R0043;R0069;R0075;R0093;R0126;R0146;R0177;R0182;R0197;R0237,51
1692,-1,exact,True,True,R0024;R0063;R0070;R0071;R0080;R0082;R0087;R0091;R0109;R0129,40
1693,-1,exact,True,True,R0063;R0070;R0071;R0080;R0087;R0091;R0109;R0136;R0138;R0142,42
1694,-1,exact,True,True,R0063;R0070;R0071;R0078;R0080;R0082;R0087;R0091;R0109;R0129,40
1695,-1,exact,True,True,R0024;R0071;R0082;R0087;R0091;R0109;R0119;R0121;R0129;R0137,37
1696,-1,exact,True,True,R0093;R0126;R0130;R0146;R0197;R0198;R0224;R0242;R0244;R0246,116
1697,-1,exact,True,True,R0127;R0140;R0169;R0192;R0198;R0220;R0224;R0232;R0239;R0242,75
1698,-1,exact,True,True,R0108;R0117;R0124;R0126;R0140;R0143;R0158;R0164;R0169;R0194,79
1699,-1,exact,True,True,R0053;R0089;R0148;R0154;R0162;R0169;R0177;R0203;R0224;R0232,44
1700,-1,exact,True,True,R0297;R0302;R0304;R0308;R0311;R0315;R0318;R0319;R0320;R0322,163
1701,-1,exact,True,True,R0039;R0059;R0061;R0092;R0112;R0134;R0144;R0145;R0304;R0311,154
1702,-1,exact,True,True,R0302;R0303;R0304;R0317;R0318;R0323;R0331;R0333;R0341;R0342,40
1703,-1,exact,True,True,R0256;R0297;R0302;R0303;R0314;R0317;R0318;R0325;R0330;R0331,59
1704,-1,exact,True,True,R0144;R0145;R0196;R0200;R0206;R0222;R0330;R0356;R0414;R0423,35
1705,-1,exact,True,True,R0202;R0253;R0354;R0358;R0406;R0476;R0479;R0480;R0541;R0545,13
1706,-1,exact,True,True,R0206;R0222;R0274;R0305;R0367;R0445;R0460;R0461;R0462;R0467,26
1707,-1,exact,True,True,R0061;R0092;R0112;R0134;R0144;R0145;R0200;R0206;R0299;R0330,60
1708,-1,exact,True,True,R0302;R0303;R0304;R0308;R0311;R0315;R0317;R0318;R0319;R0320,171
1709,-1,exact,True,True,R0252;R0256;R0297;R0300;R0302;R0303;R0305;R0306;R0312;R0314,168
1710,-1,exact,True,True,R0093;R0197;R0222;R0414;R0423;R0454;R0456;R0458;R0459;R0491,19
1711,-1,exact,True,True,R0196;R0311;R0314;R0315;R0317;R0325;R0329;R0330;R0334;R0335,129
1712,-1,exact,True,True,R0084;R0135;R0146;R0196;R0233;R0236;R0239;R0261;R0271;R0285,49
1713,-1,exact,True,True,R0031;R0033;R0222;R0319;R0330;R0356;R0366;R0385;R0387;R0408,38
1714,-1,exact,True,True,R0173;R0191;R0414;R0423;R0454;R0456;R0458;R0459;R0491;R0492,18
1715,-1,exact,True,True,R0196;R0206;R0222;R0225;R0274;R0330;R0336;R0337;R0356;R0357,90
1716,-1,exact,True,True,R0202;R0479;R0483;R0494;R0528;R0535;R0537;R0545;R0546;R0547,17
1717,-1,exact,True,True,R0135;R0202;R0236;R0261;R0271;R0285;R0292;R0307;R0422;R0506,35
1718,661,exact,False,False,R0007,1
1719,-1,exact,True,True,R0202;R0304;R0317;R0324;R0333;R0341;R0348;R0364;R0365;R0370,20
1720,-1,exact,True,True,R0300;R0357;R0358;R0406;R0418;R0437;R0480;R0484;R0528;R0553,11
1721,-1,exact,True,True,R0297;R0302;R0304;R0308;R0311;R0315;R0318;R0319;R0320;R0322,163
1722,-1,exact,True,True,R0269;R0299;R0310;R0471;R0479;R0500;R0528;R0537;R0545;R0553,15
1723,714,exact,False,False,R0057,1
1724,-1,exact,True,True,R0117;R0171;R0183;R0190;R0202;R0217;R0228;R0247;R0258;R0260,51
1725,-1,exact,True,True,R0065;R0074;R0095;R0109;R0123;R0138;R0149;R0166;R0183;R0190,28
1726,-1,exact,True,True,R0117;R0171;R0183;R0190;R0202;R0217;R0228;R0258;R0260;R0263,40
1727,-1,exact,True,True,R0056;R0067;R0123;R0135;R0138;R0142;R0147;R0153;R0159;R0181,21
1728,-1,exact,True,True,R0277;R0297;R0302;R0303;R0304;R0308;R0314;R0315;R0317;R0318,215
1729,-1,exact,True,True,R0252;R0297;R0300;R0302;R0303;R0304;R0305;R0306;R0308;R0311,248
1730,-1,exact,True,True,R0256;R0297;R0302;R0303;R0304;R0308;R0311;R0314;R0315;R0317,215
1731,-1,exact,True,True,R0297;R0302;R0304;R0308;R0311;R0315;R0318;R0319;R0320;R0322,163
1732,-1,exact,True,True,R0135;R0154;R0166;R0223;R0232,5
1733,-1,exact,True,True,R0021;R0023;R0036;R0037;R0044;R0045;R0048;R0049;R0051;R0092,76
1734,-1,exact,True,True,R0013;R0020;R0023;R0026;R0030;R0037;R0041;R0042;R0044;R0048,61
1735,-1,exact,True,True,R0047;R0092;R0182;R0242;R0244;R0246;R0268;R0269;R0278;R0281,31
1736,-1,exact,True,True,R0046;R0092;R0182;R0245;R0246;R0269;R0310;R0346;R0506;R0507,19
1737,-1,exact,True,True,R0026;R0036;R0037;R0041;R0045;R0048;R0049;R0050;R0084;R0124,14
1738,-1,exact,True,True,R0028;R0124;R0125;R0139;R0158;R0169;R0196;R0197;R0212;R0216,29
1739,-1,exact,True,True,R0026;R0036;R0037;R0041;R0042;R0045;R0048;R0049;R0124;R0143,16
1740,-1,exact,True,True,R0052;R0162;R0236;R0239;R0261;R0262;R0265;R0285;R0292;R0306,29
1741,-1,exact,True,True,R0043;R0069;R0093;R0130;R0198;R0224;R0242;R0244;R0246;R0247,85
1742,-1,exact,True,True,R0043;R0069;R0198;R0224;R0242;R0244;R0246;R0247;R0259;R0261,70
1743,-1,exact,True,True,R0053;R0057;R0069;R0073;R0113;R0125;R0143;R0228;R0231;R0238,27
1744,-1,exact,True,True,R0127;R0140;R0236;R0245;R0249,5
1745,-1,exact,True,True,R0395;R0483;R0495;R0511;R0531;R0549;R0558;R0573,8
1746,-1,exact,True,True,R0084;R0127;R0140;R0173;R0191;R0212;R0233;R0236;R0282;R0305,18
1747,-1,exact,True,True,R0120;R0206;R0274;R0297;R0300;R0306;R0322;R0338;R0339;R0342,71
1748,161,exact,False,False,R0018;R0127;R0202;R0261;R0269;R0271;R0278;R0285;R0292;R0307,27
1749,-1,exact,True,True,R0146;R0173;R0184;R0191;R0197;R0198;R0213;R0224;R0233;R0245,85
1750,-1,exact,True,True,R0173;R0182;R0184;R0191;R0197;R0213;R0233;R0245;R0278;R0282,26
1751,-1,exact,True,True,R0075;R0148;R0158;R0177;R0231;R0238;R0241;R0257;R0309;R0312,21
1752,-1,exact,True,True,R0297;R0300;R0303;R0306;R0308;R0311;R0314;R0315;R0318;R0320,184
1753,-1,exact,True,True,R0256;R0277;R0314;R0315;R0335;R0340;R0351;R0352;R0361;R0362,76
1754,-1,exact,True,True,R0206;R0256;R0274;R0277;R0297;R0322;R0336;R0337;R0338;R0339,98
1755,-1,exact,True,True,R0256;R0277;R0297;R0303;R0308;R0311;R0314;R0315;R0318;R0320,169
1756,-1,exact,True,True,R0025;R0055;R0060;R0062;R0064;R0066;R0083;R0085;R0086;R0088,65
1757,-1,exact,True,True,R0054;R0055;R0060;R0062;R0064;R0081;R0083;R0086;R0088;R0090,44
1758,-1,exact,True,True,R0054;R0055;R0060;R0062;R0064;R0072;R0081;R0083;R0086;R0088,58
1759,-1,exact,True,True,R0054;R0055;R0060;R0062;R0064;R0072;R0081;R0083;R0086;R0088,52
1760,-1,exact,True,True,R0252;R0256;R0277;R0297;R0302;R0303;R0305;R0311;R0314;R0315,182
1761,-1,exact,True,True,R0252;R0300;R0306;R0308;R0312;R0323;R0354;R0358;R0366;R0387,42
1762,-1,exact,True,True,R0302;R0304;R0308;R0311;R0315;R0318;R0319;R0320;R0322;R0324,120
1763,-1,exact,True,True,R0031;R0222;R0408;R0409;R0442;R0460;R0461;R0462;R0469;R0475,23
1764,13,exact,False,False,R0127,1
1765,-1,exact,True,True,R0157;R0170;R0187;R0188;R0226;R0229;R0279,7
1766,-1,exact,True,True,R0038;R0125;R0139;R0183;R0217;R0226;R0260;R0273;R0288;R0293,13
1767,-1,exact,True,True,R0060;R0064;R0072;R0081;R0083;R0086;R0096;R0097;R0098;R0099,39
1768,-1,exact,True,True,R0046;R0135;R0259,3
1769,-1,exact,True,True,R0041;R0050;R0084;R0144;R0145;R0154;R0227;R0233;R0236,9
1770,-1,exact,True,True,R0225;R0227,2
1771,-1,exact,True,True,R0026;R0030;R0036;R0037;R0041;R0042;R0044;R0045;R0048;R0049,72
1772,-1,exact,True,True,R0277;R0297;R0303;R0305;R0308;R0311;R0314;R0315;R0318;R0320,181
1773,-1,exact,True,True,R0297;R0302;R0304;R0308;R0311;R0315;R0318;R0319;R0320;R0322,163
1774,-1,exact,True,True,R0300;R0308;R0311;R0312;R0320;R0324;R0350;R0351;R0352;R0354,74
1775,-1,exact,True,True,R0297;R0300;R0302;R0303;R0304;R0306;R0308;R0311;R0314;R0315,241
1776,-1,exact,True,True,R0302;R0304;R0308;R0318;R0319;R0320;R0333;R0334;R0339;R0403,21
1777,-1,exact,True,True,R0302;R0304;R0308;R0311;R0315;R0318;R0319;R0320;R0322;R0324,119
1778,-1,exact,True,True,R0277;R0297;R0302;R0303;R0314;R0317;R0318;R0319;R0320;R0322,177
1779,-1,exact,True,True,R0297;R0300;R0302;R0303;R0304;R0306;R0308;R0311;R0314;R0315,241
1780,-1,exact,True,True,R0024;R0071;R0082;R0087;R0091;R0109;R0119;R0121;R0129;R0136,61
1781,-1,exact,True,True,R0057;R0074;R0125;R0139;R0166;R0183;R0217;R0226;R0255;R0258,19
1782,-1,exact,True,True,R0082;R0085;R0091;R0094;R0103;R0104;R0105;R0106;R0107;R0114,46
1783,-1,exact,True,True,R0076;R0077;R0091;R0094;R0103;R0104;R0105;R0106;R0107;R0114,37
1784,-1,exact,True,True,R0206;R0222;R0274;R0277;R0330;R0336;R0337;R0344;R0356;R0357,112
1785,-1,exact,True,True,R0252;R0300;R0305;R0306;R0312;R0314;R0317;R0320;R0322;R0325,165
1786,-1,exact,True,True,R0252;R0297;R0300;R0302;R0303;R0305;R0306;R0312;R0314;R0317,187
1787,675,fallback,False,False,,0
1788,-1,exact,True,True,R0056;R0073;R0074;R0079;R0082;R0123;R0129;R0138;R0141;R0149,15
1789,-1,exact,True,True,R0024;R0082;R0109;R0129;R0136;R0142;R0149;R0153;R0159;R0160,47
1790,586,exact,False,False,R0012;R0042;R0079;R0082;R0091;R0129;R0138;R0141;R0152;R0156,30
1791,586,exact,False,False,R0012;R0013;R0020;R0023;R0036;R0037;R0042;R0044;R0045;R0049,44
1792,-1,exact,True,True,R0024;R0029;R0063;R0070;R0071;R0076;R0077;R0080;R0082;R0087,78
1793,-1,exact,True,True,R0029;R0063;R0070;R0071;R0076;R0077;R0080;R0087;R0091;R0109,79
1794,-1,exact,True,True,R0058;R0063;R0070;R0071;R0076;R0077;R0080;R0082;R0087;R0091,60
1795,-1,exact,True,True,R0034;R0066;R0070;R0076;R0077;R0080;R0082;R0085;R0091;R0094,102
1796,-1,exact,True,True,R0054;R0055;R0060;R0062;R0064;R0081;R0083;R0086;R0088;R0090,36
1797,-1,exact,True,True,R0055;R0062;R0064;R0081;R0096;R0097;R0098;R0099;R0100;R0101,15
1798,-1,exact,True,True,R0055;R0062;R0064;R0072;R0081;R0083;R0086;R0090;R0096;R0097,48
1799,22,exact,False,False,R0010;R0034;R0055;R0060;R0062;R0064;R0066;R0072;R0081;R0083,46
1800,-1,exact,True,True,R0043;R0146;R0182;R0184;R0191;R0192;R0197;R0198;R0203;R0213,68
1801,-1,exact,True,True,R0173;R0191;R0197;R0233;R0245;R0262;R0276;R0282;R0286;R0305,18
1802,-1,exact,True,True,R0018;R0046;R0135;R0202;R0247;R0261;R0269;R0271;R0275;R0285,29
1803,-1,exact,True,True,R0029;R0066;R0138;R0149;R0159;R0165;R0166;R0174;R0175;R0183,31
1804,-1,exact,True,True,R0274;R0451;R0479;R0483;R0494;R0495;R0506;R0507;R0508;R0510,44
1805,-1,exact,True,True,R0222;R0274;R0300;R0467;R0498;R0509;R0510;R0519;R0520;R0552,14
1806,-1,exact,True,True,R0120;R0173;R0184;R0191;R0213;R0274;R0299;R0300;R0306;R0323,94
1807,-1,exact,True,True,R0225;R0274;R0344;R0395;R0414;R0451;R0458;R0459;R0466;R0471,52
1808,-1,exact,True,True,R0043;R0093;R0130;R0146;R0184;R0191;R0192;R0197;R0198;R0203,107
1809,-1,exact,True,True,R0173;R0184;R0191;R0213;R0252;R0299;R0300;R0305;R0306;R0308,137
1810,-1,exact,True,True,R0173;R0184;R0191;R0213;R0252;R0299;R0300;R0305;R0306;R0308,111
1811,-1,exact,True,True,R0043;R0069;R0093;R0126;R0146;R0182;R0197;R0242;R0246;R0250,52
1812,-1,exact,True,True,R0108;R0117;R0158;R0164;R0170;R0187;R0188;R0192;R0194;R0229,18
1813,-1,exact,True,True,R0227;R0236;R0307;R0479;R0506;R0526;R0546;R0547;R0550;R0563,10
1814,-1,exact,True,True,R0018;R0028;R0108;R0117;R0135;R0158;R0164;R0169;R0192;R0194,77
1815,-1,exact,True,True,R0046;R0146;R0184;R0191;R0192;R0196;R0197;R0198;R0213;R0224,73
1816,-1,exact,True,True,R0206;R0277;R0385;R0437;R0452;R0507;R0508;R0528;R0530;R0540,15
1817,-1,exact,True,True,R0206;R0222;R0277;R0305;R0460;R0461;R0462;R0486;R0502;R0503,13
1818,-1,exact,True,True,R0031;R0196;R0222;R0408;R0409;R0442;R0460;R0461;R0462;R0469,16
1819,-1,exact,True,True,R0206;R0222;R0225;R0274;R0277;R0305;R0357;R0367;R0385;R0437,47
1820,-1,exact,True,True,R0043;R0177;R0192;R0203;R0224;R0237;R0238;R0239;R0242;R0244,70
1821,-1,exact,True,True,R0043;R0093;R0130;R0184;R0198;R0213;R0224;R0245;R0246;R0259,76
1822,-1,exact,True,True,R0126;R0146;R0203;R0237;R0239;R0244;R0247;R0261;R0262;R0275,69
1823,-1,exact,True,True,R0222;R0274;R0344;R0371;R0386;R0395;R0414;R0417;R0423;R0451,67
1824,-1,exact,True,True,R0014;R0017;R0019;R0022;R0028;R0046;R0057;R0084;R0124;R0125,32
1825,-1,exact,True,True,R0014;R0017;R0019;R0173;R0191;R0197;R0233;R0245;R0282;R0498,16
1826,-1,exact,True,True,R0014;R0019;R0096;R0097;R0098;R0099;R0100;R0101;R0102;R0111,15
1827,226,exact,False,False,R0078,1
1828,-1,exact,True,True,R0196;R0222;R0225;R0274;R0336;R0337;R0344;R0371;R0386;R0395,84
1829,-1,exact,True,True,R0196;R0297;R0302;R0303;R0304;R0311;R0314;R0315;R0317;R0318,120
1830,-1,exact,True,True,R0252;R0277;R0297;R0302;R0303;R0304;R0305;R0308;R0311;R0314,243
1831,-1,exact,True,True,R0206;R0277;R0350;R0393;R0400;R0421;R0429;R0430;R0431;R0432,34
1832,-1,exact,True,True,R0059;R0144;R0145;R0277;R0314;R0317;R0325;R0329;R0330;R0334,125
1833,-1,exact,True,True,R0039;R0040;R0059;R0061;R0092;R0112;R0134;R0144;R0145;R0196,245
1834,-1,exact,True,True,R0039;R0040;R0059;R0061;R0092;R0112;R0134;R0144;R0145;R0196,245
1835,-1,exact,True,True,R0144;R0145;R0297;R0300;R0303;R0314;R0318;R0320;R0331;R0335,110
1836,-1,exact,True,True,R0297;R0300;R0302;R0303;R0304;R0306;R0308;R0311;R0314;R0315,241
1837,-1,exact,True,True,R0277;R0297;R0302;R0303;R0304;R0308;R0311;R0314;R0315;R0317,240
1838,-1,exact,True,True,R0252;R0297;R0300;R0302;R0303;R0305;R0306;R0312;R0314;R0315,196
1839,-1,exact,True,True,R0297;R0300;R0302;R0303;R0304;R0306;R0308;R0311;R0314;R0315,241
1840,-1,exact,True,True,R0033;R0035;R0162;R0265;R0271;R0292;R0358;R0406;R0418;R0476,15
1841,-1,exact,True,True,R0297;R0300;R0303;R0306;R0311;R0314;R0315;R0318;R0320;R0322,152
1842,-1,exact,True,True,R0040;R0059;R0144;R0145;R0200;R0297;R0302;R0303;R0314;R0317,181
1843,-1,exact,True,True,R0035;R0271;R0292;R0479;R0528;R0537;R0545;R0553;R0554;R0555,12
1844,-1,exact,True,True,R0021;R0036;R0037;R0044;R0045;R0049;R0050;R0051;R0227,9
1845,-1,exact,True,True,R0021;R0023;R0036;R0037;R0042;R0044;R0045;R0049;R0050;R0051,16
1846,-1,exact,True,True,R0021;R0036;R0037;R0044;R0045;R0048;R0049;R0051;R0192;R0246,10
1847,-1,exact,True,True,R0017;R0021;R0026;R0036;R0037;R0041;R0042;R0045;R0048;R0049,30
1848,-1,exact,True,True,R0084;R0124;R0232;R0250;R0282,5
1849,-1,exact,True,True,R0069;R0073;R0117;R0225;R0228;R0247;R0260;R0263;R0266;R0269,44
1850,-1,exact,True,True,R0146;R0173;R0233;R0261;R0277;R0285;R0323;R0336;R0337;R0385,45
1851,-1,exact,True,True,R0146;R0197;R0198;R0222;R0224;R0246;R0259;R0261;R0269;R0278,80
1852,-1,exact,True,True,R0120;R0173;R0184;R0191;R0206;R0213;R0274;R0299;R0300;R0306,117
1853,-1,exact,True,True,R0120;R0184;R0191;R0213;R0274;R0299;R0300;R0306;R0323;R0336,77
1854,-1,exact,True,True,R0031;R0033;R0222;R0252;R0305;R0308;R0319;R0323;R0330;R0336,108
1855,-1,exact,True,True,R0031;R0033;R0222;R0300;R0306;R0308;R0319;R0323;R0330;R0336,128
1856,-1,exact,True,True,R0029;R0066;R0070;R0076;R0077;R0080;R0091;R0094;R0103;R0104,87
1857,-1,exact,True,True,R0068;R0136;R0172;R0190;R0235;R0237;R0247;R0253;R0261;R0262,39
1858,-1,exact,True,True,R0022;R0081;R0096;R0097;R0098;R0099;R0100;R0101;R0102;R0111,23
1859,-1,exact,True,True,R0202;R0261;R0285;R0479;R0483;R0494;R0528;R0535;R0537;R0545,19
1860,-1,exact,True,True,R0334;R0353;R0420,3
1861,-1,exact,True,True,R0196;R0225;R0297;R0302;R0304;R0308;R0311;R0315;R0318;R0319,159
1862,222,fallback,False,False,,0
1863,281,exact,False,False,R0265,1
1864,-1,exact,True,True,R0222;R0305,2
1865,-1,exact,True,True,R0130;R0146;R0192;R0224;R0233;R0239;R0245;R0246;R0261;R0269,61
1866,-1,exact,True,True,R0061;R0092;R0112;R0134;R0144;R0145;R0200;R0206;R0222;R0274,115
1867,-1,exact,True,True,R0093;R0120;R0197;R0222;R0246;R0344;R0371;R0386;R0395;R0414,37
1868,-1,exact,True,True,R0056;R0065;R0067;R0123;R0138;R0147;R0149;R0181;R0183;R0228,36
1869,-1,exact,True,True,R0027;R0057;R0068;R0089;R0125;R0127;R0166;R0190;R0257;R0281,11
1870,-1,exact,True,True,R0120;R0206;R0222;R0274;R0300;R0305;R0306;R0312;R0323;R0330,96
1871,-1,exact,True,True,R0065;R0074;R0095;R0109;R0123;R0138;R0149;R0166;R0183;R0190,33
1872,-1,exact,True,True,R0108;R0140;R0158;R0169;R0212;R0216;R0220;R0224;R0242;R0244,49
1873,-1,exact,True,True,R0052;R0146;R0173;R0191;R0227;R0233;R0259;R0282;R0417;R0451,30
1874,-1,exact,True,True,R0069;R0073;R0117;R0124;R0126;R0140;R0143;R0154;R0158;R0164,65
1875,-1,exact,True,True,R0046;R0146;R0173;R0184;R0191;R0196;R0197;R0198;R0213;R0224,82
1876,-1,exact,True,True,R0196;R0314;R0317;R0325;R0329;R0330;R0334;R0335;R0340;R0347,122
1877,-1,exact,True,True,R0222;R0308;R0319;R0336;R0337;R0344;R0353;R0371;R0386;R0387,94
1878,-1,exact,True,True,R0026;R0036;R0042;R0045;R0176,5
1879,-1,exact,True,True,R0277;R0314;R0317;R0325;R0329;R0330;R0334;R0335;R0340;R0347,122
1880,-1,exact,True,True,R0322;R0339;R0357;R0360;R0410;R0484;R0496;R0528;R0553;R0554,10
1881,135,exact,False,False,R0043;R0261;R0269;R0278;R0284;R0285;R0310;R0476;R0479;R0483,24
1882,-1,exact,True,True,R0256;R0297;R0300;R0303;R0305;R0306;R0312;R0314;R0315;R0318,133
1883,-1,exact,True,True,R0252;R0256;R0305;R0311;R0312;R0314;R0317;R0325;R0329;R0330,109
1884,-1,exact,True,True,R0277;R0297;R0302;R0303;R0304;R0308;R0311;R0314;R0315;R0317,240
1885,-1,exact,True,True,R0252;R0297;R0300;R0302;R0303;R0304;R0305;R0306;R0308;R0311,248
1886,-1,exact,True,True,R0252;R0297;R0300;R0302;R0303;R0304;R0305;R0306;R0308;R0311,248
1887,-1,exact,True,True,R0196;R0225;R0297;R0302;R0303;R0304;R0308;R0311;R0314;R0315,235
1888,-1,exact,True,True,R0094;R0103;R0104;R0105;R0106;R0107;R0114;R0115;R0116;R0119,37
1889,-1,exact,True,True,R0117;R0183;R0190;R0202;R0217;R0218;R0228;R0231;R0237;R0254,50
1890,-1,exact,True,True,R0043;R0202;R0237;R0238;R0247;R0257;R0261;R0262;R0269;R0275,41
1891,-1,exact,True,True,R0074;R0113;R0125;R0166;R0183;R0190;R0217;R0228;R0231;R0238,35
1892,-1,exact,True,True,R0130;R0192;R0224;R0269;R0299;R0301;R0306;R0310;R0312;R0323,38
1893,-1,exact,True,True,R0297;R0302;R0304;R0308;R0311;R0315;R0318;R0319;R0320;R0322,163
1894,-1,exact,True,True,R0300;R0314;R0315;R0317;R0320;R0325;R0329;R0330;R0333;R0334,140
1895,-1,exact,True,True,R0206;R0277;R0350;R0393;R0400;R0421;R0429;R0430;R0431;R0432,34
1896,-1,exact,True,True,R0206;R0256;R0277;R0439;R0472;R0473,6
1897,-1,exact,True,True,R0314;R0317;R0335;R0361;R0364;R0365;R0401;R0402;R0455;R0470,12
1898,513,fallback,False,False,,0
1899,-1,exact,True,True,R0256;R0302;R0303;R0304;R0308;R0311;R0315;R0317;R0318;R0319,154
1900,-1,exact,True,True,R0214;R0247;R0254;R0255;R0266;R0270;R0271;R0272;R0275;R0279,26
1901,-1,exact,True,True,R0085;R0170;R0187;R0188;R0229;R0247;R0269;R0270;R0275;R0279,22
1902,-1,exact,True,True,R0066;R0085;R0094;R0103;R0104;R0105;R0106;R0107;R0114;R0115,46
1903,-1,exact,True,True,R0066;R0070;R0076;R0077;R0080;R0082;R0085;R0091;R0094;R0103,65
1904,-1,exact,True,True,R0054;R0055;R0060;R0062;R0064;R0081;R0083;R0086;R0088;R0090,44
1905,-1,exact,True,True,R0055;R0062;R0064;R0081;R0096;R0097;R0098;R0099;R0100;R0101,15
1906,-1,exact,True,True,R0055;R0062;R0064;R0081;R0096;R0097;R0098;R0099;R0100;R0101,15
1907,-1,exact,True,True,R0054;R0055;R0060;R0062;R0063;R0064;R0072;R0081;R0083;R0086,70
1908,-1,exact,True,True,R0252;R0300;R0302;R0304;R0306;R0308;R0311;R0312;R0315;R0318,116
1909,-1,exact,True,True,R0033;R0035;R0120;R0274;R0300;R0306;R0323;R0354;R0356;R0357,63
1910,-1,exact,True,True,R0184;R0191;R0213;R0274;R0299;R0336;R0337;R0371;R0386;R0395,75
1911,129,exact,False,False,R0033;R0253;R0269;R0300;R0310;R0323;R0354;R0358;R0406;R0418,32
1912,-1,exact,True,True,R0034;R0066;R0070;R0072;R0076;R0077;R0080;R0081;R0090;R0091,62
1913,-1,exact,True,True,R0063;R0068;R0070;R0076;R0077;R0080;R0087;R0122;R0172;R0253,11
1914,-1,exact,True,True,R0025;R0055;R0060;R0062;R0064;R0066;R0081;R0083;R0085;R0086,79
1915,-1,exact,True,True,R0025;R0034;R0055;R0060;R0062;R0088;R0089;R0096;R0097;R0098,40
1916,-1,exact,True,True,R0198;R0202;R0259;R0261;R0285;R0299;R0471;R0477;R0479;R0483,29
1917,-1,exact,True,True,R0065;R0095;R0136;R0202;R0235;R0237;R0247;R0261;R0262;R0275,30
1918,-1,exact,True,True,R0063;R0068;R0070;R0071;R0076;R0077;R0080;R0087;R0122;R0136,51
1919,-1,exact,True,True,R0029;R0063;R0070;R0071;R0076;R0077;R0080;R0087;R0091;R0109,62
1920,-1,exact,True,True,R0014;R0017;R0019;R0022;R0081;R0096;R0097;R0098;R0099;R0100,44
1921,-1,exact,True,True,R0057;R0084;R0233;R0236;R0245;R0249;R0262;R0265;R0276,9
1922,-1,exact,True,True,R0057;R0125;R0139;R0183;R0217;R0226;R0255;R0258;R0260;R0267,15
1923,-1,exact,True,True,R0055;R0062;R0064;R0081;R0083;R0086;R0090;R0096;R0097;R0098,39
1924,-1,exact,True,True,R0024;R0063;R0171;R0310;R0528;R0553;R0554,7
1925,-1,exact,True,True,R0021;R0024;R0036;R0044;R0045;R0051;R0092;R0117;R0171;R0269,24
1926,318,exact,False,False,R0024;R0171;R0310;R0528;R0553;R0554,6
1927,-1,exact,True,True,R0063;R0152;R0156;R0160;R0161;R0163;R0165;R0167;R0168;R0170,29
1928,-1,exact,True,True,R0071;R0078;R0082;R0087;R0090;R0091;R0109;R0129;R0151;R0152,35
1929,-1,exact,True,True,R0063;R0070;R0071;R0080;R0087;R0091;R0109;R0139;R0149;R0156,29
1930,-1,exact,True,True,R0071;R0081;R0082;R0083;R0087;R0090;R0091;R0109;R0111;R0129,39
1931,-1,exact,True,True,R0069;R0073;R0079;R0082;R0123;R0129;R0141;R0149;R0157;R0189,12
1932,-1,exact,True,True,R0314;R0335;R0340;R0350;R0351;R0352;R0361;R0362;R0363;R0368,85
1933,-1,exact,True,True,R0277;R0297;R0302;R0303;R0304;R0308;R0311;R0314;R0315;R0317,240
1934,-1,exact,True,True,R0256;R0277;R0297;R0302;R0303;R0304;R0306;R0308;R0311;R0314,216
1935,-1,exact,True,True,R0256;R0300;R0302;R0303;R0304;R0306;R0308;R0311;R0315;R0317,161
1936,-1,exact,True,True,R0014;R0017;R0019;R0096;R0097;R0098;R0099;R0100;R0101;R0102,32
1937,19,exact,False,False,R0019;R0131;R0281,3
1938,-1,exact,True,True,R0014;R0017;R0019;R0173;R0191;R0197;R0233;R0245;R0282;R0498,16
1939,-1,exact,True,True,R0017;R0019;R0191;R0196,4
1940,-1,exact,True,True,R0054;R0055;R0060;R0062;R0063;R0064;R0070;R0071;R0072;R0076,78
1941,-1,exact,True,True,R0054;R0055;R0060;R0062;R0063;R0064;R0070;R0071;R0076;R0077,74
1942,-1,exact,True,True,R0054;R0055;R0060;R0062;R0063;R0064;R0070;R0071;R0072;R0076,76
1943,-1,exact,True,True,R0070;R0073;R0078;R0079;R0080;R0082;R0091;R0129;R0141;R0149,33
1944,-1,exact,True,True,R0256;R0297;R0300;R0302;R0303;R0306;R0314;R0317;R0318;R0319,163
1945,-1,exact,True,True,R0297;R0302;R0304;R0308;R0311;R0315;R0318;R0319;R0320;R0322,163
1946,-1,exact,True,True,R0277;R0297;R0302;R0303;R0304;R0308;R0311;R0314;R0315;R0317,240
1947,-1,exact,True,True,R0297;R0300;R0302;R0303;R0304;R0306;R0308;R0311;R0314;R0315,241
1948,-1,exact,True,True,R0039;R0040;R0061;R0092;R0225;R0304;R0308;R0311;R0315;R0320,93
1949,-1,exact,True,True,R0026;R0036;R0037;R0041;R0044;R0045;R0048;R0049;R0050;R0051,16
1950,-1,exact,True,True,R0026;R0036;R0037;R0041;R0045;R0048;R0049;R0050;R0084,9
1951,-1,exact,True,True,R0112;R0134;R0135;R0144;R0145;R0196;R0200;R0206;R0386;R0504,10
1952,-1,exact,True,True,R0026;R0036;R0041;R0044;R0045;R0048;R0050;R0051;R0061;R0092,68
1953,-1,exact,True,True,R0046;R0093;R0130;R0146;R0173;R0184;R0191;R0196;R0197;R0198,86
1954,-1,exact,True,True,R0031;R0222;R0277;R0308;R0319;R0330;R0336;R0337;R0344;R0353,127
1955,-1,exact,True,True,R0033;R0120;R0206;R0222;R0274;R0300;R0305;R0306;R0312;R0357,50
1956,-1,exact,True,True,R0277;R0297;R0302;R0303;R0304;R0308;R0311;R0314;R0315;R0317,240
1957,-1,exact,True,True,R0256;R0297;R0302;R0303;R0304;R0306;R0311;R0312;R0314;R0315,130
1958,-1,exact,True,True,R0252;R0297;R0300;R0302;R0303;R0305;R0306;R0311;R0312;R0314,198
1959,-1,exact,True,True,R0039;R0040;R0061;R0092;R0134;R0256;R0300;R0302;R0303;R0304,166
1960,-1,exact,True,True,R0026;R0036;R0037;R0040;R0041;R0045;R0048;R0049;R0144;R0145,30
1961,577,exact,False,False,R0135,1
1962,-1,exact,True,True,R0024;R0160;R0161;R0170;R0187;R0188;R0229;R0280;R0298;R0321,12
1963,-1,exact,True,True,R0084;R0127;R0140;R0146;R0173;R0184;R0191;R0198;R0212;R0213,63
1964,135,exact,False,False,R0043;R0261;R0278;R0285;R0406;R0479;R0545;R0562;R0577,9
1965,-1,exact,True,True,R0035;R0375;R0471;R0500;R0523;R0528;R0537;R0545;R0553;R0554,14
1966,-1,exact,True,True,R0206;R0277;R0330;R0371;R0499;R0536;R0539,7
1967,-1,exact,True,True,R0034;R0057;R0058;R0066;R0094;R0103;R0104;R0105;R0106;R0107,61
1968,-1,exact,True,True,R0117;R0170;R0187;R0188;R0225;R0229;R0247;R0269;R0270;R0275,31
1969,-1,exact,True,True,R0252;R0256;R0300;R0302;R0303;R0304;R0306;R0308;R0311;R0312,167
1970,-1,exact,True,True,R0043;R0127;R0140;R0169;R0192;R0198;R0220;R0224;R0232;R0239,79
1971,-1,exact,True,True,R0057;R0069;R0084;R0124;R0125;R0127;R0140;R0143;R0166;R0169,33
1972,-1,exact,True,True,R0269;R0300;R0302;R0304;R0308;R0310;R0318;R0319;R0320;R0322,53
1973,-1,exact,True,True,R0252;R0256;R0300;R0305;R0312;R0314;R0317;R0320;R0325;R0329,125
1974,-1,exact,True,True,R0297;R0302;R0304;R0308;R0311;R0315;R0318;R0319;R0320;R0322,163
1975,-1,exact,True,True,R0302;R0304;R0315;R0319;R0329;R0334;R0347;R0374;R0376;R0377,38
1976,-1,exact,True,True,R0173;R0182;R0191;R0197;R0233;R0245;R0262;R0276;R0282;R0286,19
1977,-1,exact,True,True,R0015;R0056;R0147;R0166;R0284,5
1978,-1,exact,True,True,R0093;R0130;R0184;R0213;R0246;R0274;R0344;R0346;R0395;R0414,22
1979,13,exact,False,False,R0127,1
1980,-1,exact,True,True,R0277;R0314;R0317;R0320;R0325;R0329;R0330;R0333;R0334;R0335,137
1981,-1,exact,True,True,R0277;R0314;R0317;R0325;R0329;R0330;R0334;R0335;R0340;R0347,122
1982,-1,exact,True,True,R0277;R0314;R0317;R0325;R0329;R0330;R0334;R0335;R0340;R0347,122
1983,-1,exact,True,True,R0039;R0040;R0059;R0061;R0092;R0112;R0297;R0302;R0304;R0308,169
1984,-1,exact,True,True,R0016;R0078;R0151;R0157;R0158;R0170;R0187;R0188;R0201;R0226,14
1985,-1,exact,True,True,R0125;R0139;R0158;R0166;R0169;R0216;R0223;R0226;R0248;R0260,18
1986,-1,exact,True,True,R0074;R0160;R0161;R0170;R0187;R0188;R0190;R0217;R0229;R0258,12
1987,-1,exact,True,True,R0046;R0173;R0182;R0191;R0197;R0233;R0245;R0282;R0498;R0509,15
1988,-1,exact,True,True,R0252;R0297;R0300;R0302;R0303;R0305;R0306;R0311;R0312;R0314,209
1989,-1,exact,True,True,R0277;R0314;R0317;R0325;R0329;R0330;R0334;R0335;R0340;R0347,122
1990,-1,exact,True,True,R0140;R0206;R0212;R0271;R0274;R0277;R0322;R0338;R0350;R0357,73
1991,-1,exact,True,True,R0297;R0308;R0311;R0315;R0318;R0320;R0322;R0324;R0336;R0337,119
1992,-1,exact,True,True,R0252;R0305;R0314;R0317;R0325;R0329;R0330;R0334;R0335;R0340,123
1993,-1,exact,True,True,R0154;R0212;R0265;R0305;R0312;R0314;R0335;R0340;R0350;R0351,90
1994,-1,exact,True,True,R0252;R0256;R0312;R0317;R0329;R0334;R0347;R0351;R0352;R0356,66
1995,-1,exact,True,True,R0252;R0297;R0300;R0302;R0303;R0305;R0306;R0311;R0312;R0314,209
1996,-1,exact,True,True,R0057;R0074;R0125;R0166;R0183;R0217;R0255;R0258;R0260;R0267,15
1997,-1,exact,True,True,R0073;R0078;R0113;R0157;R0170;R0187;R0188;R0226;R0229;R0231,18
1998,-1,exact,True,True,R0069;R0073;R0075;R0079;R0141;R0149;R0154;R0159;R0162;R0164,67
1999,-1,exact,True,True,R0029;R0142;R0153;R0171;R0307;R0483;R0575,7
2000,-1,exact,True,True,R0052;R0068;R0262;R0309;R0366;R0385,6
2001,-1,exact,True,True,R0063;R0068;R0070;R0076;R0077;R0080;R0087;R0089;R0122;R0172,14
2002,22,exact,False,False,R0010;R0238;R0257;R0262;R0286;R0309;R0355;R0441,8
2003,-1,exact,True,True,R0065;R0069;R0073;R0074;R0079;R0082;R0123;R0129;R0141;R0149,21
2004,-1,exact,True,True,R0027;R0063;R0070;R0071;R0076;R0077;R0078;R0080;R0082;R0087,56
2005,-1,exact,True,True,R0024;R0082;R0109;R0129;R0136;R0142;R0149;R0153;R0159;R0160,55
2006,-1,exact,True,True,R0024;R0071;R0082;R0087;R0091;R0109;R0129;R0136;R0138;R0142,50
2007,-1,exact,True,True,R0063;R0070;R0071;R0076;R0077;R0080;R0087;R0091;R0109;R0122,76
2008,586,exact,False,False,R0012;R0013;R0020;R0023;R0030;R0036;R0037;R0042;R0044;R0045,82
2009,-1,exact,True,True,R0020;R0021;R0026;R0030;R0036;R0041;R0042;R0044;R0045;R0048,118
2010,586,exact,False,False,R0012;R0013;R0023;R0037;R0042;R0044;R0049;R0056;R0067;R0079,49
2011,-1,exact,True,True,R0067;R0079;R0123;R0135;R0136;R0141;R0142;R0153;R0159;R0181,41
2012,-1,exact,True,True,R0013;R0026;R0036;R0041;R0042;R0045;R0048;R0157;R0176;R0250,12
2013,-1,exact,True,True,R0020;R0021;R0023;R0026;R0030;R0036;R0037;R0041;R0042;R0044,113
2014,-1,exact,True,True,R0020;R0021;R0026;R0030;R0036;R0041;R0042;R0044;R0045;R0048,99
2015,-1,exact,True,True,R0026;R0036;R0037;R0041;R0042;R0044;R0045;R0048;R0049;R0050,60
2016,556,fallback,False,False,,0
2017,-1,exact,True,True,R0253;R0265,2
2018,-1,exact,True,True,R0256;R0297;R0300;R0302;R0303;R0304;R0306;R0308;R0311;R0314,220
2019,-1,exact,True,True,R0184;R0198;R0202;R0203;R0213;R0239;R0259;R0261;R0284;R0285,57
2020,2,fallback,False,False,,0
2021,-1,exact,True,True,R0170;R0187;R0188;R0225;R0229;R0247;R0269;R0270;R0275;R0280,21
2022,-1,exact,True,True,R0016;R0069;R0073;R0148;R0157;R0158;R0170;R0187;R0188;R0197,38
2023,-1,exact,True,True,R0083;R0086;R0151;R0170;R0187;R0188;R0195;R0201;R0229;R0231,11
2024,-1,exact,True,True,R0252;R0256;R0297;R0300;R0302;R0303;R0304;R0305;R0306;R0308,202
2025,-1,exact,True,True,R0252;R0297;R0302;R0305;R0315;R0319;R0325;R0329;R0334;R0340,70
2026,-1,exact,True,True,R0252;R0297;R0302;R0304;R0305;R0311;R0315;R0319;R0324;R0325,94
2027,-1,exact,True,True,R0252;R0277;R0297;R0302;R0303;R0305;R0314;R0315;R0317;R0318,188
2028,-1,exact,True,True,R0021;R0036;R0044;R0045;R0048;R0050;R0051;R0061;R0092;R0130,52
2029,-1,exact,True,True,R0026;R0041;R0044;R0048;R0206;R0336;R0337;R0385;R0386;R0422,42
2030,-1,exact,True,True,R0020;R0026;R0030;R0036;R0041;R0042;R0044;R0045;R0048;R0051,95
2031,-1,exact,True,True,R0196;R0256;R0297;R0302;R0303;R0304;R0311;R0314;R0315;R0317,119
2032,-1,exact,True,True,R0073;R0074;R0170;R0187;R0188;R0229;R0321,7
2033,-1,exact,True,True,R0057;R0074;R0113;R0125;R0139;R0166;R0226;R0228;R0231;R0240,32
2034,614,exact,False,False,R0014;R0081,2
2035,-1,exact,True,True,R0038;R0127;R0166;R0232,4
2036,586,exact,False,False,R0012;R0056;R0118;R0123;R0139;R0255;R0279,7
2037,-1,exact,True,True,R0055;R0056;R0060;R0062;R0064;R0065;R0072;R0081;R0082;R0083,49
2038,-1,exact,True,True,R0027;R0054;R0063;R0070;R0071;R0076;R0077;R0080;R0087;R0090,47
2039,-1,exact,True,True,R0056;R0065;R0113;R0123;R0139;R0149;R0193;R0211;R0228;R0234,26
2040,129,exact,False,False,R0033;R0269;R0300;R0308;R0310;R0319;R0323;R0353;R0354;R0406,31
2041,-1,exact,True,True,R0140;R0206;R0212;R0222;R0271;R0274;R0277;R0292;R0357;R0367,49
2042,129,exact,False,False,R0033;R0206;R0306;R0312;R0330;R0358;R0366;R0385;R0406;R0418,29
2043,-1,exact,True,True,R0120;R0274;R0297;R0300;R0306;R0322;R0323;R0325;R0329;R0336,111
2044,-1,exact,True,True,R0014;R0017;R0019;R0084;R0096;R0097;R0098;R0099;R0100;R0101,28
2045,-1,exact,True,True,R0014;R0017;R0019;R0028;R0084;R0111;R0124;R0131;R0135;R0150,34
2046,-1,exact,True,True,R0038;R0139;R0166;R0183;R0216;R0223;R0258;R0267;R0290;R0321,10
2047,-1,exact,True,True,R0038;R0057;R0113;R0124;R0125;R0139;R0140;R0158;R0169;R0177,32
2048,-1,exact,True,True,R0065;R0074;R0095;R0109;R0123;R0138;R0149;R0166;R0183;R0190,32
2049,-1,exact,True,True,R0065;R0074;R0095;R0109;R0113;R0123;R0138;R0139;R0149;R0166,30
2050,-1,exact,True,True,R0056;R0065;R0074;R0123;R0138;R0147;R0149;R0166;R0181;R0228,30
2051,-1,exact,True,True,R0065;R0068;R0095;R0136;R0190;R0202;R0235;R0237;R0247;R0253,41
2052,-1,exact,True,True,R0277;R0297;R0302;R0303;R0304;R0308;R0311;R0314;R0317;R0318,217
2053,-1,exact,True,True,R0033;R0035;R0253;R0306;R0312;R0323;R0354;R0358;R0366;R0375,51
2054,-1,exact,True,True,R0043;R0130;R0182;R0192;R0203;R0239;R0245;R0246;R0269;R0276,41
2055,-1,exact,True,True,R0222;R0274;R0437;R0452;R0467;R0508;R0530;R0540;R0552;R0560,14
2056,661,exact,False,False,R0007;R0027;R0054;R0057;R0125;R0253;R0257;R0291;R0355;R0440,11
2057,661,exact,False,False,R0007,1
2058,661,exact,False,False,R0007;R0253,2
2059,661,exact,False,False,R0007;R0011,2
2060,-1,exact,True,True,R0034;R0085;R0094;R0103;R0104;R0105;R0106;R0107;R0113;R0114,44
2061,144,exact,False,False,R0009,1
2062,144,exact,False,False,R0009;R0058;R0089;R0127,4
2063,-1,exact,True,True,R0055;R0060;R0062;R0088;R0096;R0097;R0098;R0099;R0100;R0101,16
2064,-1,exact,True,True,R0057;R0068;R0089;R0253;R0262;R0265;R0286,7
2065,-1,exact,True,True,R0069;R0075;R0126;R0177;R0197;R0198;R0224;R0244;R0250;R0257,71
2066,-1,exact,True,True,R0033;R0120;R0202;R0224;R0246;R0253;R0269;R0274;R0300;R0301,57
2067,-1,exact,True,True,R0109;R0136;R0142;R0153;R0159;R0171;R0174;R0175;R0181;R0183,46
2068,-1,exact,True,True,R0196;R0225;R0297;R0302;R0303;R0304;R0308;R0311;R0314;R0315,235
2069,-1,exact,True,True,R0033;R0120;R0206;R0222;R0274;R0300;R0305;R0306;R0312;R0330,67
2070,-1,exact,True,True,R0032;R0253;R0323;R0342;R0354;R0358;R0360;R0406;R0418;R0464,29
2071,-1,exact,True,True,R0274;R0300;R0306;R0312;R0354;R0358;R0395;R0406;R0466;R0471,56
2072,-1,exact,True,True,R0148;R0154;R0162;R0183;R0216;R0228;R0240;R0241;R0244;R0254,38
2073,-1,exact,True,True,R0162;R0216;R0240;R0244;R0254;R0265;R0271;R0272;R0280;R0290,27
2074,587,exact,False,False,R0321,1
2075,-1,exact,True,True,R0108;R0117;R0158;R0164;R0169;R0171;R0177;R0183;R0192;R0194,92
2076,-1,exact,True,True,R0026;R0036;R0041;R0042;R0044;R0045;R0048;R0051;R0061;R0112,63
2077,-1,exact,True,True,R0089;R0127;R0227,3
2078,-1,exact,True,True,R0074;R0157;R0170;R0187;R0188;R0217;R0226;R0229,8
2079,-1,exact,True,True,R0089;R0154;R0203;R0236;R0239;R0261;R0285;R0286;R0292;R0306,24
2080,-1,exact,True,True,R0024;R0160;R0161;R0163;R0167;R0168;R0170;R0185;R0186;R0187,20
2081,-1,exact,True,True,R0016;R0157;R0158;R0170;R0187;R0188;R0224;R0226;R0229;R0332,12
2082,-1,exact,True,True,R0015;R0024;R0074;R0160;R0161;R0170;R0187;R0188;R0190;R0217,15
2083,-1,exact,True,True,R0157;R0170;R0187;R0188;R0226;R0229;R0280;R0298;R0345,9
2084,-1,exact,True,True,R0304;R0308;R0320;R0325;R0329;R0333;R0334;R0340;R0344;R0347,86
2085,-1,exact,True,True,R0256;R0303;R0308;R0311;R0315;R0318;R0320;R0322;R0324;R0331,121
2086,-1,exact,True,True,R0031;R0033;R0222;R0300;R0306;R0308;R0319;R0323;R0330;R0336,128
2087,-1,exact,True,True,R0297;R0302;R0304;R0308;R0311;R0315;R0318;R0319;R0320;R0322,162
2088,-1,exact,True,True,R0016;R0078;R0157;R0158;R0160;R0161;R0170;R0187;R0188;R0226,12
2089,-1,exact,True,True,R0117;R0140;R0184;R0212;R0213;R0224;R0271;R0283;R0292;R0310,32
2090,-1,exact,True,True,R0135;R0212;R0580,3
2091,-1,exact,True,True,R0046;R0093;R0173;R0191;R0197;R0233;R0245;R0282;R0414;R0423,24
2092,-1,exact,True,True,R0027;R0058;R0063;R0070;R0071;R0076;R0077;R0078;R0080;R0082,61
2093,-1,exact,True,True,R0085;R0094;R0103;R0104;R0105;R0106;R0107;R0114;R0115;R0116,49
2094,-1,exact,True,True,R0034;R0066;R0085;R0094;R0103;R0104;R0105;R0106;R0107;R0114,67
2095,-1,exact,True,True,R0066;R0070;R0080;R0082;R0085;R0091;R0094;R0103;R0104;R0105,49
2096,-1,exact,True,True,R0297;R0300;R0302;R0303;R0304;R0306;R0308;R0311;R0314;R0315,241
2097,-1,exact,True,True,R0252;R0297;R0300;R0302;R0303;R0305;R0306;R0312;R0314;R0317,187
2098,-1,exact,True,True,R0222;R0300;R0306;R0353;R0366;R0387;R0414;R0418;R0423;R0452,37
2099,-1,exact,True,True,R0314;R0317;R0325;R0329;R0330;R0334;R0335;R0340;R0347;R0350,121
2100,-1,exact,True,True,R0166;R0218;R0228;R0231;R0237;R0240;R0257;R0260;R0263;R0266,29
2101,-1,exact,True,True,R0117;R0154;R0158;R0164;R0169;R0194;R0216;R0223;R0228;R0248,21
2102,-1,exact,True,True,R0069;R0073;R0124;R0126;R0140;R0143;R0154;R0158;R0164;R0166,43
2103,-1,exact,True,True,R0108;R0117;R0124;R0126;R0140;R0143;R0158;R0164;R0169;R0192,69
2104,-1,exact,True,True,R0256;R0277;R0297;R0302;R0303;R0304;R0308;R0314;R0315;R0317,195
2105,-1,exact,True,True,R0252;R0256;R0277;R0297;R0302;R0303;R0304;R0305;R0308;R0311,222
2106,-1,exact,True,True,R0252;R0256;R0277;R0297;R0302;R0303;R0304;R0305;R0308;R0314,196
2107,-1,exact,True,True,R0206;R0256;R0277;R0325;R0329;R0330;R0356;R0371;R0386;R0392,52
2108,-1,exact,True,True,R0047;R0052;R0182;R0227;R0245;R0246;R0262;R0276,8
2109,-1,exact,True,True,R0043;R0089;R0127;R0202;R0261;R0269;R0271;R0278;R0284;R0285,31
2110,-1,exact,True,True,R0093;R0245;R0414;R0458;R0459,5
2111,-1,exact,True,True,R0093;R0120;R0173;R0191;R0197;R0246;R0305;R0312;R0344;R0371,33
2112,-1,exact,True,True,R0027;R0054;R0063;R0070;R0071;R0072;R0076;R0077;R0080;R0081,66
2113,-1,exact,True,True,R0056;R0123;R0279,3
2114,-1,exact,True,True,R0055;R0056;R0060;R0062;R0064;R0065;R0072;R0073;R0079;R0081,53
2115,-1,exact,True,True,R0055;R0056;R0060;R0062;R0064;R0065;R0072;R0073;R0079;R0081,53
2116,-1,exact,True,True,R0043;R0148;R0177;R0192;R0203;R0224;R0238;R0239;R0241;R0242,57
2117,-1,exact,True,True,R0108;R0136;R0142;R0147;R0149;R0153;R0159;R0164;R0181;R0194,83
2118,-1,exact,True,True,R0069;R0075;R0084;R0089;R0124;R0143;R0148;R0154;R0166;R0169,44
2119,-1,exact,True,True,R0260;R0273;R0280;R0288;R0293;R0294;R0295;R0298;R0321;R0343,11
2120,-1,exact,True,True,R0043;R0068;R0130;R0202;R0224;R0245;R0246;R0253;R0261;R0262,61
2121,-1,exact,True,True,R0033;R0093;R0120;R0130;R0192;R0224;R0246;R0269;R0274;R0300,68
2122,-1,exact,True,True,R0093;R0197;R0222;R0305;R0414;R0423;R0454;R0456;R0458;R0459,21
2123,-1,exact,True,True,R0202;R0464;R0483;R0500;R0511;R0565;R0575,7
2124,-1,exact,True,True,R0056;R0065;R0072;R0090;R0113;R0118;R0123;R0139;R0149;R0193,29
2125,-1,exact,True,True,R0063;R0070;R0071;R0076;R0077;R0080;R0082;R0087;R0091;R0109,55
2126,-1,exact,True,True,R0054;R0055;R0060;R0062;R0063;R0064;R0070;R0071;R0072;R0076,79
2127,-1,exact,True,True,R0054;R0055;R0060;R0062;R0063;R0064;R0070;R0071;R0076;R0077,74
2128,-1,exact,True,True,R0154;R0158;R0164;R0169;R0177;R0194;R0216;R0218;R0223;R0228,34
2129,-1,exact,True,True,R0206;R0222;R0274;R0277;R0330;R0336;R0337;R0344;R0356;R0357,112
2130,-1,exact,True,True,R0031;R0222;R0277;R0308;R0323;R0330;R0344;R0353;R0356;R0357,99
2131,-1,exact,True,True,R0146;R0173;R0184;R0191;R0198;R0213;R0233;R0259;R0261;R0262,86
2132,-1,exact,True,True,R0297;R0300;R0302;R0303;R0304;R0306;R0308;R0311;R0314;R0315,241
2133,-1,exact,True,True,R0252;R0297;R0300;R0302;R0303;R0304;R0305;R0306;R0308;R0311,248
2134,-1,exact,True,True,R0252;R0297;R0300;R0302;R0303;R0305;R0306;R0311;R0312;R0314,209
2135,-1,exact,True,True,R0033;R0120;R0222;R0274;R0300;R0305;R0306;R0312;R0323;R0336,97
2136,-1,exact,True,True,R0236;R0239;R0261;R0271;R0285;R0292;R0307;R0494;R0506;R0507,33
2137,-1,exact,True,True,R0173;R0184;R0191;R0213;R0233;R0261;R0262;R0282;R0285;R0286,55
2138,-1,exact,True,True,R0093;R0130;R0197;R0222;R0246;R0269;R0274;R0310;R0344;R0346,74
2139,-1,exact,True,True,R0031;R0222;R0252;R0277;R0305;R0308;R0319;R0330;R0336;R0337,130
2140,-1,exact,True,True,R0031;R0222;R0277;R0308;R0319;R0330;R0336;R0337;R0356;R0357,109
2141,-1,exact,True,True,R0302;R0303;R0304;R0317;R0318;R0324;R0331;R0333;R0341;R0348,42
2142,-1,exact,True,True,R0196;R0256;R0314;R0335;R0340;R0351;R0352;R0361;R0362;R0363,75
2143,-1,exact,True,True,R0252;R0305;R0312;R0314;R0317;R0325;R0329;R0330;R0334;R0335,124
2144,-1,exact,True,True,R0024;R0063;R0070;R0071;R0080;R0082;R0087;R0091;R0109;R0129,36
2145,-1,exact,True,True,R0071;R0079;R0087;R0091;R0109;R0136;R0138;R0141;R0142;R0143,41
2146,-1,exact,True,True,R0029;R0065;R0069;R0073;R0079;R0123;R0136;R0138;R0141;R0142,50
2147,-1,exact,True,True,R0063;R0070;R0071;R0073;R0076;R0077;R0079;R0080;R0082;R0087,55
2148,-1,exact,True,True,R0173;R0191;R0206;R0277;R0305;R0460;R0461;R0462;R0475;R0486,21
2149,-1,exact,True,True,R0093;R0130;R0196;R0197;R0222;R0224;R0225;R0274;R0414;R0423,42
2150,-1,exact,True,True,R0196;R0225;R0297;R0302;R0303;R0304;R0308;R0311;R0314;R0315,235
2151,-1,exact,True,True,R0140;R0206;R0212;R0222;R0274;R0277;R0305;R0367;R0445;R0460,28
2152,-1,exact,True,True,R0054;R0055;R0060;R0062;R0064;R0072;R0081;R0083;R0086;R0088,58
2153,-1,exact,True,True,R0072;R0081;R0083;R0086;R0090;R0111;R0131;R0150;R0151;R0170,34
2154,-1,exact,True,True,R0058;R0066;R0078;R0085;R0090;R0094;R0113;R0128;R0157;R0170,34
2155,-1,exact,True,True,R0025;R0034;R0055;R0060;R0062;R0064;R0066;R0072;R0081;R0083,52
2156,-1,exact,True,True,R0027;R0058;R0063;R0070;R0071;R0076;R0077;R0080;R0087;R0091,44
2157,-1,exact,True,True,R0034;R0085;R0094;R0103;R0104;R0105;R0106;R0107;R0114;R0115,16
2158,-1,exact,True,True,R0025;R0055;R0090;R0094;R0128;R0139;R0178;R0179;R0226;R0260,16
2159,144,exact,False,False,R0009;R0034;R0076;R0077;R0103;R0104;R0105;R0106;R0107;R0114,16
2160,-1,exact,True,True,R0252;R0256;R0297;R0300;R0302;R0303;R0304;R0305;R0306;R0308,227
2161,-1,exact,True,True,R0206;R0222;R0274;R0277;R0330;R0336;R0337;R0344;R0356;R0357,112
2162,-1,exact,True,True,R0256;R0277;R0314;R0335;R0340;R0351;R0352;R0361;R0362;R0363,75
2163,-1,exact,True,True,R0277;R0297;R0302;R0303;R0304;R0308;R0311;R0314;R0315;R0317,240
2164,129,exact,False,False,R0033;R0306;R0323;R0330;R0336;R0337;R0354;R0366;R0371;R0375,62
2165,-1,exact,True,True,R0031;R0222;R0277;R0308;R0319;R0330;R0336;R0337;R0356;R0357,88
2166,-1,exact,True,True,R0256;R0277;R0297;R0302;R0303;R0304;R0308;R0311;R0314;R0315,219
2167,-1,exact,True,True,R0033;R0120;R0206;R0222;R0274;R0300;R0306;R0323;R0330;R0336,97
2168,-1,exact,True,True,R0162;R0261;R0262;R0265;R0271;R0285;R0291;R0292;R0309;R0406,14
2169,282,exact,False,False,R0281,1
2170,-1,exact,True,True,R0261;R0262;R0285;R0406;R0418,5
2171,-1,exact,True,True,R0027;R0057;R0074;R0113;R0125;R0139;R0156;R0166;R0183;R0190,41
2172,-1,exact,True,True,R0027;R0057;R0113;R0125;R0139;R0183;R0190;R0193;R0217;R0226,38
2173,-1,exact,True,True,R0024;R0063;R0070;R0071;R0080;R0082;R0087;R0091;R0109;R0129,38
2174,-1,exact,True,True,R0024;R0160;R0161;R0171;R0247;R0258;R0267;R0270;R0275;R0279,22
2175,-1,exact,True,True,R0024;R0063;R0070;R0071;R0076;R0077;R0080;R0082;R0087;R0091,61
2176,-1,exact,True,True,R0297;R0300;R0302;R0303;R0306;R0314;R0317;R0318;R0319;R0320,182
2177,-1,exact,True,True,R0093;R0130;R0197;R0222;R0224;R0274;R0310;R0414;R0423;R0437,47
2178,-1,exact,True,True,R0256;R0277;R0297;R0302;R0303;R0311;R0314;R0315;R0317;R0318,91
2179,-1,exact,True,True,R0039;R0040;R0059;R0061;R0092;R0112;R0134;R0144;R0145;R0196,245
2180,-1,exact,True,True,R0297;R0300;R0302;R0303;R0306;R0314;R0317;R0318;R0319;R0320,182
2181,-1,exact,True,True,R0256;R0297;R0300;R0302;R0303;R0304;R0306;R0308;R0311;R0314,220
2182,-1,exact,True,True,R0302;R0304;R0306;R0311;R0315;R0318;R0323;R0324;R0333;R0338,63
2183,-1,exact,True,True,R0297;R0300;R0302;R0303;R0304;R0306;R0308;R0311;R0314;R0315,241
2184,-1,exact,True,True,R0039;R0040;R0059;R0061;R0112;R0134;R0144;R0145;R0196;R0200,113
2185,-1,exact,True,True,R0304;R0308;R0311;R0317;R0320;R0322;R0324;R0329;R0333;R0334,127
2186,-1,exact,True,True,R0300;R0304;R0306;R0308;R0311;R0314;R0315;R0317;R0320;R0322,204
2187,-1,exact,True,True,R0196;R0225;R0297;R0302;R0303;R0304;R0308;R0311;R0314;R0315,235
2188,-1,exact,True,True,R0093;R0130;R0224;R0225;R0246;R0269;R0274;R0301;R0310;R0344,60
2189,-1,exact,True,True,R0479;R0483;R0494;R0506;R0507;R0508;R0526;R0528;R0530;R0531,29
2190,-1,exact,True,True,R0033;R0053;R0068;R0162;R0261;R0262;R0265;R0285;R0292;R0406,11
2191,-1,exact,True,True,R0031;R0222;R0252;R0277;R0305;R0330;R0344;R0353;R0356;R0371,61
2192,-1,exact,True,True,R0277;R0297;R0302;R0303;R0304;R0308;R0311;R0314;R0315;R0317,240
2193,-1,exact,True,True,R0206;R0222;R0274;R0277;R0305;R0330;R0336;R0337;R0344;R0356,114
2194,-1,exact,True,True,R0035;R0225;R0274;R0357;R0367;R0422;R0445;R0451;R0475;R0484,48
2195,-1,exact,True,True,R0277;R0297;R0302;R0303;R0304;R0308;R0311;R0314;R0315;R0317,240
2196,-1,exact,True,True,R0046;R0112;R0146;R0173;R0184;R0191;R0197;R0198;R0213;R0224,64
2197,-1,exact,True,True,R0130;R0146;R0192;R0224;R0233;R0239;R0245;R0246;R0261;R0269,61
2198,-1,exact,True,True,R0018;R0028;R0108;R0117;R0135;R0158;R0164;R0169;R0192;R0194,66
2199,-1,exact,True,True,R0173;R0191;R0197;R0233;R0245;R0262;R0276;R0282;R0286;R0305,18
2200,-1,exact,True,True,R0256;R0297;R0300;R0303;R0305;R0306;R0308;R0311;R0312;R0314,176
2201,-1,exact,True,True,R0256;R0297;R0302;R0303;R0306;R0314;R0317;R0318;R0325;R0330,82
2202,-1,exact,True,True,R0277;R0297;R0302;R0303;R0304;R0308;R0311;R0314;R0315;R0317,240
2203,-1,exact,True,True,R0252;R0300;R0302;R0303;R0304;R0306;R0308;R0311;R0312;R0315,179
2204,-1,exact,True,True,R0031;R0059;R0061;R0092;R0112;R0134;R0144;R0145;R0196;R0200,130
2205,-1,exact,True,True,R0020;R0026;R0030;R0031;R0036;R0041;R0042;R0044;R0045;R0048,93
2206,-1,exact,True,True,R0031;R0222;R0277;R0408;R0409;R0442;R0460;R0461;R0462;R0469,24
2207,-1,exact,True,True,R0135;R0225;R0261;R0285;R0292;R0545;R0577,7
2208,-1,exact,True,True,R0063;R0070;R0071;R0076;R0077;R0080;R0087;R0091;R0109;R0119,48
2209,-1,exact,True,True,R0063;R0070;R0071;R0076;R0077;R0080;R0082;R0087;R0091;R0109,57
2210,-1,exact,True,True,R0027;R0063;R0070;R0071;R0076;R0077;R0080;R0087;R0091;R0109,43
2211,-1,exact,True,True,R0024;R0071;R0082;R0087;R0091;R0109;R0129;R0152;R0159;R0160,33
2212,-1,exact,True,True,R0297;R0300;R0302;R0304;R0306;R0308;R0311;R0315;R0318;R0319,165
2213,-1,exact,True,True,R0252;R0256;R0297;R0300;R0302;R0303;R0305;R0306;R0311;R0312,189
2214,129,exact,False,False,R0033;R0269;R0300;R0310;R0323;R0354;R0358;R0406;R0418;R0471,31
2215,-1,exact,True,True,R0252;R0256;R0277;R0297;R0302;R0303;R0305;R0314;R0315;R0317,169
2216,586,exact,False,False,R0012;R0074;R0079;R0082;R0123;R0129;R0138;R0141;R0156;R0189,17
2217,586,exact,False,False,R0012;R0020;R0037;R0042;R0044;R0049;R0074;R0079;R0123;R0136,25
2218,-1,exact,True,True,R0024;R0117;R0160;R0161;R0170;R0171;R0187;R0188;R0190;R0202,45
2219,-1,exact,True,True,R0071;R0078;R0082;R0087;R0091;R0109;R0119;R0121;R0129;R0137,37
2220,-1,exact,True,True,R0057;R0127,2
2221,-1,exact,True,True,R0027;R0071;R0076;R0077;R0078;R0082;R0087;R0091;R0109;R0113,41
2222,-1,exact,True,True,R0067;R0095;R0109;R0123;R0136;R0142;R0149;R0153;R0159;R0171,54
2223,-1,exact,True,True,R0092;R0108;R0117;R0158;R0164;R0169;R0171;R0183;R0194;R0216,73
2224,-1,exact,True,True,R0314;R0335;R0340;R0350;R0351;R0352;R0361;R0362;R0363;R0368,85
2225,-1,exact,True,True,R0039;R0040;R0061;R0092;R0134;R0302;R0303;R0304;R0306;R0311,94
2226,-1,exact,True,True,R0031;R0033;R0222;R0308;R0319;R0323;R0330;R0336;R0337;R0356,89
2227,-1,exact,True,True,R0033;R0120;R0274;R0300;R0306;R0323;R0354;R0366;R0406;R0418,44
2228,-1,exact,True,True,R0043;R0093;R0146;R0173;R0182;R0191;R0197;R0233;R0245;R0246,50
2229,-1,exact,True,True,R0252;R0256;R0297;R0300;R0302;R0303;R0305;R0306;R0312;R0314,177
2230,-1,exact,True,True,R0252;R0256;R0297;R0300;R0302;R0303;R0305;R0306;R0311;R0312,189
2231,-1,exact,True,True,R0146;R0191;R0198;R0233;R0239;R0259;R0282;R0284;R0299;R0305,42
2232,-1,exact,True,True,R0256;R0297;R0302;R0303;R0304;R0311;R0314;R0315;R0317;R0318,125
2233,-1,exact,True,True,R0252;R0300;R0302;R0304;R0306;R0308;R0311;R0312;R0315;R0318,116
2234,-1,exact,True,True,R0252;R0305;R0312;R0314;R0317;R0325;R0329;R0330;R0334;R0335,124
2235,-1,exact,True,True,R0277;R0297;R0302;R0303;R0304;R0308;R0311;R0314;R0315;R0317,240
2236,-1,exact,True,True,R0252;R0297;R0300;R0302;R0303;R0304;R0305;R0306;R0308;R0311,248
2237,-1,exact,True,True,R0252;R0297;R0300;R0302;R0304;R0305;R0306;R0308;R0311;R0312,172
2238,-1,exact,True,True,R0093;R0130;R0197;R0246;R0252;R0269;R0300;R0304;R0305;R0306,150
2239,-1,exact,True,True,R0297;R0300;R0302;R0304;R0306;R0308;R0311;R0315;R0318;R0319,165
2240,-1,exact,True,True,R0252;R0277;R0297;R0302;R0303;R0304;R0305;R0308;R0314;R0315,217
2241,-1,exact,True,True,R0252;R0256;R0297;R0300;R0302;R0303;R0305;R0306;R0312;R0314,168
2242,-1,exact,True,True,R0252;R0277;R0297;R0302;R0303;R0305;R0314;R0317;R0318;R0319,179
2243,-1,exact,True,True,R0256;R0277;R0305;R0314;R0335;R0340;R0351;R0352;R0361;R0362,76
2244,-1,exact,True,True,R0066;R0085;R0117;R0121;R0137;R0163;R0165;R0167;R0168;R0170,45
2245,-1,exact,True,True,R0024;R0063;R0070;R0071;R0080;R0082;R0087;R0091;R0109;R0129,49
2246,-1,exact,True,True,R0058;R0066;R0078;R0085;R0094;R0103;R0104;R0105;R0106;R0107,59
2247,-1,exact,True,True,R0066;R0085;R0094;R0103;R0104;R0105;R0106;R0107;R0114;R0115,42
2248,-1,exact,True,True,R0353;R0454,2
2249,-1,exact,True,True,R0055;R0060;R0062;R0088;R0096;R0097;R0098;R0099;R0100;R0101,17
2250,661,exact,False,False,R0007;R0309;R0355;R0441,4
2251,661,exact,False,False,R0003;R0007;R0011;R0265,4
2252,-1,exact,True,True,R0252;R0297;R0300;R0302;R0303;R0305;R0306;R0311;R0312;R0314,197
2253,-1,exact,True,True,R0032;R0300;R0308;R0320;R0322;R0324;R0341;R0342;R0354;R0357,42
2254,199,exact,False,False,R0511,1
2255,-1,exact,True,True,R0302;R0303;R0304;R0308;R0311;R0315;R0317;R0318;R0319;R0320,171
2256,-1,exact,True,True,R0069;R0073;R0124;R0126;R0143;R0154;R0158;R0164;R0166;R0169,39
2257,-1,exact,True,True,R0043;R0046;R0069;R0126;R0146;R0182;R0196;R0197;R0198;R0242,42
2258,-1,exact,True,True,R0124;R0154;R0158;R0166;R0169;R0197;R0212;R0216;R0248;R0250,26
2259,586,exact,False,False,R0012;R0013;R0079;R0108;R0136;R0141;R0142;R0153;R0159;R0164,69
2260,-1,exact,True,True,R0025;R0055;R0060;R0062;R0064;R0066;R0081;R0083;R0085;R0086,79
2261,-1,exact,True,True,R0019;R0060;R0096;R0097;R0098;R0099;R0100;R0101;R0102;R0127,13
2262,-1,exact,True,True,R0019;R0054;R0060;R0096;R0097;R0098;R0099;R0100;R0101;R0102,17
2263,-1,exact,True,True,R0025;R0058;R0066;R0088;R0094;R0128;R0139;R0178;R0179;R0193,27
2264,-1,exact,True,True,R0038;R0124;R0139;R0140;R0166;R0216;R0220;R0250;R0255;R0290,11
2265,-1,exact,True,True,R0064;R0083;R0086;R0110;R0250;R0264;R0313;R0321;R0498;R0509,15
2266,614,exact,False,False,R0014;R0081,2
2267,-1,exact,True,True,R0064;R0081;R0083;R0086;R0096;R0097;R0098;R0099;R0100;R0101,25
2268,-1,exact,True,True,R0069;R0075;R0136;R0198;R0235;R0237;R0244;R0247;R0259;R0261,83
2269,-1,exact,True,True,R0043;R0069;R0075;R0093;R0126;R0130;R0146;R0177;R0197;R0198,136
2270,-1,exact,True,True,R0043;R0069;R0075;R0093;R0146;R0148;R0177;R0197;R0198;R0241,60
2271,-1,exact,True,True,R0052;R0093;R0130;R0146;R0173;R0184;R0191;R0197;R0198;R0213,113
2272,-1,exact,True,True,R0252;R0277;R0305;R0314;R0317;R0325;R0329;R0330;R0334;R0335,124
2273,-1,exact,True,True,R0206;R0277;R0330;R0499;R0536,5
2274,-1,exact,True,True,R0314;R0335;R0340;R0350;R0351;R0352;R0361;R0362;R0363;R0368,85
2275,-1,exact,True,True,R0196;R0206;R0350;R0393;R0400;R0417;R0421;R0429;R0430;R0431,40
2276,-1,exact,True,True,R0026;R0036;R0040;R0041;R0044;R0045;R0048;R0051;R0092;R0112,60
2277,-1,exact,True,True,R0020;R0026;R0030;R0036;R0041;R0042;R0044;R0045;R0048;R0051,95
2278,-1,exact,True,True,R0020;R0026;R0030;R0036;R0041;R0042;R0044;R0045;R0048;R0051,100
2279,-1,exact,True,True,R0020;R0026;R0030;R0036;R0039;R0040;R0041;R0042;R0044;R0045,253
2280,586,exact,False,False,R0012;R0023;R0037;R0044;R0049;R0056;R0067;R0123;R0136;R0142,41
2281,586,exact,False,False,R0012;R0056;R0067;R0123;R0136;R0138;R0142;R0147;R0153;R0159,27
2282,-1,exact,True,True,R0021;R0044;R0117;R0170;R0187;R0188;R0202;R0229;R0247;R0269,31
2283,-1,exact,True,True,R0021;R0036;R0044;R0045;R0050;R0051;R0092;R0247,8
2284,-1,exact,True,True,R0089;R0262;R0265;R0286,4
2285,-1,exact,True,True,R0065;R0067;R0074;R0095;R0109;R0123;R0138;R0149;R0183;R0190,36
2286,-1,exact,True,True,R0091;R0094;R0103;R0104;R0105;R0106;R0107;R0114;R0115;R0116,54
2287,-1,exact,True,True,R0085;R0121;R0137;R0163;R0167;R0168;R0170;R0185;R0186;R0187,13
2288,125,fallback,False,False,,0
2289,-1,exact,True,True,R0014;R0017;R0019;R0093;R0196;R0197;R0222;R0414;R0423;R0454,23
2290,-1,exact,True,True,R0014;R0017;R0019;R0173;R0191;R0196;R0197;R0498;R0509;R0519,14
2291,-1,exact,True,True,R0093;R0197;R0222;R0305;R0344;R0371;R0386;R0414;R0417;R0423,30
2292,-1,exact,True,True,R0038;R0125;R0139;R0158;R0169;R0183;R0216;R0217;R0226;R0248,19
2293,-1,exact,True,True,R0109;R0113;R0139;R0149;R0166;R0183;R0190;R0228;R0240;R0241,28
2294,-1,exact,True,True,R0148;R0203;R0239;R0241;R0286;R0312;R0355;R0441,8
2295,-1,exact,True,True,R0029;R0136;R0138;R0142;R0147;R0149;R0153;R0159;R0166;R0181,35
2296,-1,exact,True,True,R0015;R0056;R0074;R0079;R0123;R0135;R0136;R0138;R0141;R0142,22
2297,-1,exact,True,True,R0198;R0202;R0259;R0261;R0262;R0285;R0300;R0323;R0354;R0406,26
2298,-1,exact,True,True,R0056;R0065;R0072;R0081;R0082;R0083;R0086;R0090;R0111;R0123,35
2299,-1,exact,True,True,R0202;R0261;R0269;R0285;R0310;R0528;R0535;R0537;R0545;R0546,18
2300,-1,exact,True,True,R0084;R0135;R0154;R0184;R0191;R0196;R0213;R0225;R0233;R0236,42
2301,28,exact,False,False,R0016;R0244;R0280;R0321;R0343;R0357;R0367;R0445;R0508;R0516,17
2302,-1,exact,True,True,R0127;R0140;R0184;R0198;R0213;R0236;R0239;R0259;R0261;R0271,63
2303,-1,exact,True,True,R0084;R0089;R0140;R0191;R0203;R0227;R0233;R0236;R0282;R0286,20
2304,-1,exact,True,True,R0051;R0092;R0134;R0422;R0531;R0549,6
2305,-1,exact,True,True,R0046;R0182;R0192;R0227;R0245;R0246;R0346,7
2306,-1,exact,True,True,R0084;R0135;R0154;R0196;R0227;R0233;R0236,7
2307,-1,exact,True,True,R0026;R0036;R0041;R0044;R0045;R0048;R0051;R0112;R0134;R0144,38
2308,-1,exact,True,True,R0053;R0124;R0154;R0158;R0162;R0169;R0177;R0216;R0224;R0231,45
2309,-1,exact,True,True,R0154;R0158;R0166;R0169;R0177;R0216;R0223;R0231;R0238;R0240,26
2310,-1,exact,True,True,R0075;R0108;R0117;R0126;R0158;R0164;R0177;R0194;R0197;R0218,85
2311,-1,exact,True,True,R0069;R0075;R0084;R0089;R0124;R0126;R0143;R0154;R0166;R0169,45
2312,-1,exact,True,True,R0029;R0056;R0065;R0067;R0089;R0136;R0143;R0147;R0198;R0202,41
2313,-1,exact,True,True,R0056;R0065;R0074;R0123;R0139;R0149;R0166;R0183;R0228;R0240,25
2314,-1,exact,True,True,R0074;R0139;R0166;R0226;R0228;R0231;R0238;R0240;R0241;R0257,29
2315,-1,exact,True,True,R0056;R0065;R0089;R0147;R0166;R0203;R0237;R0262;R0265;R0284,15
2316,-1,exact,True,True,R0078;R0085;R0094;R0103;R0104;R0105;R0106;R0107;R0114;R0115,43
2317,-1,exact,True,True,R0085;R0094;R0103;R0104;R0105;R0106;R0107;R0114;R0115;R0116,18
2318,-1,exact,True,True,R0025;R0034;R0058;R0066;R0088;R0094;R0128;R0139;R0178;R0179,28
2319,-1,exact,True,True,R0066;R0094;R0103;R0104;R0105;R0106;R0107;R0114;R0115;R0116,53
2320,-1,exact,True,True,R0039;R0040;R0059;R0061;R0092;R0112;R0134;R0144;R0145;R0277,249
2321,-1,exact,True,True,R0256;R0277;R0297;R0302;R0303;R0304;R0308;R0311;R0314;R0315,219
2322,-1,exact,True,True,R0256;R0277;R0297;R0303;R0308;R0314;R0315;R0318;R0320;R0322,147
2323,-1,exact,True,True,R0256;R0277;R0297;R0302;R0303;R0304;R0308;R0311;R0314;R0315,219
2324,-1,exact,True,True,R0073;R0143;R0148;R0154;R0158;R0166;R0169;R0177;R0216;R0223,41
2325,-1,exact,True,True,R0073;R0143;R0166;R0228;R0231;R0238;R0240;R0241;R0257;R0260,28
2326,-1,exact,True,True,R0028;R0108;R0136;R0142;R0147;R0153;R0159;R0164;R0181;R0194,45
2327,-1,exact,True,True,R0038;R0052;R0075;R0084;R0124;R0125;R0143;R0166;R0169;R0177,36
2328,-1,exact,True,True,R0034;R0058;R0066;R0070;R0076;R0077;R0078;R0080;R0082;R0085,68
2329,256,fallback,False,False,,0
2330,-1,exact,True,True,R0015;R0074;R0095;R0109;R0123;R0138;R0181;R0183;R0251;R0258,14
2331,-1,exact,True,True,R0103;R0104;R0105;R0106;R0107;R0114;R0115;R0116;R0119;R0132,15
2332,-1,exact,True,True,R0256;R0297;R0303;R0306;R0311;R0312;R0314;R0315;R0318;R0323,97
2333,-1,exact,True,True,R0252;R0256;R0305;R0312;R0314;R0317;R0325;R0329;R0330;R0334,107
2334,-1,exact,True,True,R0277;R0314;R0317;R0325;R0329;R0330;R0334;R0335;R0340;R0347,122
2335,-1,exact,True,True,R0252;R0297;R0302;R0303;R0304;R0305;R0308;R0311;R0314;R0315,244
2336,-1,exact,True,True,R0120;R0154;R0206;R0222;R0265;R0460;R0461;R0462;R0486;R0502,14
2337,-1,exact,True,True,R0033;R0120;R0206;R0222;R0274;R0300;R0306;R0323;R0330;R0336,97
2338,-1,exact,True,True,R0256;R0297;R0300;R0302;R0303;R0304;R0306;R0308;R0311;R0314,220
2339,-1,exact,True,True,R0252;R0277;R0297;R0302;R0303;R0304;R0305;R0308;R0311;R0314,243
2340,432,exact,False,False,R0454,1
2341,-1,exact,True,True,R0039;R0040;R0059;R0061;R0092;R0112;R0134;R0144;R0145;R0277,249
2342,-1,exact,True,True,R0314;R0317;R0334;R0335;R0361;R0362;R0363;R0364;R0365;R0396,26
2343,-1,exact,True,True,R0120;R0274;R0297;R0300;R0306;R0322;R0323;R0336;R0337;R0338,86
2344,-1,exact,True,True,R0060;R0064;R0072;R0081;R0083;R0086;R0096;R0097;R0098;R0099,39
2345,-1,exact,True,True,R0060;R0064;R0072;R0081;R0083;R0086;R0096;R0097;R0098;R0099,39
2346,437,exact,False,False,R0006;R0019;R0060;R0064;R0072;R0073;R0081;R0083;R0086;R0096,42
2347,-1,exact,True,True,R0014;R0019;R0064;R0081;R0083;R0086;R0096;R0097;R0098;R0099,28
2348,-1,exact,True,True,R0252;R0256;R0277;R0297;R0302;R0303;R0304;R0305;R0308;R0311,222
2349,-1,exact,True,True,R0035;R0292;R0307;R0476;R0479;R0494;R0506;R0508;R0526;R0530,21
2350,-1,exact,True,True,R0196;R0206;R0225;R0274;R0297;R0322;R0325;R0329;R0330;R0336,137
2351,-1,exact,True,True,R0120;R0206;R0274;R0297;R0300;R0305;R0306;R0312;R0322;R0338,75
2352,-1,exact,True,True,R0059;R0144;R0145;R0277;R0314;R0317;R0325;R0329;R0330;R0334,125
2353,-1,exact,True,True,R0144;R0145;R0277;R0314;R0335;R0340;R0350;R0351;R0352;R0361,88
2354,-1,exact,True,True,R0256;R0277;R0314;R0320;R0335;R0340;R0351;R0352;R0361;R0362,86
2355,-1,exact,True,True,R0277;R0304;R0311;R0314;R0315;R0317;R0324;R0325;R0329;R0330,147
2356,-1,exact,True,True,R0078;R0085;R0094;R0103;R0104;R0105;R0106;R0107;R0114;R0115,15
2357,-1,exact,True,True,R0085;R0094;R0103;R0104;R0105;R0106;R0107;R0114;R0115;R0116,15
2358,-1,exact,True,True,R0066;R0085;R0094;R0103;R0104;R0105;R0106;R0107;R0114;R0115,38
2359,-1,exact,True,True,R0034;R0058;R0066;R0078;R0085;R0094;R0103;R0104;R0105;R0106,54
2360,-1,exact,True,True,R0202;R0299;R0471;R0476;R0479;R0483;R0494;R0500;R0528;R0535,22
2361,626,exact,False,False,R0035;R0479;R0483;R0494;R0528;R0535;R0537;R0545;R0546;R0547,17
2362,-1,exact,True,True,R0033;R0130;R0192;R0224;R0269;R0301;R0306;R0310;R0312;R0323,38
2363,-1,exact,True,True,R0202;R0476;R0479;R0483;R0494;R0528;R0535;R0537;R0545;R0546,18
2364,-1,exact,True,True,R0032;R0300;R0308;R0318;R0320;R0322;R0324;R0339;R0341;R0342,42
2365,-1,exact,True,True,R0252;R0297;R0300;R0302;R0303;R0305;R0312;R0314;R0317;R0318,157
2366,-1,exact,True,True,R0252;R0300;R0304;R0308;R0312;R0315;R0320;R0329;R0333;R0334,59
2367,-1,exact,True,True,R0314;R0317;R0325;R0329;R0330;R0334;R0335;R0340;R0347;R0350,121
2368,-1,exact,True,True,R0252;R0297;R0300;R0302;R0303;R0304;R0305;R0306;R0308;R0311,248
2369,129,exact,False,False,R0033;R0300;R0406;R0418,4
2370,-1,exact,True,True,R0252;R0300;R0304;R0305;R0308;R0312;R0314;R0317;R0320;R0325,154
2371,-1,exact,True,True,R0252;R0256;R0300;R0304;R0305;R0306;R0308;R0311;R0312;R0314,177
2372,-1,exact,True,True,R0069;R0073;R0079;R0138;R0140;R0141;R0143;R0148;R0149;R0154,22
2373,-1,exact,True,True,R0075;R0124;R0126;R0162;R0164;R0194;R0216;R0218;R0228;R0240,56
2374,-1,exact,True,True,R0148;R0154;R0158;R0166;R0169;R0177;R0183;R0216;R0217;R0223,41
2375,-1,exact,True,True,R0069;R0073;R0079;R0140;R0141;R0149;R0159;R0164;R0194;R0212,52
2376,-1,exact,True,True,R0252;R0297;R0300;R0302;R0303;R0304;R0305;R0306;R0308;R0311,248
2377,-1,exact,True,True,R0297;R0300;R0302;R0306;R0318;R0319;R0320;R0322;R0325;R0329,109
2378,-1,exact,True,True,R0297;R0300;R0302;R0303;R0304;R0306;R0308;R0311;R0314;R0315,241
2379,-1,exact,True,True,R0039;R0059;R0061;R0092;R0112;R0134;R0144;R0145;R0300;R0304,178
2380,-1,exact,True,True,R0117;R0202;R0218;R0228;R0231;R0237;R0254;R0257;R0260;R0263,46
2381,-1,exact,True,True,R0089;R0162;R0253;R0261;R0262;R0265;R0285;R0286;R0292;R0358,13
2382,-1,exact,True,True,R0069;R0073;R0075;R0124;R0148;R0154;R0158;R0162;R0169;R0177,56
2383,-1,exact,True,True,R0069;R0073;R0075;R0117;R0124;R0126;R0140;R0154;R0158;R0164,88
2384,-1,exact,True,True,R0081;R0082;R0083;R0095;R0109;R0111;R0123;R0129;R0151;R0160,17
2385,-1,exact,True,True,R0085;R0090;R0094;R0103;R0104;R0105;R0106;R0107;R0114;R0115,45
2386,-1,exact,True,True,R0066;R0085;R0117;R0170;R0187;R0188;R0202;R0214;R0218;R0229,57
2387,-1,exact,True,True,R0034;R0058;R0088;R0103;R0104;R0105;R0106;R0107;R0114;R0115,25
2388,-1,exact,True,True,R0027;R0078;R0113;R0157;R0160;R0161;R0170;R0187;R0188;R0190,30
2389,-1,exact,True,True,R0038;R0052;R0084;R0124;R0166;R0232;R0250;R0262;R0265;R0282,20
2390,-1,exact,True,True,R0027;R0078;R0086;R0157;R0160;R0161;R0170;R0187;R0188;R0190,36
2391,-1,exact,True,True,R0069;R0073;R0075;R0113;R0124;R0139;R0143;R0166;R0212;R0216,50
2392,-1,exact,True,True,R0025;R0055;R0060;R0062;R0066;R0070;R0080;R0081;R0088;R0090,54
2393,-1,exact,True,True,R0047;R0058;R0089;R0127,4
2394,-1,exact,True,True,R0034;R0066;R0070;R0076;R0077;R0080;R0082;R0085;R0091;R0094,67
2395,-1,exact,True,True,R0066;R0070;R0076;R0077;R0080;R0091;R0094;R0103;R0104;R0105,60
2396,586,exact,False,False,R0012;R0023;R0036;R0037;R0044;R0045;R0049;R0051;R0067;R0092,46
2397,-1,exact,True,True,R0018;R0117;R0171;R0183;R0202;R0217;R0247;R0258;R0260;R0263,42
2398,-1,exact,True,True,R0087;R0091;R0142;R0153;R0171;R0528;R0535;R0537;R0545;R0546,18
2399,-1,exact,True,True,R0071;R0087;R0091;R0109;R0135;R0156;R0166;R0174;R0175;R0183,19
2400,-1,exact,True,True,R0252;R0297;R0300;R0302;R0304;R0305;R0306;R0308;R0311;R0312,172
2401,-1,exact,True,True,R0252;R0297;R0300;R0302;R0303;R0305;R0306;R0312;R0314;R0317,187
2402,-1,exact,True,True,R0256;R0297;R0300;R0303;R0305;R0306;R0308;R0311;R0312;R0314,176
2403,-1,exact,True,True,R0297;R0300;R0302;R0303;R0304;R0306;R0308;R0311;R0314;R0315,241
2404,-1,exact,True,True,R0277;R0297;R0302;R0303;R0304;R0308;R0311;R0314;R0315;R0317,240
2405,-1,exact,True,True,R0252;R0256;R0277;R0297;R0302;R0303;R0304;R0305;R0308;R0311,222
2406,-1,exact,True,True,R0252;R0304;R0305;R0311;R0315;R0324;R0325;R0329;R0334;R0340,84
2407,-1,exact,True,True,R0274;R0322;R0329;R0338;R0339;R0344;R0350;R0360;R0383;R0384,71
2408,-1,exact,True,True,R0108;R0117;R0126;R0130;R0158;R0164;R0194;R0242;R0244;R0246,50
2409,-1,exact,True,True,R0075;R0254,2
2410,-1,exact,True,True,R0227;R0233;R0277,3
2411,-1,exact,True,True,R0117;R0171;R0202;R0217;R0218;R0231;R0237;R0238;R0247;R0254,40
2412,-1,exact,True,True,R0224;R0239;R0245;R0261;R0285;R0508;R0530;R0540;R0560,9
2413,-1,exact,True,True,R0184;R0198;R0213;R0259;R0299;R0344;R0395;R0414;R0451;R0458,43
2414,-1,exact,True,True,R0052;R0093;R0130;R0184;R0192;R0198;R0213;R0224;R0239;R0245,72
2415,-1,exact,True,True,R0084;R0124;R0126;R0127;R0146;R0169;R0192;R0224;R0232;R0239,72
2416,-1,exact,True,True,R0065;R0069;R0072;R0073;R0079;R0082;R0083;R0113;R0123;R0129,26
2417,-1,exact,True,True,R0071;R0082;R0087;R0091;R0109;R0129;R0136;R0138;R0142;R0152,41
2418,-1,exact,True,True,R0127;R0261;R0269;R0271;R0278;R0285;R0292;R0310;R0479;R0528,17
2419,-1,exact,True,True,R0027;R0071;R0076;R0077;R0078;R0082;R0087;R0091;R0109;R0113,39
2420,-1,exact,True,True,R0120;R0206;R0274;R0297;R0300;R0306;R0322;R0338;R0339;R0342,71
2421,-1,exact,True,True,R0252;R0300;R0304;R0305;R0306;R0308;R0311;R0312;R0314;R0317,197
2422,-1,exact,True,True,R0277;R0297;R0302;R0303;R0304;R0314;R0315;R0317;R0319;R0325,150
2423,-1,exact,True,True,R0252;R0256;R0304;R0305;R0312;R0314;R0315;R0317;R0325;R0329,119
2424,-1,exact,True,True,R0073;R0078;R0113;R0157;R0170;R0187;R0188;R0226;R0229;R0231,19
2425,-1,exact,True,True,R0024;R0029;R0082;R0109;R0129;R0138;R0142;R0149;R0153;R0159,56
2426,-1,exact,True,True,R0024;R0071;R0082;R0087;R0091;R0109;R0129;R0152;R0160;R0161,31
2427,-1,exact,True,True,R0082;R0109;R0129;R0138;R0149;R0160;R0161;R0165;R0167;R0168,22
2428,-1,exact,True,True,R0256;R0277;R0297;R0302;R0303;R0304;R0311;R0314;R0315;R0317,124
2429,-1,exact,True,True,R0252;R0277;R0304;R0305;R0308;R0311;R0314;R0315;R0317;R0320,207
2430,-1,exact,True,True,R0302;R0303;R0304;R0308;R0311;R0315;R0317;R0318;R0319;R0320,171
2431,-1,exact,True,True,R0277;R0297;R0302;R0303;R0304;R0308;R0311;R0314;R0315;R0317,238
2432,-1,exact,True,True,R0127;R0154;R0227;R0236,4
2433,-1,exact,True,True,R0068;R0190;R0238;R0241;R0253;R0257;R0261;R0262;R0285;R0286,19
2434,-1,exact,True,True,R0068;R0190;R0202;R0237;R0244;R0247;R0253;R0261;R0262;R0275,58
2435,-1,exact,True,True,R0061;R0092;R0112;R0184;R0191;R0213;R0274;R0299;R0336;R0337,78
2436,-1,exact,True,True,R0078;R0085;R0094;R0103;R0104;R0105;R0106;R0107;R0113;R0114,47
2437,-1,exact,True,True,R0025;R0034;R0055;R0060;R0062;R0064;R0066;R0072;R0081;R0083,85
2438,-1,exact,True,True,R0085;R0094;R0103;R0104;R0105;R0106;R0107;R0114;R0115;R0116,41
2439,-1,exact,True,True,R0038;R0057;R0094;R0103;R0104;R0105;R0106;R0107;R0113;R0114,42
2440,-1,exact,True,True,R0018;R0028;R0117;R0135;R0158;R0164;R0169;R0194;R0216;R0224,38
2441,-1,exact,True,True,R0084;R0127;R0140;R0191;R0233;R0236;R0282;R0305,8
2442,-1,exact,True,True,R0117;R0158;R0164;R0169;R0194;R0216;R0224;R0244;R0248;R0260,39
2443,-1,exact,True,True,R0108;R0117;R0135;R0158;R0164;R0169;R0192;R0194;R0216;R0224,64
2444,675,exact,False,False,R0032;R0342;R0358;R0360;R0406;R0410;R0418;R0476;R0480;R0528,13
2445,-1,exact,True,True,R0252;R0297;R0300;R0302;R0303;R0304;R0305;R0306;R0308;R0311,248
2446,-1,exact,True,True,R0277;R0297;R0302;R0303;R0304;R0308;R0311;R0314;R0315;R0317,240
2447,-1,exact,True,True,R0252;R0297;R0300;R0302;R0303;R0304;R0305;R0306;R0308;R0311,248
2448,-1,exact,True,True,R0297;R0303;R0305;R0312;R0314;R0331;R0335;R0340;R0350;R0351,93
2449,-1,exact,True,True,R0130;R0192;R0224;R0246;R0269;R0301;R0310;R0336;R0337;R0346,49
2450,-1,exact,True,True,R0031;R0196;R0222;R0225;R0252;R0305;R0308;R0319;R0330;R0336,125
2451,-1,exact,True,True,R0196;R0225;R0297;R0302;R0303;R0304;R0308;R0311;R0314;R0315,235
2452,-1,exact,True,True,R0256;R0277;R0297;R0303;R0305;R0314;R0318;R0320;R0322;R0331,119
2453,-1,exact,True,True,R0256;R0277;R0297;R0302;R0303;R0314;R0315;R0317;R0318;R0319,167
2454,-1,exact,True,True,R0437;R0452;R0507;R0508;R0528;R0530;R0540;R0553;R0554;R0560,11
2455,-1,exact,True,True,R0224;R0274;R0310;R0322;R0338;R0339;R0350;R0360;R0383;R0384,36
2456,-1,exact,True,True,R0203;R0238;R0241;R0257;R0262;R0286;R0309;R0355;R0441,9
2457,-1,exact,True,True,R0029;R0056;R0065;R0074;R0123;R0136;R0138;R0142;R0147;R0153,26
2458,-1,exact,True,True,R0053;R0148;R0154;R0158;R0162;R0169;R0177;R0183;R0216;R0217,58
2459,-1,exact,True,True,R0053;R0074;R0228;R0231;R0238;R0240;R0241;R0254;R0257;R0260,32
2460,-1,exact,True,True,R0052;R0084;R0173;R0191;R0212;R0233;R0236;R0262;R0265;R0282,17
2461,-1,exact,True,True,R0038;R0074;R0125;R0139;R0166;R0183;R0217;R0226;R0258;R0260,17
2462,-1,exact,True,True,R0060;R0072;R0081;R0096;R0097;R0098;R0099;R0100;R0101;R0102,33
2463,-1,exact,True,True,R0053;R0117;R0183;R0190;R0217;R0218;R0228;R0231;R0238;R0240,41
2464,-1,exact,True,True,R0067;R0095;R0109;R0123;R0136;R0142;R0149;R0153;R0159;R0171,55
2465,-1,exact,True,True,R0029;R0109;R0138;R0142;R0149;R0153;R0159;R0165;R0172;R0174,41
2466,-1,exact,True,True,R0067;R0079;R0123;R0135;R0138;R0141;R0142;R0143;R0153;R0159,26
2467,-1,exact,True,True,R0047;R0089;R0166;R0241;R0253;R0257;R0286;R0288;R0291;R0355,12
2468,-1,exact,True,True,R0047;R0068;R0227;R0253;R0262;R0286;R0358;R0418;R0476;R0480,11
2469,-1,exact,True,True,R0117;R0183;R0190;R0202;R0217;R0228;R0258;R0260;R0263;R0266,32
2470,-1,exact,True,True,R0126;R0146;R0203;R0237;R0239;R0244;R0247;R0261;R0262;R0275,69
2471,-1,exact,True,True,R0043;R0047;R0068;R0182;R0245;R0246;R0253;R0262;R0269;R0276,36
2472,-1,exact,True,True,R0053;R0148;R0154;R0158;R0162;R0169;R0177;R0216;R0224;R0228,56
2473,-1,exact,True,True,R0038;R0113;R0139;R0166;R0216;R0240;R0255;R0265;R0272;R0290,14
2474,-1,exact,True,True,R0038;R0053;R0057;R0074;R0113;R0125;R0162;R0231;R0238;R0240,26
2475,-1,exact,True,True,R0052;R0084;R0127;R0140;R0173;R0184;R0191;R0212;R0213;R0233,52
2476,-1,exact,True,True,R0311;R0315;R0324;R0350;R0374;R0376;R0377;R0378;R0379;R0380,28
2477,-1,exact,True,True,R0252;R0277;R0297;R0302;R0303;R0304;R0305;R0308;R0311;R0314,243
2478,675,exact,False,False,R0032;R0362;R0363;R0396;R0397;R0398;R0399;R0424;R0425;R0443,12
2479,-1,exact,True,True,R0120;R0162;R0206;R0212;R0265;R0271;R0274;R0283;R0292;R0297,97
2480,-1,exact,True,True,R0020;R0026;R0030;R0036;R0041;R0042;R0044;R0045;R0048;R0051,122
2481,-1,exact,True,True,R0026;R0030;R0041;R0042;R0048;R0176;R0297;R0303;R0314;R0315,98
2482,-1,exact,True,True,R0026;R0037;R0041;R0042;R0048;R0049;R0154;R0176;R0206;R0256,40
2483,-1,exact,True,True,R0042;R0044;R0176;R0303;R0308;R0318;R0320;R0322;R0324;R0331,52
2484,-1,exact,True,True,R0117;R0218;R0228;R0231;R0240;R0254;R0257;R0260;R0263;R0272,31
2485,-1,exact,True,True,R0033;R0084;R0089;R0146;R0162;R0198;R0212;R0222;R0259;R0261,109
2486,-1,exact,True,True,R0064;R0072;R0081;R0083;R0086;R0096;R0097;R0098;R0099;R0100,27
2487,-1,exact,True,True,R0117;R0135;R0143;R0225;R0260;R0263;R0273;R0280;R0283;R0289,16
2488,-1,exact,True,True,R0108;R0117;R0135;R0158;R0164;R0169;R0171;R0183;R0192;R0194,67
2489,-1,exact,True,True,R0043;R0130;R0177;R0192;R0203;R0224;R0237;R0238;R0239;R0242,76
2490,-1,exact,True,True,R0126;R0146;R0198;R0239;R0244;R0247;R0250;R0259;R0261;R0275,69
2491,-1,exact,True,True,R0262;R0286,2
2492,-1,exact,True,True,R0146;R0173;R0184;R0191;R0213;R0227;R0233;R0259;R0282;R0284,65
2493,-1,exact,True,True,R0089;R0203;R0286,3
2494,161,exact,False,False,R0018;R0127;R0278;R0281;R0288;R0289;R0298;R0343;R0494;R0551,10
2495,-1,exact,True,True,R0127;R0140;R0184;R0192;R0198;R0213;R0224;R0236;R0239;R0245,64
2496,-1,exact,True,True,R0059;R0144;R0145;R0277;R0314;R0317;R0325;R0329;R0330;R0334,125
2497,-1,exact,True,True,R0256;R0277;R0297;R0303;R0306;R0308;R0311;R0314;R0315;R0318,166
2498,-1,exact,True,True,R0300;R0302;R0303;R0304;R0306;R0308;R0311;R0315;R0317;R0318,173
2499,-1,exact,True,True,R0277;R0314;R0317;R0325;R0329;R0330;R0334;R0335;R0340;R0347,122
2500,-1,exact,True,True,R0108;R0117;R0158;R0164;R0171;R0177;R0194;R0202;R0217;R0218,62
2501,-1,exact,True,True,R0093;R0130;R0146;R0173;R0184;R0191;R0197;R0198;R0213;R0224,109
2502,-1,exact,True,True,R0075;R0108;R0117;R0126;R0158;R0164;R0177;R0194;R0197;R0218,101
2503,-1,exact,True,True,R0144;R0145;R0173;R0233;R0261;R0277;R0285;R0299;R0330;R0385,34
2504,-1,exact,True,True,R0277;R0311;R0314;R0317;R0325;R0329;R0330;R0334;R0335;R0340,125
2505,-1,exact,True,True,R0039;R0040;R0061;R0092;R0112;R0134;R0144;R0145;R0196;R0200,146
2506,-1,exact,True,True,R0061;R0112;R0134;R0144;R0145;R0206;R0330;R0371;R0395;R0499,11
2507,664,exact,False,False,R0001;R0011,2
2508,-1,exact,True,True,R0252;R0297;R0300;R0302;R0303;R0305;R0306;R0312;R0314;R0317,187
2509,-1,exact,True,True,R0093;R0120;R0130;R0197;R0222;R0246;R0274;R0300;R0305;R0306,68
2510,-1,exact,True,True,R0093;R0120;R0130;R0246;R0269;R0274;R0300;R0306;R0310;R0312,52
2511,-1,exact,True,True,R0252;R0297;R0300;R0302;R0303;R0304;R0305;R0306;R0308;R0311,248
2512,-1,exact,True,True,R0069;R0075;R0084;R0089;R0124;R0148;R0154;R0162;R0212;R0232,71
2513,-1,exact,True,True,R0084;R0124;R0127;R0140;R0166;R0212;R0220;R0232;R0250;R0264,19
2514,-1,exact,True,True,R0065;R0074;R0095;R0109;R0123;R0139;R0149;R0166;R0183;R0190,32
2515,-1,exact,True,True,R0084;R0173;R0184;R0191;R0212;R0213;R0233;R0236;R0261;R0277,50
2516,-1,exact,True,True,R0021;R0036;R0045;R0048;R0050;R0245,6
2517,-1,exact,True,True,R0021;R0023;R0036;R0037;R0044;R0045;R0049;R0050;R0051;R0092,31
2518,-1,exact,True,True,R0061;R0092;R0093;R0112;R0130;R0173;R0184;R0191;R0196;R0197,77
2519,-1,exact,True,True,R0046;R0135;R0154;R0236;R0245;R0249,6
2520,-1,exact,True,True,R0039;R0040;R0061;R0092;R0134;R0256;R0302;R0303;R0304;R0306,93
2521,-1,exact,True,True,R0040;R0144;R0145;R0277;R0297;R0303;R0314;R0318;R0320;R0322,134
2522,430,exact,False,False,R0040;R0303;R0331;R0350;R0351;R0352;R0359;R0362;R0363;R0376,55
2523,-1,exact,True,True,R0256;R0302;R0303;R0304;R0311;R0315;R0317;R0318;R0324;R0331,87
2524,-1,exact,True,True,R0025;R0055;R0060;R0062;R0064;R0066;R0072;R0081;R0083;R0085,82
2525,-1,exact,True,True,R0034;R0085;R0094;R0103;R0104;R0105;R0106;R0107;R0114;R0115,15
2526,-1,exact,True,True,R0085;R0094;R0103;R0104;R0105;R0106;R0107;R0114;R0115;R0116,37
2527,-1,exact,True,True,R0066;R0094;R0103;R0104;R0105;R0106;R0107;R0114;R0115;R0116,48
2528,-1,exact,True,True,R0256;R0277;R0297;R0302;R0303;R0314;R0315;R0317;R0318;R0319,167
2529,-1,exact,True,True,R0256;R0302;R0303;R0304;R0311;R0315;R0317;R0318;R0324;R0331,87
2530,-1,exact,True,True,R0031;R0196;R0222;R0225;R0308;R0319;R0330;R0336;R0337;R0344,122
2531,-1,exact,True,True,R0256;R0302;R0303;R0304;R0306;R0311;R0315;R0317;R0318;R0323,90
2532,-1,exact,True,True,R0066;R0070;R0076;R0077;R0080;R0091;R0094;R0103;R0104;R0105,70
2533,-1,exact,True,True,R0058;R0066;R0078;R0085;R0094;R0103;R0104;R0105;R0106;R0107,58
2534,-1,exact,True,True,R0066;R0081;R0083;R0085;R0086;R0090;R0094;R0103;R0104;R0105,53
2535,-1,exact,True,True,R0025;R0054;R0055;R0060;R0062;R0063;R0070;R0071;R0080;R0081,49
2536,-1,exact,True,True,R0297;R0300;R0302;R0303;R0304;R0306;R0308;R0311;R0314;R0315,241
2537,-1,exact,True,True,R0252;R0297;R0300;R0302;R0303;R0304;R0305;R0306;R0308;R0311,248
2538,-1,exact,True,True,R0297;R0300;R0302;R0303;R0306;R0314;R0317;R0318;R0319;R0320,182
2539,-1,exact,True,True,R0297;R0300;R0302;R0303;R0304;R0306;R0308;R0311;R0314;R0315,241
2540,-1,exact,True,True,R0196;R0222;R0344;R0371;R0386;R0395;R0414;R0417;R0423;R0451,33
2541,-1,exact,True,True,R0039;R0059;R0061;R0092;R0112;R0304;R0308;R0311;R0315;R0320,109
2542,-1,exact,True,True,R0196;R0206;R0222;R0225;R0274;R0336;R0337;R0357;R0367;R0385,81
2543,-1,exact,True,True,R0206;R0222;R0274;R0277;R0330;R0336;R0337;R0344;R0356;R0357,112
2544,-1,exact,True,True,R0069;R0073;R0108;R0117;R0140;R0158;R0164;R0169;R0194;R0212,93
2545,-1,exact,True,True,R0024;R0074;R0082;R0095;R0109;R0123;R0129;R0138;R0149;R0160,15
2546,-1,exact,True,True,R0056;R0067;R0123;R0135;R0136;R0142;R0147;R0153;R0159;R0181,37
2547,-1,exact,True,True,R0056;R0065;R0067;R0123;R0149;R0228;R0234;R0241;R0254;R0272,25
2548,-1,exact,True,True,R0277;R0314;R0315;R0317;R0325;R0329;R0330;R0334;R0335;R0340,124
2549,-1,exact,True,True,R0033;R0035;R0120;R0274;R0300;R0306;R0312;R0323;R0354;R0356,68
2550,-1,exact,True,True,R0031;R0033;R0222;R0252;R0300;R0305;R0306;R0308;R0312;R0319,114
2551,66,fallback,False,False,,0
2552,-1,exact,True,True,R0252;R0297;R0300;R0302;R0304;R0305;R0306;R0308;R0311;R0312,172
2553,-1,exact,True,True,R0297;R0300;R0302;R0303;R0306;R0314;R0317;R0318;R0319;R0320,180
2554,-1,exact,True,True,R0252;R0297;R0300;R0302;R0304;R0305;R0306;R0308;R0311;R0312,172
2555,-1,exact,True,True,R0297;R0300;R0302;R0304;R0306;R0308;R0311;R0318;R0319;R0320,146
2556,-1,exact,True,True,R0014;R0017;R0019;R0135;R0196;R0206;R0212;R0222;R0460;R0461,24
2557,523,fallback,False,False,,0
2558,-1,exact,True,True,R0014;R0017;R0019;R0026;R0031;R0036;R0041;R0042;R0045;R0048,54
2559,-1,exact,True,True,R0014;R0017;R0019;R0060;R0084;R0096;R0097;R0098;R0099;R0100,30
2560,-1,exact,True,True,R0252;R0256;R0297;R0300;R0302;R0303;R0305;R0306;R0312;R0314,177
2561,-1,exact,True,True,R0035;R0395;R0422;R0471;R0497;R0500;R0506;R0507;R0508;R0523,34
2562,-1,exact,True,True,R0277;R0297;R0303;R0308;R0311;R0314;R0315;R0318;R0320;R0322,183
2563,-1,exact,True,True,R0252;R0256;R0297;R0302;R0303;R0305;R0312;R0314;R0317;R0319,116
2564,-1,exact,True,True,R0033;R0162;R0202;R0265;R0271;R0292;R0307;R0323;R0354;R0375,25
2565,-1,exact,True,True,R0033;R0202;R0323;R0354;R0406;R0418;R0528;R0535;R0537;R0545,19
2566,129,fallback,False,False,,0
2567,144,exact,False,False,R0009;R0135;R0202;R0261;R0285;R0292;R0307;R0545;R0546;R0547,11
2568,-1,exact,True,True,R0052;R0075;R0093;R0126;R0130;R0146;R0177;R0197;R0198;R0224,122
2569,-1,exact,True,True,R0173;R0184;R0191;R0213;R0233;R0282;R0286;R0300;R0305;R0312,23
2570,-1,exact,True,True,R0075;R0148;R0177;R0224;R0238;R0241;R0244;R0257;R0261;R0262,34
2571,-1,exact,True,True,R0069;R0073;R0075;R0108;R0117;R0126;R0158;R0164;R0177;R0194,79
2572,-1,exact,True,True,R0029;R0056;R0065;R0136;R0147;R0202;R0203;R0235;R0237;R0284,27
2573,541,fallback,False,False,,0
2574,-1,exact,True,True,R0063;R0070;R0071;R0076;R0077;R0080;R0087;R0091;R0109;R0122,40
2575,-1,exact,True,True,R0029;R0063;R0070;R0071;R0076;R0077;R0080;R0087;R0091;R0109,65
2576,-1,exact,True,True,R0252;R0300;R0304;R0305;R0306;R0308;R0311;R0312;R0315;R0320,142
2577,-1,exact,True,True,R0256;R0277;R0297;R0302;R0303;R0304;R0308;R0311;R0314;R0315,219
2578,-1,exact,True,True,R0300;R0302;R0304;R0306;R0308;R0311;R0315;R0318;R0319;R0320,121
2579,-1,exact,True,True,R0252;R0297;R0300;R0302;R0303;R0304;R0305;R0306;R0308;R0311,248
