rule_id,antecedent,antecedent_text,consequent,consequent_name,support,confidence,coverage,conflict_count,antecedent_length,original_antecedent_length,source,covered_indices_sample
R0001,"{'4': 3, '11': 1, '17': 2}",sun_attribute_066=s3 AND sun_attribute_089=s1 AND sun_attribute_026=s2,664,underwater pool,6,0.8333333333333334,0.000646551724137931,1,3,6,semantic_prototype,"[4272, 4278, 4282, 4286, 4287, 6988]"
R0002,"{'2': 3, '8': 2, '15': 3, '16': 2}",sun_attribute_022=s3 AND sun_attribute_068=s2 AND sun_attribute_092=s3 AND sun_attribute_006=s2,556,sand trap,5,0.6,0.0005387931034482759,2,4,8,semantic_prototype,"[1840, 1842, 1855, 5839, 7992]"
R0003,"{'2': 0, '3': 2, '4': 3, '5': 2, '11': 1}",sun_attribute_022=s0 AND sun_attribute_000=s2 AND sun_attribute_066=s3 AND sun_attribute_087=s2 AND sun_attribute_089=s1,663,underwater ocean shallow,5,0.6,0.0005387931034482759,2,5,7,semantic_prototype,"[1338, 7425, 7437, 7438, 8113]"
R0004,"{'1': 1, '7': 1, '8': 3, '10': 2, '14': 2, '15': 2}",sun_attribute_094=s1 AND sun_attribute_021=s1 AND sun_attribute_068=s3 AND sun_attribute_040=s2 AND sun_attribute_065=s2 AND sun_attribute_092=s2,317,harbor,12,0.5833333333333334,0.001293103448275862,5,6,7,semantic_prototype,"[1733, 3199, 4396, 4398, 4432, 6928, 6932, 6933, 6936, 6937, 6941, 6943]"
R0005,"{'0': 3, '1': 2, '5': 3, '9': 0, '11': 2, '16': 2}",sun_attribute_014=s3 AND sun_attribute_094=s2 AND sun_attribute_087=s3 AND sun_attribute_091=s0 AND sun_attribute_089=s2 AND sun_attribute_006=s2,662,underwater ocean deep,18,0.5555555555555556,0.001939655172413793,8,6,8,semantic_prototype,"[1341, 3954, 3956, 3957, 3958, 3959, 3961, 3962, 3964, 3965, 3967, 4484, 4492, 4589, 5117, 6312, 7427, 8117]"
R0006,"{'1': 1, '3': 3, '5': 1, '11': 3, '16': 0}",sun_attribute_094=s1 AND sun_attribute_000=s3 AND sun_attribute_087=s1 AND sun_attribute_089=s3 AND sun_attribute_006=s0,437,naval base,9,0.5555555555555556,0.0009698275862068965,4,5,7,semantic_prototype,"[3433, 4396, 6340, 7504, 8178, 8179, 8183, 8184, 8190]"
R0007,"{'6': 3, '7': 0, '11': 1, '17': 0}",sun_attribute_013=s3 AND sun_attribute_021=s0 AND sun_attribute_089=s1 AND sun_attribute_026=s0,661,underwater kelp forest,22,0.4090909090909091,0.0023706896551724138,13,4,4,semantic_prototype,"[560, 563, 564, 565, 575, 1328, 1329, 1330, 1331, 1334, 1337, 1338, 1340, 1342, 4789, 7424, 7425, 7437, 7438, 8113]"
R0008,"{'13': 3, '15': 2, '16': 1, '17': 2}",sun_attribute_023=s3 AND sun_attribute_092=s2 AND sun_attribute_006=s1 AND sun_attribute_026=s2,671,velodrome outdoor,21,0.2857142857142857,0.002262931034482759,15,4,4,semantic_prototype,"[2037, 2547, 2548, 2549, 2552, 2555, 2559, 3889, 4039, 4281, 4713, 4841, 5082, 5287, 5760, 5835, 5837, 6067, 8227, 8233]"
R0009,"{'1': 3, '9': 1, '11': 2, '12': 3}",sun_attribute_094=s3 AND sun_attribute_091=s1 AND sun_attribute_089=s2 AND sun_attribute_007=s3,144,cavern indoor,39,0.2564102564102564,0.0042025862068965514,29,4,4,semantic_prototype,"[496, 507, 2380, 4400, 4481, 4483, 4491, 4493, 4494, 4495, 4676, 4886, 5855, 6146, 6147, 6148, 6151, 6152, 6154, 6155]"
R0010,"{'1': 3, '9': 0, '12': 2, '16': 2}",sun_attribute_094=s3 AND sun_attribute_091=s0 AND sun_attribute_007=s2 AND sun_attribute_006=s2,22,archaelogical excavation,21,0.23809523809523808,0.002262931034482759,16,4,4,semantic_prototype,"[1499, 1500, 1847, 2097, 2102, 3162, 3879, 3883, 4086, 4480, 5108, 5111, 5116, 5841, 5845, 5848, 5851, 5853, 7072, 7076]"
R0011,"{'3': 2, '4': 3, '6': 3, '10': 0}",sun_attribute_000=s2 AND sun_attribute_066=s3 AND sun_attribute_013=s3 AND sun_attribute_040=s0,660,underwater ice,28,0.21428571428571427,0.003017241379310345,22,4,4,semantic_prototype,"[565, 574, 575, 1334, 1734, 1891, 2923, 3412, 3413, 3828, 3963, 3987, 3997, 3999, 4280, 4284, 4286, 7426, 7437, 7445]"
R0012,"{'9': 0, '10': 3, '11': 3, '13': 3}",sun_attribute_091=s0 AND sun_attribute_040=s3 AND sun_attribute_089=s3 AND sun_attribute_023=s3,586,soccer field,91,0.16483516483516483,0.009806034482758621,76,4,4,semantic_prototype,"[534, 784, 900, 1120, 1125, 1126, 1133, 1372, 1840, 1841, 1842, 1844, 1846, 1849, 1850, 1851, 1853, 1855, 2038, 2041]"
R0013,"{'6': 0, '11': 3, '12': 0, '13': 3}",sun_attribute_013=s0 AND sun_attribute_089=s3 AND sun_attribute_007=s0 AND sun_attribute_023=s3,64,baseball field,83,0.10843373493975904,0.00894396551724138,74,4,4,semantic_prototype,"[534, 784, 1125, 1843, 1849, 2033, 2041, 2042, 2045, 2554, 2832, 2833, 2834, 2837, 2838, 2839, 2840, 2843, 2844, 2881]"
R0014,"{'0': 3, '1': 0, '8': 3, '12': 0}",sun_attribute_014=s3 AND sun_attribute_094=s0 AND sun_attribute_068=s3 AND sun_attribute_007=s0,614,swimming pool outdoor,118,0.1016949152542373,0.01271551724137931,106,4,4,semantic_prototype,"[56, 57, 63, 209, 212, 220, 241, 252, 385, 387, 395, 426, 744, 771, 885, 1302, 1568, 1569, 1577, 1578]"
R0015,"{'5': 2, '8': 1, '9': 0, '13': 2}",sun_attribute_087=s2 AND sun_attribute_068=s1 AND sun_attribute_091=s0 AND sun_attribute_023=s2,549,rope bridge,53,0.09433962264150944,0.005711206896551724,48,4,4,semantic_prototype,"[449, 455, 457, 458, 462, 568, 623, 650, 787, 906, 1362, 1364, 1488, 1768, 1863, 1999, 2096, 2964, 2972, 3664]"
R0016,"{'4': 2, '5': 0, '11': 3, '15': 3}",sun_attribute_066=s2 AND sun_attribute_087=s0 AND sun_attribute_089=s3 AND sun_attribute_092=s3,28,arrival gate outdoor,34,0.08823529411764706,0.003663793103448276,31,4,4,semantic_prototype,"[432, 434, 438, 593, 625, 740, 807, 1610, 1611, 2888, 2911, 3434, 3615, 3794, 4394, 5131, 5132, 5450, 5570, 5581]"
R0017,"{'5': 0, '8': 3, '12': 0, '16': 0}",sun_attribute_087=s0 AND sun_attribute_068=s3 AND sun_attribute_007=s0 AND sun_attribute_006=s0,354,jacuzzi outdoor,107,0.08411214953271028,0.011530172413793104,98,4,4,semantic_prototype,"[58, 223, 241, 247, 252, 264, 362, 385, 387, 394, 426, 744, 771, 780, 1294, 1568, 1569, 1574, 1578, 1730]"
R0018,"{'6': 0, '10': 2, '15': 2, '17': 2}",sun_attribute_013=s0 AND sun_attribute_040=s2 AND sun_attribute_092=s2 AND sun_attribute_026=s2,161,circus tent outdoor,85,0.08235294117647059,0.009159482758620689,78,4,4,semantic_prototype,"[33, 139, 447, 815, 819, 831, 910, 997, 1159, 1512, 1860, 1864, 2033, 2037, 2128, 2192, 2204, 2205, 2357, 2449]"
R0019,"{'0': 3, '6': 3, '8': 3, '16': 0}",sun_attribute_014=s3 AND sun_attribute_013=s3 AND sun_attribute_068=s3 AND sun_attribute_006=s0,19,aquatic theater,159,0.08176100628930817,0.017133620689655172,146,4,4,semantic_prototype,"[57, 181, 208, 223, 241, 247, 252, 385, 387, 389, 392, 394, 399, 426, 516, 567, 744, 771, 780, 1205]"
R0020,"{'1': 0, '7': 3, '12': 0, '14': 0}",sun_attribute_094=s0 AND sun_attribute_021=s3 AND sun_attribute_007=s0 AND sun_attribute_065=s0,71,batting cage indoor,162,0.08024691358024691,0.017456896551724138,149,4,4,semantic_prototype,"[132, 143, 444, 1009, 1014, 1015, 1016, 1017, 1019, 1043, 1125, 1747, 2033, 2041, 2042, 2052, 2056, 2057, 2059, 2417]"
R0021,"{'2': 3, '7': 3, '10': 2, '13': 3}",sun_attribute_022=s3 AND sun_attribute_021=s3 AND sun_attribute_040=s2 AND sun_attribute_023=s3,488,pitchers mound,162,0.08024691358024691,0.017456896551724138,149,4,4,semantic_prototype,"[1009, 1013, 1014, 1015, 1017, 1022, 1843, 1845, 1852, 1896, 1903, 2033, 2034, 2037, 2039, 2042, 2044, 2046, 2054, 2451]"
R0022,"{'8': 3, '9': 0, '10': 2, '15': 2}",sun_attribute_068=s3 AND sun_attribute_091=s0 AND sun_attribute_040=s2 AND sun_attribute_092=s2,534,resort,78,0.07692307692307693,0.008405172413793103,72,4,4,semantic_prototype,"[55, 62, 63, 80, 86, 94, 95, 215, 223, 309, 530, 691, 692, 694, 1568, 1578, 1582, 1737, 1892, 1893]"
R0023,"{'6': 0, '7': 3, '14': 0, '15': 2}",sun_attribute_013=s0 AND sun_attribute_021=s3 AND sun_attribute_065=s0 AND sun_attribute_092=s2,272,football field,120,0.075,0.01293103448275862,111,4,4,semantic_prototype,"[909, 1011, 1015, 1022, 1125, 2033, 2034, 2037, 2038, 2041, 2042, 2046, 2417, 2451, 2461, 2472, 2546, 2548, 2552, 2837]"
R0024,"{'1': 2, '6': 0, '11': 3, '15': 3}",sun_attribute_094=s2 AND sun_attribute_013=s0 AND sun_attribute_089=s3 AND sun_attribute_092=s3,318,hayfield,148,0.06756756756756757,0.015948275862068966,138,4,4,semantic_prototype,"[43, 429, 600, 634, 802, 810, 812, 898, 901, 908, 928, 939, 940, 1133, 1684, 1854, 1855, 1871, 1884, 2029]"
R0025,"{'4': 3, '5': 3, '12': 3, '14': 3}",sun_attribute_066=s3 AND sun_attribute_087=s3 AND sun_attribute_007=s3 AND sun_attribute_065=s3,345,iceberg,164,0.06707317073170732,0.01767241379310345,153,4,4,semantic_prototype,"[194, 195, 196, 199, 200, 202, 206, 467, 471, 497, 498, 500, 503, 504, 506, 508, 509, 510, 511, 512]"
R0026,"{'2': 3, '7': 3, '13': 3, '16': 0}",sun_attribute_022=s3 AND sun_attribute_021=s3 AND sun_attribute_023=s3 AND sun_attribute_006=s0,45,badminton court indoor,218,0.06422018348623854,0.023491379310344826,204,4,4,semantic_prototype,"[132, 143, 1008, 1009, 1011, 1012, 1015, 1016, 1017, 1018, 1019, 1020, 1042, 1047, 1752, 1889, 1891, 1896, 1903, 2033]"
R0027,"{'1': 2, '7': 0, '9': 0, '14': 2}",sun_attribute_094=s2 AND sun_attribute_021=s0 AND sun_attribute_091=s0 AND sun_attribute_065=s2,346,igloo,157,0.06369426751592357,0.01691810344827586,147,4,4,semantic_prototype,"[59, 61, 93, 94, 144, 145, 218, 307, 312, 361, 514, 520, 523, 561, 563, 565, 566, 606, 630, 632]"
R0028,"{'5': 0, '9': 0, '13': 2, '17': 2}",sun_attribute_087=s0 AND sun_attribute_091=s0 AND sun_attribute_023=s2 AND sun_attribute_026=s2,344,ice skating rink outdoor,64,0.0625,0.006896551724137931,60,4,4,semantic_prototype,"[271, 310, 354, 397, 842, 911, 1510, 2128, 2235, 2551, 2703, 2895, 3079, 3181, 3188, 3232, 3409, 3570, 3576, 3577]"
R0029,"{'7': 0, '8': 1, '10': 3, '14': 0}",sun_attribute_021=s0 AND sun_attribute_068=s1 AND sun_attribute_040=s3 AND sun_attribute_065=s0,653,tree house,193,0.06217616580310881,0.020797413793103448,181,4,4,semantic_prototype,"[38, 39, 149, 266, 303, 329, 375, 421, 532, 608, 610, 611, 616, 644, 743, 749, 756, 758, 759, 762]"
R0030,"{'3': 0, '5': 0, '7': 3, '12': 0}",sun_attribute_000=s0 AND sun_attribute_087=s0 AND sun_attribute_021=s3 AND sun_attribute_007=s0,588,squash court,147,0.061224489795918366,0.01584051724137931,138,4,4,semantic_prototype,"[132, 143, 1011, 1012, 1014, 1015, 1017, 1747, 2033, 2042, 2052, 2056, 2057, 2058, 2059, 2063, 2417, 2419, 2423, 2425]"
R0031,"{'9': 2, '10': 0, '11': 0, '12': 0}",sun_attribute_091=s2 AND sun_attribute_040=s0 AND sun_attribute_089=s0 AND sun_attribute_007=s0,18,aquarium,149,0.06040268456375839,0.01605603448275862,140,4,4,semantic_prototype,"[9, 98, 99, 100, 108, 141, 143, 551, 664, 959, 1060, 1061, 1064, 1087, 1090, 1461, 1617, 1627, 1827, 1829]"
R0032,"{'5': 1, '7': 0, '9': 3, '17': 0}",sun_attribute_087=s1 AND sun_attribute_021=s0 AND sun_attribute_091=s3 AND sun_attribute_026=s0,675,veterinarians office,83,0.060240963855421686,0.00894396551724138,78,4,4,semantic_prototype,"[7, 76, 118, 177, 181, 189, 190, 556, 708, 975, 1097, 1299, 1312, 1317, 1319, 1355, 1356, 1456, 1665, 1672]"
R0033,"{'7': 0, '8': 0, '9': 2, '13': 0}",sun_attribute_021=s0 AND sun_attribute_068=s0 AND sun_attribute_091=s2 AND sun_attribute_023=s0,129,car interior backseat,184,0.059782608695652176,0.019827586206896553,173,4,4,semantic_prototype,"[1, 9, 99, 108, 183, 371, 379, 417, 422, 484, 666, 669, 860, 951, 953, 957, 959, 1061, 1090, 1192]"
R0034,"{'1': 3, '2': 0, '5': 3, '13': 0}",sun_attribute_094=s3 AND sun_attribute_022=s0 AND sun_attribute_087=s3 AND sun_attribute_023=s0,680,volcano,251,0.05976095617529881,0.027047413793103447,236,4,4,semantic_prototype,"[162, 169, 170, 173, 174, 194, 202, 206, 498, 508, 509, 510, 513, 576, 577, 578, 579, 580, 581, 582]"
R0035,"{'0': 0, '9': 2, '10': 0, '16': 1}",sun_attribute_014=s0 AND sun_attribute_091=s2 AND sun_attribute_040=s0 AND sun_attribute_006=s1,626,tent indoor,67,0.05970149253731343,0.007219827586206896,63,4,4,semantic_prototype,"[1, 5, 666, 668, 669, 671, 1609, 2241, 2645, 2713, 3021, 3146, 3149, 3151, 3265, 3460, 3744, 3757, 4010, 4426]"
R0036,"{'2': 3, '7': 3, '13': 3, '17': 3}",sun_attribute_022=s3 AND sun_attribute_021=s3 AND sun_attribute_023=s3 AND sun_attribute_026=s3,590,stadium baseball,269,0.05947955390334572,0.02898706896551724,253,4,4,semantic_prototype,"[143, 1009, 1011, 1012, 1013, 1014, 1015, 1016, 1017, 1018, 1020, 1022, 1372, 1752, 1843, 1845, 1889, 1891, 1896, 1903]"
R0037,"{'2': 3, '7': 3, '13': 3, '15': 2}",sun_attribute_022=s3 AND sun_attribute_021=s3 AND sun_attribute_023=s3 AND sun_attribute_092=s2,625,tennis court outdoor,211,0.05687203791469194,0.02273706896551724,199,4,4,semantic_prototype,"[1009, 1011, 1012, 1013, 1015, 1020, 1022, 1040, 1125, 1372, 1752, 1846, 2033, 2034, 2035, 2037, 2038, 2041, 2042, 2043]"
R0038,"{'4': 2, '9': 0, '15': 2, '17': 1}",sun_attribute_066=s2 AND sun_attribute_091=s0 AND sun_attribute_092=s2 AND sun_attribute_026=s1,181,control tower outdoor,124,0.056451612903225805,0.013362068965517242,117,4,4,semantic_prototype,"[48, 62, 81, 211, 358, 361, 436, 449, 461, 523, 530, 569, 592, 632, 635, 745, 776, 987, 1154, 1215]"
R0039,"{'4': 0, '9': 3, '15': 0, '17': 3}",sun_attribute_066=s0 AND sun_attribute_091=s3 AND sun_attribute_092=s0 AND sun_attribute_026=s3,174,conference center,256,0.0546875,0.027586206896551724,242,4,4,semantic_prototype,"[18, 71, 230, 276, 279, 283, 284, 286, 412, 704, 769, 1381, 1392, 1400, 1403, 1406, 1479, 1484, 1552, 1553]"
R0040,"{'0': 0, '5': 0, '9': 3, '17': 3}",sun_attribute_014=s0 AND sun_attribute_087=s0 AND sun_attribute_091=s3 AND sun_attribute_026=s3,430,movie theater indoor,281,0.05338078291814947,0.030280172413793105,266,4,4,semantic_prototype,"[18, 71, 230, 276, 279, 280, 283, 284, 286, 494, 704, 769, 972, 1381, 1392, 1400, 1403, 1406, 1479, 1552]"
R0041,"{'2': 3, '5': 0, '7': 3, '16': 0}",sun_attribute_022=s3 AND sun_attribute_087=s0 AND sun_attribute_021=s3 AND sun_attribute_006=s0,624,tennis court indoor,208,0.052884615384615384,0.022413793103448276,197,4,4,semantic_prototype,"[132, 143, 444, 1008, 1009, 1011, 1012, 1015, 1016, 1017, 1018, 1019, 1020, 1042, 1047, 1752, 1891, 2033, 2035, 2043]"
R0042,"{'2': 3, '7': 3, '12': 0, '13': 3}",sun_attribute_022=s3 AND sun_attribute_021=s3 AND sun_attribute_007=s0 AND sun_attribute_023=s3,70,batters box,285,0.05263157894736842,0.030711206896551723,270,4,4,semantic_prototype,"[132, 143, 1008, 1009, 1011, 1012, 1014, 1015, 1016, 1017, 1018, 1019, 1020, 1042, 1047, 1125, 1135, 1752, 1840, 1843]"
R0043,"{'4': 0, '10': 2, '11': 2, '17': 0}",sun_attribute_066=s0 AND sun_attribute_040=s2 AND sun_attribute_089=s2 AND sun_attribute_026=s0,135,carport outdoor,266,0.05263157894736842,0.028663793103448274,252,4,4,semantic_prototype,"[51, 107, 296, 301, 323, 357, 369, 377, 380, 383, 481, 482, 720, 721, 724, 817, 825, 832, 833, 841]"
R0044,"{'2': 3, '4': 0, '7': 3, '13': 3}",sun_attribute_022=s3 AND sun_attribute_066=s0 AND sun_attribute_021=s3 AND sun_attribute_023=s3,644,track outdoor,287,0.05226480836236934,0.030926724137931034,272,4,4,semantic_prototype,"[132, 143, 1011, 1013, 1014, 1015, 1017, 1019, 1022, 1125, 1133, 1855, 2033, 2034, 2037, 2038, 2041, 2042, 2046, 2052]"
R0045,"{'2': 3, '7': 3, '13': 3, '17': 3}",sun_attribute_022=s3 AND sun_attribute_021=s3 AND sun_attribute_023=s3 AND sun_attribute_026=s3,591,stadium football,269,0.05204460966542751,0.02898706896551724,255,4,4,semantic_prototype,"[143, 1009, 1011, 1012, 1013, 1014, 1015, 1016, 1017, 1018, 1020, 1022, 1372, 1752, 1843, 1845, 1889, 1891, 1896, 1903]"
R0046,"{'2': 2, '7': 2, '10': 2, '11': 2}",sun_attribute_022=s2 AND sun_attribute_021=s2 AND sun_attribute_040=s2 AND sun_attribute_089=s2,595,stage outdoor,158,0.05063291139240506,0.017025862068965517,150,4,4,semantic_prototype,"[33, 165, 247, 248, 271, 334, 354, 663, 698, 723, 745, 819, 826, 828, 842, 902, 905, 949, 1026, 1110]"
R0047,"{'1': 2, '8': 1, '10': 2, '11': 2}",sun_attribute_094=s2 AND sun_attribute_068=s1 AND sun_attribute_040=s2 AND sun_attribute_089=s2,584,slum,60,0.05,0.00646551724137931,57,4,4,semantic_prototype,"[355, 445, 481, 663, 833, 842, 1037, 1341, 1524, 2044, 2076, 2083, 2106, 2165, 2172, 2173, 2192, 2230, 2269, 2666]"
R0048,"{'2': 3, '5': 0, '7': 3, '13': 3}",sun_attribute_022=s3 AND sun_attribute_087=s0 AND sun_attribute_021=s3 AND sun_attribute_023=s3,109,bullpen,272,0.04779411764705882,0.029310344827586206,259,4,4,semantic_prototype,"[132, 143, 1008, 1009, 1011, 1012, 1013, 1014, 1015, 1016, 1017, 1018, 1019, 1020, 1022, 1040, 1042, 1047, 1752, 1891]"
R0049,"{'2': 3, '7': 3, '13': 3, '15': 2}",sun_attribute_022=s3 AND sun_attribute_021=s3 AND sun_attribute_023=s3 AND sun_attribute_092=s2,68,basketball court outdoor,211,0.04739336492890995,0.02273706896551724,201,4,4,semantic_prototype,"[1009, 1011, 1012, 1013, 1015, 1020, 1022, 1040, 1125, 1372, 1752, 1846, 2033, 2034, 2035, 2037, 2038, 2041, 2042, 2043]"
R0050,"{'2': 3, '7': 3, '11': 2, '17': 3}",sun_attribute_022=s3 AND sun_attribute_021=s3 AND sun_attribute_089=s2 AND sun_attribute_026=s3,110,bullring,106,0.04716981132075472,0.011422413793103449,101,4,4,semantic_prototype,"[1011, 1012, 1014, 1015, 1016, 1020, 1022, 1896, 1903, 2034, 2044, 2046, 2417, 2466, 2476, 2841, 2846, 3233, 3234, 3240]"
R0051,"{'2': 3, '4': 0, '7': 3, '17': 3}",sun_attribute_022=s3 AND sun_attribute_066=s0 AND sun_attribute_021=s3 AND sun_attribute_026=s3,593,stadium soccer,196,0.04591836734693878,0.021120689655172414,187,4,4,semantic_prototype,"[143, 1011, 1013, 1014, 1015, 1017, 1022, 2034, 2042, 2046, 2052, 2059, 2417, 2425, 2429, 2461, 2472, 2545, 2546, 2834]"
R0052,"{'5': 0, '7': 0, '11': 2, '17': 1}",sun_attribute_087=s0 AND sun_attribute_021=s0 AND sun_attribute_089=s2 AND sun_attribute_026=s1,21,arch,159,0.0440251572327044,0.017133620689655172,152,4,4,semantic_prototype,"[370, 426, 853, 862, 948, 952, 976, 988, 995, 1152, 1153, 1158, 1160, 1163, 1207, 1209, 1241, 1306, 1447, 1520]"
R0053,"{'6': 0, '10': 2, '13': 0, '15': 2}",sun_attribute_013=s0 AND sun_attribute_040=s2 AND sun_attribute_023=s0 AND sun_attribute_092=s2,464,pagoda,161,0.043478260869565216,0.017349137931034483,154,4,4,semantic_prototype,"[41, 148, 174, 331, 335, 380, 433, 492, 594, 601, 629, 724, 733, 788, 814, 943, 991, 992, 993, 1039]"
R0054,"{'1': 2, '6': 3, '9': 0, '17': 0}",sun_attribute_094=s2 AND sun_attribute_013=s3 AND sun_attribute_091=s0 AND sun_attribute_026=s0,659,underwater coral reef,208,0.04326923076923077,0.022413793103448276,199,4,4,semantic_prototype,"[59, 94, 144, 192, 193, 195, 197, 198, 204, 207, 208, 216, 218, 392, 466, 468, 469, 470, 472, 473]"
R0055,"{'4': 3, '5': 3, '6': 3, '14': 3}",sun_attribute_066=s3 AND sun_attribute_087=s3 AND sun_attribute_013=s3 AND sun_attribute_065=s3,696,wave,349,0.04297994269340974,0.03760775862068966,334,4,4,semantic_prototype,"[192, 193, 194, 195, 196, 197, 198, 199, 200, 201, 202, 203, 204, 205, 206, 207, 210, 314, 464, 466]"
R0056,"{'1': 1, '9': 0, '10': 3, '16': 2}",sun_attribute_094=s1 AND sun_attribute_091=s0 AND sun_attribute_040=s3 AND sun_attribute_006=s2,191,covered bridge exterior,259,0.04247104247104247,0.02790948275862069,248,4,4,semantic_prototype,"[34, 35, 39, 44, 45, 47, 60, 88, 149, 210, 266, 290, 291, 292, 303, 313, 314, 315, 329, 352]"
R0057,"{'4': 2, '10': 2, '14': 2, '15': 2}",sun_attribute_066=s2 AND sun_attribute_040=s2 AND sun_attribute_065=s2 AND sun_attribute_092=s2,714,zen garden,192,0.041666666666666664,0.020689655172413793,184,4,4,semantic_prototype,"[55, 62, 80, 91, 94, 145, 214, 244, 256, 268, 271, 312, 331, 398, 428, 505, 507, 530, 569, 635]"
R0058,"{'3': 2, '5': 3, '12': 3, '17': 0}",sun_attribute_000=s2 AND sun_attribute_087=s3 AND sun_attribute_007=s3 AND sun_attribute_026=s0,194,crevasse,145,0.041379310344827586,0.015625,139,4,4,semantic_prototype,"[166, 169, 173, 501, 502, 505, 509, 578, 585, 878, 916, 925, 927, 931, 936, 1255, 1262, 1427, 1430, 1452]"
R0059,"{'11': 0, '15': 0, '16': 0, '17': 3}",sun_attribute_089=s0 AND sun_attribute_092=s0 AND sun_attribute_006=s0 AND sun_attribute_026=s3,594,stage indoor,292,0.0410958904109589,0.03146551724137931,280,4,4,semantic_prototype,"[18, 71, 129, 141, 143, 230, 231, 276, 279, 280, 283, 284, 286, 401, 412, 972, 1018, 1103, 1390, 1400]"
R0060,"{'3': 3, '4': 3, '14': 3, '17': 0}",sun_attribute_000=s3 AND sun_attribute_066=s3 AND sun_attribute_065=s3 AND sun_attribute_026=s0,454,oilrig,367,0.04087193460490463,0.03954741379310345,352,4,4,semantic_prototype,"[50, 52, 57, 60, 86, 181, 192, 193, 194, 195, 196, 197, 198, 199, 200, 201, 202, 203, 204, 205]"
R0061,"{'4': 0, '5': 0, '15': 0, '17': 3}",sun_attribute_066=s0 AND sun_attribute_087=s0 AND sun_attribute_092=s0 AND sun_attribute_026=s3,630,theater indoor round,345,0.04057971014492753,0.037176724137931036,331,4,4,semantic_prototype,"[18, 71, 129, 141, 143, 230, 276, 279, 283, 284, 286, 412, 704, 769, 946, 1017, 1103, 1247, 1381, 1392]"
R0062,"{'3': 3, '4': 3, '5': 3, '14': 3}",sun_attribute_000=s3 AND sun_attribute_066=s3 AND sun_attribute_087=s3 AND sun_attribute_065=s3,308,grotto,328,0.039634146341463415,0.0353448275862069,315,4,4,semantic_prototype,"[192, 193, 194, 195, 196, 197, 198, 199, 200, 201, 202, 203, 204, 205, 206, 207, 210, 314, 464, 466]"
R0063,"{'1': 2, '5': 3, '16': 3, '17': 0}",sun_attribute_094=s2 AND sun_attribute_087=s3 AND sun_attribute_006=s3 AND sun_attribute_026=s0,54,bamboo forest,307,0.03908794788273615,0.03308189655172414,295,4,4,semantic_prototype,"[144, 195, 608, 620, 699, 703, 752, 753, 755, 756, 757, 758, 759, 760, 761, 762, 764, 837, 929, 939]"
R0064,"{'3': 3, '11': 3, '14': 3, '15': 3}",sun_attribute_000=s3 AND sun_attribute_089=s3 AND sun_attribute_065=s3 AND sun_attribute_092=s3,76,beach,385,0.03896103896103896,0.041487068965517244,370,4,4,semantic_prototype,"[49, 192, 193, 194, 195, 196, 197, 198, 199, 200, 201, 202, 203, 204, 205, 206, 207, 208, 209, 210]"
R0065,"{'7': 0, '9': 0, '10': 3, '16': 2}",sun_attribute_021=s0 AND sun_attribute_091=s0 AND sun_attribute_040=s3 AND sun_attribute_006=s2,339,hunting lodge outdoor,257,0.038910505836575876,0.02769396551724138,247,4,4,semantic_prototype,"[34, 37, 38, 39, 44, 46, 59, 60, 61, 88, 149, 210, 218, 266, 290, 291, 292, 303, 313, 314]"
R0066,"{'1': 3, '9': 0, '11': 3, '17': 0}",sun_attribute_094=s3 AND sun_attribute_091=s0 AND sun_attribute_089=s3 AND sun_attribute_026=s0,232,earth fissure,363,0.03856749311294766,0.039116379310344826,349,4,4,semantic_prototype,"[160, 162, 166, 169, 174, 194, 196, 199, 200, 202, 206, 460, 467, 471, 497, 498, 501, 502, 505, 508]"
R0067,"{'6': 0, '10': 3, '15': 2, '16': 2}",sun_attribute_013=s0 AND sun_attribute_040=s3 AND sun_attribute_092=s2 AND sun_attribute_006=s2,321,hedgerow,211,0.037914691943127965,0.02273706896551724,203,4,4,semantic_prototype,"[32, 34, 37, 39, 44, 45, 46, 47, 149, 291, 303, 321, 352, 533, 535, 610, 651, 655, 743, 784]"
R0068,"{'1': 2, '7': 0, '11': 2, '12': 2}",sun_attribute_094=s2 AND sun_attribute_021=s0 AND sun_attribute_089=s2 AND sun_attribute_007=s2,551,rubble,185,0.03783783783783784,0.01993534482758621,178,4,4,semantic_prototype,"[38, 94, 95, 262, 268, 355, 363, 456, 483, 523, 570, 573, 584, 609, 743, 753, 755, 756, 757, 758]"
R0069,"{'1': 0, '9': 0, '12': 0, '17': 0}",sun_attribute_094=s0 AND sun_attribute_091=s0 AND sun_attribute_007=s0 AND sun_attribute_026=s0,402,manufactured home,300,0.03666666666666667,0.032327586206896554,289,4,4,semantic_prototype,"[57, 58, 209, 212, 240, 293, 300, 302, 320, 321, 322, 324, 325, 326, 327, 330, 331, 333, 335, 373]"
R0070,"{'5': 3, '10': 3, '16': 3, '17': 0}",sun_attribute_087=s3 AND sun_attribute_040=s3 AND sun_attribute_006=s3 AND sun_attribute_026=s0,275,forest path,416,0.036057692307692304,0.04482758620689655,401,4,4,semantic_prototype,"[144, 608, 620, 689, 690, 696, 699, 701, 703, 752, 753, 754, 755, 756, 757, 758, 759, 760, 761, 762]"
R0071,"{'1': 2, '5': 3, '9': 0, '10': 3}",sun_attribute_094=s2 AND sun_attribute_087=s3 AND sun_attribute_091=s0 AND sun_attribute_040=s3,98,botanical garden,389,0.03598971722365039,0.04191810344827586,375,4,4,semantic_prototype,"[144, 453, 608, 609, 617, 620, 621, 697, 699, 702, 703, 752, 753, 757, 758, 759, 761, 763, 764, 801]"
R0072,"{'2': 0, '7': 0, '8': 3, '9': 0}",sun_attribute_022=s0 AND sun_attribute_021=s0 AND sun_attribute_068=s3 AND sun_attribute_091=s0,94,boathouse,309,0.03559870550161812,0.03329741379310345,298,4,4,semantic_prototype,"[49, 50, 52, 53, 55, 57, 58, 59, 60, 61, 62, 86, 88, 93, 94, 144, 192, 193, 194, 195]"
R0073,"{'9': 0, '11': 3, '12': 0, '17': 0}",sun_attribute_091=s0 AND sun_attribute_089=s3 AND sun_attribute_007=s0 AND sun_attribute_026=s0,533,residential neighborhood,315,0.03492063492063492,0.03394396551724138,304,4,4,semantic_prototype,"[50, 53, 205, 208, 209, 210, 212, 213, 214, 217, 221, 293, 300, 321, 325, 328, 330, 333, 385, 434]"
R0074,"{'0': 1, '9': 0, '11': 3, '16': 2}",sun_attribute_014=s1 AND sun_attribute_091=s0 AND sun_attribute_089=s3 AND sun_attribute_006=s2,417,moat dry,287,0.03484320557491289,0.030926724137931034,277,4,4,semantic_prototype,"[39, 83, 85, 148, 150, 158, 265, 290, 292, 304, 312, 325, 329, 448, 459, 533, 540, 542, 577, 591]"
R0075,"{'1': 0, '5': 0, '7': 0, '9': 0}",sun_attribute_094=s0 AND sun_attribute_087=s0 AND sun_attribute_021=s0 AND sun_attribute_091=s0,502,portico,230,0.034782608695652174,0.02478448275862069,222,4,4,semantic_prototype,"[58, 293, 296, 302, 320, 324, 326, 327, 331, 333, 335, 385, 532, 595, 597, 601, 636, 644, 778, 788]"
R0076,"{'5': 3, '7': 0, '10': 3, '16': 3}",sun_attribute_087=s3 AND sun_attribute_021=s0 AND sun_attribute_040=s3 AND sun_attribute_006=s3,273,forest broadleaf,377,0.034482758620689655,0.040625,364,4,4,semantic_prototype,"[144, 608, 609, 619, 620, 689, 690, 696, 701, 703, 752, 753, 755, 756, 757, 758, 759, 760, 761, 762]"
R0077,"{'5': 3, '7': 0, '10': 3, '16': 3}",sun_attribute_087=s3 AND sun_attribute_021=s0 AND sun_attribute_040=s3 AND sun_attribute_006=s3,522,rainforest,377,0.034482758620689655,0.040625,364,4,4,semantic_prototype,"[144, 608, 609, 619, 620, 689, 690, 696, 701, 703, 752, 753, 755, 756, 757, 758, 759, 760, 761, 762]"
R0078,"{'3': 2, '11': 3, '14': 2, '15': 3}",sun_attribute_000=s2 AND sun_attribute_089=s3 AND sun_attribute_065=s2 AND sun_attribute_092=s3,226,drill rig,290,0.034482758620689655,0.03125,280,4,4,semantic_prototype,"[90, 164, 166, 167, 169, 304, 432, 434, 438, 455, 460, 499, 501, 502, 520, 585, 606, 630, 637, 740]"
R0079,"{'9': 0, '10': 3, '11': 3, '12': 0}",sun_attribute_091=s0 AND sun_attribute_040=s3 AND sun_attribute_089=s3 AND sun_attribute_007=s0,513,putting green,235,0.03404255319148936,0.025323275862068964,227,4,4,semantic_prototype,"[35, 36, 48, 50, 53, 56, 210, 211, 212, 266, 293, 300, 321, 325, 526, 528, 534, 535, 538, 539]"
R0080,"{'5': 3, '10': 3, '16': 3, '17': 0}",sun_attribute_087=s3 AND sun_attribute_040=s3 AND sun_attribute_006=s3 AND sun_attribute_026=s0,611,swamp,416,0.03365384615384615,0.04482758620689655,402,4,4,semantic_prototype,"[144, 608, 620, 689, 690, 696, 699, 701, 703, 752, 753, 754, 755, 756, 757, 758, 759, 760, 761, 762]"
R0081,"{'0': 3, '3': 3, '8': 3, '11': 3}",sun_attribute_014=s3 AND sun_attribute_000=s3 AND sun_attribute_068=s3 AND sun_attribute_089=s3,377,lake natural,476,0.03361344537815126,0.05129310344827586,460,4,4,semantic_prototype,"[49, 50, 52, 53, 56, 59, 60, 61, 80, 86, 88, 93, 144, 192, 193, 194, 195, 196, 197, 198]"
R0082,"{'9': 0, '10': 3, '11': 3, '15': 3}",sun_attribute_091=s0 AND sun_attribute_040=s3 AND sun_attribute_089=s3 AND sun_attribute_092=s3,249,fairway,451,0.03325942350332594,0.048599137931034486,436,4,4,semantic_prototype,"[35, 43, 61, 88, 144, 210, 212, 314, 390, 526, 528, 534, 538, 541, 622, 645, 646, 650, 808, 810]"
R0083,"{'3': 3, '9': 0, '11': 3, '15': 3}",sun_attribute_000=s3 AND sun_attribute_091=s0 AND sun_attribute_089=s3 AND sun_attribute_092=s3,384,levee,422,0.03317535545023697,0.04547413793103448,408,4,4,semantic_prototype,"[49, 61, 84, 88, 93, 144, 192, 193, 194, 195, 196, 197, 198, 199, 200, 202, 204, 205, 206, 207]"
R0084,"{'5': 0, '11': 2, '15': 2, '16': 0}",sun_attribute_087=s0 AND sun_attribute_089=s2 AND sun_attribute_092=s2 AND sun_attribute_006=s0,253,ferryboat outdoor,363,0.03305785123966942,0.039116379310344826,351,4,4,semantic_prototype,"[140, 142, 223, 240, 241, 243, 247, 252, 256, 271, 320, 331, 335, 366, 370, 380, 428, 626, 638, 733]"
R0085,"{'1': 3, '11': 3, '12': 3, '15': 3}",sun_attribute_094=s3 AND sun_attribute_089=s3 AND sun_attribute_007=s3 AND sun_attribute_092=s3,263,fjord,424,0.0330188679245283,0.045689655172413794,410,4,4,semantic_prototype,"[161, 163, 164, 166, 167, 168, 169, 170, 194, 196, 199, 200, 202, 206, 319, 452, 455, 460, 467, 471]"
R0086,"{'4': 3, '9': 0, '11': 3, '15': 3}",sun_attribute_066=s3 AND sun_attribute_091=s0 AND sun_attribute_089=s3 AND sun_attribute_092=s3,566,seawall,458,0.03275109170305677,0.04935344827586207,443,4,4,semantic_prototype,"[49, 84, 88, 93, 144, 192, 193, 194, 195, 196, 197, 198, 199, 200, 202, 204, 205, 206, 207, 208]"
R0087,"{'1': 2, '5': 3, '10': 3, '16': 3}",sun_attribute_094=s2 AND sun_attribute_087=s3 AND sun_attribute_040=s3 AND sun_attribute_006=s3,274,forest needleleaf,399,0.03258145363408521,0.04299568965517241,386,4,4,semantic_prototype,"[144, 453, 608, 609, 617, 620, 621, 699, 703, 752, 753, 755, 756, 757, 758, 759, 760, 761, 762, 763]"
R0088,"{'5': 3, '9': 0, '14': 3, '17': 0}",sun_attribute_087=s3 AND sun_attribute_091=s0 AND sun_attribute_065=s3 AND sun_attribute_026=s0,331,hot spring,282,0.031914893617021274,0.030387931034482757,273,4,4,semantic_prototype,"[192, 193, 194, 195, 196, 197, 198, 199, 200, 202, 204, 205, 206, 207, 210, 314, 466, 467, 468, 469]"
R0089,"{'7': 0, '11': 2, '15': 2, '17': 0}",sun_attribute_021=s0 AND sun_attribute_089=s2 AND sun_attribute_092=s2 AND sun_attribute_026=s0,234,electrical substation,283,0.03180212014134275,0.030495689655172412,274,4,4,semantic_prototype,"[57, 89, 94, 107, 215, 251, 320, 331, 335, 380, 443, 480, 481, 483, 561, 567, 573, 594, 595, 596]"
R0090,"{'0': 3, '5': 3, '9': 0, '11': 3}",sun_attribute_014=s3 AND sun_attribute_087=s3 AND sun_attribute_091=s0 AND sun_attribute_089=s3,498,pond,322,0.031055900621118012,0.034698275862068965,312,4,4,semantic_prototype,"[144, 192, 193, 194, 195, 196, 197, 198, 199, 200, 202, 204, 205, 206, 207, 210, 314, 464, 466, 467]"
R0091,"{'5': 3, '10': 3, '11': 3, '16': 3}",sun_attribute_087=s3 AND sun_attribute_040=s3 AND sun_attribute_089=s3 AND sun_attribute_006=s3,708,woodland,516,0.031007751937984496,0.05560344827586207,500,4,4,semantic_prototype,"[144, 608, 612, 617, 619, 620, 621, 696, 699, 701, 703, 752, 754, 759, 760, 761, 763, 764, 766, 801]"
R0092,"{'3': 0, '4': 0, '14': 0, '17': 3}",sun_attribute_000=s0 AND sun_attribute_066=s0 AND sun_attribute_065=s0 AND sun_attribute_026=s3,26,arena performance,489,0.03067484662576687,0.05269396551724138,474,4,4,semantic_prototype,"[18, 71, 129, 134, 141, 143, 230, 276, 279, 283, 284, 286, 494, 704, 769, 1011, 1014, 1015, 1017, 1022]"
R0093,"{'5': 0, '10': 2, '12': 0, '15': 0}",sun_attribute_087=s0 AND sun_attribute_040=s2 AND sun_attribute_007=s0 AND sun_attribute_092=s0,501,porch,326,0.03067484662576687,0.03512931034482759,316,4,4,semantic_prototype,"[133, 135, 261, 264, 362, 371, 377, 378, 379, 381, 416, 418, 420, 422, 427, 430, 439, 441, 444, 482]"
R0094,"{'1': 3, '5': 3, '11': 3, '12': 3}",sun_attribute_094=s3 AND sun_attribute_087=s3 AND sun_attribute_089=s3 AND sun_attribute_007=s3,117,butte,523,0.030592734225621414,0.05635775862068965,507,4,4,semantic_prototype,"[160, 161, 162, 163, 164, 166, 167, 168, 169, 170, 171, 172, 174, 175, 194, 196, 199, 200, 202, 206]"
R0095,"{'1': 2, '9': 0, '10': 3, '16': 2}",sun_attribute_094=s2 AND sun_attribute_091=s0 AND sun_attribute_040=s3 AND sun_attribute_006=s2,122,campsite,197,0.030456852791878174,0.02122844827586207,191,4,4,semantic_prototype,"[32, 37, 38, 46, 59, 61, 85, 150, 218, 263, 265, 361, 375, 421, 458, 462, 610, 697, 702, 731]"
R0096,"{'0': 3, '3': 3, '4': 3, '14': 3}",sun_attribute_014=s3 AND sun_attribute_000=s3 AND sun_attribute_066=s3 AND sun_attribute_065=s3,170,coast,529,0.030245746691871456,0.057004310344827586,513,4,4,semantic_prototype,"[49, 50, 52, 56, 57, 60, 63, 86, 95, 181, 192, 193, 194, 195, 196, 197, 198, 199, 200, 201]"
R0097,"{'0': 3, '3': 3, '4': 3, '14': 3}",sun_attribute_014=s3 AND sun_attribute_000=s3 AND sun_attribute_066=s3 AND sun_attribute_065=s3,244,estuary,529,0.030245746691871456,0.057004310344827586,513,4,4,semantic_prototype,"[49, 50, 52, 56, 57, 60, 63, 86, 95, 181, 192, 193, 194, 195, 196, 197, 198, 199, 200, 201]"
R0098,"{'0': 3, '3': 3, '4': 3, '14': 3}",sun_attribute_014=s3 AND sun_attribute_000=s3 AND sun_attribute_066=s3 AND sun_attribute_065=s3,352,islet,529,0.030245746691871456,0.057004310344827586,513,4,4,semantic_prototype,"[49, 50, 52, 56, 57, 60, 63, 86, 95, 181, 192, 193, 194, 195, 196, 197, 198, 199, 200, 201]"
R0099,"{'0': 3, '3': 3, '4': 3, '14': 3}",sun_attribute_014=s3 AND sun_attribute_000=s3 AND sun_attribute_066=s3 AND sun_attribute_065=s3,375,lagoon,529,0.030245746691871456,0.057004310344827586,513,4,4,semantic_prototype,"[49, 50, 52, 56, 57, 60, 63, 86, 95, 181, 192, 193, 194, 195, 196, 197, 198, 199, 200, 201]"
R0100,"{'0': 3, '3': 3, '4': 3, '14': 3}",sun_attribute_014=s3 AND sun_attribute_000=s3 AND sun_attribute_066=s3 AND sun_attribute_065=s3,449,ocean,529,0.030245746691871456,0.057004310344827586,513,4,4,semantic_prototype,"[49, 50, 52, 56, 57, 60, 63, 86, 95, 181, 192, 193, 194, 195, 196, 197, 198, 199, 200, 201]"
R0101,"{'0': 3, '3': 3, '4': 3, '14': 3}",sun_attribute_014=s3 AND sun_attribute_000=s3 AND sun_attribute_066=s3 AND sun_attribute_065=s3,519,raft,529,0.030245746691871456,0.057004310344827586,513,4,4,semantic_prototype,"[49, 50, 52, 56, 57, 60, 63, 86, 95, 181, 192, 193, 194, 195, 196, 197, 198, 199, 200, 201]"
R0102,"{'0': 3, '3': 3, '4': 3, '14': 3}",sun_attribute_014=s3 AND sun_attribute_000=s3 AND sun_attribute_066=s3 AND sun_attribute_065=s3,557,sandbar,529,0.030245746691871456,0.057004310344827586,513,4,4,semantic_prototype,"[49, 50, 52, 56, 57, 60, 63, 86, 95, 181, 192, 193, 194, 195, 196, 197, 198, 199, 200, 201]"
R0103,"{'1': 3, '5': 3, '12': 3, '16': 3}",sun_attribute_094=s3 AND sun_attribute_087=s3 AND sun_attribute_007=s3 AND sun_attribute_006=s3,44,badlands,532,0.03007518796992481,0.05732758620689655,516,4,4,semantic_prototype,"[160, 161, 162, 163, 164, 165, 166, 167, 168, 169, 170, 171, 172, 173, 174, 175, 194, 196, 199, 200]"
R0104,"{'1': 3, '5': 3, '12': 3, '16': 3}",sun_attribute_094=s3 AND sun_attribute_087=s3 AND sun_attribute_007=s3 AND sun_attribute_006=s3,165,cliff,532,0.03007518796992481,0.05732758620689655,516,4,4,semantic_prototype,"[160, 161, 162, 163, 164, 165, 166, 167, 168, 169, 170, 171, 172, 173, 174, 175, 194, 196, 199, 200]"
R0105,"{'1': 3, '5': 3, '12': 3, '16': 3}",sun_attribute_094=s3 AND sun_attribute_087=s3 AND sun_attribute_007=s3 AND sun_attribute_006=s3,410,mesa,532,0.03007518796992481,0.05732758620689655,516,4,4,semantic_prototype,"[160, 161, 162, 163, 164, 165, 166, 167, 168, 169, 170, 171, 172, 173, 174, 175, 194, 196, 199, 200]"
R0106,"{'1': 3, '5': 3, '12': 3, '16': 3}",sun_attribute_094=s3 AND sun_attribute_087=s3 AND sun_attribute_007=s3 AND sun_attribute_006=s3,426,mountain,532,0.03007518796992481,0.05732758620689655,516,4,4,semantic_prototype,"[160, 161, 162, 163, 164, 165, 166, 167, 168, 169, 170, 171, 172, 173, 174, 175, 194, 196, 199, 200]"
R0107,"{'1': 3, '5': 3, '12': 3, '16': 3}",sun_attribute_094=s3 AND sun_attribute_087=s3 AND sun_attribute_007=s3 AND sun_attribute_006=s3,429,mountain snowy,532,0.03007518796992481,0.05732758620689655,516,4,4,semantic_prototype,"[160, 161, 162, 163, 164, 165, 166, 167, 168, 169, 170, 171, 172, 173, 174, 175, 194, 196, 199, 200]"
R0108,"{'4': 0, '5': 0, '9': 0, '11': 3}",sun_attribute_066=s0 AND sun_attribute_087=s0 AND sun_attribute_091=s0 AND sun_attribute_089=s3,188,courthouse,308,0.02922077922077922,0.03318965517241379,299,4,4,semantic_prototype,"[36, 40, 146, 151, 156, 159, 267, 299, 330, 352, 440, 528, 529, 531, 534, 535, 541, 636, 641, 643]"
R0109,"{'1': 2, '9': 0, '10': 3, '11': 3}",sun_attribute_094=s2 AND sun_attribute_091=s0 AND sun_attribute_040=s3 AND sun_attribute_089=s3,652,tree farm,549,0.029143897996357013,0.059159482758620686,533,4,4,semantic_prototype,"[32, 37, 42, 43, 46, 54, 59, 61, 85, 144, 150, 218, 265, 361, 421, 457, 608, 610, 611, 614]"
R0110,"{'3': 3, '4': 3, '14': 3, '15': 3}",sun_attribute_000=s3 AND sun_attribute_066=s3 AND sun_attribute_065=s3 AND sun_attribute_092=s3,484,pier,412,0.02912621359223301,0.04439655172413793,400,4,4,semantic_prototype,"[49, 192, 193, 194, 195, 196, 197, 198, 199, 200, 201, 202, 203, 204, 205, 206, 207, 208, 209, 210]"
R0111,"{'0': 3, '3': 3, '8': 3, '9': 0}",sun_attribute_014=s3 AND sun_attribute_000=s3 AND sun_attribute_068=s3 AND sun_attribute_091=s0,73,bayou,517,0.029013539651837523,0.05571120689655172,502,4,4,semantic_prototype,"[49, 50, 52, 53, 56, 57, 59, 60, 61, 63, 80, 86, 88, 93, 94, 95, 144, 192, 193, 194]"
R0112,"{'4': 0, '5': 0, '16': 0, '17': 3}",sun_attribute_066=s0 AND sun_attribute_087=s0 AND sun_attribute_006=s0 AND sun_attribute_026=s3,25,arena hockey,380,0.02894736842105263,0.040948275862068964,369,4,4,semantic_prototype,"[18, 71, 129, 134, 141, 143, 230, 276, 279, 283, 284, 286, 412, 494, 704, 769, 774, 946, 1011, 1015]"
R0113,"{'4': 2, '7': 0, '9': 0, '11': 3}",sun_attribute_066=s2 AND sun_attribute_021=s0 AND sun_attribute_091=s0 AND sun_attribute_089=s3,453,oil refinery outdoor,380,0.02894736842105263,0.040948275862068964,369,4,4,semantic_prototype,"[48, 55, 61, 145, 164, 166, 168, 169, 214, 218, 292, 312, 313, 315, 316, 317, 361, 486, 502, 530]"
R0114,"{'1': 3, '5': 3, '12': 3, '16': 3}",sun_attribute_094=s3 AND sun_attribute_087=s3 AND sun_attribute_007=s3 AND sun_attribute_006=s3,128,canyon,532,0.02819548872180451,0.05732758620689655,517,4,4,semantic_prototype,"[160, 161, 162, 163, 164, 165, 166, 167, 168, 169, 170, 171, 172, 173, 174, 175, 194, 196, 199, 200]"
R0115,"{'1': 3, '5': 3, '12': 3, '16': 3}",sun_attribute_094=s3 AND sun_attribute_087=s3 AND sun_attribute_007=s3 AND sun_attribute_006=s3,302,glacier,532,0.02819548872180451,0.05732758620689655,517,4,4,semantic_prototype,"[160, 161, 162, 163, 164, 165, 166, 167, 168, 169, 170, 171, 172, 173, 174, 175, 194, 196, 199, 200]"
R0116,"{'1': 3, '5': 3, '12': 3, '16': 3}",sun_attribute_094=s3 AND sun_attribute_087=s3 AND sun_attribute_007=s3 AND sun_attribute_006=s3,310,gulch,532,0.02819548872180451,0.05732758620689655,517,4,4,semantic_prototype,"[160, 161, 162, 163, 164, 165, 166, 167, 168, 169, 170, 171, 172, 173, 174, 175, 194, 196, 199, 200]"
R0117,"{'6': 0, '10': 2, '11': 3, '14': 0}",sun_attribute_013=s0 AND sun_attribute_040=s2 AND sun_attribute_089=s3 AND sun_attribute_065=s0,506,priory,462,0.02813852813852814,0.04978448275862069,449,4,4,semantic_prototype,"[40, 41, 147, 148, 151, 152, 154, 155, 158, 159, 172, 267, 294, 295, 297, 298, 425, 433, 440, 442]"
R0118,"{'8': 3, '9': 0, '11': 3, '15': 2}",sun_attribute_068=s3 AND sun_attribute_091=s0 AND sun_attribute_089=s3 AND sun_attribute_092=s2,418,moat water,107,0.028037383177570093,0.011530172413793104,104,4,4,semantic_prototype,"[50, 52, 53, 55, 56, 59, 60, 80, 81, 86, 211, 218, 257, 309, 315, 361, 530, 692, 695, 696]"
R0119,"{'5': 3, '9': 0, '12': 3, '16': 3}",sun_attribute_087=s3 AND sun_attribute_091=s0 AND sun_attribute_007=s3 AND sun_attribute_006=s3,460,outcropping,539,0.027829313543599257,0.05808189655172414,524,4,4,semantic_prototype,"[160, 161, 162, 163, 164, 165, 166, 167, 168, 169, 170, 171, 172, 173, 174, 175, 194, 195, 196, 199]"
R0120,"{'5': 0, '11': 1, '12': 0, '13': 0}",sun_attribute_087=s0 AND sun_attribute_089=s1 AND sun_attribute_007=s0 AND sun_attribute_023=s0,16,apse indoor,216,0.027777777777777776,0.02327586206896552,210,4,4,semantic_prototype,"[97, 120, 137, 183, 246, 371, 379, 422, 424, 484, 491, 679, 725, 840, 860, 950, 951, 953, 957, 1078]"
R0121,"{'9': 0, '11': 3, '12': 3, '16': 3}",sun_attribute_091=s0 AND sun_attribute_089=s3 AND sun_attribute_007=s3 AND sun_attribute_006=s3,600,stone circle,545,0.027522935779816515,0.05872844827586207,530,4,4,semantic_prototype,"[153, 160, 161, 162, 163, 164, 166, 167, 168, 169, 170, 171, 172, 174, 175, 194, 195, 196, 199, 200]"
R0122,"{'5': 3, '7': 0, '16': 3, '17': 0}",sun_attribute_087=s3 AND sun_attribute_021=s0 AND sun_attribute_006=s3 AND sun_attribute_026=s0,193,creek,546,0.027472527472527472,0.058836206896551724,531,4,4,semantic_prototype,"[144, 162, 166, 169, 173, 174, 194, 195, 196, 199, 200, 202, 206, 467, 497, 498, 500, 502, 504, 508]"
R0123,"{'9': 0, '10': 3, '11': 3, '16': 2}",sun_attribute_091=s0 AND sun_attribute_040=s3 AND sun_attribute_089=s3 AND sun_attribute_006=s2,468,park,442,0.027149321266968326,0.047629310344827584,430,4,4,semantic_prototype,"[32, 34, 35, 37, 39, 44, 45, 46, 47, 59, 60, 61, 85, 88, 149, 150, 210, 218, 265, 266]"
R0124,"{'5': 0, '9': 0, '15': 2, '16': 0}",sun_attribute_087=s0 AND sun_attribute_091=s0 AND sun_attribute_092=s2 AND sun_attribute_006=s0,6,airport entrance,259,0.02702702702702703,0.02790948275862069,252,4,4,semantic_prototype,"[81, 223, 240, 259, 271, 320, 330, 331, 333, 335, 531, 539, 641, 649, 776, 778, 780, 788, 790, 794]"
R0125,"{'4': 2, '9': 0, '10': 2, '15': 2}",sun_attribute_066=s2 AND sun_attribute_091=s0 AND sun_attribute_040=s2 AND sun_attribute_092=s2,702,windmill,222,0.02702702702702703,0.023922413793103448,216,4,4,semantic_prototype,"[55, 62, 80, 91, 94, 145, 214, 271, 312, 316, 317, 328, 331, 358, 486, 505, 530, 569, 592, 598]"
R0126,"{'5': 0, '9': 0, '14': 0, '16': 0}",sun_attribute_087=s0 AND sun_attribute_091=s0 AND sun_attribute_065=s0 AND sun_attribute_006=s0,240,embassy,260,0.026923076923076925,0.028017241379310345,253,4,4,semantic_prototype,"[267, 270, 327, 335, 373, 430, 440, 444, 531, 532, 641, 648, 649, 726, 788, 794, 797, 798, 945, 977]"
R0127,"{'2': 1, '11': 2, '13': 1, '15': 2}",sun_attribute_022=s1 AND sun_attribute_089=s2 AND sun_attribute_023=s1 AND sun_attribute_092=s2,13,amusement park,336,0.026785714285714284,0.03620689655172414,327,4,4,semantic_prototype,"[63, 87, 92, 95, 107, 139, 140, 240, 243, 244, 251, 252, 256, 320, 366, 398, 428, 437, 496, 507]"
R0128,"{'1': 3, '5': 3, '11': 3, '12': 3}",sun_attribute_094=s3 AND sun_attribute_087=s3 AND sun_attribute_089=s3 AND sun_attribute_007=s3,565,sea cliff,523,0.02676864244741874,0.05635775862068965,509,4,4,semantic_prototype,"[160, 161, 162, 163, 164, 166, 167, 168, 169, 170, 171, 172, 174, 175, 194, 196, 199, 200, 202, 206]"
R0129,"{'9': 0, '10': 3, '11': 3, '15': 3}",sun_attribute_091=s0 AND sun_attribute_040=s3 AND sun_attribute_089=s3 AND sun_attribute_092=s3,524,ranch,451,0.026607538802660754,0.048599137931034486,439,4,4,semantic_prototype,"[35, 43, 61, 88, 144, 210, 212, 314, 390, 526, 528, 534, 538, 541, 622, 645, 646, 650, 808, 810]"
R0130,"{'5': 0, '6': 0, '10': 2, '15': 0}",sun_attribute_087=s0 AND sun_attribute_013=s0 AND sun_attribute_040=s2 AND sun_attribute_092=s0,673,veranda,303,0.026402640264026403,0.03265086206896552,295,4,4,semantic_prototype,"[159, 267, 371, 379, 381, 416, 418, 420, 422, 427, 430, 440, 482, 484, 488, 704, 723, 725, 842, 863]"
R0131,"{'0': 3, '6': 3, '8': 3, '9': 0}",sun_attribute_014=s3 AND sun_attribute_013=s3 AND sun_attribute_068=s3 AND sun_attribute_091=s0,612,swimming hole,531,0.026365348399246705,0.057219827586206896,517,4,4,semantic_prototype,"[49, 50, 52, 53, 56, 57, 59, 60, 61, 63, 80, 86, 88, 93, 94, 95, 144, 192, 193, 194]"
R0132,"{'1': 3, '5': 3, '12': 3, '16': 3}",sun_attribute_094=s3 AND sun_attribute_087=s3 AND sun_attribute_007=s3 AND sun_attribute_006=s3,304,gorge,532,0.02631578947368421,0.05732758620689655,518,4,4,semantic_prototype,"[160, 161, 162, 163, 164, 165, 166, 167, 168, 169, 170, 171, 172, 173, 174, 175, 194, 196, 199, 200]"
R0133,"{'1': 3, '5': 3, '12': 3, '16': 3}",sun_attribute_094=s3 AND sun_attribute_087=s3 AND sun_attribute_007=s3 AND sun_attribute_006=s3,603,strip mine,532,0.02631578947368421,0.05732758620689655,518,4,4,semantic_prototype,"[160, 161, 162, 163, 164, 165, 166, 167, 168, 169, 170, 171, 172, 173, 174, 175, 194, 196, 199, 200]"
R0134,"{'4': 0, '5': 0, '10': 0, '17': 3}",sun_attribute_066=s0 AND sun_attribute_087=s0 AND sun_attribute_040=s0 AND sun_attribute_026=s3,160,circus tent indoor,304,0.02631578947368421,0.032758620689655175,296,4,4,semantic_prototype,"[18, 71, 141, 143, 230, 276, 279, 283, 284, 286, 412, 494, 769, 1011, 1381, 1392, 1400, 1403, 1406, 1479]"
R0135,"{'2': 2, '7': 2, '13': 2, '15': 2}",sun_attribute_022=s2 AND sun_attribute_021=s2 AND sun_attribute_023=s2 AND sun_attribute_092=s2,577,skatepark,385,0.025974025974025976,0.041487068965517244,375,4,4,semantic_prototype,"[36, 40, 45, 142, 247, 248, 257, 259, 271, 310, 334, 397, 436, 448, 450, 459, 529, 531, 535, 537]"
R0136,"{'3': 0, '4': 0, '9': 0, '10': 3}",sun_attribute_000=s0 AND sun_attribute_066=s0 AND sun_attribute_091=s0 AND sun_attribute_040=s3,187,cottage garden,506,0.025691699604743084,0.054525862068965515,493,4,4,semantic_prototype,"[32, 34, 36, 37, 38, 43, 45, 46, 149, 266, 290, 291, 321, 352, 373, 375, 421, 451, 453, 458]"
R0137,"{'9': 0, '11': 3, '12': 3, '16': 3}",sun_attribute_091=s0 AND sun_attribute_089=s3 AND sun_attribute_007=s3 AND sun_attribute_006=s3,544,road cut,545,0.025688073394495414,0.05872844827586207,531,4,4,semantic_prototype,"[153, 160, 161, 162, 163, 164, 166, 167, 168, 169, 170, 171, 172, 174, 175, 194, 195, 196, 199, 200]"
R0138,"{'8': 1, '9': 0, '10': 3, '11': 3}",sun_attribute_068=s1 AND sun_attribute_091=s0 AND sun_attribute_040=s3 AND sun_attribute_089=s3,492,plantation house,429,0.02564102564102564,0.04622844827586207,418,4,4,semantic_prototype,"[39, 42, 47, 149, 150, 265, 266, 290, 300, 303, 321, 325, 329, 421, 457, 540, 608, 610, 611, 612]"
R0139,"{'3': 2, '9': 0, '11': 3, '15': 2}",sun_attribute_000=s2 AND sun_attribute_091=s0 AND sun_attribute_089=s3 AND sun_attribute_092=s2,598,steel mill outdoor,273,0.02564102564102564,0.029418103448275862,266,4,4,semantic_prototype,"[48, 54, 81, 82, 91, 145, 214, 257, 292, 312, 313, 316, 328, 358, 361, 365, 397, 436, 505, 530]"
R0140,"{'5': 0, '12': 0, '13': 1, '15': 2}",sun_attribute_087=s0 AND sun_attribute_007=s0 AND sun_attribute_023=s1 AND sun_attribute_092=s2,571,shipyard outdoor,313,0.025559105431309903,0.03372844827586207,305,4,4,semantic_prototype,"[102, 107, 140, 184, 240, 243, 252, 256, 289, 320, 330, 333, 366, 428, 480, 539, 597, 626, 636, 638]"
R0141,"{'9': 0, '10': 3, '11': 3, '12': 0}",sun_attribute_091=s0 AND sun_attribute_040=s3 AND sun_attribute_089=s3 AND sun_attribute_007=s0,227,driveway,235,0.02553191489361702,0.025323275862068964,229,4,4,semantic_prototype,"[35, 36, 48, 50, 53, 56, 210, 211, 212, 266, 293, 300, 321, 325, 526, 528, 534, 535, 538, 539]"
R0142,"{'4': 0, '10': 3, '11': 3, '14': 0}",sun_attribute_066=s0 AND sun_attribute_040=s3 AND sun_attribute_089=s3 AND sun_attribute_065=s0,320,hedge maze,512,0.025390625,0.05517241379310345,499,4,4,semantic_prototype,"[32, 34, 36, 37, 42, 43, 45, 46, 54, 149, 150, 266, 291, 303, 321, 352, 421, 457, 528, 533]"
R0143,"{'8': 1, '9': 0, '12': 0, '15': 2}",sun_attribute_068=s1 AND sun_attribute_091=s0 AND sun_attribute_007=s0 AND sun_attribute_092=s2,293,gasworks,197,0.025380710659898477,0.02122844827586207,192,4,4,semantic_prototype,"[259, 300, 321, 325, 333, 335, 531, 569, 592, 644, 649, 651, 652, 653, 784, 785, 787, 790, 796, 811]"
R0144,"{'5': 0, '10': 0, '16': 0, '17': 3}",sun_attribute_087=s0 AND sun_attribute_040=s0 AND sun_attribute_006=s0 AND sun_attribute_026=s3,490,planetarium indoor,396,0.025252525252525252,0.04267241379310345,386,4,4,semantic_prototype,"[18, 71, 128, 141, 142, 143, 230, 231, 276, 279, 280, 283, 284, 286, 401, 412, 494, 768, 769, 972]"
R0145,"{'5': 0, '10': 0, '16': 0, '17': 3}",sun_attribute_087=s0 AND sun_attribute_040=s0 AND sun_attribute_006=s0 AND sun_attribute_026=s3,670,velodrome indoor,396,0.025252525252525252,0.04267241379310345,386,4,4,semantic_prototype,"[18, 71, 128, 141, 142, 143, 230, 231, 276, 279, 280, 283, 284, 286, 401, 412, 494, 768, 769, 972]"
R0146,"{'4': 0, '5': 0, '11': 2, '16': 0}",sun_attribute_066=s0 AND sun_attribute_087=s0 AND sun_attribute_089=s2 AND sun_attribute_006=s0,108,building facade,398,0.02512562814070352,0.04288793103448276,388,4,4,semantic_prototype,"[134, 270, 296, 301, 323, 354, 357, 360, 369, 373, 377, 380, 416, 430, 482, 532, 723, 726, 774, 777]"
R0147,"{'1': 1, '4': 0, '9': 0, '10': 3}",sun_attribute_094=s1 AND sun_attribute_066=s0 AND sun_attribute_091=s0 AND sun_attribute_040=s3,46,badminton court outdoor,199,0.02512562814070352,0.02144396551724138,194,4,4,semantic_prototype,"[34, 45, 47, 149, 266, 290, 291, 303, 352, 533, 542, 612, 655, 730, 805, 900, 1036, 1038, 1105, 1107]"
R0148,"{'5': 0, '9': 0, '14': 1, '17': 0}",sun_attribute_087=s0 AND sun_attribute_091=s0 AND sun_attribute_065=s1 AND sun_attribute_026=s0,685,watchtower,162,0.024691358024691357,0.017456896551724138,158,4,4,semantic_prototype,"[293, 296, 302, 308, 316, 317, 318, 320, 322, 324, 326, 330, 332, 333, 446, 463, 492, 593, 594, 597]"
R0149,"{'9': 0, '10': 3, '11': 3, '17': 0}",sun_attribute_091=s0 AND sun_attribute_040=s3 AND sun_attribute_089=s3 AND sun_attribute_026=s0,276,forest road,654,0.024464831804281346,0.07047413793103448,638,4,4,semantic_prototype,"[34, 37, 39, 43, 44, 46, 50, 52, 53, 54, 59, 60, 85, 144, 149, 210, 212, 218, 290, 291]"
R0150,"{'0': 3, '3': 3, '6': 3, '8': 3}",sun_attribute_014=s3 AND sun_attribute_000=s3 AND sun_attribute_013=s3 AND sun_attribute_068=s3,218,dock,579,0.024179620034542316,0.06239224137931035,565,4,4,semantic_prototype,"[49, 50, 52, 53, 56, 57, 59, 60, 61, 63, 80, 86, 88, 89, 93, 94, 95, 144, 181, 192]"
R0151,"{'8': 3, '9': 0, '11': 3, '15': 3}",sun_attribute_068=s3 AND sun_attribute_091=s0 AND sun_attribute_089=s3 AND sun_attribute_092=s3,376,lake artificial,422,0.023696682464454975,0.04547413793103448,412,4,4,semantic_prototype,"[49, 61, 84, 88, 93, 144, 192, 193, 194, 195, 196, 197, 198, 199, 200, 202, 204, 205, 206, 207]"
R0152,"{'5': 3, '9': 0, '15': 3, '16': 3}",sun_attribute_087=s3 AND sun_attribute_091=s0 AND sun_attribute_092=s3 AND sun_attribute_006=s3,325,hill,597,0.023450586264656615,0.06433189655172414,583,4,4,semantic_prototype,"[144, 161, 163, 164, 166, 167, 168, 169, 170, 194, 195, 196, 199, 200, 202, 206, 467, 497, 498, 499]"
R0153,"{'4': 0, '10': 3, '11': 3, '14': 0}",sun_attribute_066=s0 AND sun_attribute_040=s3 AND sun_attribute_089=s3 AND sun_attribute_065=s0,277,formal garden,512,0.0234375,0.05517241379310345,500,4,4,semantic_prototype,"[32, 34, 36, 37, 42, 43, 45, 46, 54, 149, 150, 266, 291, 303, 321, 352, 421, 457, 528, 533]"
R0154,"{'3': 1, '4': 1, '5': 0, '15': 2}",sun_attribute_000=s1 AND sun_attribute_066=s1 AND sun_attribute_087=s0 AND sun_attribute_092=s2,521,railway yard,299,0.023411371237458192,0.032219827586206895,292,4,4,semantic_prototype,"[41, 102, 136, 184, 248, 259, 289, 294, 295, 308, 310, 318, 333, 334, 335, 359, 366, 480, 483, 492]"
R0155,"{'3': 3, '4': 3, '6': 3, '14': 3}",sun_attribute_000=s3 AND sun_attribute_066=s3 AND sun_attribute_013=s3 AND sun_attribute_065=s3,341,ice floe,514,0.023346303501945526,0.05538793103448276,502,4,4,semantic_prototype,"[49, 50, 52, 56, 57, 60, 63, 86, 95, 181, 192, 193, 194, 195, 196, 197, 198, 199, 200, 201]"
R0156,"{'5': 3, '6': 1, '9': 0, '11': 3}",sun_attribute_087=s3 AND sun_attribute_013=s1 AND sun_attribute_091=s0 AND sun_attribute_089=s3,581,ski slope,344,0.023255813953488372,0.03706896551724138,336,4,4,semantic_prototype,"[161, 162, 167, 175, 577, 585, 591, 612, 617, 621, 752, 759, 763, 764, 865, 868, 869, 875, 877, 878]"
R0157,"{'3': 2, '9': 0, '11': 3, '15': 3}",sun_attribute_000=s2 AND sun_attribute_091=s0 AND sun_attribute_089=s3 AND sun_attribute_092=s3,5,airport airport,388,0.023195876288659795,0.04181034482758621,379,4,4,semantic_prototype,"[35, 90, 161, 164, 166, 167, 168, 169, 304, 432, 434, 438, 452, 455, 460, 499, 501, 502, 509, 520]"
R0158,"{'5': 0, '9': 0, '10': 2, '11': 3}",sun_attribute_087=s0 AND sun_attribute_091=s0 AND sun_attribute_040=s2 AND sun_attribute_089=s3,283,freeway,481,0.02286902286902287,0.05183189655172414,470,4,4,semantic_prototype,"[40, 41, 151, 159, 259, 267, 294, 295, 299, 308, 316, 317, 330, 333, 359, 362, 385, 432, 438, 440]"
R0159,"{'9': 0, '10': 3, '11': 3, '14': 0}",sun_attribute_091=s0 AND sun_attribute_040=s3 AND sun_attribute_089=s3 AND sun_attribute_065=s0,34,athletic field outdoor,527,0.022770398481973434,0.056788793103448275,515,4,4,semantic_prototype,"[32, 34, 36, 37, 39, 42, 43, 45, 46, 54, 149, 150, 266, 291, 303, 321, 329, 352, 421, 457]"
R0160,"{'1': 2, '9': 0, '11': 3, '15': 3}",sun_attribute_094=s2 AND sun_attribute_091=s0 AND sun_attribute_089=s3 AND sun_attribute_092=s3,255,field road,573,0.02268760907504363,0.061745689655172416,560,4,4,semantic_prototype,"[43, 49, 61, 84, 90, 93, 144, 192, 193, 195, 197, 198, 204, 207, 208, 216, 305, 307, 384, 388]"
R0161,"{'1': 2, '9': 0, '11': 3, '15': 3}",sun_attribute_094=s2 AND sun_attribute_091=s0 AND sun_attribute_089=s3 AND sun_attribute_092=s3,555,salt plain,573,0.02268760907504363,0.061745689655172416,560,4,4,semantic_prototype,"[43, 49, 61, 84, 90, 93, 144, 192, 193, 195, 197, 198, 204, 207, 208, 216, 305, 307, 384, 388]"
R0162,"{'7': 0, '8': 0, '13': 0, '15': 2}",sun_attribute_021=s0 AND sun_attribute_068=s0 AND sun_attribute_023=s0 AND sun_attribute_092=s2,362,junkyard,269,0.022304832713754646,0.02898706896551724,263,4,4,semantic_prototype,"[41, 44, 174, 318, 331, 380, 417, 424, 433, 492, 577, 578, 584, 588, 591, 594, 595, 596, 601, 620]"
R0163,"{'9': 0, '10': 2, '11': 3, '16': 3}",sun_attribute_091=s0 AND sun_attribute_040=s2 AND sun_attribute_089=s3 AND sun_attribute_006=s3,678,village,359,0.022284122562674095,0.038685344827586204,351,4,4,semantic_prototype,"[153, 161, 162, 163, 164, 166, 167, 169, 170, 171, 172, 174, 175, 195, 199, 200, 202, 450, 452, 455]"
R0164,"{'5': 0, '9': 0, '11': 3, '14': 0}",sun_attribute_087=s0 AND sun_attribute_091=s0 AND sun_attribute_089=s3 AND sun_attribute_065=s0,514,quadrangle,361,0.0221606648199446,0.038900862068965515,353,4,4,semantic_prototype,"[36, 40, 41, 146, 151, 156, 159, 267, 294, 295, 299, 352, 440, 444, 528, 529, 531, 534, 535, 537]"
R0165,"{'9': 0, '11': 3, '16': 3, '17': 0}",sun_attribute_091=s0 AND sun_attribute_089=s3 AND sun_attribute_006=s3 AND sun_attribute_026=s0,219,dolmen,635,0.02204724409448819,0.06842672413793104,621,4,4,semantic_prototype,"[43, 54, 144, 160, 162, 166, 169, 174, 194, 195, 196, 199, 200, 202, 206, 457, 467, 497, 498, 501]"
R0166,"{'0': 1, '6': 1, '9': 0, '15': 2}",sun_attribute_014=s1 AND sun_attribute_013=s1 AND sun_attribute_091=s0 AND sun_attribute_092=s2,313,hacienda,500,0.022,0.05387931034482758,489,4,4,semantic_prototype,"[83, 85, 150, 153, 162, 175, 265, 288, 290, 292, 299, 300, 312, 316, 317, 325, 329, 333, 356, 359]"
R0167,"{'9': 0, '11': 3, '15': 3, '16': 3}",sun_attribute_091=s0 AND sun_attribute_089=s3 AND sun_attribute_092=s3 AND sun_attribute_006=s3,351,irrigation ditch,640,0.021875,0.06896551724137931,626,4,4,semantic_prototype,"[43, 144, 161, 163, 164, 166, 167, 168, 169, 170, 194, 195, 196, 199, 200, 202, 206, 452, 455, 467]"
R0168,"{'9': 0, '11': 3, '15': 3, '16': 3}",sun_attribute_091=s0 AND sun_attribute_089=s3 AND sun_attribute_092=s3 AND sun_attribute_006=s3,428,mountain road,640,0.021875,0.06896551724137931,626,4,4,semantic_prototype,"[43, 144, 161, 163, 164, 166, 167, 168, 169, 170, 194, 195, 196, 199, 200, 202, 206, 452, 455, 467]"
R0169,"{'5': 0, '9': 0, '10': 2, '15': 2}",sun_attribute_087=s0 AND sun_attribute_091=s0 AND sun_attribute_040=s2 AND sun_attribute_092=s2,647,train depot,462,0.021645021645021644,0.04978448275862069,452,4,4,semantic_prototype,"[40, 41, 107, 223, 259, 271, 294, 295, 299, 308, 316, 317, 330, 331, 333, 335, 359, 492, 529, 531]"
R0170,"{'9': 0, '10': 2, '11': 3, '15': 3}",sun_attribute_091=s0 AND sun_attribute_040=s2 AND sun_attribute_089=s3 AND sun_attribute_092=s3,701,wind farm,650,0.021538461538461538,0.07004310344827586,636,4,4,semantic_prototype,"[49, 84, 93, 161, 163, 164, 166, 167, 169, 170, 192, 193, 195, 197, 199, 200, 202, 204, 205, 207]"
R0171,"{'3': 0, '6': 0, '11': 3, '12': 2}",sun_attribute_000=s0 AND sun_attribute_013=s0 AND sun_attribute_089=s3 AND sun_attribute_007=s2,374,labyrinth outdoor,279,0.021505376344086023,0.030064655172413794,273,4,4,semantic_prototype,"[32, 37, 43, 46, 147, 152, 267, 425, 433, 440, 447, 489, 608, 611, 614, 619, 620, 623, 760, 767]"
R0172,"{'1': 2, '10': 3, '16': 3, '17': 0}",sun_attribute_094=s2 AND sun_attribute_040=s3 AND sun_attribute_006=s3 AND sun_attribute_026=s0,457,orchard,329,0.02127659574468085,0.03545258620689655,322,4,4,semantic_prototype,"[43, 54, 144, 454, 457, 608, 614, 620, 699, 703, 752, 753, 755, 756, 757, 758, 759, 760, 761, 762]"
R0173,"{'1': 0, '5': 0, '9': 1, '16': 0}",sun_attribute_094=s0 AND sun_attribute_087=s0 AND sun_attribute_091=s1 AND sun_attribute_006=s0,125,canal urban,474,0.02109704641350211,0.05107758620689655,464,4,4,semantic_prototype,"[28, 120, 134, 137, 140, 142, 241, 252, 256, 261, 323, 353, 357, 366, 369, 377, 387, 416, 418, 426]"
R0174,"{'9': 0, '10': 3, '11': 3, '16': 3}",sun_attribute_091=s0 AND sun_attribute_040=s3 AND sun_attribute_089=s3 AND sun_attribute_006=s3,541,rice paddy,570,0.021052631578947368,0.061422413793103446,558,4,4,semantic_prototype,"[42, 43, 54, 144, 457, 608, 611, 612, 614, 617, 619, 620, 621, 623, 696, 699, 701, 703, 752, 754]"
R0175,"{'9': 0, '10': 3, '11': 3, '16': 3}",sun_attribute_091=s0 AND sun_attribute_040=s3 AND sun_attribute_089=s3 AND sun_attribute_006=s3,617,tea garden,570,0.021052631578947368,0.061422413793103446,558,4,4,semantic_prototype,"[42, 43, 54, 144, 457, 608, 611, 612, 614, 617, 619, 620, 621, 623, 696, 699, 701, 703, 752, 754]"
R0176,"{'2': 3, '7': 3, '12': 0, '13': 3}",sun_attribute_022=s3 AND sun_attribute_021=s3 AND sun_attribute_007=s0 AND sun_attribute_023=s3,415,mini golf course outdoor,285,0.021052631578947368,0.030711206896551723,279,4,4,semantic_prototype,"[132, 143, 1008, 1009, 1011, 1012, 1014, 1015, 1016, 1017, 1018, 1019, 1020, 1042, 1047, 1125, 1135, 1752, 1840, 1843]"
R0177,"{'5': 0, '7': 0, '9': 0, '10': 2}",sun_attribute_087=s0 AND sun_attribute_021=s0 AND sun_attribute_091=s0 AND sun_attribute_040=s2,142,cathedral outdoor,381,0.02099737532808399,0.04105603448275862,373,4,4,semantic_prototype,"[41, 51, 58, 107, 151, 270, 294, 295, 296, 299, 302, 316, 317, 324, 326, 327, 331, 332, 333, 335]"
R0178,"{'1': 3, '5': 3, '9': 0, '12': 3}",sun_attribute_094=s3 AND sun_attribute_087=s3 AND sun_attribute_091=s0 AND sun_attribute_007=s3,690,waterfall block,525,0.02095238095238095,0.056573275862068964,514,4,4,semantic_prototype,"[160, 161, 162, 163, 164, 165, 166, 167, 168, 169, 170, 171, 172, 173, 174, 175, 194, 196, 199, 200]"
R0179,"{'1': 3, '5': 3, '9': 0, '12': 3}",sun_attribute_094=s3 AND sun_attribute_087=s3 AND sun_attribute_091=s0 AND sun_attribute_007=s3,693,waterfall fan,525,0.02095238095238095,0.056573275862068964,514,4,4,semantic_prototype,"[160, 161, 162, 163, 164, 165, 166, 167, 168, 169, 170, 171, 172, 173, 174, 175, 194, 196, 199, 200]"
R0180,"{'0': 3, '3': 3, '4': 3, '6': 3}",sun_attribute_014=s3 AND sun_attribute_000=s3 AND sun_attribute_066=s3 AND sun_attribute_013=s3,261,fish farm,573,0.020942408376963352,0.061745689655172416,561,4,4,semantic_prototype,"[49, 50, 52, 53, 56, 57, 59, 60, 63, 86, 88, 89, 93, 95, 144, 181, 192, 193, 194, 195]"
R0181,"{'4': 0, '9': 0, '10': 3, '11': 3}",sun_attribute_066=s0 AND sun_attribute_091=s0 AND sun_attribute_040=s3 AND sun_attribute_089=s3,669,vegetable garden,534,0.020599250936329586,0.05754310344827586,523,4,4,semantic_prototype,"[32, 34, 36, 37, 42, 43, 45, 46, 47, 54, 149, 150, 266, 290, 291, 303, 321, 352, 421, 457]"
R0182,"{'5': 0, '8': 1, '10': 2, '11': 2}",sun_attribute_087=s0 AND sun_attribute_068=s1 AND sun_attribute_040=s2 AND sun_attribute_089=s2,167,cloister outdoor,245,0.02040816326530612,0.026400862068965518,240,4,4,semantic_prototype,"[134, 139, 157, 248, 322, 324, 326, 332, 335, 354, 355, 357, 377, 383, 439, 728, 828, 835, 842, 859]"
R0183,"{'9': 0, '11': 3, '12': 2, '15': 2}",sun_attribute_091=s0 AND sun_attribute_089=s3 AND sun_attribute_007=s2 AND sun_attribute_092=s2,578,ski jump,491,0.020366598778004074,0.05290948275862069,481,4,4,semantic_prototype,"[32, 37, 41, 42, 46, 54, 80, 85, 86, 91, 145, 147, 148, 150, 155, 158, 265, 312, 317, 361]"
R0184,"{'5': 0, '6': 0, '9': 1, '12': 0}",sun_attribute_087=s0 AND sun_attribute_013=s0 AND sun_attribute_091=s1 AND sun_attribute_007=s0,480,phone booth,443,0.020316027088036117,0.04773706896551724,434,4,4,semantic_prototype,"[120, 134, 301, 323, 334, 360, 366, 374, 380, 382, 416, 418, 482, 626, 720, 722, 723, 725, 733, 748]"
R0185,"{'9': 0, '11': 3, '15': 3, '16': 3}",sun_attribute_091=s0 AND sun_attribute_089=s3 AND sun_attribute_092=s3 AND sun_attribute_006=s3,319,heath,640,0.0203125,0.06896551724137931,627,4,4,semantic_prototype,"[43, 144, 161, 163, 164, 166, 167, 168, 169, 170, 194, 195, 196, 199, 200, 202, 206, 452, 455, 467]"
R0186,"{'9': 0, '11': 3, '15': 3, '16': 3}",sun_attribute_091=s0 AND sun_attribute_089=s3 AND sun_attribute_092=s3 AND sun_attribute_006=s3,474,pasture,640,0.0203125,0.06896551724137931,627,4,4,semantic_prototype,"[43, 144, 161, 163, 164, 166, 167, 168, 169, 170, 194, 195, 196, 199, 200, 202, 206, 452, 455, 467]"
R0187,"{'9': 0, '10': 2, '11': 3, '15': 3}",sun_attribute_091=s0 AND sun_attribute_040=s2 AND sun_attribute_089=s3 AND sun_attribute_092=s3,206,desert road,650,0.02,0.07004310344827586,637,4,4,semantic_prototype,"[49, 84, 93, 161, 163, 164, 166, 167, 169, 170, 192, 193, 195, 197, 199, 200, 202, 204, 205, 207]"
R0188,"{'9': 0, '10': 2, '11': 3, '15': 3}",sun_attribute_091=s0 AND sun_attribute_040=s2 AND sun_attribute_089=s3 AND sun_attribute_092=s3,324,highway,650,0.02,0.07004310344827586,637,4,4,semantic_prototype,"[49, 84, 93, 161, 163, 164, 166, 167, 169, 170, 192, 193, 195, 197, 199, 200, 202, 204, 205, 207]"
R0189,"{'9': 0, '10': 3, '11': 3, '15': 3}",sun_attribute_091=s0 AND sun_attribute_040=s3 AND sun_attribute_089=s3 AND sun_attribute_092=s3,303,golf course,451,0.019955654101995565,0.048599137931034486,442,4,4,semantic_prototype,"[35, 43, 61, 88, 144, 210, 212, 314, 390, 526, 528, 534, 538, 541, 622, 645, 646, 650, 808, 810]"
R0190,"{'1': 2, '9': 0, '12': 2, '17': 0}",sun_attribute_094=s2 AND sun_attribute_091=s0 AND sun_attribute_007=s2 AND sun_attribute_026=s0,340,hut,605,0.019834710743801654,0.06519396551724138,593,4,4,semantic_prototype,"[37, 38, 43, 46, 54, 85, 94, 144, 145, 146, 147, 148, 151, 152, 155, 156, 192, 193, 197, 198]"
R0191,"{'5': 0, '9': 1, '12': 0, '16': 0}",sun_attribute_087=s0 AND sun_attribute_091=s1 AND sun_attribute_007=s0 AND sun_attribute_006=s0,93,boat deck,610,0.019672131147540985,0.06573275862068965,598,4,4,semantic_prototype,"[28, 120, 134, 137, 140, 142, 241, 243, 247, 252, 256, 261, 301, 323, 353, 360, 366, 369, 377, 380]"
R0192,"{'1': 1, '4': 0, '5': 0, '10': 2}",sun_attribute_094=s1 AND sun_attribute_066=s0 AND sun_attribute_087=s0 AND sun_attribute_040=s2,641,town house,358,0.019553072625698324,0.03857758620689655,351,4,4,semantic_prototype,"[40, 51, 107, 139, 267, 270, 299, 301, 354, 380, 440, 488, 529, 643, 647, 648, 720, 724, 786, 791]"
R0193,"{'5': 3, '7': 0, '9': 0, '11': 3}",sun_attribute_087=s3 AND sun_attribute_021=s0 AND sun_attribute_091=s0 AND sun_attribute_089=s3,208,desert vegetation,670,0.019402985074626865,0.07219827586206896,657,4,4,semantic_prototype,"[144, 162, 164, 166, 168, 169, 170, 172, 174, 192, 193, 194, 195, 196, 197, 198, 199, 200, 202, 204]"
R0194,"{'5': 0, '9': 0, '11': 3, '14': 0}",sun_attribute_087=s0 AND sun_attribute_091=s0 AND sun_attribute_089=s3 AND sun_attribute_065=s0,550,roundabout,361,0.019390581717451522,0.038900862068965515,354,4,4,semantic_prototype,"[36, 40, 41, 146, 151, 156, 159, 267, 294, 295, 299, 352, 440, 444, 528, 529, 531, 534, 535, 537]"
R0195,"{'3': 3, '8': 3, '9': 0, '11': 3}",sun_attribute_000=s3 AND sun_attribute_068=s3 AND sun_attribute_091=s0 AND sun_attribute_089=s3,699,wharf,465,0.01935483870967742,0.050107758620689655,456,4,4,semantic_prototype,"[49, 50, 52, 53, 55, 56, 59, 60, 61, 80, 84, 86, 88, 93, 144, 192, 193, 194, 195, 196]"
R0196,"{'5': 0, '7': 2, '13': 2, '16': 0}",sun_attribute_087=s0 AND sun_attribute_021=s2 AND sun_attribute_023=s2 AND sun_attribute_006=s0,387,lido deck outdoor,522,0.019157088122605363,0.05625,512,4,4,semantic_prototype,"[100, 141, 142, 247, 254, 259, 271, 338, 341, 354, 494, 531, 536, 552, 558, 712, 723, 735, 737, 744]"
R0197,"{'5': 0, '10': 2, '12': 0, '16': 0}",sun_attribute_087=s0 AND sun_attribute_040=s2 AND sun_attribute_007=s0 AND sun_attribute_006=s0,195,crosswalk,630,0.01904761904761905,0.06788793103448276,618,4,4,semantic_prototype,"[58, 133, 134, 135, 223, 247, 256, 259, 261, 264, 270, 271, 301, 302, 322, 323, 324, 326, 327, 330]"
R0198,"{'0': 0, '3': 0, '11': 2, '12': 0}",sun_attribute_014=s0 AND sun_attribute_000=s0 AND sun_attribute_089=s2 AND sun_attribute_007=s0,569,shed,475,0.018947368421052633,0.05118534482758621,466,4,4,semantic_prototype,"[51, 107, 134, 270, 301, 323, 360, 373, 374, 380, 383, 416, 430, 482, 532, 595, 607, 720, 721, 722]"
R0199,"{'5': 3, '9': 0, '10': 3, '16': 3}",sun_attribute_087=s3 AND sun_attribute_091=s0 AND sun_attribute_040=s3 AND sun_attribute_006=s3,694,waterfall plunge,533,0.01876172607879925,0.05743534482758621,523,4,4,semantic_prototype,"[144, 453, 608, 609, 612, 617, 619, 620, 621, 689, 690, 696, 699, 701, 703, 752, 753, 754, 757, 758]"
R0200,"{'2': 2, '7': 2, '10': 0, '17': 3}",sun_attribute_022=s2 AND sun_attribute_021=s2 AND sun_attribute_040=s0 AND sun_attribute_026=s3,143,catwalk,160,0.01875,0.017241379310344827,157,4,4,semantic_prototype,"[141, 142, 494, 768, 1280, 1283, 1291, 1294, 1392, 1406, 1556, 1559, 1566, 1567, 1585, 1593, 1619, 1710, 1780, 1781]"
R0201,"{'8': 3, '9': 0, '10': 2, '11': 3}",sun_attribute_068=s3 AND sun_attribute_091=s0 AND sun_attribute_040=s2 AND sun_attribute_089=s3,515,quay,267,0.018726591760299626,0.02877155172413793,262,4,4,semantic_prototype,"[49, 55, 80, 84, 86, 93, 192, 193, 195, 197, 199, 200, 202, 204, 205, 207, 209, 213, 216, 217]"
R0202,"{'4': 0, '6': 0, '14': 0, '16': 2}",sun_attribute_066=s0 AND sun_attribute_013=s0 AND sun_attribute_065=s0 AND sun_attribute_006=s2,252,fence,642,0.018691588785046728,0.06918103448275863,630,4,4,semantic_prototype,"[32, 34, 37, 38, 45, 46, 147, 149, 152, 154, 155, 158, 266, 291, 297, 298, 303, 321, 352, 421]"
R0203,"{'1': 1, '7': 0, '11': 2, '17': 0}",sun_attribute_094=s1 AND sun_attribute_021=s0 AND sun_attribute_089=s2 AND sun_attribute_026=s0,190,courtyard,268,0.018656716417910446,0.028879310344827585,263,4,4,semantic_prototype,"[51, 89, 107, 215, 222, 251, 301, 332, 360, 380, 389, 394, 443, 446, 480, 572, 594, 596, 599, 602]"
R0204,"{'5': 3, '9': 0, '11': 3, '16': 3}",sun_attribute_087=s3 AND sun_attribute_091=s0 AND sun_attribute_089=s3 AND sun_attribute_006=s3,427,mountain path,861,0.018583042973286876,0.0927801724137931,845,4,4,semantic_prototype,"[144, 160, 161, 162, 163, 164, 166, 167, 168, 169, 170, 171, 172, 174, 175, 194, 195, 196, 199, 200]"
R0205,"{'5': 3, '9': 0, '12': 3, '16': 3}",sun_attribute_087=s3 AND sun_attribute_091=s0 AND sun_attribute_007=s3 AND sun_attribute_006=s3,692,waterfall cataract,539,0.01855287569573284,0.05808189655172414,529,4,4,semantic_prototype,"[160, 161, 162, 163, 164, 165, 166, 167, 168, 169, 170, 171, 172, 173, 174, 175, 194, 195, 196, 199]"
R0206,"{'5': 0, '10': 0, '11': 1, '16': 0}",sun_attribute_087=s0 AND sun_attribute_040=s0 AND sun_attribute_089=s1 AND sun_attribute_006=s0,409,medina,435,0.01839080459770115,0.046875,427,4,4,semantic_prototype,"[97, 102, 120, 128, 130, 183, 245, 246, 249, 250, 253, 351, 424, 660, 661, 679, 735, 737, 741, 769]"
R0207,"{'5': 3, '9': 0, '11': 3, '15': 3}",sun_attribute_087=s3 AND sun_attribute_091=s0 AND sun_attribute_089=s3 AND sun_attribute_092=s3,405,marsh,770,0.01818181818181818,0.08297413793103449,756,4,4,semantic_prototype,"[144, 161, 163, 164, 166, 167, 168, 169, 170, 192, 193, 194, 195, 196, 197, 198, 199, 200, 202, 204]"
R0208,"{'5': 3, '9': 0, '11': 3, '15': 3}",sun_attribute_087=s3 AND sun_attribute_091=s0 AND sun_attribute_089=s3 AND sun_attribute_092=s3,543,river,770,0.01818181818181818,0.08297413793103449,756,4,4,semantic_prototype,"[144, 161, 163, 164, 166, 167, 168, 169, 170, 192, 193, 194, 195, 196, 197, 198, 199, 200, 202, 204]"
R0209,"{'5': 3, '9': 0, '11': 3, '15': 3}",sun_attribute_087=s3 AND sun_attribute_091=s0 AND sun_attribute_089=s3 AND sun_attribute_092=s3,585,snowfield,770,0.01818181818181818,0.08297413793103449,756,4,4,semantic_prototype,"[144, 161, 163, 164, 166, 167, 168, 169, 170, 192, 193, 194, 195, 196, 197, 198, 199, 200, 202, 204]"
R0210,"{'5': 3, '9': 0, '11': 3, '15': 3}",sun_attribute_087=s3 AND sun_attribute_091=s0 AND sun_attribute_089=s3 AND sun_attribute_092=s3,700,wheat field,770,0.01818181818181818,0.08297413793103449,756,4,4,semantic_prototype,"[144, 161, 163, 164, 166, 167, 168, 169, 170, 192, 193, 194, 195, 196, 197, 198, 199, 200, 202, 204]"
R0211,"{'5': 3, '9': 0, '10': 3, '11': 3}",sun_attribute_087=s3 AND sun_attribute_091=s0 AND sun_attribute_040=s3 AND sun_attribute_089=s3,183,corn field,550,0.01818181818181818,0.059267241379310345,540,4,4,semantic_prototype,"[144, 210, 314, 608, 612, 617, 619, 620, 621, 695, 696, 697, 699, 701, 702, 703, 752, 754, 759, 761]"
R0212,"{'1': 0, '5': 0, '12': 0, '15': 2}",sun_attribute_094=s0 AND sun_attribute_087=s0 AND sun_attribute_007=s0 AND sun_attribute_092=s2,487,pilothouse outdoor,495,0.01818181818181818,0.05334051724137931,486,4,4,semantic_prototype,"[36, 136, 140, 142, 184, 240, 241, 246, 252, 256, 271, 320, 330, 331, 333, 334, 335, 366, 531, 535]"
R0213,"{'5': 0, '6': 0, '9': 1, '12': 0}",sun_attribute_087=s0 AND sun_attribute_013=s0 AND sun_attribute_091=s1 AND sun_attribute_007=s0,539,restroom outdoor,443,0.01805869074492099,0.04773706896551724,435,4,4,semantic_prototype,"[120, 134, 301, 323, 334, 360, 366, 374, 380, 382, 416, 418, 482, 626, 720, 722, 723, 725, 733, 748]"
R0214,"{'1': 3, '7': 0, '9': 0, '11': 3}",sun_attribute_094=s3 AND sun_attribute_021=s0 AND sun_attribute_091=s0 AND sun_attribute_089=s3,407,mastaba,391,0.017902813299232736,0.04213362068965517,384,4,4,semantic_prototype,"[162, 164, 166, 168, 169, 170, 172, 174, 194, 196, 199, 200, 202, 206, 467, 497, 498, 502, 508, 509]"
R0215,"{'5': 3, '11': 3, '12': 3, '15': 3}",sun_attribute_087=s3 AND sun_attribute_089=s3 AND sun_attribute_007=s3 AND sun_attribute_092=s3,207,desert sand,448,0.017857142857142856,0.04827586206896552,440,4,4,semantic_prototype,"[161, 163, 164, 166, 167, 168, 169, 170, 194, 195, 196, 199, 200, 202, 206, 467, 471, 497, 498, 499]"
R0216,"{'5': 0, '9': 0, '11': 3, '15': 2}",sun_attribute_087=s0 AND sun_attribute_091=s0 AND sun_attribute_089=s3 AND sun_attribute_092=s2,107,building complex,452,0.017699115044247787,0.04870689655172414,444,4,4,semantic_prototype,"[36, 40, 41, 81, 259, 294, 295, 299, 308, 310, 316, 317, 318, 330, 333, 352, 359, 397, 436, 492]"
R0217,"{'9': 0, '10': 2, '11': 3, '12': 2}",sun_attribute_091=s0 AND sun_attribute_040=s2 AND sun_attribute_089=s3 AND sun_attribute_007=s2,220,donjon,453,0.017660044150110375,0.04881465517241379,445,4,4,semantic_prototype,"[41, 49, 80, 84, 86, 91, 93, 145, 147, 148, 151, 152, 155, 158, 159, 192, 193, 197, 204, 207]"
R0218,"{'7': 0, '9': 0, '11': 3, '14': 0}",sun_attribute_021=s0 AND sun_attribute_091=s0 AND sun_attribute_089=s3 AND sun_attribute_065=s0,198,dacha,454,0.01762114537444934,0.04892241379310345,446,4,4,semantic_prototype,"[34, 37, 39, 41, 46, 146, 147, 148, 149, 151, 152, 154, 172, 266, 291, 294, 295, 298, 299, 303]"
R0219,"{'9': 0, '10': 3, '11': 3, '16': 3}",sun_attribute_091=s0 AND sun_attribute_040=s3 AND sun_attribute_089=s3 AND sun_attribute_006=s3,266,flight of stairs natural,570,0.017543859649122806,0.061422413793103446,560,4,4,semantic_prototype,"[42, 43, 54, 144, 457, 608, 611, 612, 614, 617, 619, 620, 621, 623, 696, 699, 701, 703, 752, 754]"
R0220,"{'9': 0, '12': 0, '13': 1, '15': 2}",sun_attribute_091=s0 AND sun_attribute_007=s0 AND sun_attribute_023=s1 AND sun_attribute_092=s2,322,heliport,228,0.017543859649122806,0.02456896551724138,224,4,4,semantic_prototype,"[56, 57, 62, 63, 107, 240, 320, 321, 330, 333, 539, 597, 636, 644, 649, 651, 652, 653, 655, 776]"
R0221,"{'5': 3, '9': 0, '11': 3, '16': 3}",sun_attribute_087=s3 AND sun_attribute_091=s0 AND sun_attribute_089=s3 AND sun_attribute_006=s3,147,chaparral,861,0.017421602787456445,0.0927801724137931,846,4,4,semantic_prototype,"[144, 160, 161, 162, 163, 164, 166, 167, 168, 169, 170, 171, 172, 174, 175, 194, 195, 196, 199, 200]"
R0222,"{'5': 0, '9': 2, '12': 0, '16': 0}",sun_attribute_087=s0 AND sun_attribute_091=s2 AND sun_attribute_007=s0 AND sun_attribute_006=s0,597,steel mill indoor,579,0.017271157167530225,0.06239224137931035,569,4,4,semantic_prototype,"[9, 97, 98, 100, 102, 108, 128, 129, 130, 135, 141, 143, 183, 246, 249, 250, 253, 254, 255, 269]"
R0223,"{'5': 0, '8': 1, '9': 0, '15': 2}",sun_attribute_087=s0 AND sun_attribute_068=s1 AND sun_attribute_091=s0 AND sun_attribute_092=s2,224,downtown,232,0.017241379310344827,0.025,228,4,4,semantic_prototype,"[259, 295, 299, 316, 317, 333, 335, 529, 531, 632, 644, 649, 654, 656, 785, 790, 791, 796, 799, 811]"
R0224,"{'5': 0, '6': 0, '8': 0, '10': 2}",sun_attribute_087=s0 AND sun_attribute_013=s0 AND sun_attribute_068=s0 AND sun_attribute_040=s2,258,fire station,697,0.01721664275466284,0.07510775862068965,685,4,4,semantic_prototype,"[40, 41, 51, 107, 267, 270, 294, 296, 301, 308, 323, 327, 330, 331, 334, 371, 379, 380, 416, 422]"
R0225,"{'2': 2, '6': 0, '12': 0, '13': 2}",sun_attribute_022=s2 AND sun_attribute_013=s0 AND sun_attribute_007=s0 AND sun_attribute_023=s2,542,riding arena,410,0.01707317073170732,0.04418103448275862,403,4,4,semantic_prototype,"[36, 141, 254, 259, 334, 354, 528, 531, 535, 536, 541, 552, 558, 641, 647, 662, 712, 723, 735, 777]"
R0226,"{'3': 2, '9': 0, '10': 2, '11': 3}",sun_attribute_000=s2 AND sun_attribute_091=s0 AND sun_attribute_040=s2 AND sun_attribute_089=s3,151,chemical plant,352,0.017045454545454544,0.03793103448275862,346,4,4,semantic_prototype,"[82, 91, 145, 161, 164, 166, 167, 169, 214, 304, 312, 316, 328, 358, 362, 432, 438, 452, 455, 460]"
R0227,"{'3': 1, '8': 1, '9': 1, '11': 2}",sun_attribute_000=s1 AND sun_attribute_068=s1 AND sun_attribute_091=s1 AND sun_attribute_089=s2,260,firing range outdoor,235,0.01702127659574468,0.025323275862068964,231,4,4,semantic_prototype,"[139, 248, 357, 366, 439, 443, 445, 454, 483, 599, 728, 732, 743, 762, 774, 854, 944, 988, 1023, 1026]"
R0228,"{'9': 0, '11': 3, '15': 2, '17': 0}",sun_attribute_091=s0 AND sun_attribute_089=s3 AND sun_attribute_092=s2 AND sun_attribute_026=s0,446,oast house,766,0.016971279373368148,0.08254310344827587,753,4,4,semantic_prototype,"[34, 37, 39, 41, 44, 46, 50, 52, 53, 54, 55, 59, 60, 85, 86, 145, 147, 148, 149, 154]"
R0229,"{'9': 0, '10': 2, '11': 3, '15': 3}",sun_attribute_091=s0 AND sun_attribute_040=s2 AND sun_attribute_089=s3 AND sun_attribute_092=s3,553,runway,650,0.016923076923076923,0.07004310344827586,639,4,4,semantic_prototype,"[49, 84, 93, 161, 163, 164, 166, 167, 169, 170, 192, 193, 195, 197, 199, 200, 202, 204, 205, 207]"
R0230,"{'5': 3, '9': 0, '11': 3, '15': 3}",sun_attribute_087=s3 AND sun_attribute_091=s0 AND sun_attribute_089=s3 AND sun_attribute_092=s3,256,field wild,770,0.016883116883116882,0.08297413793103449,757,4,4,semantic_prototype,"[144, 161, 163, 164, 166, 167, 168, 169, 170, 192, 193, 194, 195, 196, 197, 198, 199, 200, 202, 204]"
R0231,"{'7': 0, '9': 0, '10': 2, '11': 3}",sun_attribute_021=s0 AND sun_attribute_091=s0 AND sun_attribute_040=s2 AND sun_attribute_089=s3,159,church outdoor,776,0.01675257731958763,0.08362068965517241,763,4,4,semantic_prototype,"[41, 49, 55, 83, 86, 93, 145, 147, 148, 151, 152, 154, 162, 164, 166, 169, 170, 172, 174, 192]"
R0232,"{'5': 0, '9': 0, '11': 2, '15': 2}",sun_attribute_087=s0 AND sun_attribute_091=s0 AND sun_attribute_089=s2 AND sun_attribute_092=s2,531,recycling plant outdoor,181,0.016574585635359115,0.019504310344827587,178,4,4,semantic_prototype,"[107, 223, 240, 271, 320, 331, 335, 594, 595, 597, 656, 745, 776, 778, 780, 819, 826, 835, 848, 910]"
R0233,"{'5': 0, '9': 1, '11': 2, '16': 0}",sun_attribute_087=s0 AND sun_attribute_091=s1 AND sun_attribute_089=s2 AND sun_attribute_006=s0,608,sun deck,544,0.016544117647058824,0.05862068965517241,535,4,4,semantic_prototype,"[134, 140, 142, 241, 243, 247, 252, 256, 261, 301, 323, 353, 357, 360, 363, 366, 369, 370, 377, 380]"
R0234,"{'9': 0, '10': 3, '13': 1, '15': 2}",sun_attribute_091=s0 AND sun_attribute_040=s3 AND sun_attribute_023=s1 AND sun_attribute_092=s2,476,pavilion,303,0.0165016501650165,0.03265086206896552,298,4,4,semantic_prototype,"[32, 34, 37, 42, 46, 47, 54, 56, 57, 60, 85, 149, 150, 218, 265, 291, 292, 315, 321, 329]"
R0235,"{'3': 0, '9': 0, '10': 3, '14': 0}",sun_attribute_000=s0 AND sun_attribute_091=s0 AND sun_attribute_040=s3 AND sun_attribute_065=s0,639,topiary garden,485,0.016494845360824743,0.052262931034482756,477,4,4,semantic_prototype,"[32, 34, 36, 37, 38, 43, 45, 46, 149, 266, 291, 321, 352, 373, 375, 421, 451, 453, 458, 528]"
R0236,"{'5': 0, '9': 1, '11': 2, '15': 2}",sun_attribute_087=s0 AND sun_attribute_091=s1 AND sun_attribute_089=s2 AND sun_attribute_092=s2,288,gangplank,369,0.016260162601626018,0.03976293103448276,363,4,4,semantic_prototype,"[136, 139, 140, 142, 241, 243, 247, 248, 252, 256, 334, 366, 370, 380, 480, 483, 596, 626, 638, 724]"
R0237,"{'4': 0, '7': 0, '9': 0, '14': 0}",sun_attribute_066=s0 AND sun_attribute_021=s0 AND sun_attribute_091=s0 AND sun_attribute_065=s0,350,inn outdoor,616,0.016233766233766232,0.06637931034482758,606,4,4,semantic_prototype,"[34, 37, 38, 46, 51, 107, 146, 147, 149, 151, 152, 154, 172, 266, 270, 291, 298, 299, 303, 375]"
R0238,"{'7': 0, '9': 0, '10': 2, '13': 0}",sun_attribute_021=s0 AND sun_attribute_091=s0 AND sun_attribute_040=s2 AND sun_attribute_023=s0,378,landfill,617,0.01620745542949757,0.06648706896551725,607,4,4,semantic_prototype,"[41, 49, 51, 55, 58, 83, 86, 93, 94, 145, 148, 151, 152, 162, 169, 170, 173, 174, 195, 197]"
R0239,"{'0': 0, '1': 1, '5': 0, '11': 2}",sun_attribute_014=s0 AND sun_attribute_094=s1 AND sun_attribute_087=s0 AND sun_attribute_089=s2,178,construction site,309,0.016181229773462782,0.03329741379310345,304,4,4,semantic_prototype,"[51, 107, 270, 301, 360, 380, 446, 594, 596, 720, 724, 734, 748, 751, 777, 782, 816, 817, 818, 819]"
R0240,"{'2': 0, '9': 0, '11': 3, '15': 2}",sun_attribute_022=s0 AND sun_attribute_091=s0 AND sun_attribute_089=s3 AND sun_attribute_092=s2,20,aqueduct,563,0.015985790408525755,0.06066810344827586,554,4,4,semantic_prototype,"[37, 39, 41, 44, 46, 48, 50, 52, 53, 55, 59, 60, 83, 86, 145, 147, 148, 149, 162, 172]"
R0241,"{'7': 0, '9': 0, '14': 1, '17': 0}",sun_attribute_021=s0 AND sun_attribute_091=s0 AND sun_attribute_065=s1 AND sun_attribute_026=s0,687,water tower,381,0.015748031496062992,0.04105603448275862,375,4,4,semantic_prototype,"[44, 162, 174, 288, 290, 292, 293, 296, 302, 316, 317, 318, 320, 324, 325, 326, 332, 333, 367, 446]"
R0242,"{'4': 0, '5': 0, '9': 0, '10': 2}",sun_attribute_066=s0 AND sun_attribute_087=s0 AND sun_attribute_091=s0 AND sun_attribute_040=s2,386,library outdoor,446,0.01569506726457399,0.048060344827586206,439,4,4,semantic_prototype,"[40, 51, 107, 151, 159, 267, 270, 296, 299, 330, 354, 430, 440, 529, 531, 636, 641, 643, 647, 648]"
R0243,"{'5': 3, '9': 0, '11': 3, '15': 3}",sun_attribute_087=s3 AND sun_attribute_091=s0 AND sun_attribute_089=s3 AND sun_attribute_092=s3,445,oasis,770,0.015584415584415584,0.08297413793103449,758,4,4,semantic_prototype,"[144, 161, 163, 164, 166, 167, 168, 169, 170, 192, 193, 194, 195, 196, 197, 198, 199, 200, 202, 204]"
R0244,"{'0': 0, '5': 0, '6': 0, '9': 0}",sun_attribute_014=s0 AND sun_attribute_087=s0 AND sun_attribute_013=s0 AND sun_attribute_091=s0,576,signal box,648,0.015432098765432098,0.06982758620689655,638,4,4,semantic_prototype,"[36, 40, 41, 51, 107, 146, 151, 156, 159, 267, 270, 293, 294, 296, 308, 310, 318, 320, 327, 330]"
R0245,"{'5': 0, '9': 1, '10': 2, '11': 2}",sun_attribute_087=s0 AND sun_attribute_091=s1 AND sun_attribute_040=s2 AND sun_attribute_089=s2,523,ramp,393,0.015267175572519083,0.04234913793103448,387,4,4,semantic_prototype,"[134, 136, 139, 247, 248, 256, 261, 301, 323, 334, 353, 355, 357, 369, 377, 380, 383, 416, 426, 439]"
R0246,"{'4': 0, '5': 0, '10': 2, '14': 0}",sun_attribute_066=s0 AND sun_attribute_087=s0 AND sun_attribute_040=s2 AND sun_attribute_065=s0,601,street,787,0.015247776365946633,0.08480603448275863,775,4,4,semantic_prototype,"[40, 51, 107, 133, 134, 135, 139, 151, 159, 267, 270, 299, 301, 323, 357, 369, 371, 378, 379, 380]"
R0247,"{'3': 0, '4': 0, '8': 0, '9': 0}",sun_attribute_000=s0 AND sun_attribute_066=s0 AND sun_attribute_068=s0 AND sun_attribute_091=s0,309,guardhouse,855,0.0152046783625731,0.09213362068965517,842,4,4,semantic_prototype,"[32, 34, 36, 37, 40, 43, 45, 46, 51, 107, 170, 171, 172, 267, 270, 291, 296, 297, 298, 330]"
R0248,"{'5': 0, '9': 0, '10': 2, '15': 2}",sun_attribute_087=s0 AND sun_attribute_091=s0 AND sun_attribute_040=s2 AND sun_attribute_092=s2,477,pedestrian overpass outdoor,462,0.015151515151515152,0.04978448275862069,455,4,4,semantic_prototype,"[40, 41, 107, 223, 259, 271, 294, 295, 299, 308, 316, 317, 330, 331, 333, 335, 359, 492, 529, 531]"
R0249,"{'5': 0, '10': 2, '11': 2, '15': 2}",sun_attribute_087=s0 AND sun_attribute_040=s2 AND sun_attribute_089=s2 AND sun_attribute_092=s2,689,water treatment plant outdoor,267,0.0149812734082397,0.02877155172413793,263,4,4,semantic_prototype,"[107, 136, 139, 223, 247, 248, 256, 271, 331, 334, 335, 380, 428, 480, 594, 724, 733, 745, 816, 817]"
R0250,"{'5': 0, '9': 0, '12': 0, '16': 0}",sun_attribute_087=s0 AND sun_attribute_091=s0 AND sun_attribute_007=s0 AND sun_attribute_006=s0,507,promenade,403,0.01488833746898263,0.043426724137931035,397,4,4,semantic_prototype,"[58, 223, 240, 259, 264, 270, 271, 302, 320, 322, 324, 326, 327, 330, 331, 333, 335, 354, 362, 373]"
R0251,"{'1': 2, '9': 0, '10': 3, '11': 3}",sun_attribute_094=s2 AND sun_attribute_091=s0 AND sun_attribute_040=s3 AND sun_attribute_089=s3,225,drainage ditch,549,0.014571948998178506,0.059159482758620686,541,4,4,semantic_prototype,"[32, 37, 42, 43, 46, 54, 59, 61, 85, 144, 150, 218, 265, 361, 421, 457, 608, 610, 611, 614]"
R0252,"{'11': 0, '12': 0, '15': 0, '17': 0}",sun_attribute_089=s0 AND sun_attribute_007=s0 AND sun_attribute_092=s0 AND sun_attribute_026=s0,478,pet shop,687,0.01455604075691412,0.0740301724137931,677,4,4,semantic_prototype,"[3, 6, 8, 9, 12, 13, 17, 21, 64, 75, 78, 99, 105, 106, 113, 114, 116, 118, 119, 124]"
R0253,"{'1': 2, '2': 0, '7': 0, '17': 0}",sun_attribute_094=s2 AND sun_attribute_022=s0 AND sun_attribute_021=s0 AND sun_attribute_026=s0,361,junk pile,694,0.01440922190201729,0.0747844827586207,684,4,4,semantic_prototype,"[1, 37, 38, 46, 59, 94, 103, 144, 145, 146, 147, 148, 151, 176, 192, 193, 195, 197, 198, 201]"
R0254,"{'6': 0, '7': 0, '9': 0, '11': 3}",sun_attribute_013=s0 AND sun_attribute_021=s0 AND sun_attribute_091=s0 AND sun_attribute_089=s3,520,railroad track,556,0.014388489208633094,0.05991379310344828,548,4,4,semantic_prototype,"[34, 37, 39, 41, 44, 46, 146, 147, 148, 149, 151, 152, 154, 170, 172, 174, 266, 291, 293, 294]"
R0255,"{'9': 0, '11': 3, '14': 2, '15': 2}",sun_attribute_091=s0 AND sun_attribute_089=s3 AND sun_attribute_065=s2 AND sun_attribute_092=s2,106,bridge,211,0.014218009478672985,0.02273706896551724,208,4,4,semantic_prototype,"[48, 53, 55, 59, 80, 81, 91, 145, 211, 214, 218, 257, 265, 312, 313, 315, 361, 397, 436, 505]"
R0256,"{'1': 1, '5': 0, '9': 3, '10': 0}",sun_attribute_094=s1 AND sun_attribute_087=s0 AND sun_attribute_091=s3 AND sun_attribute_040=s0,169,clothing store,639,0.014084507042253521,0.06885775862068966,630,4,4,semantic_prototype,"[2, 4, 8, 10, 11, 13, 15, 31, 64, 69, 73, 77, 101, 105, 106, 112, 113, 121, 185, 224]"
R0257,"{'7': 0, '9': 0, '10': 2, '17': 0}",sun_attribute_021=s0 AND sun_attribute_091=s0 AND sun_attribute_040=s2 AND sun_attribute_026=s0,300,ghost town,789,0.01394169835234474,0.08502155172413793,778,4,4,semantic_prototype,"[41, 51, 55, 58, 86, 94, 107, 145, 147, 148, 151, 152, 154, 162, 166, 169, 173, 174, 192, 193]"
R0258,"{'1': 2, '9': 0, '11': 3, '12': 2}",sun_attribute_094=s2 AND sun_attribute_091=s0 AND sun_attribute_089=s3 AND sun_attribute_007=s2,139,castle,861,0.013937282229965157,0.0927801724137931,849,4,4,semantic_prototype,"[32, 37, 42, 43, 46, 49, 54, 61, 80, 84, 85, 90, 91, 93, 144, 145, 146, 147, 148, 150]"
R0259,"{'4': 0, '11': 2, '12': 0, '14': 0}",sun_attribute_066=s0 AND sun_attribute_089=s2 AND sun_attribute_007=s0 AND sun_attribute_065=s0,306,greenhouse indoor,508,0.013779527559055118,0.054741379310344826,501,4,4,semantic_prototype,"[51, 107, 134, 270, 301, 323, 360, 369, 373, 374, 380, 383, 430, 482, 532, 720, 721, 722, 723, 726]"
R0260,"{'9': 0, '10': 2, '11': 3, '15': 2}",sun_attribute_091=s0 AND sun_attribute_040=s2 AND sun_attribute_089=s3 AND sun_attribute_092=s2,623,temple western,733,0.013642564802182811,0.07898706896551724,723,4,4,semantic_prototype,"[40, 41, 55, 80, 82, 83, 86, 91, 145, 147, 148, 153, 154, 155, 158, 162, 171, 172, 174, 175]"
R0261,"{'0': 0, '6': 0, '8': 0, '11': 2}",sun_attribute_014=s0 AND sun_attribute_013=s0 AND sun_attribute_068=s0 AND sun_attribute_089=s2,41,auto racing paddock,885,0.013559322033898305,0.09536637931034483,873,4,4,semantic_prototype,"[33, 51, 107, 270, 296, 301, 320, 323, 327, 331, 334, 360, 373, 374, 380, 416, 417, 430, 435, 437]"
R0262,"{'2': 0, '7': 0, '11': 2, '13': 0}",sun_attribute_022=s0 AND sun_attribute_021=s0 AND sun_attribute_089=s2 AND sun_attribute_023=s0,131,caravansary,666,0.013513513513513514,0.07176724137931034,657,4,4,semantic_prototype,"[38, 51, 58, 89, 94, 173, 215, 222, 241, 262, 268, 296, 302, 323, 324, 326, 327, 331, 332, 335]"
R0263,"{'9': 0, '11': 3, '14': 0, '15': 2}",sun_attribute_091=s0 AND sun_attribute_089=s3 AND sun_attribute_065=s0 AND sun_attribute_092=s2,329,hospital,748,0.013368983957219251,0.08060344827586206,738,4,4,semantic_prototype,"[32, 34, 36, 37, 39, 40, 41, 42, 45, 46, 54, 147, 148, 149, 150, 154, 155, 158, 172, 175]"
R0264,"{'1': 0, '5': 0, '9': 0, '12': 0}",sun_attribute_094=s0 AND sun_attribute_087=s0 AND sun_attribute_091=s0 AND sun_attribute_007=s0,295,gazebo exterior,449,0.013363028953229399,0.048383620689655175,443,4,4,semantic_prototype,"[36, 58, 240, 271, 293, 302, 320, 322, 324, 326, 327, 330, 331, 333, 335, 362, 373, 376, 385, 430]"
R0265,"{'2': 0, '7': 0, '13': 0, '15': 2}",sun_attribute_022=s0 AND sun_attribute_021=s0 AND sun_attribute_023=s0 AND sun_attribute_092=s2,281,foundry outdoor,682,0.013196480938416423,0.07349137931034483,673,4,4,semantic_prototype,"[26, 39, 41, 44, 48, 50, 52, 53, 55, 59, 83, 86, 89, 94, 145, 148, 162, 174, 177, 181]"
R0266,"{'4': 0, '9': 0, '11': 3, '15': 2}",sun_attribute_066=s0 AND sun_attribute_091=s0 AND sun_attribute_089=s3 AND sun_attribute_092=s2,123,campus,687,0.013100436681222707,0.0740301724137931,678,4,4,semantic_prototype,"[32, 34, 36, 37, 40, 42, 45, 46, 47, 54, 147, 149, 150, 154, 155, 158, 171, 172, 175, 290]"
R0267,"{'1': 2, '9': 0, '11': 3, '12': 2}",sun_attribute_094=s2 AND sun_attribute_091=s0 AND sun_attribute_089=s3 AND sun_attribute_007=s2,92,boardwalk,861,0.012775842044134728,0.0927801724137931,850,4,4,semantic_prototype,"[32, 37, 42, 43, 46, 49, 54, 61, 80, 84, 85, 90, 91, 93, 144, 145, 146, 147, 148, 150]"
R0268,"{'5': 0, '9': 0, '10': 2, '11': 2}",sun_attribute_087=s0 AND sun_attribute_091=s0 AND sun_attribute_040=s2 AND sun_attribute_089=s2,621,temple east asia,315,0.012698412698412698,0.03394396551724138,311,4,4,semantic_prototype,"[51, 58, 107, 157, 223, 264, 270, 271, 296, 302, 322, 324, 326, 327, 331, 332, 335, 354, 376, 430]"
R0269,"{'0': 0, '3': 0, '4': 0, '10': 2}",sun_attribute_014=s0 AND sun_attribute_000=s0 AND sun_attribute_066=s0 AND sun_attribute_040=s2,15,apartment building outdoor,961,0.012486992715920915,0.10355603448275862,949,4,4,semantic_prototype,"[33, 40, 51, 107, 134, 147, 152, 170, 171, 172, 267, 270, 282, 296, 297, 298, 301, 323, 330, 355]"
R0270,"{'4': 0, '6': 0, '9': 0, '11': 3}",sun_attribute_066=s0 AND sun_attribute_013=s0 AND sun_attribute_091=s0 AND sun_attribute_089=s3,1,access road,881,0.012485811577752554,0.09493534482758621,870,4,4,semantic_prototype,"[32, 34, 36, 37, 40, 42, 43, 45, 46, 47, 146, 147, 149, 151, 152, 154, 155, 156, 158, 159]"
R0271,"{'0': 0, '3': 0, '6': 0, '15': 2}",sun_attribute_014=s0 AND sun_attribute_000=s0 AND sun_attribute_013=s0 AND sun_attribute_092=s2,462,overpass,804,0.012437810945273632,0.08663793103448277,794,4,4,semantic_prototype,"[32, 33, 34, 36, 37, 40, 45, 46, 107, 147, 149, 171, 172, 291, 297, 298, 321, 330, 352, 380]"
R0272,"{'7': 0, '9': 0, '11': 3, '15': 2}",sun_attribute_021=s0 AND sun_attribute_091=s0 AND sun_attribute_089=s3 AND sun_attribute_092=s2,525,ranch house,724,0.012430939226519336,0.07801724137931035,715,4,4,semantic_prototype,"[34, 37, 39, 41, 44, 46, 48, 50, 52, 53, 55, 59, 60, 83, 86, 145, 147, 148, 149, 154]"
R0273,"{'9': 0, '10': 2, '11': 3, '15': 2}",sun_attribute_091=s0 AND sun_attribute_040=s2 AND sun_attribute_089=s3 AND sun_attribute_092=s2,416,mission,733,0.01227830832196453,0.07898706896551724,724,4,4,semantic_prototype,"[40, 41, 55, 80, 82, 83, 86, 91, 145, 147, 148, 153, 154, 155, 158, 162, 171, 172, 174, 175]"
R0274,"{'5': 0, '6': 0, '11': 1, '12': 0}",sun_attribute_087=s0 AND sun_attribute_013=s0 AND sun_attribute_089=s1 AND sun_attribute_007=s0,469,parking garage indoor,489,0.012269938650306749,0.05269396551724138,483,4,4,semantic_prototype,"[102, 120, 128, 130, 183, 249, 250, 254, 351, 371, 379, 381, 382, 418, 420, 422, 424, 427, 484, 488]"
R0275,"{'4': 0, '6': 0, '8': 0, '9': 0}",sun_attribute_066=s0 AND sun_attribute_013=s0 AND sun_attribute_068=s0 AND sun_attribute_091=s0,134,carport freestanding,910,0.012087912087912088,0.0980603448275862,899,4,4,semantic_prototype,"[32, 34, 36, 37, 40, 43, 45, 46, 51, 107, 155, 170, 171, 172, 267, 270, 291, 296, 297, 298]"
R0276,"{'5': 0, '7': 0, '10': 2, '11': 2}",sun_attribute_087=s0 AND sun_attribute_021=s0 AND sun_attribute_040=s2 AND sun_attribute_089=s2,66,basilica,334,0.011976047904191617,0.03599137931034483,330,4,4,semantic_prototype,"[51, 58, 107, 270, 296, 301, 302, 323, 324, 326, 327, 331, 332, 335, 353, 355, 357, 369, 377, 380]"
R0277,"{'5': 0, '7': 1, '10': 0, '16': 0}",sun_attribute_087=s0 AND sun_attribute_021=s1 AND sun_attribute_040=s0 AND sun_attribute_006=s0,688,water treatment plant indoor,928,0.011853448275862068,0.1,917,4,4,semantic_prototype,"[6, 10, 14, 19, 24, 28, 69, 71, 72, 73, 74, 77, 98, 102, 106, 111, 112, 113, 123, 130]"
R0278,"{'6': 0, '10': 2, '11': 2, '13': 1}",sun_attribute_013=s0 AND sun_attribute_040=s2 AND sun_attribute_089=s2 AND sun_attribute_023=s1,267,flight of stairs urban,257,0.011673151750972763,0.02769396551724138,254,4,4,semantic_prototype,"[33, 107, 134, 139, 270, 301, 416, 430, 437, 446, 481, 599, 607, 720, 721, 734, 816, 817, 819, 820]"
R0279,"{'5': 2, '9': 0, '11': 3, '16': 2}",sun_attribute_087=s2 AND sun_attribute_091=s0 AND sun_attribute_089=s3 AND sun_attribute_006=s2,627,tent outdoor,431,0.01160092807424594,0.04644396551724138,426,4,4,semantic_prototype,"[34, 35, 37, 47, 49, 59, 60, 61, 80, 85, 88, 150, 216, 218, 265, 266, 290, 307, 313, 315]"
R0280,"{'0': 0, '6': 0, '9': 0, '11': 3}",sun_attribute_014=s0 AND sun_attribute_013=s0 AND sun_attribute_091=s0 AND sun_attribute_089=s3,62,barn,1042,0.011516314779270634,0.11228448275862069,1030,4,4,semantic_prototype,"[32, 34, 36, 37, 40, 41, 42, 43, 44, 45, 46, 47, 146, 147, 149, 151, 152, 154, 155, 156]"
R0281,"{'2': 1, '9': 0, '10': 2, '11': 2}",sun_attribute_022=s1 AND sun_attribute_091=s0 AND sun_attribute_040=s2 AND sun_attribute_089=s2,282,fountain,174,0.011494252873563218,0.01875,172,4,4,semantic_prototype,"[63, 95, 107, 157, 223, 264, 270, 322, 376, 430, 437, 607, 691, 694, 734, 835, 848, 853, 883, 910]"
R0282,"{'5': 0, '11': 2, '12': 0, '16': 0}",sun_attribute_087=s0 AND sun_attribute_089=s2 AND sun_attribute_007=s0 AND sun_attribute_006=s0,115,bus station outdoor,700,0.011428571428571429,0.07543103448275862,692,4,4,semantic_prototype,"[58, 134, 140, 142, 223, 240, 241, 243, 247, 252, 256, 261, 264, 270, 271, 301, 302, 320, 322, 323]"
R0283,"{'0': 0, '12': 0, '14': 0, '15': 2}",sun_attribute_014=s0 AND sun_attribute_007=s0 AND sun_attribute_065=s0 AND sun_attribute_092=s2,228,driving range outdoor,351,0.011396011396011397,0.03782327586206897,347,4,4,semantic_prototype,"[36, 107, 184, 321, 335, 366, 380, 424, 531, 535, 595, 601, 626, 629, 641, 649, 655, 777, 781, 784]"
R0284,"{'4': 0, '11': 2, '14': 0, '17': 0}",sun_attribute_066=s0 AND sun_attribute_089=s2 AND sun_attribute_065=s0 AND sun_attribute_026=s0,716,zoo,442,0.011312217194570135,0.047629310344827584,437,4,4,semantic_prototype,"[38, 51, 107, 301, 323, 357, 360, 369, 373, 374, 380, 383, 454, 482, 720, 721, 724, 727, 729, 730]"
R0285,"{'0': 0, '6': 0, '8': 0, '11': 2}",sun_attribute_014=s0 AND sun_attribute_013=s0 AND sun_attribute_068=s0 AND sun_attribute_089=s2,86,bicycle racks,885,0.011299435028248588,0.09536637931034483,875,4,4,semantic_prototype,"[33, 51, 107, 270, 296, 301, 320, 323, 327, 331, 334, 360, 373, 374, 380, 416, 417, 430, 435, 437]"
R0286,"{'2': 0, '7': 0, '11': 2, '17': 0}",sun_attribute_022=s0 AND sun_attribute_021=s0 AND sun_attribute_089=s2 AND sun_attribute_026=s0,51,balcony interior,620,0.01129032258064516,0.0668103448275862,613,4,4,semantic_prototype,"[38, 51, 57, 58, 89, 94, 173, 215, 222, 296, 302, 323, 324, 326, 327, 331, 332, 335, 357, 360]"
R0287,"{'4': 0, '9': 0, '10': 3, '11': 3}",sun_attribute_066=s0 AND sun_attribute_091=s0 AND sun_attribute_040=s3 AND sun_attribute_089=s3,483,picnic area,534,0.011235955056179775,0.05754310344827586,528,4,4,semantic_prototype,"[32, 34, 36, 37, 42, 43, 45, 46, 47, 54, 149, 150, 266, 290, 291, 303, 321, 352, 421, 457]"
R0288,"{'9': 0, '13': 1, '15': 2, '16': 2}",sun_attribute_091=s0 AND sun_attribute_023=s1 AND sun_attribute_092=s2 AND sun_attribute_006=s2,278,fort,269,0.011152416356877323,0.02898706896551724,266,4,4,semantic_prototype,"[32, 34, 37, 46, 47, 60, 80, 82, 85, 95, 147, 149, 150, 154, 155, 158, 218, 265, 291, 292]"
R0289,"{'0': 0, '6': 0, '9': 0, '14': 0}",sun_attribute_014=s0 AND sun_attribute_013=s0 AND sun_attribute_091=s0 AND sun_attribute_065=s0,646,trailer park,1174,0.011073253833049404,0.12650862068965518,1161,4,4,semantic_prototype,"[32, 34, 36, 37, 38, 40, 41, 42, 43, 45, 46, 51, 107, 146, 147, 149, 151, 152, 154, 155]"
R0290,"{'5': 0, '9': 0, '11': 3, '15': 2}",sun_attribute_087=s0 AND sun_attribute_091=s0 AND sun_attribute_089=s3 AND sun_attribute_092=s2,592,stadium outdoor,452,0.011061946902654867,0.04870689655172414,447,4,4,semantic_prototype,"[36, 40, 41, 81, 259, 294, 295, 299, 308, 310, 316, 317, 318, 330, 333, 352, 359, 397, 436, 492]"
R0291,"{'2': 0, '7': 0, '9': 0, '15': 2}",sun_attribute_022=s0 AND sun_attribute_021=s0 AND sun_attribute_091=s0 AND sun_attribute_092=s2,424,mosque outdoor,725,0.011034482758620689,0.078125,717,4,4,semantic_prototype,"[37, 39, 41, 44, 46, 48, 50, 52, 53, 55, 57, 59, 60, 62, 83, 86, 94, 145, 147, 148]"
R0292,"{'0': 0, '6': 0, '8': 0, '15': 2}",sun_attribute_014=s0 AND sun_attribute_013=s0 AND sun_attribute_068=s0 AND sun_attribute_092=s2,518,raceway,914,0.010940919037199124,0.09849137931034482,904,4,4,semantic_prototype,"[32, 33, 34, 36, 37, 40, 41, 44, 45, 46, 107, 155, 160, 171, 172, 174, 291, 294, 297, 298]"
R0293,"{'9': 0, '10': 2, '11': 3, '15': 2}",sun_attribute_091=s0 AND sun_attribute_040=s2 AND sun_attribute_089=s3 AND sun_attribute_092=s2,279,fortress,733,0.010914051841746248,0.07898706896551724,725,4,4,semantic_prototype,"[40, 41, 55, 80, 82, 83, 86, 91, 145, 147, 148, 153, 154, 155, 158, 162, 171, 172, 174, 175]"
R0294,"{'9': 0, '10': 2, '11': 3, '15': 2}",sun_attribute_091=s0 AND sun_attribute_040=s2 AND sun_attribute_089=s3 AND sun_attribute_092=s2,552,ruin,733,0.010914051841746248,0.07898706896551724,725,4,4,semantic_prototype,"[40, 41, 55, 80, 82, 83, 86, 91, 145, 147, 148, 153, 154, 155, 158, 162, 171, 172, 174, 175]"
R0295,"{'9': 0, '10': 2, '11': 3, '15': 2}",sun_attribute_091=s0 AND sun_attribute_040=s2 AND sun_attribute_089=s3 AND sun_attribute_092=s2,640,tower,733,0.010914051841746248,0.07898706896551724,725,4,4,semantic_prototype,"[40, 41, 55, 80, 82, 83, 86, 91, 145, 147, 148, 153, 154, 155, 158, 162, 171, 172, 174, 175]"
R0296,"{'5': 3, '9': 0, '11': 3, '16': 3}",sun_attribute_087=s3 AND sun_attribute_091=s0 AND sun_attribute_089=s3 AND sun_attribute_006=s3,628,terrace farm,861,0.010452961672473868,0.0927801724137931,852,4,4,semantic_prototype,"[144, 160, 161, 162, 163, 164, 166, 167, 168, 169, 170, 171, 172, 174, 175, 194, 195, 196, 199, 200]"
R0297,"{'5': 0, '8': 0, '9': 3, '16': 0}",sun_attribute_087=s0 AND sun_attribute_068=s0 AND sun_attribute_091=s3 AND sun_attribute_006=s0,435,music studio,1537,0.01040988939492518,0.165625,1521,4,4,semantic_prototype,"[2, 4, 10, 11, 12, 14, 15, 16, 17, 18, 19, 22, 23, 24, 25, 64, 66, 69, 71, 72]"
R0298,"{'0': 0, '6': 0, '9': 0, '10': 2}",sun_attribute_014=s0 AND sun_attribute_013=s0 AND sun_attribute_091=s0 AND sun_attribute_040=s2,648,train railway,783,0.010217113665389528,0.084375,775,4,4,semantic_prototype,"[40, 41, 51, 107, 147, 151, 152, 154, 155, 159, 163, 170, 171, 172, 174, 267, 270, 294, 296, 297]"
R0299,"{'0': 0, '3': 0, '9': 1, '15': 0}",sun_attribute_014=s0 AND sun_attribute_000=s0 AND sun_attribute_091=s1 AND sun_attribute_092=s0,672,ventilation shaft,294,0.01020408163265306,0.03168103448275862,291,4,4,semantic_prototype,"[120, 137, 355, 360, 382, 416, 435, 482, 723, 725, 749, 755, 844, 863, 946, 947, 948, 949, 950, 952]"
R0300,"{'2': 0, '6': 0, '7': 0, '12': 0}",sun_attribute_022=s0 AND sun_attribute_013=s0 AND sun_attribute_021=s0 AND sun_attribute_007=s0,269,florist shop indoor,1411,0.009922041105598866,0.15204741379310344,1397,4,4,semantic_prototype,"[3, 9, 11, 12, 13, 15, 17, 20, 21, 23, 25, 27, 51, 64, 66, 75, 76, 78, 105, 108]"
R0301,"{'4': 0, '5': 0, '8': 0, '10': 2}",sun_attribute_066=s0 AND sun_attribute_087=s0 AND sun_attribute_068=s0 AND sun_attribute_040=s2,563,schoolyard,611,0.009819967266775777,0.0658405172413793,605,4,4,semantic_prototype,"[40, 51, 107, 267, 270, 296, 301, 323, 330, 371, 379, 380, 416, 422, 427, 430, 440, 482, 484, 636]"
R0302,"{'8': 0, '9': 3, '11': 0, '15': 0}",sun_attribute_068=s0 AND sun_attribute_091=s3 AND sun_attribute_089=s0 AND sun_attribute_092=s0,327,home theater,1664,0.009615384615384616,0.1793103448275862,1648,4,4,semantic_prototype,"[4, 10, 12, 13, 14, 16, 17, 18, 19, 21, 22, 23, 24, 25, 31, 64, 65, 66, 71, 72]"
R0303,"{'8': 0, '9': 3, '10': 0, '11': 0}",sun_attribute_068=s0 AND sun_attribute_091=s3 AND sun_attribute_040=s0 AND sun_attribute_089=s0,96,bookstore,1681,0.009518143961927425,0.18114224137931034,1665,4,4,semantic_prototype,"[2, 4, 10, 11, 12, 13, 14, 15, 17, 18, 19, 21, 22, 23, 24, 25, 31, 64, 65, 66]"
R0304,"{'4': 0, '9': 3, '11': 0, '15': 0}",sun_attribute_066=s0 AND sun_attribute_091=s3 AND sun_attribute_089=s0 AND sun_attribute_092=s0,338,hunting lodge indoor,1693,0.009450679267572357,0.1824353448275862,1677,4,4,semantic_prototype,"[3, 4, 6, 8, 10, 12, 13, 14, 16, 17, 18, 20, 22, 23, 24, 25, 27, 30, 31, 65]"
R0305,"{'5': 0, '12': 0, '16': 0, '17': 0}",sun_attribute_087=s0 AND sun_attribute_007=s0 AND sun_attribute_006=s0 AND sun_attribute_026=s0,540,revolving door,1180,0.009322033898305085,0.1271551724137931,1169,4,4,semantic_prototype,"[3, 6, 8, 9, 11, 12, 15, 17, 58, 64, 69, 75, 78, 105, 106, 113, 114, 116, 120, 127]"
R0306,"{'0': 0, '2': 0, '5': 0, '6': 0}",sun_attribute_014=s0 AND sun_attribute_022=s0 AND sun_attribute_087=s0 AND sun_attribute_013=s0,17,apse outdoor,1512,0.009259259259259259,0.1629310344827586,1498,4,4,semantic_prototype,"[2, 3, 4, 9, 12, 13, 15, 17, 20, 21, 23, 25, 41, 51, 64, 66, 72, 75, 78, 101]"
R0307,"{'4': 0, '6': 0, '14': 0, '15': 2}",sun_attribute_066=s0 AND sun_attribute_013=s0 AND sun_attribute_065=s0 AND sun_attribute_092=s2,364,kasbah,872,0.009174311926605505,0.0939655172413793,864,4,4,semantic_prototype,"[32, 33, 34, 36, 37, 40, 42, 45, 46, 107, 139, 147, 149, 154, 155, 158, 172, 291, 297, 298]"
R0308,"{'4': 0, '6': 0, '11': 0, '12': 0}",sun_attribute_066=s0 AND sun_attribute_013=s0 AND sun_attribute_089=s0 AND sun_attribute_007=s0,285,furnace room,1649,0.009096422073984234,0.17769396551724137,1634,4,4,semantic_prototype,"[3, 9, 12, 13, 14, 16, 17, 18, 20, 22, 23, 24, 25, 27, 31, 66, 71, 73, 74, 75]"
R0309,"{'2': 0, '7': 0, '9': 0, '13': 0}",sun_attribute_022=s0 AND sun_attribute_021=s0 AND sun_attribute_091=s0 AND sun_attribute_023=s0,146,chalet,1101,0.009082652134423252,0.11864224137931034,1091,4,4,semantic_prototype,"[38, 39, 41, 44, 48, 49, 50, 51, 52, 53, 55, 58, 59, 83, 86, 93, 94, 145, 146, 148]"
R0310,"{'0': 0, '3': 0, '6': 0, '10': 2}",sun_attribute_014=s0 AND sun_attribute_000=s0 AND sun_attribute_013=s0 AND sun_attribute_040=s2,0,abbey,992,0.009072580645161291,0.10689655172413794,983,4,4,semantic_prototype,"[33, 40, 51, 107, 134, 147, 152, 170, 171, 172, 267, 270, 282, 296, 297, 298, 301, 323, 330, 371]"
R0311,"{'5': 0, '9': 3, '11': 0, '14': 0}",sun_attribute_087=s0 AND sun_attribute_091=s3 AND sun_attribute_089=s0 AND sun_attribute_065=s0,568,sewing room,1668,0.008992805755395683,0.17974137931034484,1653,4,4,semantic_prototype,"[2, 3, 4, 6, 8, 10, 11, 12, 13, 14, 16, 17, 18, 20, 21, 22, 23, 24, 25, 27]"
R0312,"{'2': 0, '5': 0, '7': 0, '17': 0}",sun_attribute_022=s0 AND sun_attribute_087=s0 AND sun_attribute_021=s0 AND sun_attribute_026=s0,561,sawmill,1228,0.008957654723127036,0.13232758620689655,1217,4,4,semantic_prototype,"[0, 3, 4, 8, 9, 11, 12, 13, 15, 17, 21, 41, 51, 58, 64, 75, 78, 103, 105, 114]"
R0313,"{'1': 0, '5': 0, '9': 0, '12': 0}",sun_attribute_094=s0 AND sun_attribute_087=s0 AND sun_attribute_091=s0 AND sun_attribute_007=s0,637,toll plaza,449,0.008908685968819599,0.048383620689655175,445,4,4,semantic_prototype,"[36, 58, 240, 271, 293, 302, 320, 322, 324, 326, 327, 330, 331, 333, 335, 362, 373, 376, 385, 430]"
R0314,"{'9': 3, '10': 0, '11': 0, '16': 0}",sun_attribute_091=s3 AND sun_attribute_040=s0 AND sun_attribute_089=s0 AND sun_attribute_006=s0,214,dining hall,1822,0.008781558726673985,0.19633620689655173,1806,4,4,semantic_prototype,"[2, 4, 6, 8, 10, 11, 12, 14, 15, 17, 18, 19, 20, 22, 23, 24, 25, 29, 64, 66]"
R0315,"{'3': 0, '5': 0, '9': 3, '11': 0}",sun_attribute_000=s0 AND sun_attribute_087=s0 AND sun_attribute_091=s3 AND sun_attribute_089=s0,383,lecture room,1714,0.008751458576429404,0.18469827586206897,1699,4,4,semantic_prototype,"[2, 3, 4, 6, 8, 10, 11, 12, 13, 14, 16, 18, 19, 22, 23, 24, 31, 66, 69, 71]"
R0316,"{'4': 0, '9': 0, '11': 3, '14': 0}",sun_attribute_066=s0 AND sun_attribute_091=s0 AND sun_attribute_089=s3 AND sun_attribute_065=s0,11,amphitheater,915,0.008743169398907104,0.09859913793103449,907,4,4,semantic_prototype,"[32, 34, 36, 37, 40, 42, 43, 45, 46, 54, 146, 147, 149, 150, 151, 152, 154, 155, 156, 158]"
R0317,"{'9': 3, '10': 0, '11': 0, '15': 0}",sun_attribute_091=s3 AND sun_attribute_040=s0 AND sun_attribute_089=s0 AND sun_attribute_092=s0,251,fastfood restaurant,1833,0.00872885979268958,0.19752155172413793,1817,4,4,semantic_prototype,"[4, 6, 8, 10, 12, 13, 14, 17, 18, 19, 20, 21, 22, 23, 24, 25, 29, 31, 64, 65]"
R0318,"{'6': 0, '8': 0, '9': 3, '11': 0}",sun_attribute_013=s0 AND sun_attribute_068=s0 AND sun_attribute_091=s3 AND sun_attribute_089=s0,314,hallway,1840,0.008695652173913044,0.19827586206896552,1824,4,4,semantic_prototype,"[2, 4, 10, 11, 12, 13, 14, 15, 16, 17, 18, 19, 21, 22, 23, 24, 25, 31, 64, 65]"
R0319,"{'8': 0, '11': 0, '12': 0, '15': 0}",sun_attribute_068=s0 AND sun_attribute_089=s0 AND sun_attribute_007=s0 AND sun_attribute_092=s0,472,parlor,1611,0.008690254500310366,0.1735991379310345,1597,4,4,semantic_prototype,"[9, 12, 13, 14, 16, 17, 18, 19, 21, 22, 23, 24, 25, 31, 64, 66, 71, 72, 73, 74]"
R0320,"{'6': 0, '9': 3, '11': 0, '12': 0}",sun_attribute_013=s0 AND sun_attribute_091=s3 AND sun_attribute_089=s0 AND sun_attribute_007=s0,466,pantry,1848,0.008658008658008658,0.19913793103448277,1832,4,4,semantic_prototype,"[3, 11, 12, 13, 14, 15, 16, 17, 18, 19, 20, 21, 22, 23, 24, 25, 27, 31, 64, 66]"
R0321,"{'2': 1, '9': 0, '11': 3, '13': 1}",sun_attribute_022=s1 AND sun_attribute_091=s0 AND sun_attribute_089=s3 AND sun_attribute_023=s1,587,spillway,924,0.008658008658008658,0.09956896551724138,916,4,4,semantic_prototype,"[32, 34, 42, 43, 47, 54, 56, 80, 81, 82, 84, 85, 90, 91, 150, 153, 154, 155, 156, 158]"
R0322,"{'0': 0, '6': 0, '9': 3, '12': 0}",sun_attribute_014=s0 AND sun_attribute_013=s0 AND sun_attribute_091=s3 AND sun_attribute_007=s0,69,bathroom,1869,0.008560727661851257,0.2014008620689655,1853,4,4,semantic_prototype,"[3, 12, 13, 14, 15, 16, 17, 18, 19, 20, 21, 22, 23, 24, 25, 31, 64, 66, 69, 71]"
R0323,"{'0': 0, '4': 0, '6': 0, '13': 0}",sun_attribute_014=s0 AND sun_attribute_066=s0 AND sun_attribute_013=s0 AND sun_attribute_023=s0,140,catacomb,1417,0.008468595624558928,0.15269396551724138,1405,4,4,semantic_prototype,"[1, 2, 3, 4, 9, 12, 13, 20, 24, 25, 38, 51, 65, 66, 71, 75, 78, 79, 101, 105]"
R0324,"{'4': 0, '9': 3, '11': 0, '14': 0}",sun_attribute_066=s0 AND sun_attribute_091=s3 AND sun_attribute_089=s0 AND sun_attribute_065=s0,411,military hospital,1663,0.00841852074564041,0.17920258620689655,1649,4,4,semantic_prototype,"[2, 3, 4, 6, 8, 10, 12, 13, 14, 16, 17, 18, 20, 22, 23, 24, 25, 27, 30, 31]"
R0325,"{'5': 0, '9': 3, '15': 0, '16': 0}",sun_attribute_087=s0 AND sun_attribute_091=s3 AND sun_attribute_092=s0 AND sun_attribute_006=s0,326,home office,1786,0.0083986562150056,0.19245689655172413,1771,4,4,semantic_prototype,"[3, 4, 6, 8, 10, 12, 14, 16, 17, 18, 19, 20, 22, 23, 24, 25, 27, 29, 30, 64]"
R0326,"{'7': 0, '9': 0, '11': 3, '17': 0}",sun_attribute_021=s0 AND sun_attribute_091=s0 AND sun_attribute_089=s3 AND sun_attribute_026=s0,337,house,1191,0.008396305625524769,0.12834051724137932,1181,4,4,semantic_prototype,"[34, 37, 39, 41, 44, 46, 50, 52, 53, 55, 59, 60, 86, 144, 145, 146, 147, 148, 149, 151]"
R0327,"{'7': 0, '9': 0, '11': 3, '17': 0}",sun_attribute_021=s0 AND sun_attribute_091=s0 AND sun_attribute_089=s3 AND sun_attribute_026=s0,389,lighthouse,1191,0.008396305625524769,0.12834051724137932,1181,4,4,semantic_prototype,"[34, 37, 39, 41, 44, 46, 50, 52, 53, 55, 59, 60, 86, 144, 145, 146, 147, 148, 149, 151]"
R0328,"{'7': 0, '9': 0, '11': 3, '17': 0}",sun_attribute_021=s0 AND sun_attribute_091=s0 AND sun_attribute_089=s3 AND sun_attribute_026=s0,398,lookout station outdoor,1191,0.008396305625524769,0.12834051724137932,1181,4,4,semantic_prototype,"[34, 37, 39, 41, 44, 46, 50, 52, 53, 55, 59, 60, 86, 144, 145, 146, 147, 148, 149, 151]"
R0329,"{'5': 0, '9': 3, '12': 0, '15': 0}",sun_attribute_087=s0 AND sun_attribute_091=s3 AND sun_attribute_007=s0 AND sun_attribute_092=s0,450,office,1915,0.00835509138381201,0.20635775862068967,1899,4,4,semantic_prototype,"[3, 6, 8, 12, 13, 14, 16, 17, 18, 19, 20, 21, 22, 23, 24, 25, 27, 29, 30, 31]"
R0330,"{'5': 0, '10': 0, '15': 0, '16': 0}",sun_attribute_087=s0 AND sun_attribute_040=s0 AND sun_attribute_092=s0 AND sun_attribute_006=s0,620,television studio,1919,0.008337675872850442,0.20678879310344828,1903,4,4,semantic_prototype,"[4, 6, 8, 9, 10, 12, 14, 17, 18, 19, 20, 22, 23, 24, 25, 28, 29, 64, 66, 71]"
R0331,"{'8': 0, '9': 3, '10': 0, '11': 0}",sun_attribute_068=s0 AND sun_attribute_091=s3 AND sun_attribute_040=s0 AND sun_attribute_089=s0,29,art gallery,1681,0.008328375966686495,0.18114224137931034,1667,4,4,semantic_prototype,"[2, 4, 10, 11, 12, 13, 14, 15, 17, 18, 19, 21, 22, 23, 24, 25, 31, 64, 65, 66]"
R0332,"{'5': 0, '9': 0, '10': 2, '11': 3}",sun_attribute_087=s0 AND sun_attribute_091=s0 AND sun_attribute_040=s2 AND sun_attribute_089=s3,547,roof,481,0.008316008316008316,0.05183189655172414,477,4,4,semantic_prototype,"[40, 41, 151, 159, 259, 267, 294, 295, 299, 308, 316, 317, 330, 333, 359, 362, 385, 432, 438, 440]"
R0333,"{'6': 0, '9': 3, '11': 0, '15': 0}",sun_attribute_013=s0 AND sun_attribute_091=s3 AND sun_attribute_089=s0 AND sun_attribute_092=s0,157,childs room,1807,0.008301051466519093,0.1947198275862069,1792,4,4,semantic_prototype,"[3, 4, 10, 12, 13, 14, 16, 17, 18, 19, 20, 21, 22, 23, 24, 25, 27, 31, 64, 65]"
R0334,"{'9': 3, '11': 0, '12': 0, '15': 0}",sun_attribute_091=s3 AND sun_attribute_089=s0 AND sun_attribute_007=s0 AND sun_attribute_092=s0,535,restaurant,1929,0.00829445308449974,0.20786637931034482,1913,4,4,semantic_prototype,"[3, 6, 8, 12, 13, 14, 16, 17, 18, 19, 20, 21, 22, 23, 24, 25, 27, 29, 30, 31]"
R0335,"{'9': 3, '10': 0, '11': 0, '16': 0}",sun_attribute_091=s3 AND sun_attribute_040=s0 AND sun_attribute_089=s0 AND sun_attribute_006=s0,438,newsroom,1822,0.00823271130625686,0.19633620689655173,1807,4,4,semantic_prototype,"[2, 4, 6, 8, 10, 11, 12, 14, 15, 17, 18, 19, 20, 22, 23, 24, 25, 29, 64, 66]"
R0336,"{'4': 0, '5': 0, '8': 0, '16': 0}",sun_attribute_066=s0 AND sun_attribute_087=s0 AND sun_attribute_068=s0 AND sun_attribute_006=s0,431,movie theater outdoor,1960,0.00816326530612245,0.21120689655172414,1944,4,4,semantic_prototype,"[2, 4, 9, 10, 12, 14, 16, 17, 18, 22, 23, 24, 25, 66, 71, 73, 74, 75, 78, 105]"
R0337,"{'4': 0, '5': 0, '8': 0, '16': 0}",sun_attribute_066=s0 AND sun_attribute_087=s0 AND sun_attribute_068=s0 AND sun_attribute_006=s0,510,pub outdoor,1960,0.00816326530612245,0.21120689655172414,1944,4,4,semantic_prototype,"[2, 4, 9, 10, 12, 14, 16, 17, 18, 22, 23, 24, 25, 66, 71, 73, 74, 75, 78, 105]"
R0338,"{'0': 0, '5': 0, '6': 0, '9': 3}",sun_attribute_014=s0 AND sun_attribute_087=s0 AND sun_attribute_013=s0 AND sun_attribute_091=s3,443,nursery,1962,0.00815494393476045,0.21142241379310345,1946,4,4,semantic_prototype,"[2, 3, 4, 10, 12, 13, 14, 15, 16, 17, 18, 19, 20, 21, 22, 23, 24, 25, 31, 64]"
R0339,"{'6': 0, '8': 0, '9': 3, '12': 0}",sun_attribute_013=s0 AND sun_attribute_068=s0 AND sun_attribute_091=s3 AND sun_attribute_007=s0,391,liquor store indoor,1723,0.00812536273940801,0.18566810344827586,1709,4,4,semantic_prototype,"[11, 12, 13, 14, 15, 16, 17, 18, 19, 21, 22, 23, 24, 25, 31, 64, 66, 69, 71, 72]"
R0340,"{'5': 0, '9': 3, '11': 0, '16': 0}",sun_attribute_087=s0 AND sun_attribute_091=s3 AND sun_attribute_089=s0 AND sun_attribute_006=s0,132,cardroom,1973,0.008109477952356817,0.21260775862068965,1957,4,4,semantic_prototype,"[2, 3, 4, 6, 8, 10, 11, 12, 14, 15, 16, 17, 18, 19, 20, 22, 23, 24, 25, 27]"
R0341,"{'0': 0, '6': 0, '9': 3, '11': 0}",sun_attribute_014=s0 AND sun_attribute_013=s0 AND sun_attribute_091=s3 AND sun_attribute_089=s0,709,workroom,1979,0.00808489135927236,0.21325431034482759,1963,4,4,semantic_prototype,"[2, 3, 4, 10, 12, 13, 14, 15, 16, 17, 18, 19, 20, 21, 22, 23, 24, 25, 31, 64]"
R0342,"{'0': 0, '6': 0, '7': 0, '9': 3}",sun_attribute_014=s0 AND sun_attribute_013=s0 AND sun_attribute_021=s0 AND sun_attribute_091=s3,668,van interior,991,0.008072653884964682,0.10678879310344827,983,4,4,semantic_prototype,"[2, 3, 4, 12, 13, 15, 17, 20, 21, 23, 25, 64, 65, 66, 67, 75, 76, 78, 79, 101]"
R0343,"{'0': 0, '6': 0, '9': 0, '13': 1}",sun_attribute_014=s0 AND sun_attribute_013=s0 AND sun_attribute_091=s0 AND sun_attribute_023=s1,357,jail outdoor,622,0.008038585209003215,0.06702586206896552,617,4,4,semantic_prototype,"[32, 34, 37, 42, 43, 46, 47, 107, 147, 149, 154, 155, 156, 159, 160, 163, 171, 172, 267, 270]"
R0344,"{'1': 0, '4': 0, '5': 0, '15': 0}",sun_attribute_094=s0 AND sun_attribute_066=s0 AND sun_attribute_087=s0 AND sun_attribute_092=s0,356,jail indoor,1745,0.008022922636103151,0.1880387931034483,1731,4,4,semantic_prototype,"[3, 6, 9, 12, 14, 16, 17, 18, 20, 22, 23, 24, 25, 27, 30, 66, 71, 74, 75, 78]"
R0345,"{'6': 0, '9': 0, '10': 2, '11': 3}",sun_attribute_013=s0 AND sun_attribute_091=s0 AND sun_attribute_040=s2 AND sun_attribute_089=s3,2,airfield,624,0.008012820512820512,0.06724137931034482,619,4,4,semantic_prototype,"[40, 41, 147, 148, 151, 152, 154, 155, 158, 159, 163, 170, 171, 172, 174, 259, 267, 294, 295, 297]"
R0346,"{'4': 0, '5': 0, '6': 0, '10': 2}",sun_attribute_066=s0 AND sun_attribute_087=s0 AND sun_attribute_013=s0 AND sun_attribute_040=s2,537,restaurant patio,753,0.00796812749003984,0.08114224137931035,747,4,4,semantic_prototype,"[40, 51, 107, 134, 139, 151, 159, 267, 270, 296, 301, 323, 330, 354, 371, 379, 380, 381, 416, 418]"
R0347,"{'5': 0, '9': 3, '11': 0, '15': 0}",sun_attribute_087=s0 AND sun_attribute_091=s3 AND sun_attribute_089=s0 AND sun_attribute_092=s0,137,casino indoor,2015,0.00794044665012407,0.21713362068965517,1999,4,4,semantic_prototype,"[3, 4, 6, 8, 10, 12, 13, 14, 16, 17, 18, 19, 20, 21, 22, 23, 24, 25, 27, 29]"
R0348,"{'0': 0, '9': 3, '11': 0, '15': 0}",sun_attribute_014=s0 AND sun_attribute_091=s3 AND sun_attribute_089=s0 AND sun_attribute_092=s0,78,beauty salon,1765,0.00793201133144476,0.19019396551724138,1751,4,4,semantic_prototype,"[3, 4, 10, 12, 13, 14, 16, 17, 18, 19, 20, 21, 22, 23, 24, 25, 31, 64, 65, 66]"
R0349,"{'5': 0, '7': 0, '9': 0, '10': 2}",sun_attribute_087=s0 AND sun_attribute_021=s0 AND sun_attribute_091=s0 AND sun_attribute_040=s2,60,baptistry outdoor,381,0.007874015748031496,0.04105603448275862,378,4,4,semantic_prototype,"[41, 51, 58, 107, 151, 270, 294, 295, 296, 299, 302, 316, 317, 324, 326, 327, 331, 332, 333, 335]"
R0350,"{'1': 0, '5': 0, '9': 3, '12': 0}",sun_attribute_094=s0 AND sun_attribute_087=s0 AND sun_attribute_091=s3 AND sun_attribute_007=s0,363,jury box,1784,0.007847533632286996,0.19224137931034482,1770,4,4,semantic_prototype,"[3, 6, 12, 14, 16, 17, 18, 19, 20, 21, 22, 23, 24, 25, 27, 29, 30, 66, 71, 72]"
R0351,"{'5': 0, '9': 3, '10': 0, '11': 0}",sun_attribute_087=s0 AND sun_attribute_091=s3 AND sun_attribute_040=s0 AND sun_attribute_089=s0,536,restaurant kitchen,2048,0.0078125,0.2206896551724138,2032,4,4,semantic_prototype,"[2, 4, 6, 8, 10, 11, 12, 13, 14, 15, 17, 18, 19, 20, 21, 22, 23, 24, 25, 29]"
R0352,"{'5': 0, '9': 3, '10': 0, '11': 0}",sun_attribute_087=s0 AND sun_attribute_091=s3 AND sun_attribute_040=s0 AND sun_attribute_089=s0,604,submarine interior,2048,0.0078125,0.2206896551724138,2032,4,4,semantic_prototype,"[2, 4, 6, 8, 10, 11, 12, 13, 14, 15, 17, 18, 19, 20, 21, 22, 23, 24, 25, 29]"
R0353,"{'1': 0, '11': 0, '12': 0, '15': 0}",sun_attribute_094=s0 AND sun_attribute_089=s0 AND sun_attribute_007=s0 AND sun_attribute_092=s0,52,ball pit,1665,0.007807807807807808,0.17941810344827586,1652,4,4,semantic_prototype,"[3, 6, 9, 12, 14, 16, 17, 18, 19, 20, 21, 22, 23, 24, 25, 27, 28, 29, 30, 66]"
R0354,"{'2': 0, '4': 0, '6': 0, '7': 0}",sun_attribute_022=s0 AND sun_attribute_066=s0 AND sun_attribute_013=s0 AND sun_attribute_021=s0,83,bell foundry,1667,0.007798440311937612,0.17963362068965516,1654,4,4,semantic_prototype,"[1, 2, 3, 4, 9, 12, 13, 17, 20, 23, 25, 27, 37, 38, 46, 51, 65, 66, 75, 78]"
R0355,"{'2': 0, '7': 0, '9': 0, '17': 0}",sun_attribute_022=s0 AND sun_attribute_021=s0 AND sun_attribute_091=s0 AND sun_attribute_026=s0,408,mausoleum,1283,0.00779423226812159,0.13825431034482757,1273,4,4,semantic_prototype,"[37, 38, 39, 41, 44, 46, 50, 51, 52, 53, 55, 57, 58, 59, 60, 86, 94, 144, 145, 146]"
R0356,"{'5': 0, '10': 0, '12': 0, '15': 0}",sun_attribute_087=s0 AND sun_attribute_040=s0 AND sun_attribute_007=s0 AND sun_attribute_092=s0,615,synagogue indoor,1929,0.007776049766718507,0.20786637931034482,1914,4,4,semantic_prototype,"[6, 8, 9, 12, 13, 14, 17, 18, 19, 20, 21, 22, 23, 24, 25, 28, 29, 31, 64, 66]"
R0357,"{'0': 0, '6': 0, '10': 0, '12': 0}",sun_attribute_014=s0 AND sun_attribute_013=s0 AND sun_attribute_040=s0 AND sun_attribute_007=s0,296,general store indoor,1935,0.007751937984496124,0.20851293103448276,1920,4,4,semantic_prototype,"[9, 12, 13, 14, 15, 17, 18, 19, 20, 21, 22, 23, 24, 25, 31, 64, 66, 69, 71, 72]"
R0358,"{'2': 0, '6': 0, '7': 0, '17': 0}",sun_attribute_022=s0 AND sun_attribute_013=s0 AND sun_attribute_021=s0 AND sun_attribute_026=s0,119,cabin outdoor,1421,0.007741027445460943,0.153125,1410,4,4,semantic_prototype,"[1, 3, 4, 9, 11, 12, 13, 15, 17, 21, 37, 38, 39, 41, 44, 46, 51, 64, 75, 76]"
R0359,"{'8': 0, '9': 3, '10': 0, '11': 0}",sun_attribute_068=s0 AND sun_attribute_091=s3 AND sun_attribute_040=s0 AND sun_attribute_089=s0,385,library indoor,1681,0.007733491969066032,0.18114224137931034,1668,4,4,semantic_prototype,"[2, 4, 10, 11, 12, 13, 14, 15, 17, 18, 19, 21, 22, 23, 24, 25, 31, 64, 65, 66]"
R0360,"{'0': 0, '6': 0, '8': 0, '9': 3}",sun_attribute_014=s0 AND sun_attribute_013=s0 AND sun_attribute_068=s0 AND sun_attribute_091=s3,677,videostore,1952,0.007684426229508197,0.2103448275862069,1937,4,4,semantic_prototype,"[2, 4, 10, 12, 13, 14, 15, 16, 17, 18, 19, 21, 22, 23, 24, 25, 31, 64, 65, 66]"
R0361,"{'9': 3, '10': 0, '11': 0, '16': 0}",sun_attribute_091=s3 AND sun_attribute_040=s0 AND sun_attribute_089=s0 AND sun_attribute_006=s0,164,clean room,1822,0.007683863885839737,0.19633620689655173,1808,4,4,semantic_prototype,"[2, 4, 6, 8, 10, 11, 12, 14, 15, 17, 18, 19, 20, 22, 23, 24, 25, 29, 64, 66]"
R0362,"{'9': 3, '10': 0, '11': 0, '12': 0}",sun_attribute_091=s3 AND sun_attribute_040=s0 AND sun_attribute_089=s0 AND sun_attribute_007=s0,229,drugstore,1954,0.007676560900716479,0.2105603448275862,1939,4,4,semantic_prototype,"[6, 8, 11, 12, 13, 14, 15, 17, 18, 19, 20, 21, 22, 23, 24, 25, 29, 31, 64, 66]"
R0363,"{'9': 3, '10': 0, '11': 0, '12': 0}",sun_attribute_091=s3 AND sun_attribute_040=s0 AND sun_attribute_089=s0 AND sun_attribute_007=s0,233,editing room,1954,0.007676560900716479,0.2105603448275862,1939,4,4,semantic_prototype,"[6, 8, 11, 12, 13, 14, 15, 17, 18, 19, 20, 21, 22, 23, 24, 25, 29, 31, 64, 66]"
R0364,"{'9': 3, '10': 0, '11': 0, '15': 0}",sun_attribute_091=s3 AND sun_attribute_040=s0 AND sun_attribute_089=s0 AND sun_attribute_092=s0,456,optician,1833,0.007637752318603383,0.19752155172413793,1819,4,4,semantic_prototype,"[4, 6, 8, 10, 12, 13, 14, 17, 18, 19, 20, 21, 22, 23, 24, 25, 29, 31, 64, 65]"
R0365,"{'9': 3, '10': 0, '11': 0, '15': 0}",sun_attribute_091=s3 AND sun_attribute_040=s0 AND sun_attribute_089=s0 AND sun_attribute_092=s0,619,teashop,1833,0.007637752318603383,0.19752155172413793,1819,4,4,semantic_prototype,"[4, 6, 8, 10, 12, 13, 14, 17, 18, 19, 20, 21, 22, 23, 24, 25, 29, 31, 64, 65]"
R0366,"{'0': 0, '5': 0, '7': 0, '13': 0}",sun_attribute_014=s0 AND sun_attribute_087=s0 AND sun_attribute_021=s0 AND sun_attribute_023=s0,583,skyscraper,1310,0.007633587786259542,0.1411637931034483,1300,4,4,semantic_prototype,"[2, 3, 4, 9, 12, 13, 15, 20, 21, 25, 41, 51, 64, 66, 75, 78, 101, 105, 108, 114]"
R0367,"{'5': 0, '6': 0, '10': 0, '12': 0}",sun_attribute_087=s0 AND sun_attribute_013=s0 AND sun_attribute_040=s0 AND sun_attribute_007=s0,473,particle accelerator,1969,0.007618080243778568,0.21217672413793104,1954,4,4,semantic_prototype,"[9, 11, 12, 13, 14, 15, 17, 18, 19, 20, 21, 22, 23, 24, 25, 31, 64, 66, 69, 71]"
R0368,"{'5': 0, '9': 3, '11': 0, '16': 0}",sun_attribute_087=s0 AND sun_attribute_091=s3 AND sun_attribute_089=s0 AND sun_attribute_006=s0,189,courtroom,1973,0.007602635580334516,0.21260775862068965,1958,4,4,semantic_prototype,"[2, 3, 4, 6, 8, 10, 11, 12, 14, 15, 16, 17, 18, 19, 20, 22, 23, 24, 25, 27]"
R0369,"{'5': 0, '9': 3, '11': 0, '16': 0}",sun_attribute_087=s0 AND sun_attribute_091=s3 AND sun_attribute_089=s0 AND sun_attribute_006=s0,359,jewelry shop,1973,0.007602635580334516,0.21260775862068965,1958,4,4,semantic_prototype,"[2, 3, 4, 6, 8, 10, 11, 12, 14, 15, 16, 17, 18, 19, 20, 22, 23, 24, 25, 27]"
R0370,"{'0': 0, '6': 0, '9': 3, '11': 0}",sun_attribute_014=s0 AND sun_attribute_013=s0 AND sun_attribute_091=s3 AND sun_attribute_089=s0,84,berth,1979,0.007579585649317837,0.21325431034482759,1964,4,4,semantic_prototype,"[2, 3, 4, 10, 12, 13, 14, 15, 16, 17, 18, 19, 20, 21, 22, 23, 24, 25, 31, 64]"
R0371,"{'4': 0, '5': 0, '15': 0, '16': 0}",sun_attribute_066=s0 AND sun_attribute_087=s0 AND sun_attribute_092=s0 AND sun_attribute_006=s0,90,bistro outdoor,1979,0.007579585649317837,0.21325431034482759,1964,4,4,semantic_prototype,"[3, 4, 6, 8, 9, 10, 12, 14, 16, 17, 18, 20, 22, 23, 24, 25, 27, 30, 66, 71]"
R0372,"{'0': 0, '6': 0, '9': 3, '11': 0}",sun_attribute_014=s0 AND sun_attribute_013=s0 AND sun_attribute_091=s3 AND sun_attribute_089=s0,570,shipping room,1979,0.007579585649317837,0.21325431034482759,1964,4,4,semantic_prototype,"[2, 3, 4, 10, 12, 13, 14, 15, 16, 17, 18, 19, 20, 21, 22, 23, 24, 25, 31, 64]"
R0373,"{'7': 0, '9': 0, '11': 3, '17': 0}",sun_attribute_021=s0 AND sun_attribute_091=s0 AND sun_attribute_089=s3 AND sun_attribute_026=s0,412,military hut,1191,0.007556675062972292,0.12834051724137932,1182,4,4,semantic_prototype,"[34, 37, 39, 41, 44, 46, 50, 52, 53, 55, 59, 60, 86, 144, 145, 146, 147, 148, 149, 151]"
R0374,"{'4': 0, '5': 0, '9': 3, '11': 0}",sun_attribute_066=s0 AND sun_attribute_087=s0 AND sun_attribute_091=s3 AND sun_attribute_089=s0,330,hospital room,1732,0.007505773672055427,0.18663793103448276,1719,4,4,semantic_prototype,"[2, 3, 4, 6, 8, 10, 12, 13, 14, 16, 17, 18, 20, 22, 23, 24, 25, 27, 30, 31]"
R0375,"{'6': 0, '8': 0, '10': 0, '11': 0}",sun_attribute_013=s0 AND sun_attribute_068=s0 AND sun_attribute_040=s0 AND sun_attribute_089=s0,4,airplane cabin,1736,0.007488479262672811,0.1870689655172414,1723,4,4,semantic_prototype,"[2, 4, 9, 10, 11, 12, 13, 14, 15, 17, 18, 19, 21, 22, 23, 24, 25, 31, 64, 65]"
R0376,"{'5': 0, '9': 3, '11': 0, '12': 0}",sun_attribute_087=s0 AND sun_attribute_091=s3 AND sun_attribute_089=s0 AND sun_attribute_007=s0,121,call center,2137,0.007487131492746842,0.23028017241379312,2121,4,4,semantic_prototype,"[3, 6, 8, 11, 12, 13, 14, 15, 16, 17, 18, 19, 20, 21, 22, 23, 24, 25, 27, 29]"
R0377,"{'5': 0, '9': 3, '11': 0, '12': 0}",sun_attribute_087=s0 AND sun_attribute_091=s3 AND sun_attribute_089=s0 AND sun_attribute_007=s0,213,dining car,2137,0.007487131492746842,0.23028017241379312,2121,4,4,semantic_prototype,"[3, 6, 8, 11, 12, 13, 14, 15, 16, 17, 18, 19, 20, 21, 22, 23, 24, 25, 27, 29]"
R0378,"{'5': 0, '9': 3, '11': 0, '12': 0}",sun_attribute_087=s0 AND sun_attribute_091=s3 AND sun_attribute_089=s0 AND sun_attribute_007=s0,215,dining room,2137,0.007487131492746842,0.23028017241379312,2121,4,4,semantic_prototype,"[3, 6, 8, 11, 12, 13, 14, 15, 16, 17, 18, 19, 20, 21, 22, 23, 24, 25, 27, 29]"
R0379,"{'5': 0, '9': 3, '11': 0, '12': 0}",sun_attribute_087=s0 AND sun_attribute_091=s3 AND sun_attribute_089=s0 AND sun_attribute_007=s0,334,hotel breakfast area,2137,0.007487131492746842,0.23028017241379312,2121,4,4,semantic_prototype,"[3, 6, 8, 11, 12, 13, 14, 15, 16, 17, 18, 19, 20, 21, 22, 23, 24, 25, 27, 29]"
R0380,"{'5': 0, '9': 3, '11': 0, '12': 0}",sun_attribute_087=s0 AND sun_attribute_091=s3 AND sun_attribute_089=s0 AND sun_attribute_007=s0,455,operating room,2137,0.007487131492746842,0.23028017241379312,2121,4,4,semantic_prototype,"[3, 6, 8, 11, 12, 13, 14, 15, 16, 17, 18, 19, 20, 21, 22, 23, 24, 25, 27, 29]"
R0381,"{'5': 0, '9': 3, '11': 0, '12': 0}",sun_attribute_087=s0 AND sun_attribute_091=s3 AND sun_attribute_089=s0 AND sun_attribute_007=s0,575,shower,2137,0.007487131492746842,0.23028017241379312,2121,4,4,semantic_prototype,"[3, 6, 8, 11, 12, 13, 14, 15, 16, 17, 18, 19, 20, 21, 22, 23, 24, 25, 27, 29]"
R0382,"{'5': 0, '9': 3, '11': 0, '12': 0}",sun_attribute_087=s0 AND sun_attribute_091=s3 AND sun_attribute_089=s0 AND sun_attribute_007=s0,610,sushi bar,2137,0.007487131492746842,0.23028017241379312,2121,4,4,semantic_prototype,"[3, 6, 8, 11, 12, 13, 14, 15, 16, 17, 18, 19, 20, 21, 22, 23, 24, 25, 27, 29]"
R0383,"{'5': 0, '6': 0, '9': 3, '12': 0}",sun_attribute_087=s0 AND sun_attribute_013=s0 AND sun_attribute_091=s3 AND sun_attribute_007=s0,204,dentists office,1876,0.007462686567164179,0.2021551724137931,1862,4,4,semantic_prototype,"[3, 11, 12, 13, 14, 15, 16, 17, 18, 19, 20, 21, 22, 23, 24, 25, 27, 31, 64, 66]"
R0384,"{'5': 0, '6': 0, '9': 3, '12': 0}",sun_attribute_087=s0 AND sun_attribute_013=s0 AND sun_attribute_091=s3 AND sun_attribute_007=s0,532,repair shop,1876,0.007462686567164179,0.2021551724137931,1862,4,4,semantic_prototype,"[3, 11, 12, 13, 14, 15, 16, 17, 18, 19, 20, 21, 22, 23, 24, 25, 27, 31, 64, 66]"
R0385,"{'0': 0, '5': 0, '10': 0, '16': 0}",sun_attribute_014=s0 AND sun_attribute_087=s0 AND sun_attribute_040=s0 AND sun_attribute_006=s0,684,warehouse indoor,1893,0.007395668251452721,0.20398706896551724,1879,4,4,semantic_prototype,"[2, 4, 9, 10, 12, 14, 15, 17, 18, 19, 20, 22, 23, 24, 25, 64, 66, 69, 71, 72]"
R0386,"{'3': 0, '4': 0, '5': 0, '16': 0}",sun_attribute_000=s0 AND sun_attribute_066=s0 AND sun_attribute_087=s0 AND sun_attribute_006=s0,573,shopfront,2166,0.007386888273314866,0.2334051724137931,2150,4,4,semantic_prototype,"[2, 3, 4, 6, 8, 9, 10, 12, 14, 16, 18, 22, 23, 24, 66, 71, 73, 74, 75, 78]"
R0387,"{'5': 0, '11': 0, '12': 0, '15': 0}",sun_attribute_087=s0 AND sun_attribute_089=s0 AND sun_attribute_007=s0 AND sun_attribute_092=s0,61,bar,2039,0.007356547327121138,0.2197198275862069,2024,4,4,semantic_prototype,"[3, 6, 8, 9, 12, 13, 14, 16, 17, 18, 19, 20, 21, 22, 23, 24, 25, 27, 28, 29]"
R0388,"{'5': 0, '9': 3, '10': 0, '11': 0}",sun_attribute_087=s0 AND sun_attribute_091=s3 AND sun_attribute_040=s0 AND sun_attribute_089=s0,88,biology laboratory,2048,0.00732421875,0.2206896551724138,2033,4,4,semantic_prototype,"[2, 4, 6, 8, 10, 11, 12, 13, 14, 15, 17, 18, 19, 20, 21, 22, 23, 24, 25, 29]"
R0389,"{'5': 0, '9': 3, '10': 0, '11': 0}",sun_attribute_087=s0 AND sun_attribute_091=s3 AND sun_attribute_040=s0 AND sun_attribute_089=s0,179,control room,2048,0.00732421875,0.2206896551724138,2033,4,4,semantic_prototype,"[2, 4, 6, 8, 10, 11, 12, 13, 14, 15, 17, 18, 19, 20, 21, 22, 23, 24, 25, 29]"
R0390,"{'5': 0, '9': 3, '10': 0, '11': 0}",sun_attribute_087=s0 AND sun_attribute_091=s3 AND sun_attribute_040=s0 AND sun_attribute_089=s0,284,funeral chapel,2048,0.00732421875,0.2206896551724138,2033,4,4,semantic_prototype,"[2, 4, 6, 8, 10, 11, 12, 13, 14, 15, 17, 18, 19, 20, 21, 22, 23, 24, 25, 29]"
R0391,"{'5': 0, '9': 3, '10': 0, '11': 0}",sun_attribute_087=s0 AND sun_attribute_091=s3 AND sun_attribute_040=s0 AND sun_attribute_089=s0,367,kindergarden classroom,2048,0.00732421875,0.2206896551724138,2033,4,4,semantic_prototype,"[2, 4, 6, 8, 10, 11, 12, 13, 14, 15, 17, 18, 19, 20, 21, 22, 23, 24, 25, 29]"
R0392,"{'5': 0, '9': 3, '12': 0, '15': 0}",sun_attribute_087=s0 AND sun_attribute_091=s3 AND sun_attribute_007=s0 AND sun_attribute_092=s0,176,conference room,1915,0.007310704960835509,0.20635775862068967,1901,4,4,semantic_prototype,"[3, 6, 8, 12, 13, 14, 16, 17, 18, 19, 20, 21, 22, 23, 24, 25, 27, 29, 30, 31]"
R0393,"{'1': 0, '5': 0, '9': 3, '12': 0}",sun_attribute_094=s0 AND sun_attribute_087=s0 AND sun_attribute_091=s3 AND sun_attribute_007=s0,707,witness stand,1784,0.0072869955156950675,0.19224137931034482,1771,4,4,semantic_prototype,"[3, 6, 12, 14, 16, 17, 18, 19, 20, 21, 22, 23, 24, 25, 27, 29, 30, 66, 71, 72]"
R0394,"{'9': 0, '11': 3, '14': 0, '17': 0}",sun_attribute_091=s0 AND sun_attribute_089=s3 AND sun_attribute_065=s0 AND sun_attribute_026=s0,401,mansion,553,0.007233273056057866,0.05959051724137931,549,4,4,semantic_prototype,"[34, 37, 39, 41, 43, 46, 54, 146, 147, 148, 149, 151, 152, 154, 155, 156, 291, 294, 295, 297]"
R0395,"{'4': 0, '5': 0, '14': 0, '15': 0}",sun_attribute_066=s0 AND sun_attribute_087=s0 AND sun_attribute_065=s0 AND sun_attribute_092=s0,629,theater indoor procenium,2227,0.007184553210597216,0.23997844827586207,2211,4,4,semantic_prototype,"[3, 4, 5, 6, 8, 9, 10, 12, 13, 14, 16, 17, 18, 20, 22, 23, 24, 25, 27, 30]"
R0396,"{'9': 3, '10': 0, '11': 0, '12': 0}",sun_attribute_091=s3 AND sun_attribute_040=s0 AND sun_attribute_089=s0 AND sun_attribute_007=s0,126,candy store,1954,0.007164790174002047,0.2105603448275862,1940,4,4,semantic_prototype,"[6, 8, 11, 12, 13, 14, 15, 17, 18, 19, 20, 21, 22, 23, 24, 25, 29, 31, 64, 66]"
R0397,"{'9': 3, '10': 0, '11': 0, '12': 0}",sun_attribute_091=s3 AND sun_attribute_040=s0 AND sun_attribute_089=s0 AND sun_attribute_007=s0,371,kitchenette,1954,0.007164790174002047,0.2105603448275862,1940,4,4,semantic_prototype,"[6, 8, 11, 12, 13, 14, 15, 17, 18, 19, 20, 21, 22, 23, 24, 25, 29, 31, 64, 66]"
R0398,"{'9': 3, '10': 0, '11': 0, '12': 0}",sun_attribute_091=s3 AND sun_attribute_040=s0 AND sun_attribute_089=s0 AND sun_attribute_007=s0,452,office cubicles,1954,0.007164790174002047,0.2105603448275862,1940,4,4,semantic_prototype,"[6, 8, 11, 12, 13, 14, 15, 17, 18, 19, 20, 21, 22, 23, 24, 25, 29, 31, 64, 66]"
R0399,"{'9': 3, '10': 0, '11': 0, '12': 0}",sun_attribute_091=s3 AND sun_attribute_040=s0 AND sun_attribute_089=s0 AND sun_attribute_007=s0,479,pharmacy,1954,0.007164790174002047,0.2105603448275862,1940,4,4,semantic_prototype,"[6, 8, 11, 12, 13, 14, 15, 17, 18, 19, 20, 21, 22, 23, 24, 25, 29, 31, 64, 66]"
R0400,"{'1': 0, '9': 3, '10': 0, '12': 0}",sun_attribute_094=s0 AND sun_attribute_091=s3 AND sun_attribute_040=s0 AND sun_attribute_007=s0,397,locker room,1538,0.007152145643693108,0.16573275862068965,1527,4,4,semantic_prototype,"[6, 12, 14, 17, 18, 19, 20, 21, 22, 23, 24, 25, 29, 66, 71, 72, 74, 75, 78, 111]"
R0401,"{'9': 3, '10': 0, '11': 0, '16': 0}",sun_attribute_091=s3 AND sun_attribute_040=s0 AND sun_attribute_089=s0 AND sun_attribute_006=s0,168,closet,1822,0.007135016465422613,0.19633620689655173,1809,4,4,semantic_prototype,"[2, 4, 6, 8, 10, 11, 12, 14, 15, 17, 18, 19, 20, 22, 23, 24, 25, 29, 64, 66]"
R0402,"{'9': 3, '10': 0, '11': 0, '16': 0}",sun_attribute_091=s3 AND sun_attribute_040=s0 AND sun_attribute_089=s0 AND sun_attribute_006=s0,706,winery,1822,0.007135016465422613,0.19633620689655173,1809,4,4,semantic_prototype,"[2, 4, 6, 8, 10, 11, 12, 14, 15, 17, 18, 19, 20, 22, 23, 24, 25, 29, 64, 66]"
R0403,"{'4': 0, '9': 3, '11': 0, '15': 0}",sun_attribute_066=s0 AND sun_attribute_091=s3 AND sun_attribute_089=s0 AND sun_attribute_092=s0,223,dorm room,1693,0.0070880094506792675,0.1824353448275862,1681,4,4,semantic_prototype,"[3, 4, 6, 8, 10, 12, 13, 14, 16, 17, 18, 20, 22, 23, 24, 25, 27, 30, 31, 65]"
R0404,"{'0': 0, '6': 0, '9': 3, '11': 0}",sun_attribute_014=s0 AND sun_attribute_013=s0 AND sun_attribute_091=s3 AND sun_attribute_089=s0,175,conference hall,1979,0.007074279939363315,0.21325431034482759,1965,4,4,semantic_prototype,"[2, 3, 4, 10, 12, 13, 14, 15, 16, 17, 18, 19, 20, 21, 22, 23, 24, 25, 31, 64]"
R0405,"{'6': 0, '9': 3, '11': 0, '12': 0}",sun_attribute_013=s0 AND sun_attribute_091=s3 AND sun_attribute_089=s0 AND sun_attribute_007=s0,211,dinette home,1848,0.007034632034632035,0.19913793103448277,1835,4,4,semantic_prototype,"[3, 11, 12, 13, 14, 15, 16, 17, 18, 19, 20, 21, 22, 23, 24, 25, 27, 31, 64, 66]"
R0406,"{'0': 0, '6': 0, '7': 0, '8': 0}",sun_attribute_014=s0 AND sun_attribute_013=s0 AND sun_attribute_021=s0 AND sun_attribute_068=s0,414,mineshaft,1992,0.007028112449799197,0.21465517241379312,1978,4,4,semantic_prototype,"[1, 2, 4, 9, 12, 13, 15, 17, 21, 23, 25, 34, 37, 41, 44, 46, 51, 64, 65, 66]"
R0407,"{'5': 0, '9': 3, '11': 0, '12': 0}",sun_attribute_087=s0 AND sun_attribute_091=s3 AND sun_attribute_089=s0 AND sun_attribute_007=s0,618,tearoom,2137,0.0070191857744501636,0.23028017241379312,2122,4,4,semantic_prototype,"[3, 6, 8, 11, 12, 13, 14, 15, 16, 17, 18, 19, 20, 21, 22, 23, 24, 25, 27, 29]"
R0408,"{'5': 0, '10': 0, '11': 0, '12': 0}",sun_attribute_087=s0 AND sun_attribute_040=s0 AND sun_attribute_089=s0 AND sun_attribute_007=s0,113,bus interior,2011,0.0069617105917454,0.21670258620689656,1997,4,4,semantic_prototype,"[6, 8, 9, 11, 12, 13, 14, 15, 17, 18, 19, 20, 21, 22, 23, 24, 25, 28, 29, 31]"
R0409,"{'5': 0, '10': 0, '11': 0, '12': 0}",sun_attribute_087=s0 AND sun_attribute_040=s0 AND sun_attribute_089=s0 AND sun_attribute_007=s0,150,cheese factory,2011,0.0069617105917454,0.21670258620689656,1997,4,4,semantic_prototype,"[6, 8, 9, 11, 12, 13, 14, 15, 17, 18, 19, 20, 21, 22, 23, 24, 25, 28, 29, 31]"
R0410,"{'0': 0, '8': 0, '9': 3, '10': 0}",sun_attribute_014=s0 AND sun_attribute_068=s0 AND sun_attribute_091=s3 AND sun_attribute_040=s0,80,bedroom,1726,0.006952491309385863,0.18599137931034482,1714,4,4,semantic_prototype,"[2, 4, 10, 12, 13, 14, 15, 17, 18, 19, 21, 22, 23, 24, 25, 31, 64, 65, 66, 67]"
R0411,"{'5': 0, '9': 3, '11': 0, '15': 0}",sun_attribute_087=s0 AND sun_attribute_091=s3 AND sun_attribute_089=s0 AND sun_attribute_092=s0,89,bistro indoor,2015,0.006947890818858561,0.21713362068965517,2001,4,4,semantic_prototype,"[3, 4, 6, 8, 10, 12, 13, 14, 16, 17, 18, 19, 20, 21, 22, 23, 24, 25, 27, 29]"
R0412,"{'5': 0, '9': 3, '11': 0, '15': 0}",sun_attribute_087=s0 AND sun_attribute_091=s3 AND sun_attribute_089=s0 AND sun_attribute_092=s0,172,coffee shop,2015,0.006947890818858561,0.21713362068965517,2001,4,4,semantic_prototype,"[3, 4, 6, 8, 10, 12, 13, 14, 16, 17, 18, 19, 20, 21, 22, 23, 24, 25, 27, 29]"
R0413,"{'5': 0, '9': 3, '11': 0, '15': 0}",sun_attribute_087=s0 AND sun_attribute_091=s3 AND sun_attribute_089=s0 AND sun_attribute_092=s0,444,nursing home,2015,0.006947890818858561,0.21713362068965517,2001,4,4,semantic_prototype,"[3, 4, 6, 8, 10, 12, 13, 14, 16, 17, 18, 19, 20, 21, 22, 23, 24, 25, 27, 29]"
R0414,"{'1': 0, '5': 0, '12': 0, '15': 0}",sun_attribute_094=s0 AND sun_attribute_087=s0 AND sun_attribute_007=s0 AND sun_attribute_092=s0,141,cathedral indoor,2177,0.006890215893431328,0.2345905172413793,2162,4,4,semantic_prototype,"[3, 6, 9, 12, 14, 16, 17, 18, 19, 20, 21, 22, 23, 24, 25, 27, 28, 29, 30, 66]"
R0415,"{'5': 0, '9': 3, '10': 0, '11': 0}",sun_attribute_087=s0 AND sun_attribute_091=s3 AND sun_attribute_040=s0 AND sun_attribute_089=s0,182,convenience store indoor,2048,0.0068359375,0.2206896551724138,2034,4,4,semantic_prototype,"[2, 4, 6, 8, 10, 11, 12, 13, 14, 15, 17, 18, 19, 20, 21, 22, 23, 24, 25, 29]"
R0416,"{'5': 0, '9': 3, '10': 0, '11': 0}",sun_attribute_087=s0 AND sun_attribute_091=s3 AND sun_attribute_040=s0 AND sun_attribute_089=s0,422,morgue,2048,0.0068359375,0.2206896551724138,2034,4,4,semantic_prototype,"[2, 4, 6, 8, 10, 11, 12, 13, 14, 15, 17, 18, 19, 20, 21, 22, 23, 24, 25, 29]"
R0417,"{'4': 0, '5': 0, '12': 0, '16': 0}",sun_attribute_066=s0 AND sun_attribute_087=s0 AND sun_attribute_007=s0 AND sun_attribute_006=s0,636,ticket window outdoor,2212,0.006781193490054249,0.23836206896551723,2197,4,4,semantic_prototype,"[3, 6, 8, 9, 12, 14, 16, 17, 18, 20, 22, 23, 24, 25, 27, 30, 66, 71, 73, 74]"
R0418,"{'2': 0, '6': 0, '7': 0, '13': 0}",sun_attribute_022=s0 AND sun_attribute_013=s0 AND sun_attribute_021=s0 AND sun_attribute_023=s0,459,ossuary,1770,0.006779661016949152,0.19073275862068967,1758,4,4,semantic_prototype,"[1, 2, 3, 4, 9, 11, 12, 13, 15, 20, 21, 25, 27, 38, 39, 41, 44, 51, 64, 65]"
R0419,"{'2': 0, '7': 0, '9': 0, '11': 3}",sun_attribute_022=s0 AND sun_attribute_021=s0 AND sun_attribute_091=s0 AND sun_attribute_089=s3,442,nuclear power plant outdoor,1183,0.006762468300929839,0.12747844827586208,1175,4,4,semantic_prototype,"[37, 39, 41, 44, 46, 48, 49, 50, 52, 53, 55, 59, 60, 61, 83, 86, 88, 93, 144, 145]"
R0420,"{'9': 3, '11': 0, '12': 0, '15': 0}",sun_attribute_091=s3 AND sun_attribute_089=s0 AND sun_attribute_007=s0 AND sun_attribute_092=s0,202,day care center,1929,0.00673924313115604,0.20786637931034482,1916,4,4,semantic_prototype,"[3, 6, 8, 12, 13, 14, 16, 17, 18, 19, 20, 21, 22, 23, 24, 25, 27, 29, 30, 31]"
R0421,"{'1': 0, '5': 0, '9': 3, '12': 0}",sun_attribute_094=s0 AND sun_attribute_087=s0 AND sun_attribute_091=s3 AND sun_attribute_007=s0,703,window seat,1784,0.006726457399103139,0.19224137931034482,1772,4,4,semantic_prototype,"[3, 6, 12, 14, 16, 17, 18, 19, 20, 21, 22, 23, 24, 25, 27, 29, 30, 66, 71, 72]"
R0422,"{'3': 0, '5': 0, '10': 0, '14': 0}",sun_attribute_000=s0 AND sun_attribute_087=s0 AND sun_attribute_040=s0 AND sun_attribute_065=s0,49,bakery shop,1649,0.0066707095209217705,0.17769396551724137,1638,4,4,semantic_prototype,"[2, 4, 5, 6, 8, 9, 10, 11, 12, 13, 14, 18, 22, 23, 24, 31, 71, 73, 75, 78]"
R0423,"{'5': 0, '12': 0, '15': 0, '16': 0}",sun_attribute_087=s0 AND sun_attribute_007=s0 AND sun_attribute_092=s0 AND sun_attribute_006=s0,395,lobby,2401,0.006663890045814244,0.25872844827586206,2385,4,4,semantic_prototype,"[3, 6, 8, 9, 12, 14, 16, 17, 18, 19, 20, 22, 23, 24, 25, 27, 28, 29, 30, 64]"
R0424,"{'9': 3, '10': 0, '11': 0, '12': 0}",sun_attribute_091=s3 AND sun_attribute_040=s0 AND sun_attribute_089=s0 AND sun_attribute_007=s0,370,kitchen,1954,0.006653019447287615,0.2105603448275862,1941,4,4,semantic_prototype,"[6, 8, 11, 12, 13, 14, 15, 17, 18, 19, 20, 21, 22, 23, 24, 25, 29, 31, 64, 66]"
R0425,"{'9': 3, '10': 0, '11': 0, '12': 0}",sun_attribute_091=s3 AND sun_attribute_040=s0 AND sun_attribute_089=s0 AND sun_attribute_007=s0,642,toyshop,1954,0.006653019447287615,0.2105603448275862,1941,4,4,semantic_prototype,"[6, 8, 11, 12, 13, 14, 15, 17, 18, 19, 20, 21, 22, 23, 24, 25, 29, 31, 64, 66]"
R0426,"{'8': 0, '9': 3, '11': 0, '15': 0}",sun_attribute_068=s0 AND sun_attribute_091=s3 AND sun_attribute_089=s0 AND sun_attribute_092=s0,609,supermarket,1664,0.006610576923076923,0.1793103448275862,1653,4,4,semantic_prototype,"[4, 10, 12, 13, 14, 16, 17, 18, 19, 21, 22, 23, 24, 25, 31, 64, 65, 66, 71, 72]"
R0427,"{'5': 0, '9': 3, '11': 0, '12': 0}",sun_attribute_087=s0 AND sun_attribute_091=s3 AND sun_attribute_089=s0 AND sun_attribute_007=s0,538,restroom indoor,2137,0.006551240056153486,0.23028017241379312,2123,4,4,semantic_prototype,"[3, 6, 8, 11, 12, 13, 14, 15, 16, 17, 18, 19, 20, 21, 22, 23, 24, 25, 27, 29]"
R0428,"{'5': 0, '9': 3, '11': 0, '12': 0}",sun_attribute_087=s0 AND sun_attribute_091=s3 AND sun_attribute_089=s0 AND sun_attribute_007=s0,666,utility room,2137,0.006551240056153486,0.23028017241379312,2123,4,4,semantic_prototype,"[3, 6, 8, 11, 12, 13, 14, 15, 16, 17, 18, 19, 20, 21, 22, 23, 24, 25, 27, 29]"
R0429,"{'5': 0, '9': 3, '10': 0, '12': 0}",sun_attribute_087=s0 AND sun_attribute_091=s3 AND sun_attribute_040=s0 AND sun_attribute_007=s0,505,print shop,1988,0.006539235412474849,0.21422413793103448,1975,4,4,semantic_prototype,"[6, 8, 11, 12, 13, 14, 15, 17, 18, 19, 20, 21, 22, 23, 24, 25, 29, 31, 64, 66]"
R0430,"{'5': 0, '9': 3, '12': 0, '16': 0}",sun_attribute_087=s0 AND sun_attribute_091=s3 AND sun_attribute_007=s0 AND sun_attribute_006=s0,264,flea market indoor,2014,0.006454816285998014,0.2170258620689655,2001,4,4,semantic_prototype,"[3, 6, 8, 11, 12, 14, 15, 16, 17, 18, 19, 20, 22, 23, 24, 25, 27, 29, 30, 64]"
R0431,"{'5': 0, '9': 3, '12': 0, '16': 0}",sun_attribute_087=s0 AND sun_attribute_091=s3 AND sun_attribute_007=s0 AND sun_attribute_006=s0,489,pizzeria,2014,0.006454816285998014,0.2170258620689655,2001,4,4,semantic_prototype,"[3, 6, 8, 11, 12, 14, 15, 16, 17, 18, 19, 20, 22, 23, 24, 25, 27, 29, 30, 64]"
R0432,"{'5': 0, '9': 3, '12': 0, '16': 0}",sun_attribute_087=s0 AND sun_attribute_091=s3 AND sun_attribute_007=s0 AND sun_attribute_006=s0,528,recreation room,2014,0.006454816285998014,0.2170258620689655,2001,4,4,semantic_prototype,"[3, 6, 8, 11, 12, 14, 15, 16, 17, 18, 19, 20, 22, 23, 24, 25, 27, 29, 30, 64]"
R0433,"{'5': 0, '9': 3, '11': 0, '15': 0}",sun_attribute_087=s0 AND sun_attribute_091=s3 AND sun_attribute_089=s0 AND sun_attribute_092=s0,31,art studio,2015,0.0064516129032258064,0.21713362068965517,2002,4,4,semantic_prototype,"[3, 4, 6, 8, 10, 12, 13, 14, 16, 17, 18, 19, 20, 21, 22, 23, 24, 25, 27, 29]"
R0434,"{'5': 0, '9': 3, '11': 0, '15': 0}",sun_attribute_087=s0 AND sun_attribute_091=s3 AND sun_attribute_089=s0 AND sun_attribute_092=s0,163,classroom,2015,0.0064516129032258064,0.21713362068965517,2002,4,4,semantic_prototype,"[3, 4, 6, 8, 10, 12, 13, 14, 16, 17, 18, 19, 20, 21, 22, 23, 24, 25, 27, 29]"
R0435,"{'5': 0, '9': 3, '11': 0, '15': 0}",sun_attribute_087=s0 AND sun_attribute_091=s3 AND sun_attribute_089=s0 AND sun_attribute_092=s0,212,dinette vehicle,2015,0.0064516129032258064,0.21713362068965517,2002,4,4,semantic_prototype,"[3, 4, 6, 8, 10, 12, 13, 14, 16, 17, 18, 19, 20, 21, 22, 23, 24, 25, 27, 29]"
R0436,"{'5': 0, '9': 3, '10': 0, '11': 0}",sun_attribute_087=s0 AND sun_attribute_091=s3 AND sun_attribute_040=s0 AND sun_attribute_089=s0,287,game room,2048,0.00634765625,0.2206896551724138,2035,4,4,semantic_prototype,"[2, 4, 6, 8, 10, 11, 12, 13, 14, 15, 17, 18, 19, 20, 21, 22, 23, 24, 25, 29]"
R0437,"{'0': 0, '6': 0, '8': 0, '16': 0}",sun_attribute_014=s0 AND sun_attribute_013=s0 AND sun_attribute_068=s0 AND sun_attribute_006=s0,177,confessional,2370,0.006329113924050633,0.25538793103448276,2355,4,4,semantic_prototype,"[2, 4, 9, 10, 12, 14, 15, 16, 17, 18, 19, 22, 23, 24, 25, 64, 66, 69, 71, 72]"
R0438,"{'9': 3, '11': 0, '12': 0, '16': 0}",sun_attribute_091=s3 AND sun_attribute_089=s0 AND sun_attribute_007=s0 AND sun_attribute_006=s0,698,wet bar,1911,0.006279434850863423,0.20592672413793103,1899,4,4,semantic_prototype,"[3, 6, 8, 11, 12, 14, 15, 16, 17, 18, 19, 20, 22, 23, 24, 25, 27, 29, 30, 64]"
R0439,"{'5': 0, '9': 3, '10': 0, '16': 0}",sun_attribute_087=s0 AND sun_attribute_091=s3 AND sun_attribute_040=s0 AND sun_attribute_006=s0,406,martial arts gym,1913,0.006272869837950863,0.20614224137931034,1901,4,4,semantic_prototype,"[2, 4, 6, 8, 10, 11, 12, 14, 15, 17, 18, 19, 20, 22, 23, 24, 25, 29, 64, 66]"
R0440,"{'9': 0, '13': 1, '15': 2, '17': 0}",sun_attribute_091=s0 AND sun_attribute_023=s1 AND sun_attribute_092=s2 AND sun_attribute_026=s0,268,flood,480,0.00625,0.05172413793103448,477,4,4,semantic_prototype,"[34, 37, 46, 54, 57, 60, 85, 107, 147, 149, 154, 155, 160, 218, 240, 288, 291, 292, 294, 295]"
R0441,"{'2': 0, '7': 0, '9': 0, '17': 0}",sun_attribute_022=s0 AND sun_attribute_021=s0 AND sun_attribute_091=s0 AND sun_attribute_026=s0,77,beach house,1283,0.006235385814497272,0.13825431034482757,1275,4,4,semantic_prototype,"[37, 38, 39, 41, 44, 46, 50, 51, 52, 53, 55, 57, 58, 59, 60, 86, 94, 144, 145, 146]"
R0442,"{'5': 0, '10': 0, '11': 0, '16': 0}",sun_attribute_087=s0 AND sun_attribute_040=s0 AND sun_attribute_089=s0 AND sun_attribute_006=s0,48,bakery kitchen,1941,0.0061823802163833074,0.2091594827586207,1929,4,4,semantic_prototype,"[2, 4, 6, 8, 9, 10, 11, 12, 14, 15, 17, 18, 19, 20, 22, 23, 24, 25, 28, 29]"
R0443,"{'9': 3, '10': 0, '11': 0, '12': 0}",sun_attribute_091=s3 AND sun_attribute_040=s0 AND sun_attribute_089=s0 AND sun_attribute_007=s0,185,corridor,1954,0.006141248720573183,0.2105603448275862,1942,4,4,semantic_prototype,"[6, 8, 11, 12, 13, 14, 15, 17, 18, 19, 20, 21, 22, 23, 24, 25, 29, 31, 64, 66]"
R0444,"{'9': 3, '10': 0, '11': 0, '12': 0}",sun_attribute_091=s3 AND sun_attribute_040=s0 AND sun_attribute_089=s0 AND sun_attribute_007=s0,197,cybercafe,1954,0.006141248720573183,0.2105603448275862,1942,4,4,semantic_prototype,"[6, 8, 11, 12, 13, 14, 15, 17, 18, 19, 20, 21, 22, 23, 24, 25, 29, 31, 64, 66]"
R0445,"{'5': 0, '6': 0, '10': 0, '12': 0}",sun_attribute_087=s0 AND sun_attribute_013=s0 AND sun_attribute_040=s0 AND sun_attribute_007=s0,481,physics laboratory,1969,0.006094464195022855,0.21217672413793104,1957,4,4,semantic_prototype,"[9, 11, 12, 13, 14, 15, 17, 18, 19, 20, 21, 22, 23, 24, 25, 31, 64, 66, 69, 71]"
R0446,"{'5': 0, '9': 3, '11': 0, '12': 0}",sun_attribute_087=s0 AND sun_attribute_091=s3 AND sun_attribute_089=s0 AND sun_attribute_007=s0,527,reception,2137,0.006083294337856809,0.23028017241379312,2124,4,4,semantic_prototype,"[3, 6, 8, 11, 12, 13, 14, 15, 16, 17, 18, 19, 20, 21, 22, 23, 24, 25, 27, 29]"
R0447,"{'5': 0, '9': 3, '11': 0, '12': 0}",sun_attribute_087=s0 AND sun_attribute_091=s3 AND sun_attribute_089=s0 AND sun_attribute_007=s0,605,subway interior,2137,0.006083294337856809,0.23028017241379312,2124,4,4,semantic_prototype,"[3, 6, 8, 11, 12, 13, 14, 15, 16, 17, 18, 19, 20, 21, 22, 23, 24, 25, 27, 29]"
R0448,"{'5': 0, '9': 3, '11': 0, '16': 0}",sun_attribute_087=s0 AND sun_attribute_091=s3 AND sun_attribute_089=s0 AND sun_attribute_006=s0,312,gymnasium indoor,1973,0.006082108464267613,0.21260775862068965,1961,4,4,semantic_prototype,"[2, 3, 4, 6, 8, 10, 11, 12, 14, 15, 16, 17, 18, 19, 20, 22, 23, 24, 25, 27]"
R0449,"{'5': 0, '9': 3, '11': 0, '16': 0}",sun_attribute_087=s0 AND sun_attribute_091=s3 AND sun_attribute_089=s0 AND sun_attribute_006=s0,526,reading room,1973,0.006082108464267613,0.21260775862068965,1961,4,4,semantic_prototype,"[2, 3, 4, 6, 8, 10, 11, 12, 14, 15, 16, 17, 18, 19, 20, 22, 23, 24, 25, 27]"
R0450,"{'5': 0, '9': 3, '11': 0, '16': 0}",sun_attribute_087=s0 AND sun_attribute_091=s3 AND sun_attribute_089=s0 AND sun_attribute_006=s0,606,subway station corridor,1973,0.006082108464267613,0.21260775862068965,1961,4,4,semantic_prototype,"[2, 3, 4, 6, 8, 10, 11, 12, 14, 15, 16, 17, 18, 19, 20, 22, 23, 24, 25, 27]"
R0451,"{'1': 0, '5': 0, '12': 0, '14': 0}",sun_attribute_094=s0 AND sun_attribute_087=s0 AND sun_attribute_007=s0 AND sun_attribute_065=s0,136,carrousel,2138,0.00608044901777362,0.23038793103448277,2125,4,4,semantic_prototype,"[3, 6, 9, 12, 14, 16, 17, 18, 20, 21, 22, 23, 24, 25, 27, 29, 30, 36, 71, 75]"
R0452,"{'0': 0, '5': 0, '6': 0, '16': 0}",sun_attribute_014=s0 AND sun_attribute_087=s0 AND sun_attribute_013=s0 AND sun_attribute_006=s0,511,pulpit,2639,0.0060629026146267525,0.284375,2623,4,4,semantic_prototype,"[2, 3, 4, 9, 10, 12, 14, 15, 16, 17, 18, 19, 20, 22, 23, 24, 25, 64, 66, 69]"
R0453,"{'5': 0, '9': 3, '10': 0, '12': 0}",sun_attribute_087=s0 AND sun_attribute_091=s3 AND sun_attribute_040=s0 AND sun_attribute_007=s0,87,bindery,1988,0.006036217303822937,0.21422413793103448,1976,4,4,semantic_prototype,"[6, 8, 11, 12, 13, 14, 15, 17, 18, 19, 20, 21, 22, 23, 24, 25, 29, 31, 64, 66]"
R0454,"{'1': 0, '12': 0, '15': 0, '16': 0}",sun_attribute_094=s0 AND sun_attribute_007=s0 AND sun_attribute_092=s0 AND sun_attribute_006=s0,432,museum indoor,1996,0.006012024048096192,0.21508620689655172,1984,4,4,semantic_prototype,"[3, 6, 9, 12, 14, 16, 17, 18, 19, 20, 22, 23, 24, 25, 27, 28, 29, 30, 66, 71]"
R0455,"{'9': 3, '10': 0, '11': 0, '15': 0}",sun_attribute_091=s3 AND sun_attribute_040=s0 AND sun_attribute_089=s0 AND sun_attribute_092=s0,205,departure lounge,1833,0.006001091107474086,0.19752155172413793,1822,4,4,semantic_prototype,"[4, 6, 8, 10, 12, 13, 14, 17, 18, 19, 20, 21, 22, 23, 24, 25, 29, 31, 64, 65]"
R0456,"{'1': 0, '5': 0, '15': 0, '16': 0}",sun_attribute_094=s0 AND sun_attribute_087=s0 AND sun_attribute_092=s0 AND sun_attribute_006=s0,36,atrium public,2001,0.005997001499250375,0.215625,1989,4,4,semantic_prototype,"[3, 6, 9, 12, 14, 16, 17, 18, 19, 20, 22, 23, 24, 25, 27, 28, 29, 30, 66, 71]"
R0457,"{'6': 0, '8': 0, '9': 3, '11': 0}",sun_attribute_013=s0 AND sun_attribute_068=s0 AND sun_attribute_091=s3 AND sun_attribute_089=s0,9,alcove,1840,0.005978260869565218,0.19827586206896552,1829,4,4,semantic_prototype,"[2, 4, 10, 11, 12, 13, 14, 15, 16, 17, 18, 19, 21, 22, 23, 24, 25, 31, 64, 65]"
R0458,"{'1': 0, '5': 0, '12': 0, '15': 0}",sun_attribute_094=s0 AND sun_attribute_087=s0 AND sun_attribute_007=s0 AND sun_attribute_092=s0,14,anechoic chamber,2177,0.0059715204409738175,0.2345905172413793,2164,4,4,semantic_prototype,"[3, 6, 9, 12, 14, 16, 17, 18, 19, 20, 21, 22, 23, 24, 25, 27, 28, 29, 30, 66]"
R0459,"{'1': 0, '5': 0, '12': 0, '15': 0}",sun_attribute_094=s0 AND sun_attribute_087=s0 AND sun_attribute_007=s0 AND sun_attribute_092=s0,35,atrium home,2177,0.0059715204409738175,0.2345905172413793,2164,4,4,semantic_prototype,"[3, 6, 9, 12, 14, 16, 17, 18, 19, 20, 21, 22, 23, 24, 25, 27, 28, 29, 30, 66]"
R0460,"{'5': 0, '10': 0, '12': 0, '16': 0}",sun_attribute_087=s0 AND sun_attribute_040=s0 AND sun_attribute_007=s0 AND sun_attribute_006=s0,101,bowling alley,2352,0.005952380952380952,0.253448275862069,2338,4,4,semantic_prototype,"[6, 8, 9, 11, 12, 14, 15, 17, 18, 19, 20, 22, 23, 24, 25, 28, 29, 64, 66, 69]"
R0461,"{'5': 0, '10': 0, '12': 0, '16': 0}",sun_attribute_087=s0 AND sun_attribute_040=s0 AND sun_attribute_007=s0 AND sun_attribute_006=s0,127,canteen,2352,0.005952380952380952,0.253448275862069,2338,4,4,semantic_prototype,"[6, 8, 9, 11, 12, 14, 15, 17, 18, 19, 20, 22, 23, 24, 25, 28, 29, 64, 66, 69]"
R0462,"{'5': 0, '10': 0, '12': 0, '16': 0}",sun_attribute_087=s0 AND sun_attribute_040=s0 AND sun_attribute_007=s0 AND sun_attribute_006=s0,399,machine shop,2352,0.005952380952380952,0.253448275862069,2338,4,4,semantic_prototype,"[6, 8, 9, 11, 12, 14, 15, 17, 18, 19, 20, 22, 23, 24, 25, 28, 29, 64, 66, 69]"
R0463,"{'6': 0, '9': 3, '11': 0, '12': 0}",sun_attribute_013=s0 AND sun_attribute_091=s3 AND sun_attribute_089=s0 AND sun_attribute_007=s0,301,gift shop,1848,0.005952380952380952,0.19913793103448277,1837,4,4,semantic_prototype,"[3, 11, 12, 13, 14, 15, 16, 17, 18, 19, 20, 21, 22, 23, 24, 25, 27, 31, 64, 66]"
R0464,"{'4': 0, '6': 0, '9': 3, '14': 0}",sun_attribute_066=s0 AND sun_attribute_013=s0 AND sun_attribute_091=s3 AND sun_attribute_065=s0,27,armory,1685,0.005934718100890208,0.18157327586206898,1675,4,4,semantic_prototype,"[2, 3, 4, 10, 12, 13, 14, 16, 17, 18, 20, 22, 23, 24, 25, 27, 31, 71, 73, 75]"
R0465,"{'5': 0, '9': 3, '10': 0, '11': 0}",sun_attribute_087=s0 AND sun_attribute_091=s3 AND sun_attribute_040=s0 AND sun_attribute_089=s0,8,airport ticket counter,2048,0.005859375,0.2206896551724138,2036,4,4,semantic_prototype,"[2, 4, 6, 8, 10, 11, 12, 13, 14, 15, 17, 18, 19, 20, 21, 22, 23, 24, 25, 29]"
R0466,"{'5': 0, '6': 0, '12': 0, '15': 0}",sun_attribute_087=s0 AND sun_attribute_013=s0 AND sun_attribute_007=s0 AND sun_attribute_092=s0,380,laundromat,2224,0.005845323741007194,0.2396551724137931,2211,4,4,semantic_prototype,"[3, 9, 12, 13, 14, 16, 17, 18, 19, 20, 21, 22, 23, 24, 25, 27, 31, 64, 66, 71]"
R0467,"{'5': 0, '6': 0, '12': 0, '16': 0}",sun_attribute_087=s0 AND sun_attribute_013=s0 AND sun_attribute_007=s0 AND sun_attribute_006=s0,651,train station station,2570,0.005836575875486381,0.2769396551724138,2555,4,4,semantic_prototype,"[3, 9, 11, 12, 14, 15, 16, 17, 18, 19, 20, 22, 23, 24, 25, 27, 64, 66, 69, 71]"
R0468,"{'5': 0, '10': 0, '11': 0, '15': 0}",sun_attribute_087=s0 AND sun_attribute_040=s0 AND sun_attribute_089=s0 AND sun_attribute_092=s0,634,throne room,1888,0.005826271186440678,0.20344827586206896,1877,4,4,semantic_prototype,"[4, 6, 8, 9, 10, 12, 13, 14, 17, 18, 19, 20, 21, 22, 23, 24, 25, 28, 29, 31]"
R0469,"{'5': 0, '11': 0, '12': 0, '16': 0}",sun_attribute_087=s0 AND sun_attribute_089=s0 AND sun_attribute_007=s0 AND sun_attribute_006=s0,332,hot tub indoor,2064,0.005813953488372093,0.22241379310344828,2052,4,4,semantic_prototype,"[3, 6, 8, 9, 11, 12, 14, 15, 16, 17, 18, 19, 20, 22, 23, 24, 25, 27, 28, 29]"
R0470,"{'10': 0, '11': 0, '15': 0, '16': 0}",sun_attribute_040=s0 AND sun_attribute_089=s0 AND sun_attribute_092=s0 AND sun_attribute_006=s0,116,butchers shop,1724,0.00580046403712297,0.1857758620689655,1714,4,4,semantic_prototype,"[4, 6, 8, 9, 10, 12, 14, 17, 18, 19, 20, 22, 23, 24, 25, 28, 29, 64, 66, 71]"
R0471,"{'0': 0, '3': 0, '8': 0, '15': 0}",sun_attribute_014=s0 AND sun_attribute_000=s0 AND sun_attribute_068=s0 AND sun_attribute_092=s0,79,bedchamber,2252,0.005772646536412078,0.24267241379310345,2239,4,4,semantic_prototype,"[1, 4, 5, 9, 10, 12, 13, 14, 16, 18, 19, 22, 23, 24, 31, 65, 66, 71, 72, 73]"
R0472,"{'5': 0, '9': 3, '10': 0, '16': 0}",sun_attribute_087=s0 AND sun_attribute_091=s3 AND sun_attribute_040=s0 AND sun_attribute_006=s0,500,poolroom home,1913,0.00575013068478829,0.20614224137931034,1902,4,4,semantic_prototype,"[2, 4, 6, 8, 10, 11, 12, 14, 15, 17, 18, 19, 20, 22, 23, 24, 25, 29, 64, 66]"
R0473,"{'5': 0, '9': 3, '10': 0, '16': 0}",sun_attribute_087=s0 AND sun_attribute_091=s3 AND sun_attribute_040=s0 AND sun_attribute_006=s0,713,youth hostel,1913,0.00575013068478829,0.20614224137931034,1902,4,4,semantic_prototype,"[2, 4, 6, 8, 10, 11, 12, 14, 15, 17, 18, 19, 20, 22, 23, 24, 25, 29, 64, 66]"
R0474,"{'5': 0, '9': 3, '12': 0, '15': 0}",sun_attribute_087=s0 AND sun_attribute_091=s3 AND sun_attribute_007=s0 AND sun_attribute_092=s0,55,bank indoor,1915,0.005744125326370757,0.20635775862068967,1904,4,4,semantic_prototype,"[3, 6, 8, 12, 13, 14, 16, 17, 18, 19, 20, 21, 22, 23, 24, 25, 27, 29, 30, 31]"
R0475,"{'1': 0, '5': 0, '10': 0, '12': 0}",sun_attribute_094=s0 AND sun_attribute_087=s0 AND sun_attribute_040=s0 AND sun_attribute_007=s0,441,nuclear power plant indoor,1921,0.005726184279021343,0.20700431034482758,1910,4,4,semantic_prototype,"[6, 9, 12, 14, 17, 18, 19, 20, 21, 22, 23, 24, 25, 28, 29, 66, 71, 72, 74, 75]"
R0476,"{'0': 0, '6': 0, '14': 0, '17': 0}",sun_attribute_014=s0 AND sun_attribute_013=s0 AND sun_attribute_065=s0 AND sun_attribute_026=s0,307,greenhouse outdoor,1575,0.005714285714285714,0.1697198275862069,1566,4,4,semantic_prototype,"[1, 3, 4, 9, 10, 12, 13, 17, 21, 34, 37, 38, 41, 43, 46, 51, 75, 78, 104, 105]"
R0477,"{'0': 0, '12': 0, '14': 0, '15': 0}",sun_attribute_014=s0 AND sun_attribute_007=s0 AND sun_attribute_065=s0 AND sun_attribute_092=s0,241,engine room,1940,0.005670103092783505,0.20905172413793102,1929,4,4,semantic_prototype,"[3, 9, 12, 13, 14, 16, 17, 18, 20, 21, 22, 23, 24, 25, 31, 71, 73, 75, 78, 105]"
R0478,"{'5': 0, '10': 0, '11': 0, '16': 0}",sun_attribute_087=s0 AND sun_attribute_040=s0 AND sun_attribute_089=s0 AND sun_attribute_006=s0,390,limousine interior,1941,0.005667181865018032,0.2091594827586207,1930,4,4,semantic_prototype,"[2, 4, 6, 8, 9, 10, 11, 12, 14, 15, 17, 18, 19, 20, 22, 23, 24, 25, 28, 29]"
R0479,"{'0': 0, '4': 0, '6': 0, '13': 1}",sun_attribute_014=s0 AND sun_attribute_066=s0 AND sun_attribute_013=s0 AND sun_attribute_023=s1,42,auto showroom,1770,0.005649717514124294,0.19073275862068967,1760,4,4,semantic_prototype,"[5, 10, 14, 16, 17, 18, 22, 23, 31, 32, 33, 34, 37, 42, 43, 46, 47, 73, 74, 104]"
R0480,"{'2': 0, '6': 0, '7': 0, '17': 0}",sun_attribute_022=s0 AND sun_attribute_013=s0 AND sun_attribute_021=s0 AND sun_attribute_026=s0,686,water mill,1421,0.005629838142153413,0.153125,1413,4,4,semantic_prototype,"[1, 3, 4, 9, 11, 12, 13, 15, 17, 21, 37, 38, 39, 41, 44, 46, 51, 64, 75, 76]"
R0481,"{'9': 3, '10': 0, '11': 0, '12': 0}",sun_attribute_091=s3 AND sun_attribute_040=s0 AND sun_attribute_089=s0 AND sun_attribute_007=s0,494,playroom,1954,0.005629477993858751,0.2105603448275862,1943,4,4,semantic_prototype,"[6, 8, 11, 12, 13, 14, 15, 17, 18, 19, 20, 21, 22, 23, 24, 25, 29, 31, 64, 66]"
R0482,"{'5': 0, '9': 3, '11': 0, '12': 0}",sun_attribute_087=s0 AND sun_attribute_091=s3 AND sun_attribute_089=s0 AND sun_attribute_007=s0,209,diner indoor,2137,0.005615348619560131,0.23028017241379312,2125,4,4,semantic_prototype,"[3, 6, 8, 11, 12, 13, 14, 15, 16, 17, 18, 19, 20, 21, 22, 23, 24, 25, 27, 29]"
R0483,"{'3': 0, '4': 0, '13': 1, '14': 0}",sun_attribute_000=s0 AND sun_attribute_066=s0 AND sun_attribute_023=s1 AND sun_attribute_065=s0,156,chicken farm outdoor,1609,0.005593536357986327,0.17338362068965518,1600,4,4,semantic_prototype,"[5, 6, 10, 14, 16, 18, 22, 23, 31, 32, 33, 34, 37, 43, 46, 73, 104, 107, 119, 123]"
R0484,"{'3': 0, '6': 0, '10': 0, '12': 0}",sun_attribute_000=s0 AND sun_attribute_013=s0 AND sun_attribute_040=s0 AND sun_attribute_007=s0,235,elevator door,1619,0.005558987029030266,0.17446120689655173,1610,4,4,semantic_prototype,"[9, 11, 12, 13, 14, 18, 19, 22, 23, 24, 31, 66, 69, 71, 72, 73, 74, 75, 76, 77]"
R0485,"{'5': 0, '9': 3, '10': 0, '12': 0}",sun_attribute_087=s0 AND sun_attribute_091=s3 AND sun_attribute_040=s0 AND sun_attribute_007=s0,499,poolroom establishment,1988,0.005533199195171026,0.21422413793103448,1977,4,4,semantic_prototype,"[6, 8, 11, 12, 13, 14, 15, 17, 18, 19, 20, 21, 22, 23, 24, 25, 29, 31, 64, 66]"
R0486,"{'5': 0, '10': 0, '12': 0, '16': 0}",sun_attribute_087=s0 AND sun_attribute_040=s0 AND sun_attribute_007=s0 AND sun_attribute_006=s0,512,pump room,2352,0.0055272108843537416,0.253448275862069,2339,4,4,semantic_prototype,"[6, 8, 9, 11, 12, 14, 15, 17, 18, 19, 20, 22, 23, 24, 25, 28, 29, 64, 66, 69]"
R0487,"{'7': 0, '9': 0, '11': 3, '15': 2}",sun_attribute_021=s0 AND sun_attribute_091=s0 AND sun_attribute_089=s3 AND sun_attribute_092=s2,347,industrial area,724,0.0055248618784530384,0.07801724137931035,720,4,4,semantic_prototype,"[34, 37, 39, 41, 44, 46, 48, 50, 52, 53, 55, 59, 60, 83, 86, 145, 147, 148, 149, 154]"
R0488,"{'9': 3, '10': 0, '11': 0, '16': 0}",sun_attribute_091=s3 AND sun_attribute_040=s0 AND sun_attribute_089=s0 AND sun_attribute_006=s0,633,thriftshop,1822,0.005488474204171241,0.19633620689655173,1812,4,4,semantic_prototype,"[2, 4, 6, 8, 10, 11, 12, 14, 15, 17, 18, 19, 20, 22, 23, 24, 25, 29, 64, 66]"
R0489,"{'9': 3, '10': 0, '11': 0, '15': 0}",sun_attribute_091=s3 AND sun_attribute_040=s0 AND sun_attribute_089=s0 AND sun_attribute_092=s0,238,elevator lobby,1833,0.005455537370430988,0.19752155172413793,1823,4,4,semantic_prototype,"[4, 6, 8, 10, 12, 13, 14, 17, 18, 19, 20, 21, 22, 23, 24, 25, 29, 31, 64, 65]"
R0490,"{'4': 0, '5': 0, '12': 0, '16': 0}",sun_attribute_066=s0 AND sun_attribute_087=s0 AND sun_attribute_007=s0 AND sun_attribute_006=s0,392,liquor store outdoor,2212,0.0054249547920434,0.23836206896551723,2200,4,4,semantic_prototype,"[3, 6, 8, 9, 12, 14, 16, 17, 18, 20, 22, 23, 24, 25, 27, 30, 66, 71, 73, 74]"
R0491,"{'5': 0, '12': 0, '15': 0, '16': 0}",sun_attribute_087=s0 AND sun_attribute_007=s0 AND sun_attribute_092=s0 AND sun_attribute_006=s0,171,cockpit,2401,0.005414410662224073,0.25872844827586206,2388,4,4,semantic_prototype,"[3, 6, 8, 9, 12, 14, 16, 17, 18, 19, 20, 22, 23, 24, 25, 27, 28, 29, 30, 64]"
R0492,"{'5': 0, '12': 0, '15': 0, '16': 0}",sun_attribute_087=s0 AND sun_attribute_007=s0 AND sun_attribute_092=s0 AND sun_attribute_006=s0,222,doorway outdoor,2401,0.005414410662224073,0.25872844827586206,2388,4,4,semantic_prototype,"[3, 6, 8, 9, 12, 14, 16, 17, 18, 19, 20, 22, 23, 24, 25, 27, 28, 29, 30, 64]"
R0493,"{'5': 0, '12': 0, '15': 0, '16': 0}",sun_attribute_087=s0 AND sun_attribute_007=s0 AND sun_attribute_092=s0 AND sun_attribute_006=s0,503,power plant indoor,2401,0.005414410662224073,0.25872844827586206,2388,4,4,semantic_prototype,"[3, 6, 8, 9, 12, 14, 16, 17, 18, 19, 20, 22, 23, 24, 25, 27, 28, 29, 30, 64]"
R0494,"{'0': 0, '6': 0, '7': 1, '14': 0}",sun_attribute_014=s0 AND sun_attribute_013=s0 AND sun_attribute_021=s1 AND sun_attribute_065=s0,105,brickyard outdoor,1295,0.005405405405405406,0.13954741379310345,1288,4,4,semantic_prototype,"[5, 10, 14, 24, 31, 32, 42, 43, 71, 73, 112, 123, 130, 131, 134, 155, 156, 159, 184, 226]"
R0495,"{'2': 1, '4': 0, '5': 0, '12': 0}",sun_attribute_022=s1 AND sun_attribute_066=s0 AND sun_attribute_087=s0 AND sun_attribute_007=s0,81,beer garden,1110,0.005405405405405406,0.11961206896551724,1104,4,4,semantic_prototype,"[6, 14, 18, 24, 31, 71, 73, 74, 106, 107, 112, 115, 120, 121, 123, 129, 130, 131, 133, 134]"
R0496,"{'0': 0, '6': 0, '9': 3, '12': 0}",sun_attribute_014=s0 AND sun_attribute_013=s0 AND sun_attribute_091=s3 AND sun_attribute_007=s0,682,voting booth,1869,0.005350454788657036,0.2014008620689655,1859,4,4,semantic_prototype,"[3, 12, 13, 14, 15, 16, 17, 18, 19, 20, 21, 22, 23, 24, 25, 31, 64, 66, 69, 71]"
R0497,"{'0': 0, '5': 0, '6': 0, '15': 0}",sun_attribute_014=s0 AND sun_attribute_087=s0 AND sun_attribute_013=s0 AND sun_attribute_092=s0,554,sacristy,2447,0.0053126277073968125,0.2636853448275862,2434,4,4,semantic_prototype,"[3, 4, 5, 9, 10, 12, 13, 14, 16, 17, 18, 19, 20, 21, 22, 23, 24, 25, 31, 64]"
R0498,"{'1': 0, '5': 0, '12': 0, '16': 0}",sun_attribute_094=s0 AND sun_attribute_087=s0 AND sun_attribute_007=s0 AND sun_attribute_006=s0,47,baggage claim,2863,0.005239259517988124,0.30851293103448274,2848,4,4,semantic_prototype,"[3, 6, 9, 12, 14, 16, 17, 18, 19, 20, 22, 23, 24, 25, 27, 28, 29, 30, 58, 66]"
R0499,"{'5': 0, '10': 0, '15': 0, '16': 0}",sun_attribute_087=s0 AND sun_attribute_040=s0 AND sun_attribute_092=s0 AND sun_attribute_006=s0,133,cargo deck airplane,1919,0.005211047420531527,0.20678879310344828,1909,4,4,semantic_prototype,"[4, 6, 8, 9, 10, 12, 14, 17, 18, 19, 20, 22, 23, 24, 25, 28, 29, 64, 66, 71]"
R0500,"{'3': 0, '4': 0, '6': 0, '15': 0}",sun_attribute_000=s0 AND sun_attribute_066=s0 AND sun_attribute_013=s0 AND sun_attribute_092=s0,192,crawl space,2324,0.0051635111876075735,0.2504310344827586,2312,4,4,semantic_prototype,"[1, 3, 4, 5, 9, 10, 12, 13, 14, 16, 18, 22, 23, 24, 31, 65, 66, 71, 73, 74]"
R0501,"{'1': 1, '5': 0, '9': 0, '10': 2}",sun_attribute_094=s1 AND sun_attribute_087=s0 AND sun_attribute_091=s0 AND sun_attribute_040=s2,465,palace,390,0.005128205128205128,0.04202586206896552,388,4,4,semantic_prototype,"[40, 41, 51, 107, 157, 223, 259, 264, 267, 270, 294, 295, 299, 308, 316, 332, 354, 359, 432, 438]"
R0502,"{'5': 0, '10': 0, '12': 0, '16': 0}",sun_attribute_087=s0 AND sun_attribute_040=s0 AND sun_attribute_007=s0 AND sun_attribute_006=s0,368,kiosk indoor,2352,0.00510204081632653,0.253448275862069,2340,4,4,semantic_prototype,"[6, 8, 9, 11, 12, 14, 15, 17, 18, 19, 20, 22, 23, 24, 25, 28, 29, 64, 66, 69]"
R0503,"{'5': 0, '10': 0, '12': 0, '16': 0}",sun_attribute_087=s0 AND sun_attribute_040=s0 AND sun_attribute_007=s0 AND sun_attribute_006=s0,447,observatory indoor,2352,0.00510204081632653,0.253448275862069,2340,4,4,semantic_prototype,"[6, 8, 9, 11, 12, 14, 15, 17, 18, 19, 20, 22, 23, 24, 25, 28, 29, 64, 66, 69]"
R0504,"{'3': 0, '4': 0, '5': 0, '16': 0}",sun_attribute_000=s0 AND sun_attribute_066=s0 AND sun_attribute_087=s0 AND sun_attribute_006=s0,433,museum outdoor,2166,0.0050784856879039705,0.2334051724137931,2155,4,4,semantic_prototype,"[2, 3, 4, 6, 8, 9, 10, 12, 14, 16, 18, 22, 23, 24, 66, 71, 73, 74, 75, 78]"
R0505,"{'5': 0, '9': 3, '10': 0, '12': 0}",sun_attribute_087=s0 AND sun_attribute_091=s3 AND sun_attribute_040=s0 AND sun_attribute_007=s0,97,booth indoor,1988,0.005030181086519115,0.21422413793103448,1978,4,4,semantic_prototype,"[6, 8, 11, 12, 13, 14, 15, 17, 18, 19, 20, 21, 22, 23, 24, 25, 29, 31, 64, 66]"
R0506,"{'0': 0, '5': 0, '6': 0, '14': 0}",sun_attribute_014=s0 AND sun_attribute_087=s0 AND sun_attribute_013=s0 AND sun_attribute_065=s0,649,train station outdoor,3013,0.004978426817125788,0.324676724137931,2998,4,4,semantic_prototype,"[2, 3, 4, 5, 9, 10, 12, 13, 14, 16, 17, 18, 20, 21, 22, 23, 24, 25, 31, 36]"
R0507,"{'0': 0, '3': 0, '5': 0, '6': 0}",sun_attribute_014=s0 AND sun_attribute_000=s0 AND sun_attribute_087=s0 AND sun_attribute_013=s0,470,parking garage outdoor,3023,0.004961958319550115,0.3257543103448276,3008,4,4,semantic_prototype,"[2, 3, 4, 5, 9, 10, 12, 13, 14, 16, 18, 19, 22, 23, 24, 31, 36, 40, 51, 66]"
R0508,"{'0': 0, '5': 0, '6': 0, '8': 0}",sun_attribute_014=s0 AND sun_attribute_087=s0 AND sun_attribute_013=s0 AND sun_attribute_068=s0,82,beer hall,3240,0.0049382716049382715,0.34913793103448276,3224,4,4,semantic_prototype,"[2, 4, 5, 9, 10, 12, 13, 14, 15, 16, 17, 18, 19, 21, 22, 23, 24, 25, 31, 36]"
R0509,"{'1': 0, '5': 0, '12': 0, '16': 0}",sun_attribute_094=s0 AND sun_attribute_087=s0 AND sun_attribute_007=s0 AND sun_attribute_006=s0,613,swimming pool indoor,2863,0.004889975550122249,0.30851293103448274,2849,4,4,semantic_prototype,"[3, 6, 9, 12, 14, 16, 17, 18, 19, 20, 22, 23, 24, 25, 27, 28, 29, 30, 58, 66]"
R0510,"{'1': 0, '5': 0, '8': 0, '12': 0}",sun_attribute_094=s0 AND sun_attribute_087=s0 AND sun_attribute_068=s0 AND sun_attribute_007=s0,290,garage outdoor,2052,0.004873294346978557,0.22112068965517243,2042,4,4,semantic_prototype,"[9, 12, 14, 16, 17, 18, 19, 21, 22, 23, 24, 25, 36, 66, 71, 72, 74, 75, 78, 114]"
R0511,"{'2': 1, '4': 0, '12': 0, '13': 1}",sun_attribute_022=s1 AND sun_attribute_066=s0 AND sun_attribute_007=s0 AND sun_attribute_023=s1,199,dairy indoor,1041,0.004803073967339097,0.11217672413793103,1036,4,4,semantic_prototype,"[6, 14, 18, 31, 73, 74, 106, 107, 119, 123, 129, 130, 131, 133, 134, 135, 138, 226, 227, 229]"
R0512,"{'5': 0, '6': 0, '9': 3, '12': 0}",sun_attribute_087=s0 AND sun_attribute_013=s0 AND sun_attribute_091=s3 AND sun_attribute_007=s0,434,music store,1876,0.004797441364605544,0.2021551724137931,1867,4,4,semantic_prototype,"[3, 11, 12, 13, 14, 15, 16, 17, 18, 19, 20, 21, 22, 23, 24, 25, 27, 31, 64, 66]"
R0513,"{'5': 0, '8': 0, '10': 0, '11': 0}",sun_attribute_087=s0 AND sun_attribute_068=s0 AND sun_attribute_040=s0 AND sun_attribute_089=s0,567,server room,1676,0.00477326968973747,0.18060344827586206,1668,4,4,semantic_prototype,"[2, 4, 9, 10, 11, 12, 13, 14, 15, 17, 18, 19, 21, 22, 23, 24, 25, 31, 64, 66]"
R0514,"{'5': 0, '6': 0, '12': 0, '14': 0}",sun_attribute_087=s0 AND sun_attribute_013=s0 AND sun_attribute_007=s0 AND sun_attribute_065=s0,485,pig farm,2516,0.0047694753577106515,0.2711206896551724,2504,4,4,semantic_prototype,"[3, 9, 11, 12, 13, 14, 16, 17, 18, 20, 21, 22, 23, 24, 25, 27, 31, 36, 51, 71]"
R0515,"{'5': 0, '6': 0, '11': 0, '12': 0}",sun_attribute_087=s0 AND sun_attribute_013=s0 AND sun_attribute_089=s0 AND sun_attribute_007=s0,65,basement,1900,0.004736842105263158,0.20474137931034483,1891,4,4,semantic_prototype,"[3, 9, 11, 12, 13, 14, 15, 16, 17, 18, 19, 20, 21, 22, 23, 24, 25, 27, 31, 64]"
R0516,"{'0': 0, '5': 0, '10': 0, '12': 0}",sun_attribute_014=s0 AND sun_attribute_087=s0 AND sun_attribute_040=s0 AND sun_attribute_007=s0,280,foundry indoor,1909,0.004714510214772132,0.20571120689655173,1900,4,4,semantic_prototype,"[9, 12, 13, 14, 15, 17, 18, 19, 20, 21, 22, 23, 24, 25, 31, 64, 66, 69, 71, 72]"
R0517,"{'5': 0, '9': 3, '11': 0, '12': 0}",sun_attribute_087=s0 AND sun_attribute_091=s3 AND sun_attribute_089=s0 AND sun_attribute_007=s0,393,living room,2137,0.004679457182966776,0.23028017241379312,2127,4,4,semantic_prototype,"[3, 6, 8, 11, 12, 13, 14, 15, 16, 17, 18, 19, 20, 21, 22, 23, 24, 25, 27, 29]"
R0518,"{'5': 0, '10': 0, '12': 0, '16': 0}",sun_attribute_087=s0 AND sun_attribute_040=s0 AND sun_attribute_007=s0 AND sun_attribute_006=s0,546,rolling mill,2352,0.00467687074829932,0.253448275862069,2341,4,4,semantic_prototype,"[6, 8, 9, 11, 12, 14, 15, 17, 18, 19, 20, 22, 23, 24, 25, 28, 29, 64, 66, 69]"
R0519,"{'1': 0, '5': 0, '12': 0, '16': 0}",sun_attribute_094=s0 AND sun_attribute_087=s0 AND sun_attribute_007=s0 AND sun_attribute_006=s0,7,airport terminal,2863,0.0045406915822563745,0.30851293103448274,2850,4,4,semantic_prototype,"[3, 6, 9, 12, 14, 16, 17, 18, 19, 20, 22, 23, 24, 25, 27, 28, 29, 30, 58, 66]"
R0520,"{'1': 0, '5': 0, '12': 0, '16': 0}",sun_attribute_094=s0 AND sun_attribute_087=s0 AND sun_attribute_007=s0 AND sun_attribute_006=s0,180,control tower indoor,2863,0.0045406915822563745,0.30851293103448274,2850,4,4,semantic_prototype,"[3, 6, 9, 12, 14, 16, 17, 18, 19, 20, 22, 23, 24, 25, 27, 28, 29, 30, 58, 66]"
R0521,"{'5': 0, '9': 3, '10': 0, '12': 0}",sun_attribute_087=s0 AND sun_attribute_091=s3 AND sun_attribute_040=s0 AND sun_attribute_007=s0,271,food court,1988,0.004527162977867203,0.21422413793103448,1979,4,4,semantic_prototype,"[6, 8, 11, 12, 13, 14, 15, 17, 18, 19, 20, 21, 22, 23, 24, 25, 29, 31, 64, 66]"
R0522,"{'4': 0, '5': 0, '12': 0, '16': 0}",sun_attribute_066=s0 AND sun_attribute_087=s0 AND sun_attribute_007=s0 AND sun_attribute_006=s0,475,patio,2212,0.0045207956600361665,0.23836206896551723,2202,4,4,semantic_prototype,"[3, 6, 8, 9, 12, 14, 16, 17, 18, 20, 22, 23, 24, 25, 27, 30, 66, 71, 73, 74]"
R0523,"{'3': 0, '8': 0, '10': 0, '15': 0}",sun_attribute_000=s0 AND sun_attribute_068=s0 AND sun_attribute_040=s0 AND sun_attribute_092=s0,111,burial chamber,1560,0.004487179487179487,0.16810344827586207,1553,4,4,semantic_prototype,"[1, 4, 5, 9, 10, 12, 13, 14, 18, 19, 22, 23, 24, 31, 65, 66, 71, 72, 73, 74]"
R0524,"{'5': 0, '8': 0, '12': 0, '15': 0}",sun_attribute_087=s0 AND sun_attribute_068=s0 AND sun_attribute_007=s0 AND sun_attribute_092=s0,404,market outdoor,2009,0.004479840716774514,0.21648706896551725,2000,4,4,semantic_prototype,"[9, 12, 13, 14, 16, 17, 18, 19, 21, 22, 23, 24, 25, 31, 64, 66, 71, 72, 73, 74]"
R0525,"{'0': 0, '6': 0, '12': 0, '14': 0}",sun_attribute_014=s0 AND sun_attribute_013=s0 AND sun_attribute_007=s0 AND sun_attribute_065=s0,705,wine cellar bottle storage,2684,0.004470938897168405,0.28922413793103446,2672,4,4,semantic_prototype,"[3, 9, 12, 13, 14, 16, 17, 18, 20, 21, 22, 23, 24, 25, 31, 36, 51, 71, 73, 75]"
R0526,"{'5': 0, '6': 0, '13': 1, '14': 0}",sun_attribute_087=s0 AND sun_attribute_013=s0 AND sun_attribute_023=s1 AND sun_attribute_065=s0,243,escalator outdoor,1342,0.004470938897168405,0.14461206896551723,1336,4,4,semantic_prototype,"[5, 10, 14, 16, 17, 18, 22, 23, 31, 73, 106, 107, 123, 128, 129, 130, 131, 134, 139, 156]"
R0527,"{'5': 0, '9': 3, '12': 0, '16': 0}",sun_attribute_087=s0 AND sun_attribute_091=s3 AND sun_attribute_007=s0 AND sun_attribute_006=s0,496,podium indoor,2014,0.004468718967229395,0.2170258620689655,2005,4,4,semantic_prototype,"[3, 6, 8, 11, 12, 14, 15, 16, 17, 18, 19, 20, 22, 23, 24, 25, 27, 29, 30, 64]"
R0528,"{'0': 0, '3': 0, '6': 0, '8': 0}",sun_attribute_014=s0 AND sun_attribute_000=s0 AND sun_attribute_013=s0 AND sun_attribute_068=s0,559,sauna,3608,0.004434589800443459,0.3887931034482759,3592,4,4,semantic_prototype,"[1, 2, 4, 5, 9, 10, 12, 13, 14, 16, 18, 19, 22, 23, 24, 31, 32, 33, 34, 36]"
R0529,"{'0': 0, '5': 0, '15': 0, '16': 0}",sun_attribute_014=s0 AND sun_attribute_087=s0 AND sun_attribute_092=s0 AND sun_attribute_006=s0,257,fire escape,2039,0.004413928396272682,0.2197198275862069,2030,4,4,semantic_prototype,"[3, 4, 9, 10, 12, 14, 16, 17, 18, 19, 20, 22, 23, 24, 25, 64, 66, 71, 72, 73]"
R0530,"{'0': 0, '5': 0, '6': 0, '8': 0}",sun_attribute_014=s0 AND sun_attribute_087=s0 AND sun_attribute_013=s0 AND sun_attribute_068=s0,56,bank outdoor,3240,0.004320987654320987,0.34913793103448276,3226,4,4,semantic_prototype,"[2, 4, 5, 9, 10, 12, 13, 14, 15, 16, 17, 18, 19, 21, 22, 23, 24, 25, 31, 36]"
R0531,"{'3': 0, '4': 0, '5': 0, '14': 0}",sun_attribute_000=s0 AND sun_attribute_066=s0 AND sun_attribute_087=s0 AND sun_attribute_065=s0,643,track indoor,2802,0.004282655246252677,0.3019396551724138,2790,4,4,semantic_prototype,"[2, 3, 4, 5, 6, 8, 9, 10, 12, 13, 14, 16, 18, 22, 23, 24, 31, 36, 40, 51]"
R0532,"{'5': 0, '10': 0, '12': 0, '16': 0}",sun_attribute_087=s0 AND sun_attribute_040=s0 AND sun_attribute_007=s0 AND sun_attribute_006=s0,231,dugout,2352,0.004251700680272109,0.253448275862069,2342,4,4,semantic_prototype,"[6, 8, 9, 11, 12, 14, 15, 17, 18, 19, 20, 22, 23, 24, 25, 28, 29, 64, 66, 69]"
R0533,"{'5': 0, '10': 0, '11': 0, '15': 0}",sun_attribute_087=s0 AND sun_attribute_040=s0 AND sun_attribute_089=s0 AND sun_attribute_092=s0,436,natural history museum,1888,0.00423728813559322,0.20344827586206896,1880,4,4,semantic_prototype,"[4, 6, 8, 9, 10, 12, 13, 14, 17, 18, 19, 20, 21, 22, 23, 24, 25, 28, 29, 31]"
R0534,"{'1': 0, '5': 0, '12': 0, '14': 0}",sun_attribute_094=s0 AND sun_attribute_087=s0 AND sun_attribute_007=s0 AND sun_attribute_065=s0,574,shopping mall indoor,2138,0.00420954162768943,0.23038793103448277,2129,4,4,semantic_prototype,"[3, 6, 9, 12, 14, 16, 17, 18, 20, 21, 22, 23, 24, 25, 27, 29, 30, 36, 71, 75]"
R0535,"{'0': 0, '3': 0, '4': 0, '14': 0}",sun_attribute_014=s0 AND sun_attribute_000=s0 AND sun_attribute_066=s0 AND sun_attribute_065=s0,373,labyrinth indoor,3565,0.004207573632538569,0.38415948275862066,3550,4,4,semantic_prototype,"[1, 2, 3, 4, 5, 9, 10, 12, 13, 14, 16, 18, 22, 23, 24, 31, 32, 33, 34, 36]"
R0536,"{'5': 0, '10': 0, '15': 0, '16': 0}",sun_attribute_087=s0 AND sun_attribute_040=s0 AND sun_attribute_092=s0 AND sun_attribute_006=s0,102,boxing ring,1919,0.004168837936425221,0.20678879310344828,1911,4,4,semantic_prototype,"[4, 6, 8, 9, 10, 12, 14, 17, 18, 19, 20, 22, 23, 24, 25, 28, 29, 64, 66, 71]"
R0537,"{'3': 0, '4': 0, '6': 0, '8': 0}",sun_attribute_000=s0 AND sun_attribute_066=s0 AND sun_attribute_013=s0 AND sun_attribute_068=s0,154,chicken coop outdoor,3362,0.004164187983343248,0.3622844827586207,3348,4,4,semantic_prototype,"[1, 2, 4, 5, 9, 10, 12, 13, 14, 16, 18, 22, 23, 24, 31, 32, 33, 34, 36, 37]"
R0538,"{'0': 0, '5': 0, '8': 0, '14': 0}",sun_attribute_014=s0 AND sun_attribute_087=s0 AND sun_attribute_068=s0 AND sun_attribute_065=s0,451,office building,2661,0.004133784291619692,0.2867456896551724,2650,4,4,semantic_prototype,"[2, 4, 5, 9, 10, 12, 13, 14, 16, 17, 18, 21, 22, 23, 24, 25, 31, 36, 40, 41]"
R0539,"{'4': 0, '5': 0, '6': 0, '16': 0}",sun_attribute_066=s0 AND sun_attribute_087=s0 AND sun_attribute_013=s0 AND sun_attribute_006=s0,530,recycling plant indoor,2222,0.004050405040504051,0.2394396551724138,2213,4,4,semantic_prototype,"[2, 3, 4, 9, 10, 12, 14, 16, 17, 18, 20, 22, 23, 24, 25, 27, 66, 71, 73, 74]"
R0540,"{'0': 0, '5': 0, '6': 0, '8': 0}",sun_attribute_014=s0 AND sun_attribute_087=s0 AND sun_attribute_013=s0 AND sun_attribute_068=s0,210,diner outdoor,3240,0.004012345679012346,0.34913793103448276,3227,4,4,semantic_prototype,"[2, 4, 5, 9, 10, 12, 13, 14, 15, 16, 17, 18, 19, 21, 22, 23, 24, 25, 31, 36]"
R0541,"{'6': 0, '7': 0, '14': 0, '17': 0}",sun_attribute_013=s0 AND sun_attribute_021=s0 AND sun_attribute_065=s0 AND sun_attribute_026=s0,461,outhouse outdoor,1253,0.0039904229848363925,0.13502155172413793,1248,4,4,semantic_prototype,"[1, 3, 4, 9, 11, 12, 13, 17, 21, 34, 37, 38, 39, 41, 46, 51, 75, 78, 104, 105]"
R0542,"{'0': 0, '4': 0, '5': 0, '12': 0}",sun_attribute_014=s0 AND sun_attribute_066=s0 AND sun_attribute_087=s0 AND sun_attribute_007=s0,360,joss house,2511,0.00398247710075667,0.27058189655172415,2501,4,4,semantic_prototype,"[3, 9, 12, 13, 14, 16, 17, 18, 20, 22, 23, 24, 25, 31, 36, 51, 66, 71, 73, 74]"
R0543,"{'6': 0, '11': 0, '12': 0, '15': 0}",sun_attribute_013=s0 AND sun_attribute_089=s0 AND sun_attribute_007=s0 AND sun_attribute_092=s0,355,jail cell,1760,0.003977272727272727,0.1896551724137931,1753,4,4,semantic_prototype,"[3, 9, 12, 13, 14, 16, 17, 18, 19, 20, 21, 22, 23, 24, 25, 27, 31, 64, 66, 71]"
R0544,"{'5': 0, '6': 0, '12': 0, '14': 0}",sun_attribute_087=s0 AND sun_attribute_013=s0 AND sun_attribute_007=s0 AND sun_attribute_065=s0,114,bus shelter,2516,0.00397456279809221,0.2711206896551724,2506,4,4,semantic_prototype,"[3, 9, 11, 12, 13, 14, 16, 17, 18, 20, 21, 22, 23, 24, 25, 27, 31, 36, 51, 71]"
R0545,"{'0': 0, '4': 0, '6': 0, '8': 0}",sun_attribute_014=s0 AND sun_attribute_066=s0 AND sun_attribute_013=s0 AND sun_attribute_068=s0,43,backstage,3534,0.003961516694963215,0.38081896551724137,3520,4,4,semantic_prototype,"[1, 2, 4, 5, 9, 10, 12, 13, 14, 16, 17, 18, 22, 23, 24, 25, 31, 32, 33, 34]"
R0546,"{'0': 0, '4': 0, '6': 0, '14': 0}",sun_attribute_014=s0 AND sun_attribute_066=s0 AND sun_attribute_013=s0 AND sun_attribute_065=s0,382,lean-to,3788,0.00395987328405491,0.4081896551724138,3773,4,4,semantic_prototype,"[1, 2, 3, 4, 5, 9, 10, 12, 13, 14, 16, 17, 18, 20, 22, 23, 24, 25, 31, 32]"
R0547,"{'0': 0, '4': 0, '6': 0, '14': 0}",sun_attribute_014=s0 AND sun_attribute_066=s0 AND sun_attribute_013=s0 AND sun_attribute_065=s0,602,strip mall,3788,0.00395987328405491,0.4081896551724138,3773,4,4,semantic_prototype,"[1, 2, 3, 4, 5, 9, 10, 12, 13, 14, 16, 17, 18, 20, 22, 23, 24, 25, 31, 32]"
R0548,"{'3': 0, '5': 0, '14': 0, '16': 0}",sun_attribute_000=s0 AND sun_attribute_087=s0 AND sun_attribute_065=s0 AND sun_attribute_006=s0,491,planetarium outdoor,2033,0.003935071323167732,0.21907327586206896,2025,4,4,semantic_prototype,"[2, 3, 4, 6, 8, 9, 10, 11, 12, 14, 16, 18, 22, 23, 24, 71, 73, 75, 78, 100]"
R0549,"{'3': 0, '4': 0, '5': 0, '14': 0}",sun_attribute_000=s0 AND sun_attribute_066=s0 AND sun_attribute_087=s0 AND sun_attribute_065=s0,335,hotel outdoor,2802,0.0039257673090649535,0.3019396551724138,2791,4,4,semantic_prototype,"[2, 3, 4, 5, 6, 8, 9, 10, 12, 13, 14, 16, 18, 22, 23, 24, 31, 36, 40, 51]"
R0550,"{'0': 0, '4': 0, '5': 0, '6': 0}",sun_attribute_014=s0 AND sun_attribute_066=s0 AND sun_attribute_087=s0 AND sun_attribute_013=s0,589,stable,3064,0.0039164490861618795,0.33017241379310347,3052,4,4,semantic_prototype,"[2, 3, 4, 5, 9, 10, 12, 13, 14, 16, 17, 18, 20, 22, 23, 24, 25, 31, 36, 40]"
R0551,"{'6': 0, '9': 0, '10': 2, '11': 2}",sun_attribute_013=s0 AND sun_attribute_091=s0 AND sun_attribute_040=s2 AND sun_attribute_089=s2,299,geodesic dome outdoor,256,0.00390625,0.027586206896551724,255,4,4,semantic_prototype,"[51, 107, 270, 296, 327, 331, 335, 354, 430, 437, 446, 481, 594, 607, 734, 819, 826, 841, 842, 848]"
R0552,"{'5': 0, '6': 0, '12': 0, '16': 0}",sun_attribute_087=s0 AND sun_attribute_013=s0 AND sun_attribute_007=s0 AND sun_attribute_006=s0,394,loading dock,2570,0.0038910505836575876,0.2769396551724138,2560,4,4,semantic_prototype,"[3, 9, 11, 12, 14, 15, 16, 17, 18, 19, 20, 22, 23, 24, 25, 27, 64, 66, 69, 71]"
R0553,"{'0': 0, '3': 0, '6': 0, '8': 0}",sun_attribute_014=s0 AND sun_attribute_000=s0 AND sun_attribute_013=s0 AND sun_attribute_068=s0,37,attic,3608,0.003880266075388027,0.3887931034482759,3594,4,4,semantic_prototype,"[1, 2, 4, 5, 9, 10, 12, 13, 14, 16, 18, 19, 22, 23, 24, 31, 32, 33, 34, 36]"
R0554,"{'0': 0, '3': 0, '6': 0, '8': 0}",sun_attribute_014=s0 AND sun_attribute_000=s0 AND sun_attribute_013=s0 AND sun_attribute_068=s0,40,auto mechanics indoor,3608,0.003880266075388027,0.3887931034482759,3594,4,4,semantic_prototype,"[1, 2, 4, 5, 9, 10, 12, 13, 14, 16, 18, 19, 22, 23, 24, 31, 32, 33, 34, 36]"
R0555,"{'3': 0, '4': 0, '6': 0, '8': 0}",sun_attribute_000=s0 AND sun_attribute_066=s0 AND sun_attribute_013=s0 AND sun_attribute_068=s0,297,general store outdoor,3362,0.003866745984533016,0.3622844827586207,3349,4,4,semantic_prototype,"[1, 2, 4, 5, 9, 10, 12, 13, 14, 16, 18, 22, 23, 24, 31, 32, 33, 34, 36, 37]"
R0556,"{'1': 0, '5': 0, '12': 0, '16': 0}",sun_attribute_094=s0 AND sun_attribute_087=s0 AND sun_attribute_007=s0 AND sun_attribute_006=s0,343,ice skating rink indoor,2863,0.0038421236465246244,0.30851293103448274,2852,4,4,semantic_prototype,"[3, 6, 9, 12, 14, 16, 17, 18, 19, 20, 22, 23, 24, 25, 27, 28, 29, 30, 58, 66]"
R0557,"{'1': 0, '5': 0, '12': 0, '16': 0}",sun_attribute_094=s0 AND sun_attribute_087=s0 AND sun_attribute_007=s0 AND sun_attribute_006=s0,638,tollbooth,2863,0.0038421236465246244,0.30851293103448274,2852,4,4,semantic_prototype,"[3, 6, 9, 12, 14, 16, 17, 18, 19, 20, 22, 23, 24, 25, 27, 28, 29, 30, 58, 66]"
R0558,"{'3': 0, '5': 0, '12': 0, '15': 0}",sun_attribute_000=s0 AND sun_attribute_087=s0 AND sun_attribute_007=s0 AND sun_attribute_092=s0,236,elevator freight elevator,2089,0.003829583532790809,0.22510775862068966,2081,4,4,semantic_prototype,"[3, 6, 8, 9, 12, 13, 14, 16, 18, 19, 22, 23, 24, 31, 66, 71, 72, 73, 74, 75]"
R0559,"{'1': 0, '5': 0, '6': 0, '12': 0}",sun_attribute_094=s0 AND sun_attribute_087=s0 AND sun_attribute_013=s0 AND sun_attribute_007=s0,316,hangar outdoor,2379,0.0037831021437578815,0.25635775862068966,2370,4,4,semantic_prototype,"[3, 9, 12, 14, 16, 17, 18, 19, 20, 21, 22, 23, 24, 25, 27, 36, 66, 71, 72, 74]"
R0560,"{'0': 0, '5': 0, '6': 0, '8': 0}",sun_attribute_014=s0 AND sun_attribute_087=s0 AND sun_attribute_013=s0 AND sun_attribute_068=s0,239,elevator shaft,3240,0.003703703703703704,0.34913793103448276,3228,4,4,semantic_prototype,"[2, 4, 5, 9, 10, 12, 13, 14, 15, 16, 17, 18, 19, 21, 22, 23, 24, 25, 31, 36]"
R0561,"{'2': 0, '3': 0, '5': 0, '10': 2}",sun_attribute_022=s0 AND sun_attribute_000=s0 AND sun_attribute_087=s0 AND sun_attribute_040=s2,118,cabana,270,0.003703703703703704,0.029094827586206896,269,4,4,semantic_prototype,"[51, 296, 323, 355, 371, 377, 378, 379, 380, 383, 422, 440, 446, 482, 484, 629, 636, 720, 724, 725]"
R0562,"{'0': 0, '4': 0, '8': 0, '15': 0}",sun_attribute_014=s0 AND sun_attribute_066=s0 AND sun_attribute_068=s0 AND sun_attribute_092=s0,413,mine,2207,0.0036248300860897147,0.23782327586206897,2199,4,4,semantic_prototype,"[1, 4, 5, 9, 10, 12, 13, 14, 16, 17, 18, 22, 23, 24, 25, 31, 65, 66, 71, 73]"
R0563,"{'0': 0, '4': 0, '5': 0, '6': 0}",sun_attribute_014=s0 AND sun_attribute_066=s0 AND sun_attribute_087=s0 AND sun_attribute_013=s0,242,escalator indoor,3064,0.0035900783289817234,0.33017241379310347,3053,4,4,semantic_prototype,"[2, 3, 4, 5, 9, 10, 12, 13, 14, 16, 17, 18, 20, 22, 23, 24, 25, 31, 36, 40]"
R0564,"{'1': 0, '5': 0, '12': 0, '16': 0}",sun_attribute_094=s0 AND sun_attribute_087=s0 AND sun_attribute_007=s0 AND sun_attribute_006=s0,270,fly bridge,2863,0.0034928396786587496,0.30851293103448274,2853,4,4,semantic_prototype,"[3, 6, 9, 12, 14, 16, 17, 18, 19, 20, 22, 23, 24, 25, 27, 28, 29, 30, 58, 66]"
R0565,"{'4': 0, '6': 0, '12': 0, '14': 0}",sun_attribute_066=s0 AND sun_attribute_013=s0 AND sun_attribute_007=s0 AND sun_attribute_065=s0,63,barndoor,2608,0.003450920245398773,0.2810344827586207,2599,4,4,semantic_prototype,"[3, 9, 12, 13, 14, 16, 17, 18, 20, 22, 23, 24, 25, 27, 31, 36, 51, 71, 73, 75]"
R0566,"{'0': 0, '5': 0, '6': 0, '12': 0}",sun_attribute_014=s0 AND sun_attribute_087=s0 AND sun_attribute_013=s0 AND sun_attribute_007=s0,292,gas station,2962,0.00337609723160027,0.31918103448275864,2952,4,4,semantic_prototype,"[3, 9, 12, 13, 14, 15, 16, 17, 18, 19, 20, 21, 22, 23, 24, 25, 31, 36, 51, 64]"
R0567,"{'0': 0, '5': 0, '6': 0, '12': 0}",sun_attribute_014=s0 AND sun_attribute_087=s0 AND sun_attribute_013=s0 AND sun_attribute_007=s0,439,newsstand outdoor,2962,0.00337609723160027,0.31918103448275864,2952,4,4,semantic_prototype,"[3, 9, 12, 13, 14, 15, 16, 17, 18, 19, 20, 21, 22, 23, 24, 25, 31, 36, 51, 64]"
R0568,"{'0': 0, '3': 0, '4': 0, '14': 0}",sun_attribute_014=s0 AND sun_attribute_000=s0 AND sun_attribute_066=s0 AND sun_attribute_065=s0,323,herb garden,3565,0.0033660589060308557,0.38415948275862066,3553,4,4,semantic_prototype,"[1, 2, 3, 4, 5, 9, 10, 12, 13, 14, 16, 18, 22, 23, 24, 31, 32, 33, 34, 36]"
R0569,"{'7': 0, '9': 0, '11': 3, '17': 0}",sun_attribute_021=s0 AND sun_attribute_091=s0 AND sun_attribute_089=s3 AND sun_attribute_026=s0,504,power plant outdoor,1191,0.0033585222502099076,0.12834051724137932,1187,4,4,semantic_prototype,"[34, 37, 39, 41, 44, 46, 50, 52, 53, 55, 59, 60, 86, 144, 145, 146, 147, 148, 149, 151]"
R0570,"{'0': 0, '4': 0, '5': 0, '8': 0}",sun_attribute_014=s0 AND sun_attribute_066=s0 AND sun_attribute_087=s0 AND sun_attribute_068=s0,311,gun deck indoor,2740,0.0032846715328467154,0.2952586206896552,2731,4,4,semantic_prototype,"[2, 4, 5, 9, 10, 12, 13, 14, 16, 17, 18, 22, 23, 24, 25, 31, 36, 40, 51, 66]"
R0571,"{'3': 0, '4': 0, '6': 0, '8': 0}",sun_attribute_000=s0 AND sun_attribute_066=s0 AND sun_attribute_013=s0 AND sun_attribute_068=s0,155,chicken farm indoor,3362,0.003271861986912552,0.3622844827586207,3351,4,4,semantic_prototype,"[1, 2, 4, 5, 9, 10, 12, 13, 14, 16, 18, 22, 23, 24, 31, 32, 33, 34, 36, 37]"
R0572,"{'0': 0, '5': 0, '6': 0, '10': 0}",sun_attribute_014=s0 AND sun_attribute_087=s0 AND sun_attribute_013=s0 AND sun_attribute_040=s0,400,manhole,2164,0.003234750462107209,0.2331896551724138,2157,4,4,semantic_prototype,"[2, 4, 5, 9, 10, 12, 13, 14, 15, 17, 18, 19, 20, 21, 22, 23, 24, 25, 31, 64]"
R0573,"{'1': 1, '5': 0, '12': 0, '14': 0}",sun_attribute_094=s1 AND sun_attribute_087=s0 AND sun_attribute_007=s0 AND sun_attribute_065=s0,265,flea market outdoor,620,0.0032258064516129032,0.0668103448275862,618,4,4,semantic_prototype,"[8, 11, 13, 31, 51, 73, 105, 106, 107, 108, 112, 121, 224, 235, 237, 270, 274, 283, 285, 301]"
R0574,"{'4': 0, '5': 0, '12': 0, '16': 0}",sun_attribute_066=s0 AND sun_attribute_087=s0 AND sun_attribute_007=s0 AND sun_attribute_006=s0,369,kiosk outdoor,2212,0.0031645569620253164,0.23836206896551723,2205,4,4,semantic_prototype,"[3, 6, 8, 9, 12, 14, 16, 17, 18, 20, 22, 23, 24, 25, 27, 30, 66, 71, 73, 74]"
R0575,"{'3': 0, '4': 0, '6': 0, '14': 0}",sun_attribute_000=s0 AND sun_attribute_066=s0 AND sun_attribute_013=s0 AND sun_attribute_065=s0,366,kennel outdoor,3585,0.0030683403068340305,0.3863146551724138,3574,4,4,semantic_prototype,"[1, 2, 3, 4, 5, 9, 10, 12, 13, 14, 16, 18, 22, 23, 24, 31, 32, 33, 34, 36]"
R0576,"{'0': 0, '5': 0, '6': 0, '16': 0}",sun_attribute_014=s0 AND sun_attribute_087=s0 AND sun_attribute_013=s0 AND sun_attribute_006=s0,104,brewery outdoor,2639,0.0030314513073133762,0.284375,2631,4,4,semantic_prototype,"[2, 3, 4, 9, 10, 12, 14, 15, 16, 17, 18, 19, 20, 22, 23, 24, 25, 64, 66, 69]"
R0577,"{'0': 0, '4': 0, '6': 0, '8': 0}",sun_attribute_014=s0 AND sun_attribute_066=s0 AND sun_attribute_013=s0 AND sun_attribute_068=s0,153,chicken coop indoor,3534,0.0028296547821165816,0.38081896551724137,3524,4,4,semantic_prototype,"[1, 2, 4, 5, 9, 10, 12, 13, 14, 16, 17, 18, 22, 23, 24, 25, 31, 32, 33, 34]"
R0578,"{'0': 0, '5': 0, '6': 0, '12': 0}",sun_attribute_014=s0 AND sun_attribute_087=s0 AND sun_attribute_013=s0 AND sun_attribute_007=s0,548,root cellar,2962,0.0027008777852802163,0.31918103448275864,2954,4,4,semantic_prototype,"[3, 9, 12, 13, 14, 15, 16, 17, 18, 19, 20, 21, 22, 23, 24, 25, 31, 36, 51, 64]"
R0579,"{'7': 0, '9': 0, '11': 3, '17': 0}",sun_attribute_021=s0 AND sun_attribute_091=s0 AND sun_attribute_089=s3 AND sun_attribute_026=s0,654,trench,1191,0.0025188916876574307,0.12834051724137932,1188,4,4,semantic_prototype,"[34, 37, 39, 41, 44, 46, 50, 52, 53, 55, 59, 60, 86, 144, 145, 146, 147, 148, 149, 151]"
R0580,"{'5': 0, '11': 2, '12': 0, '13': 2}",sun_attribute_087=s0 AND sun_attribute_089=s2 AND sun_attribute_007=s0 AND sun_attribute_023=s2,91,bleachers outdoor,175,0.0,0.018857758620689655,175,4,4,semantic_prototype,"[142, 223, 247, 248, 264, 271, 334, 354, 723, 744, 775, 777, 826, 828, 949, 1010, 1139, 1183, 1280, 1285]"
