row_index,split,label,class_name
0,train,0,antelope
1,validation,0,antelope
2,train,0,antelope
3,train,0,antelope
4,test,0,antelope
5,train,0,antelope
6,train,0,antelope
7,train,0,antelope
8,validation,0,antelope
9,train,0,antelope
10,train,0,antelope
11,train,0,antelope
12,train,0,antelope
13,validation,0,antelope
14,validation,0,antelope
15,train,0,antelope
16,validation,0,antelope
17,validation,0,antelope
18,train,0,antelope
19,train,0,antelope
20,validation,0,antelope
21,test,0,antelope
22,train,0,antelope
23,train,0,antelope
24,train,0,antelope
25,train,0,antelope
26,validation,0,antelope
27,validation,0,antelope
28,train,0,antelope
29,train,0,antelope
30,train,0,antelope
31,train,0,antelope
32,test,0,antelope
33,train,0,antelope
34,validation,0,antelope
35,test,0,antelope
36,validation,0,antelope
37,validation,0,antelope
38,validation,0,antelope
39,train,0,antelope
40,test,0,antelope
41,train,0,antelope
42,train,0,antelope
43,train,0,antelope
44,train,0,antelope
45,validation,0,antelope
46,train,0,antelope
47,test,0,antelope
48,test,0,antelope
49,train,0,antelope
50,train,0,antelope
51,train,0,antelope
52,validation,0,antelope
53,test,0,antelope
54,train,0,antelope
55,train,0,antelope
56,train,0,antelope
57,train,0,antelope
58,train,0,antelope
59,train,0,antelope
60,train,0,antelope
61,train,0,antelope
62,test,0,antelope
63,train,0,antelope
64,test,0,antelope
65,train,0,antelope
66,train,0,antelope
67,train,0,antelope
68,train,0,antelope
69,train,0,antelope
70,train,0,antelope
71,train,0,antelope
72,train,0,antelope
73,train,0,antelope
74,train,0,antelope
75,train,0,antelope
76,train,0,antelope
77,train,0,antelope
78,train,0,antelope
79,train,0,antelope
80,validation,0,antelope
81,train,0,antelope
82,train,0,antelope
83,train,0,antelope
84,train,0,antelope
85,validation,0,antelope
86,train,0,antelope
87,validation,0,antelope
88,train,0,antelope
89,train,0,antelope
90,train,0,antelope
91,test,0,antelope
92,train,0,antelope
93,train,0,antelope
94,train,0,antelope
95,validation,0,antelope
96,train,0,antelope
97,train,0,antelope
98,validation,0,antelope
99,train,0,antelope
100,train,0,antelope
101,train,0,antelope
102,train,0,antelope
103,test,0,antelope
104,train,0,antelope
105,validation,0,antelope
106,train,0,antelope
107,train,0,antelope
108,train,0,antelope
109,train,0,antelope
110,train,0,antelope
111,test,0,antelope
112,test,0,antelope
113,train,0,antelope
114,train,0,antelope
115,validation,0,antelope
116,train,0,antelope
117,train,0,antelope
118,train,0,antelope
119,test,0,antelope
120,train,0,antelope
121,test,0,antelope
122,validation,0,antelope
123,validation,0,antelope
124,train,0,antelope
125,train,0,antelope
126,train,0,antelope
127,test,0,antelope
128,validation,0,antelope
129,test,0,antelope
130,validation,0,antelope
131,train,0,antelope
132,train,0,antelope
133,train,0,antelope
134,test,0,antelope
135,train,0,antelope
136,train,0,antelope
137,train,0,antelope
138,test,0,antelope
139,train,0,antelope
140,train,0,antelope
141,train,0,antelope
142,train,0,antelope
143,validation,0,antelope
144,train,0,antelope
145,train,0,antelope
146,test,0,antelope
147,test,0,antelope
148,train,0,antelope
149,train,0,antelope
150,test,0,antelope
151,test,0,antelope
152,test,0,antelope
153,train,0,antelope
154,validation,0,antelope
155,train,0,antelope
156,validation,0,antelope
157,validation,0,antelope
158,train,0,antelope
159,validation,0,antelope
160,validation,0,antelope
161,test,0,antelope
162,test,0,antelope
163,train,0,antelope
164,train,0,antelope
165,train,0,antelope
166,test,0,antelope
167,train,0,antelope
168,train,0,antelope
169,train,0,antelope
170,test,0,antelope
171,test,0,antelope
172,train,0,antelope
173,train,0,antelope
174,train,0,antelope
175,validation,0,antelope
176,train,0,antelope
177,train,0,antelope
178,train,0,antelope
179,train,0,antelope
180,validation,0,antelope
181,train,0,antelope
182,train,0,antelope
183,validation,0,antelope
184,train,0,antelope
185,train,0,antelope
186,test,0,antelope
187,test,0,antelope
188,train,0,antelope
189,validation,0,antelope
190,validation,0,antelope
191,test,0,antelope
192,train,0,antelope
193,train,0,antelope
194,validation,0,antelope
195,train,0,antelope
196,train,0,antelope
197,validation,0,antelope
198,train,0,antelope
199,train,0,antelope
200,validation,0,antelope
201,test,0,antelope
202,validation,0,antelope
203,train,0,antelope
204,train,0,antelope
205,validation,0,antelope
206,validation,0,antelope
207,test,0,antelope
208,train,0,antelope
209,train,0,antelope
210,train,0,antelope
211,train,0,antelope
212,train,0,antelope
213,train,0,antelope
214,train,0,antelope
215,train,0,antelope
216,validation,0,antelope
217,test,0,antelope
218,train,0,antelope
219,test,0,antelope
220,train,0,antelope
221,train,0,antelope
222,train,0,antelope
223,train,0,antelope
224,test,0,antelope
225,validation,0,antelope
226,validation,0,antelope
227,train,0,antelope
228,train,0,antelope
229,test,0,antelope
230,validation,0,antelope
231,train,0,antelope
232,test,0,antelope
233,validation,0,antelope
234,train,0,antelope
235,train,0,antelope
236,train,0,antelope
237,train,0,antelope
238,train,0,antelope
239,train,0,antelope
240,validation,0,antelope
241,test,0,antelope
242,validation,0,antelope
243,test,0,antelope
244,train,0,antelope
245,test,0,antelope
246,validation,0,antelope
247,train,0,antelope
248,train,0,antelope
249,train,0,antelope
250,train,0,antelope
251,validation,0,antelope
252,validation,0,antelope
253,validation,0,antelope
254,train,0,antelope
255,test,0,antelope
256,train,0,antelope
257,train,0,antelope
258,test,0,antelope
259,train,0,antelope
260,train,0,antelope
261,train,0,antelope
262,validation,0,antelope
263,train,0,antelope
264,train,0,antelope
265,train,0,antelope
266,train,0,antelope
267,validation,0,antelope
268,train,0,antelope
269,test,0,antelope
270,validation,0,antelope
271,train,0,antelope
272,train,0,antelope
273,validation,0,antelope
274,train,0,antelope
275,train,0,antelope
276,validation,0,antelope
277,train,0,antelope
278,train,0,antelope
279,validation,0,antelope
280,train,0,antelope
281,train,0,antelope
282,test,0,antelope
283,validation,0,antelope
284,train,0,antelope
285,train,0,antelope
286,train,0,antelope
287,test,0,antelope
288,test,0,antelope
289,train,0,antelope
290,train,0,antelope
291,train,0,antelope
292,train,0,antelope
293,test,0,antelope
294,train,0,antelope
295,validation,0,antelope
296,train,0,antelope
297,test,0,antelope
298,train,0,antelope
299,train,0,antelope
300,train,0,antelope
301,validation,0,antelope
302,train,0,antelope
303,validation,0,antelope
304,train,0,antelope
305,train,0,antelope
306,train,0,antelope
307,train,0,antelope
308,train,0,antelope
309,train,0,antelope
310,train,0,antelope
311,train,0,antelope
312,train,0,antelope
313,train,0,antelope
314,train,0,antelope
315,validation,0,antelope
316,train,0,antelope
317,test,0,antelope
318,train,0,antelope
319,train,0,antelope
320,train,0,antelope
321,train,0,antelope
322,test,0,antelope
323,train,0,antelope
324,train,0,antelope
325,validation,0,antelope
326,train,0,antelope
327,train,0,antelope
328,train,0,antelope
329,train,0,antelope
330,test,0,antelope
331,train,0,antelope
332,train,0,antelope
333,train,0,antelope
334,train,0,antelope
335,train,0,antelope
336,train,0,antelope
337,validation,0,antelope
338,train,0,antelope
339,test,0,antelope
340,train,0,antelope
341,train,0,antelope
342,train,0,antelope
343,test,0,antelope
344,train,0,antelope
345,test,0,antelope
346,train,0,antelope
347,validation,0,antelope
348,validation,0,antelope
349,train,0,antelope
350,train,0,antelope
351,train,0,antelope
352,train,0,antelope
353,train,0,antelope
354,train,0,antelope
355,train,0,antelope
356,train,0,antelope
357,train,0,antelope
358,test,0,antelope
359,train,0,antelope
360,train,0,antelope
361,train,0,antelope
362,train,0,antelope
363,train,0,antelope
364,test,0,antelope
365,train,0,antelope
366,validation,0,antelope
367,train,0,antelope
368,train,0,antelope
369,train,0,antelope
370,train,0,antelope
371,train,0,antelope
372,validation,0,antelope
373,test,0,antelope
374,test,0,antelope
375,train,0,antelope
376,validation,0,antelope
377,train,0,antelope
378,test,0,antelope
379,validation,0,antelope
380,train,0,antelope
381,train,0,antelope
382,train,0,antelope
383,train,0,antelope
384,validation,0,antelope
385,validation,0,antelope
386,validation,0,antelope
387,test,0,antelope
388,train,0,antelope
389,test,0,antelope
390,train,0,antelope
391,test,0,antelope
392,test,0,antelope
393,train,0,antelope
394,train,0,antelope
395,train,0,antelope
396,train,0,antelope
397,validation,0,antelope
398,train,0,antelope
399,train,0,antelope
400,test,0,antelope
401,test,0,antelope
402,validation,0,antelope
403,test,0,antelope
404,train,0,antelope
405,train,0,antelope
406,validation,0,antelope
407,test,0,antelope
408,train,0,antelope
409,train,0,antelope
410,validation,0,antelope
411,train,0,antelope
412,train,0,antelope
413,train,0,antelope
414,validation,0,antelope
415,test,0,antelope
416,train,0,antelope
417,train,0,antelope
418,test,0,antelope
419,validation,0,antelope
420,train,0,antelope
421,test,0,antelope
422,train,0,antelope
423,train,0,antelope
424,train,0,antelope
425,train,0,antelope
426,train,0,antelope
427,test,0,antelope
428,train,0,antelope
429,train,0,antelope
430,train,0,antelope
431,train,0,antelope
432,train,0,antelope
433,train,0,antelope
434,train,0,antelope
435,train,0,antelope
436,train,0,antelope
437,validation,0,antelope
438,validation,0,antelope
439,train,0,antelope
440,train,0,antelope
441,test,0,antelope
442,train,0,antelope
443,train,0,antelope
444,train,0,antelope
445,train,0,antelope
446,train,0,antelope
447,train,0,antelope
448,train,0,antelope
449,train,0,antelope
450,train,0,antelope
451,train,0,antelope
452,test,0,antelope
453,train,0,antelope
454,test,0,antelope
455,validation,0,antelope
456,train,0,antelope
457,train,0,antelope
458,train,0,antelope
459,validation,0,antelope
460,test,0,antelope
461,test,0,antelope
462,train,0,antelope
463,validation,0,antelope
464,train,0,antelope
465,train,0,antelope
466,test,0,antelope
467,train,0,antelope
468,train,0,antelope
469,test,0,antelope
470,train,0,antelope
471,test,0,antelope
472,validation,0,antelope
473,train,0,antelope
474,validation,0,antelope
475,train,0,antelope
476,test,0,antelope
477,train,0,antelope
478,train,0,antelope
479,train,0,antelope
480,test,0,antelope
481,train,0,antelope
482,train,0,antelope
483,train,0,antelope
484,validation,0,antelope
485,train,0,antelope
486,train,0,antelope
487,train,0,antelope
488,validation,0,antelope
489,test,0,antelope
490,train,0,antelope
491,train,0,antelope
492,test,0,antelope
493,train,0,antelope
494,train,0,antelope
495,train,0,antelope
496,validation,0,antelope
497,train,0,antelope
498,validation,0,antelope
499,train,0,antelope
500,train,0,antelope
501,train,0,antelope
502,test,0,antelope
503,validation,0,antelope
504,test,0,antelope
505,validation,0,antelope
506,train,0,antelope
507,train,0,antelope
508,validation,0,antelope
509,validation,0,antelope
510,test,0,antelope
511,validation,0,antelope
512,train,0,antelope
513,train,0,antelope
514,train,0,antelope
515,validation,0,antelope
516,train,0,antelope
517,test,0,antelope
518,train,0,antelope
519,train,0,antelope
520,validation,0,antelope
521,train,0,antelope
522,train,0,antelope
523,train,0,antelope
524,test,0,antelope
525,train,0,antelope
526,train,0,antelope
527,train,0,antelope
528,train,0,antelope
529,train,0,antelope
530,train,0,antelope
531,train,0,antelope
532,train,0,antelope
533,train,0,antelope
534,train,0,antelope
535,train,0,antelope
536,train,0,antelope
537,validation,0,antelope
538,train,0,antelope
539,train,0,antelope
540,test,0,antelope
541,train,0,antelope
542,train,0,antelope
543,train,0,antelope
544,train,0,antelope
545,train,0,antelope
546,validation,0,antelope
547,train,0,antelope
548,train,0,antelope
549,train,0,antelope
550,test,0,antelope
551,train,0,antelope
552,train,0,antelope
553,validation,0,antelope
554,train,0,antelope
555,test,0,antelope
556,validation,0,antelope
557,train,0,antelope
558,train,0,antelope
559,train,0,antelope
560,train,0,antelope
561,validation,0,antelope
562,validation,0,antelope
563,validation,0,antelope
564,test,0,antelope
565,test,0,antelope
566,validation,0,antelope
567,train,0,antelope
568,train,0,antelope
569,test,0,antelope
570,train,0,antelope
571,validation,0,antelope
572,train,0,antelope
573,validation,0,antelope
574,validation,0,antelope
575,train,0,antelope
576,train,0,antelope
577,test,0,antelope
578,train,0,antelope
579,validation,0,antelope
580,train,0,antelope
581,train,0,antelope
582,train,0,antelope
583,train,0,antelope
584,train,0,antelope
585,train,0,antelope
586,test,0,antelope
587,train,0,antelope
588,train,0,antelope
589,train,0,antelope
590,train,0,antelope
591,train,0,antelope
592,test,0,antelope
593,train,0,antelope
594,train,0,antelope
595,train,0,antelope
596,train,0,antelope
597,train,0,antelope
598,train,0,antelope
599,train,0,antelope
600,validation,0,antelope
601,train,0,antelope
602,train,0,antelope
603,train,0,antelope
604,train,0,antelope
605,train,0,antelope
606,test,0,antelope
607,test,0,antelope
608,validation,0,antelope
609,validation,0,antelope
610,validation,0,antelope
611,train,0,antelope
612,validation,0,antelope
613,train,0,antelope
614,train,0,antelope
615,train,0,antelope
616,train,0,antelope
617,train,0,antelope
618,train,0,antelope
619,validation,0,antelope
620,train,0,antelope
621,train,0,antelope
622,train,0,antelope
623,test,0,antelope
624,test,0,antelope
625,test,0,antelope
626,train,0,antelope
627,test,0,antelope
628,train,0,antelope
629,train,0,antelope
630,train,0,antelope
631,train,0,antelope
632,test,0,antelope
633,train,0,antelope
634,train,0,antelope
635,train,0,antelope
636,train,0,antelope
637,validation,0,antelope
638,test,0,antelope
639,validation,0,antelope
640,validation,0,antelope
641,test,0,antelope
642,test,0,antelope
643,train,0,antelope
644,train,0,antelope
645,test,0,antelope
646,test,0,antelope
647,test,0,antelope
648,test,0,antelope
649,train,0,antelope
650,train,0,antelope
651,test,0,antelope
652,train,0,antelope
653,train,0,antelope
654,validation,0,antelope
655,train,0,antelope
656,train,0,antelope
657,train,0,antelope
658,validation,0,antelope
659,validation,0,antelope
660,train,0,antelope
661,train,0,antelope
662,validation,0,antelope
663,test,0,antelope
664,train,0,antelope
665,train,0,antelope
666,test,0,antelope
667,train,0,antelope
668,train,0,antelope
669,validation,0,antelope
670,train,0,antelope
671,validation,0,antelope
672,validation,0,antelope
673,train,0,antelope
674,validation,0,antelope
675,train,0,antelope
676,test,0,antelope
677,train,0,antelope
678,train,0,antelope
679,train,0,antelope
680,validation,0,antelope
681,validation,0,antelope
682,train,0,antelope
683,validation,0,antelope
684,train,0,antelope
685,train,0,antelope
686,validation,0,antelope
687,test,0,antelope
688,train,0,antelope
689,train,0,antelope
690,validation,0,antelope
691,validation,0,antelope
692,train,0,antelope
693,train,0,antelope
694,train,0,antelope
695,train,0,antelope
696,train,0,antelope
697,train,0,antelope
698,validation,0,antelope
699,test,0,antelope
700,train,0,antelope
701,test,0,antelope
702,validation,0,antelope
703,validation,0,antelope
704,train,0,antelope
705,test,0,antelope
706,test,0,antelope
707,train,0,antelope
708,train,0,antelope
709,test,0,antelope
710,test,0,antelope
711,train,0,antelope
712,validation,0,antelope
713,train,0,antelope
714,train,0,antelope
715,train,0,antelope
716,train,0,antelope
717,train,0,antelope
718,validation,0,antelope
719,test,0,antelope
720,train,0,antelope
721,train,0,antelope
722,train,0,antelope
723,train,0,antelope
724,test,0,antelope
725,test,0,antelope
726,test,0,antelope
727,test,0,antelope
728,train,0,antelope
729,test,0,antelope
730,train,0,antelope
731,test,0,antelope
732,test,0,antelope
733,test,0,antelope
734,train,0,antelope
735,validation,0,antelope
736,validation,0,antelope
737,test,0,antelope
738,validation,0,antelope
739,validation,0,antelope
740,train,0,antelope
741,train,0,antelope
742,test,0,antelope
743,train,0,antelope
744,validation,0,antelope
745,train,0,antelope
746,train,0,antelope
747,test,0,antelope
748,validation,0,antelope
749,train,0,antelope
750,train,0,antelope
751,test,0,antelope
752,train,0,antelope
753,test,0,antelope
754,train,0,antelope
755,test,0,antelope
756,train,0,antelope
757,train,0,antelope
758,train,0,antelope
759,train,0,antelope
760,train,0,antelope
761,test,0,antelope
762,train,0,antelope
763,test,0,antelope
764,validation,0,antelope
765,train,0,antelope
766,validation,0,antelope
767,train,0,antelope
768,test,0,antelope
769,validation,0,antelope
770,validation,0,antelope
771,validation,0,antelope
772,validation,0,antelope
773,validation,0,antelope
774,train,0,antelope
775,validation,0,antelope
776,validation,0,antelope
777,train,0,antelope
778,train,0,antelope
779,validation,0,antelope
780,train,0,antelope
781,train,0,antelope
782,validation,0,antelope
783,train,0,antelope
784,train,0,antelope
785,train,0,antelope
786,train,0,antelope
787,train,0,antelope
788,train,0,antelope
789,train,0,antelope
790,train,0,antelope
791,validation,0,antelope
792,train,0,antelope
793,validation,0,antelope
794,validation,0,antelope
795,test,0,antelope
796,train,0,antelope
797,test,0,antelope
798,test,0,antelope
799,train,0,antelope
800,test,0,antelope
801,train,0,antelope
802,train,0,antelope
803,train,0,antelope
804,test,0,antelope
805,validation,0,antelope
806,test,0,antelope
807,train,0,antelope
808,test,0,antelope
809,validation,0,antelope
810,test,0,antelope
811,train,0,antelope
812,test,0,antelope
813,train,0,antelope
814,validation,0,antelope
815,validation,0,antelope
816,train,0,antelope
817,validation,0,antelope
818,validation,0,antelope
819,train,0,antelope
820,validation,0,antelope
821,validation,0,antelope
822,train,0,antelope
823,test,0,antelope
824,train,0,antelope
825,train,0,antelope
826,test,0,antelope
827,train,0,antelope
828,train,0,antelope
829,test,0,antelope
830,train,0,antelope
831,test,0,antelope
832,validation,0,antelope
833,train,0,antelope
834,train,0,antelope
835,train,0,antelope
836,test,0,antelope
837,train,0,antelope
838,test,0,antelope
839,validation,0,antelope
840,test,0,antelope
841,test,0,antelope
842,train,0,antelope
843,train,0,antelope
844,test,0,antelope
845,train,0,antelope
846,train,0,antelope
847,test,0,antelope
848,train,0,antelope
849,test,0,antelope
850,train,0,antelope
851,train,0,antelope
852,train,0,antelope
853,train,0,antelope
854,train,0,antelope
855,train,0,antelope
856,validation,0,antelope
857,validation,0,antelope
858,train,0,antelope
859,train,0,antelope
860,validation,0,antelope
861,train,0,antelope
862,test,0,antelope
863,test,0,antelope
864,test,0,antelope
865,validation,0,antelope
866,test,0,antelope
867,train,0,antelope
868,train,0,antelope
869,train,0,antelope
870,test,0,antelope
871,validation,0,antelope
872,validation,0,antelope
873,train,0,antelope
874,train,0,antelope
875,test,0,antelope
876,train,0,antelope
877,test,0,antelope
878,test,0,antelope
879,train,0,antelope
880,test,0,antelope
881,train,0,antelope
882,train,0,antelope
883,train,0,antelope
884,train,0,antelope
885,train,0,antelope
886,train,0,antelope
887,train,0,antelope
888,validation,0,antelope
889,train,0,antelope
890,train,0,antelope
891,test,0,antelope
892,validation,0,antelope
893,train,0,antelope
894,train,0,antelope
895,train,0,antelope
896,train,0,antelope
897,validation,0,antelope
898,train,0,antelope
899,validation,0,antelope
900,train,0,antelope
901,validation,0,antelope
902,train,0,antelope
903,train,0,antelope
904,test,0,antelope
905,test,0,antelope
906,test,0,antelope
907,train,0,antelope
908,validation,0,antelope
909,test,0,antelope
910,test,0,antelope
911,train,0,antelope
912,test,0,antelope
913,test,0,antelope
914,train,0,antelope
915,validation,0,antelope
916,test,0,antelope
917,test,0,antelope
918,train,0,antelope
919,validation,0,antelope
920,test,0,antelope
921,validation,0,antelope
922,train,0,antelope
923,train,0,antelope
924,train,0,antelope
925,train,0,antelope
926,validation,0,antelope
927,train,0,antelope
928,train,0,antelope
929,train,0,antelope
930,train,0,antelope
931,validation,0,antelope
932,train,0,antelope
933,train,0,antelope
934,train,0,antelope
935,train,0,antelope
936,validation,0,antelope
937,train,0,antelope
938,train,0,antelope
939,train,0,antelope
940,validation,0,antelope
941,train,0,antelope
942,test,0,antelope
943,train,0,antelope
944,train,0,antelope
945,train,0,antelope
946,train,0,antelope
947,train,0,antelope
948,test,0,antelope
949,train,0,antelope
950,test,0,antelope
951,train,0,antelope
952,test,0,antelope
953,validation,0,antelope
954,train,0,antelope
955,validation,0,antelope
956,train,0,antelope
957,validation,0,antelope
958,train,0,antelope
959,train,0,antelope
960,test,0,antelope
961,validation,0,antelope
962,train,0,antelope
963,test,0,antelope
964,train,0,antelope
965,train,0,antelope
966,train,0,antelope
967,train,0,antelope
968,train,0,antelope
969,test,0,antelope
970,validation,0,antelope
971,train,0,antelope
972,train,0,antelope
973,test,0,antelope
974,train,0,antelope
975,validation,0,antelope
976,train,0,antelope
977,test,0,antelope
978,train,0,antelope
979,test,0,antelope
980,train,0,antelope
981,validation,0,antelope
982,train,0,antelope
983,validation,0,antelope
984,validation,0,antelope
985,train,0,antelope
986,train,0,antelope
987,validation,0,antelope
988,train,0,antelope
989,train,0,antelope
990,train,0,antelope
991,train,0,antelope
992,train,0,antelope
993,train,0,antelope
994,train,0,antelope
995,test,0,antelope
996,train,0,antelope
997,train,0,antelope
998,test,0,antelope
999,test,0,antelope
1000,train,0,antelope
1001,train,0,antelope
1002,train,0,antelope
1003,train,0,antelope
1004,validation,0,antelope
1005,train,0,antelope
1006,train,0,antelope
1007,test,0,antelope
1008,train,0,antelope
1009,train,0,antelope
1010,validation,0,antelope
1011,test,0,antelope
1012,validation,0,antelope
1013,train,0,antelope
1014,train,0,antelope
1015,train,0,antelope
1016,train,0,antelope
1017,train,0,antelope
1018,validation,0,antelope
1019,test,0,antelope
1020,train,0,antelope
1021,test,0,antelope
1022,test,0,antelope
1023,train,0,antelope
1024,test,0,antelope
1025,train,0,antelope
1026,validation,0,antelope
1027,train,0,antelope
1028,validation,0,antelope
1029,train,0,antelope
1030,test,0,antelope
1031,validation,0,antelope
1032,validation,0,antelope
1033,test,0,antelope
1034,test,0,antelope
1035,test,0,antelope
1036,train,0,antelope
1037,validation,0,antelope
1038,train,0,antelope
1039,test,0,antelope
1040,validation,0,antelope
1041,train,0,antelope
1042,test,0,antelope
1043,train,0,antelope
1044,test,0,antelope
1045,train,0,antelope
1046,validation,29,bat
1047,test,29,bat
1048,validation,29,bat
1049,train,29,bat
1050,test,29,bat
1051,train,29,bat
1052,train,29,bat
1053,validation,29,bat
1054,test,29,bat
1055,validation,29,bat
1056,train,29,bat
1057,train,29,bat
1058,test,29,bat
1059,train,29,bat
1060,train,29,bat
1061,train,29,bat
1062,validation,29,bat
1063,train,29,bat
1064,test,29,bat
1065,train,29,bat
1066,train,29,bat
1067,test,29,bat
1068,train,29,bat
1069,train,29,bat
1070,train,29,bat
1071,train,29,bat
1072,test,29,bat
1073,validation,29,bat
1074,train,29,bat
1075,train,29,bat
1076,train,29,bat
1077,train,29,bat
1078,train,29,bat
1079,train,29,bat
1080,train,29,bat
1081,validation,29,bat
1082,test,29,bat
1083,train,29,bat
1084,train,29,bat
1085,train,29,bat
1086,train,29,bat
1087,train,29,bat
1088,test,29,bat
1089,test,29,bat
1090,train,29,bat
1091,test,29,bat
1092,validation,29,bat
1093,train,29,bat
1094,validation,29,bat
1095,test,29,bat
1096,train,29,bat
1097,train,29,bat
1098,train,29,bat
1099,validation,29,bat
1100,test,29,bat
1101,train,29,bat
1102,test,29,bat
1103,train,29,bat
1104,train,29,bat
1105,train,29,bat
1106,validation,29,bat
1107,train,29,bat
1108,test,29,bat
1109,validation,29,bat
1110,validation,29,bat
1111,train,29,bat
1112,train,29,bat
1113,train,29,bat
1114,train,29,bat
1115,validation,29,bat
1116,train,29,bat
1117,train,29,bat
1118,train,29,bat
1119,train,29,bat
1120,train,29,bat
1121,train,29,bat
1122,train,29,bat
1123,train,29,bat
1124,train,29,bat
1125,train,29,bat
1126,train,29,bat
1127,test,29,bat
1128,test,29,bat
1129,train,29,bat
1130,train,29,bat
1131,test,29,bat
1132,test,29,bat
1133,validation,29,bat
1134,validation,29,bat
1135,train,29,bat
1136,validation,29,bat
1137,test,29,bat
1138,train,29,bat
1139,train,29,bat
1140,validation,29,bat
1141,train,29,bat
1142,test,29,bat
1143,train,29,bat
1144,train,29,bat
1145,validation,29,bat
1146,train,29,bat
1147,test,29,bat
1148,train,29,bat
1149,train,29,bat
1150,train,29,bat
1151,train,29,bat
1152,test,29,bat
1153,train,29,bat
1154,validation,29,bat
1155,test,29,bat
1156,validation,29,bat
1157,test,29,bat
1158,test,29,bat
1159,test,29,bat
1160,train,29,bat
1161,train,29,bat
1162,train,29,bat
1163,validation,29,bat
1164,train,29,bat
1165,validation,29,bat
1166,train,29,bat
1167,validation,29,bat
1168,train,29,bat
1169,validation,29,bat
1170,train,29,bat
1171,train,29,bat
1172,train,29,bat
1173,train,29,bat
1174,train,29,bat
1175,test,29,bat
1176,train,29,bat
1177,train,29,bat
1178,train,29,bat
1179,train,29,bat
1180,train,29,bat
1181,train,29,bat
1182,train,29,bat
1183,validation,29,bat
1184,train,29,bat
1185,train,29,bat
1186,test,29,bat
1187,train,29,bat
1188,train,29,bat
1189,train,29,bat
1190,validation,29,bat
1191,test,29,bat
1192,validation,29,bat
1193,validation,29,bat
1194,train,29,bat
1195,train,29,bat
1196,test,29,bat
1197,train,29,bat
1198,test,29,bat
1199,train,29,bat
1200,train,29,bat
1201,validation,29,bat
1202,validation,29,bat
1203,train,29,bat
1204,train,29,bat
1205,validation,29,bat
1206,test,29,bat
1207,validation,29,bat
1208,test,29,bat
1209,train,29,bat
1210,validation,29,bat
1211,test,29,bat
1212,train,29,bat
1213,test,29,bat
1214,validation,29,bat
1215,train,29,bat
1216,train,29,bat
1217,test,29,bat
1218,validation,29,bat
1219,validation,29,bat
1220,train,29,bat
1221,train,29,bat
1222,train,29,bat
1223,validation,29,bat
1224,validation,29,bat
1225,train,29,bat
1226,train,29,bat
1227,train,29,bat
1228,test,29,bat
1229,train,29,bat
1230,train,29,bat
1231,validation,29,bat
1232,train,29,bat
1233,validation,29,bat
1234,train,29,bat
1235,train,29,bat
1236,test,29,bat
1237,train,29,bat
1238,train,29,bat
1239,train,29,bat
1240,test,29,bat
1241,train,29,bat
1242,train,29,bat
1243,train,29,bat
1244,test,29,bat
1245,train,29,bat
1246,test,29,bat
1247,test,29,bat
1248,test,29,bat
1249,train,29,bat
1250,train,29,bat
1251,train,29,bat
1252,train,29,bat
1253,train,29,bat
1254,train,29,bat
1255,train,29,bat
1256,train,29,bat
1257,test,29,bat
1258,test,29,bat
1259,train,29,bat
1260,validation,29,bat
1261,train,29,bat
1262,validation,29,bat
1263,train,29,bat
1264,validation,29,bat
1265,validation,29,bat
1266,validation,29,bat
1267,validation,29,bat
1268,train,29,bat
1269,train,29,bat
1270,train,29,bat
1271,train,29,bat
1272,test,29,bat
1273,validation,29,bat
1274,validation,29,bat
1275,train,29,bat
1276,train,29,bat
1277,validation,29,bat
1278,test,29,bat
1279,validation,29,bat
1280,validation,29,bat
1281,train,29,bat
1282,train,29,bat
1283,train,29,bat
1284,validation,29,bat
1285,test,29,bat
1286,train,29,bat
1287,train,29,bat
1288,train,29,bat
1289,train,29,bat
1290,train,29,bat
1291,train,29,bat
1292,train,29,bat
1293,train,29,bat
1294,test,29,bat
1295,validation,29,bat
1296,validation,29,bat
1297,train,29,bat
1298,train,29,bat
1299,train,29,bat
1300,train,29,bat
1301,validation,29,bat
1302,train,29,bat
1303,train,29,bat
1304,train,29,bat
1305,validation,29,bat
1306,train,29,bat
1307,train,29,bat
1308,validation,29,bat
1309,test,29,bat
1310,test,29,bat
1311,train,29,bat
1312,train,29,bat
1313,test,29,bat
1314,train,29,bat
1315,train,29,bat
1316,train,29,bat
1317,train,29,bat
1318,train,29,bat
1319,validation,29,bat
1320,validation,29,bat
1321,test,29,bat
1322,validation,29,bat
1323,validation,29,bat
1324,train,29,bat
1325,train,29,bat
1326,train,29,bat
1327,train,29,bat
1328,train,29,bat
1329,train,29,bat
1330,test,29,bat
1331,train,29,bat
1332,train,29,bat
1333,train,29,bat
1334,train,29,bat
1335,train,29,bat
1336,test,29,bat
1337,validation,29,bat
1338,train,29,bat
1339,train,29,bat
1340,train,29,bat
1341,validation,29,bat
1342,train,29,bat
1343,train,29,bat
1344,train,29,bat
1345,train,29,bat
1346,train,29,bat
1347,train,29,bat
1348,train,29,bat
1349,train,29,bat
1350,test,29,bat
1351,train,29,bat
1352,train,29,bat
1353,train,29,bat
1354,validation,29,bat
1355,train,29,bat
1356,train,29,bat
1357,test,29,bat
1358,train,29,bat
1359,train,29,bat
1360,train,29,bat
1361,train,29,bat
1362,train,29,bat
1363,train,29,bat
1364,validation,29,bat
1365,test,29,bat
1366,test,29,bat
1367,train,29,bat
1368,test,29,bat
1369,test,29,bat
1370,train,29,bat
1371,test,29,bat
1372,validation,29,bat
1373,train,29,bat
1374,test,29,bat
1375,train,29,bat
1376,train,29,bat
1377,train,29,bat
1378,test,29,bat
1379,train,29,bat
1380,train,29,bat
1381,test,29,bat
1382,validation,29,bat
1383,validation,29,bat
1384,train,29,bat
1385,validation,29,bat
1386,train,29,bat
1387,validation,29,bat
1388,test,29,bat
1389,test,29,bat
1390,test,29,bat
1391,test,29,bat
1392,train,29,bat
1393,validation,29,bat
1394,train,29,bat
1395,test,29,bat
1396,train,29,bat
1397,train,29,bat
1398,validation,29,bat
1399,train,29,bat
1400,train,29,bat
1401,train,29,bat
1402,train,29,bat
1403,validation,29,bat
1404,test,29,bat
1405,train,29,bat
1406,validation,29,bat
1407,train,29,bat
1408,test,29,bat
1409,train,29,bat
1410,train,29,bat
1411,train,29,bat
1412,train,29,bat
1413,test,29,bat
1414,train,29,bat
1415,validation,29,bat
1416,train,29,bat
1417,train,29,bat
1418,validation,29,bat
1419,train,29,bat
1420,train,29,bat
1421,test,29,bat
1422,train,29,bat
1423,train,29,bat
1424,train,29,bat
1425,test,29,bat
1426,train,29,bat
1427,train,29,bat
1428,train,29,bat
1429,train,3,beaver
1430,validation,3,beaver
1431,validation,3,beaver
1432,train,3,beaver
1433,validation,3,beaver
1434,train,3,beaver
1435,test,3,beaver
1436,test,3,beaver
1437,train,3,beaver
1438,train,3,beaver
1439,validation,3,beaver
1440,train,3,beaver
1441,test,3,beaver
1442,train,3,beaver
1443,train,3,beaver
1444,train,3,beaver
1445,train,3,beaver
1446,train,3,beaver
1447,validation,3,beaver
1448,train,3,beaver
1449,train,3,beaver
1450,train,3,beaver
1451,train,3,beaver
1452,validation,3,beaver
1453,train,3,beaver
1454,train,3,beaver
1455,test,3,beaver
1456,train,3,beaver
1457,train,3,beaver
1458,test,3,beaver
1459,validation,3,beaver
1460,validation,3,beaver
1461,train,3,beaver
1462,train,3,beaver
1463,validation,3,beaver
1464,test,3,beaver
1465,test,3,beaver
1466,train,3,beaver
1467,train,3,beaver
1468,train,3,beaver
1469,train,3,beaver
1470,validation,3,beaver
1471,train,3,beaver
1472,validation,3,beaver
1473,train,3,beaver
1474,test,3,beaver
1475,test,3,beaver
1476,train,3,beaver
1477,test,3,beaver
1478,validation,3,beaver
1479,train,3,beaver
1480,train,3,beaver
1481,train,3,beaver
1482,train,3,beaver
1483,test,3,beaver
1484,train,3,beaver
1485,train,3,beaver
1486,validation,3,beaver
1487,train,3,beaver
1488,test,3,beaver
1489,train,3,beaver
1490,test,3,beaver
1491,train,3,beaver
1492,validation,3,beaver
1493,train,3,beaver
1494,train,3,beaver
1495,test,3,beaver
1496,validation,3,beaver
1497,test,3,beaver
1498,validation,3,beaver
1499,train,3,beaver
1500,train,3,beaver
1501,validation,3,beaver
1502,train,3,beaver
1503,train,3,beaver
1504,train,3,beaver
1505,validation,3,beaver
1506,validation,3,beaver
1507,train,3,beaver
1508,test,3,beaver
1509,train,3,beaver
1510,train,3,beaver
1511,train,3,beaver
1512,train,3,beaver
1513,validation,3,beaver
1514,validation,3,beaver
1515,train,3,beaver
1516,train,3,beaver
1517,train,3,beaver
1518,train,3,beaver
1519,train,3,beaver
1520,train,3,beaver
1521,validation,3,beaver
1522,train,3,beaver
1523,train,3,beaver
1524,train,3,beaver
1525,test,3,beaver
1526,test,3,beaver
1527,train,3,beaver
1528,train,3,beaver
1529,train,3,beaver
1530,test,3,beaver
1531,train,3,beaver
1532,train,3,beaver
1533,train,3,beaver
1534,validation,3,beaver
1535,train,3,beaver
1536,train,3,beaver
1537,validation,3,beaver
1538,train,3,beaver
1539,train,3,beaver
1540,train,3,beaver
1541,train,3,beaver
1542,train,3,beaver
1543,train,3,beaver
1544,test,3,beaver
1545,train,3,beaver
1546,test,3,beaver
1547,validation,3,beaver
1548,train,3,beaver
1549,validation,3,beaver
1550,train,3,beaver
1551,validation,3,beaver
1552,train,3,beaver
1553,validation,3,beaver
1554,train,3,beaver
1555,train,3,beaver
1556,train,3,beaver
1557,train,3,beaver
1558,validation,3,beaver
1559,test,3,beaver
1560,train,3,beaver
1561,train,3,beaver
1562,train,3,beaver
1563,train,3,beaver
1564,test,3,beaver
1565,train,3,beaver
1566,test,3,beaver
1567,train,3,beaver
1568,train,3,beaver
1569,test,3,beaver
1570,train,3,beaver
1571,test,3,beaver
1572,train,3,beaver
1573,train,3,beaver
1574,test,3,beaver
1575,train,3,beaver
1576,train,3,beaver
1577,validation,3,beaver
1578,test,3,beaver
1579,train,3,beaver
1580,train,3,beaver
1581,test,3,beaver
1582,train,3,beaver
1583,train,3,beaver
1584,train,3,beaver
1585,train,3,beaver
1586,train,3,beaver
1587,validation,3,beaver
1588,test,3,beaver
1589,train,3,beaver
1590,train,3,beaver
1591,validation,3,beaver
1592,validation,3,beaver
1593,train,3,beaver
1594,train,3,beaver
1595,validation,3,beaver
1596,train,3,beaver
1597,validation,3,beaver
1598,train,3,beaver
1599,test,3,beaver
1600,train,3,beaver
1601,test,3,beaver
1602,test,3,beaver
1603,validation,3,beaver
1604,test,3,beaver
1605,train,3,beaver
1606,test,3,beaver
1607,train,3,beaver
1608,validation,3,beaver
1609,validation,3,beaver
1610,test,3,beaver
1611,train,3,beaver
1612,train,3,beaver
1613,train,3,beaver
1614,test,3,beaver
1615,train,3,beaver
1616,validation,3,beaver
1617,train,3,beaver
1618,train,3,beaver
1619,train,3,beaver
1620,test,3,beaver
1621,train,3,beaver
1622,test,8,blue whale
1623,train,8,blue whale
1624,train,8,blue whale
1625,train,8,blue whale
1626,validation,8,blue whale
1627,test,8,blue whale
1628,test,8,blue whale
1629,train,8,blue whale
1630,train,8,blue whale
1631,test,8,blue whale
1632,train,8,blue whale
1633,train,8,blue whale
1634,train,8,blue whale
1635,train,8,blue whale
1636,train,8,blue whale
1637,train,8,blue whale
1638,test,8,blue whale
1639,train,8,blue whale
1640,train,8,blue whale
1641,validation,8,blue whale
1642,test,8,blue whale
1643,train,8,blue whale
1644,train,8,blue whale
1645,train,8,blue whale
1646,train,8,blue whale
1647,validation,8,blue whale
1648,validation,8,blue whale
1649,test,8,blue whale
1650,test,8,blue whale
1651,train,8,blue whale
1652,train,8,blue whale
1653,train,8,blue whale
1654,test,8,blue whale
1655,test,8,blue whale
1656,test,8,blue whale
1657,test,8,blue whale
1658,validation,8,blue whale
1659,train,8,blue whale
1660,train,8,blue whale
1661,train,8,blue whale
1662,test,8,blue whale
1663,validation,8,blue whale
1664,train,8,blue whale
1665,test,8,blue whale
1666,train,8,blue whale
1667,train,8,blue whale
1668,train,8,blue whale
1669,validation,8,blue whale
1670,train,8,blue whale
1671,validation,8,blue whale
1672,train,8,blue whale
1673,train,8,blue whale
1674,train,8,blue whale
1675,validation,8,blue whale
1676,train,8,blue whale
1677,validation,8,blue whale
1678,train,8,blue whale
1679,train,8,blue whale
1680,validation,8,blue whale
1681,train,8,blue whale
1682,train,8,blue whale
1683,train,8,blue whale
1684,validation,8,blue whale
1685,train,8,blue whale
1686,train,8,blue whale
1687,train,8,blue whale
1688,train,8,blue whale
1689,train,8,blue whale
1690,train,8,blue whale
1691,train,8,blue whale
1692,validation,8,blue whale
1693,validation,8,blue whale
1694,train,8,blue whale
1695,train,8,blue whale
1696,validation,8,blue whale
1697,train,8,blue whale
1698,train,8,blue whale
1699,validation,8,blue whale
1700,train,8,blue whale
1701,test,8,blue whale
1702,test,8,blue whale
1703,train,8,blue whale
1704,train,8,blue whale
1705,train,8,blue whale
1706,train,8,blue whale
1707,train,8,blue whale
1708,validation,8,blue whale
1709,train,8,blue whale
1710,train,8,blue whale
1711,validation,8,blue whale
1712,validation,8,blue whale
1713,train,8,blue whale
1714,train,8,blue whale
1715,train,8,blue whale
1716,train,8,blue whale
1717,train,8,blue whale
1718,train,8,blue whale
1719,train,8,blue whale
1720,validation,8,blue whale
1721,test,8,blue whale
1722,train,8,blue whale
1723,test,8,blue whale
1724,validation,8,blue whale
1725,test,8,blue whale
1726,test,8,blue whale
1727,train,8,blue whale
1728,train,8,blue whale
1729,test,8,blue whale
1730,validation,8,blue whale
1731,train,8,blue whale
1732,train,8,blue whale
1733,test,8,blue whale
1734,train,8,blue whale
1735,train,8,blue whale
1736,validation,8,blue whale
1737,train,8,blue whale
1738,validation,8,blue whale
1739,train,8,blue whale
1740,train,8,blue whale
1741,train,8,blue whale
1742,train,8,blue whale
1743,train,8,blue whale
1744,test,8,blue whale
1745,train,8,blue whale
1746,train,8,blue whale
1747,validation,8,blue whale
1748,test,8,blue whale
1749,train,8,blue whale
1750,test,8,blue whale
1751,train,8,blue whale
1752,test,8,blue whale
1753,train,8,blue whale
1754,train,8,blue whale
1755,validation,8,blue whale
1756,train,8,blue whale
1757,train,8,blue whale
1758,validation,8,blue whale
1759,train,8,blue whale
1760,test,8,blue whale
1761,validation,8,blue whale
1762,train,8,blue whale
1763,train,8,blue whale
1764,train,8,blue whale
1765,test,8,blue whale
1766,train,8,blue whale
1767,test,8,blue whale
1768,train,8,blue whale
1769,train,8,blue whale
1770,train,8,blue whale
1771,test,8,blue whale
1772,validation,8,blue whale
1773,validation,8,blue whale
1774,validation,8,blue whale
1775,train,8,blue whale
1776,test,8,blue whale
1777,train,8,blue whale
1778,validation,8,blue whale
1779,train,8,blue whale
1780,test,8,blue whale
1781,train,8,blue whale
1782,test,8,blue whale
1783,train,8,blue whale
1784,train,8,blue whale
1785,train,8,blue whale
1786,validation,8,blue whale
1787,train,8,blue whale
1788,validation,8,blue whale
1789,train,8,blue whale
1790,train,8,blue whale
1791,train,8,blue whale
1792,train,8,blue whale
1793,test,8,blue whale
1794,validation,8,blue whale
1795,train,8,blue whale
1796,validation,40,bobcat
1797,validation,40,bobcat
1798,validation,40,bobcat
1799,test,40,bobcat
1800,test,40,bobcat
1801,train,40,bobcat
1802,validation,40,bobcat
1803,train,40,bobcat
1804,test,40,bobcat
1805,train,40,bobcat
1806,train,40,bobcat
1807,validation,40,bobcat
1808,train,40,bobcat
1809,validation,40,bobcat
1810,test,40,bobcat
1811,train,40,bobcat
1812,train,40,bobcat
1813,train,40,bobcat
1814,validation,40,bobcat
1815,test,40,bobcat
1816,train,40,bobcat
1817,validation,40,bobcat
1818,train,40,bobcat
1819,train,40,bobcat
1820,validation,40,bobcat
1821,validation,40,bobcat
1822,train,40,bobcat
1823,train,40,bobcat
1824,train,40,bobcat
1825,train,40,bobcat
1826,train,40,bobcat
1827,test,40,bobcat
1828,validation,40,bobcat
1829,train,40,bobcat
1830,validation,40,bobcat
1831,test,40,bobcat
1832,train,40,bobcat
1833,train,40,bobcat
1834,validation,40,bobcat
1835,test,40,bobcat
1836,train,40,bobcat
1837,test,40,bobcat
1838,test,40,bobcat
1839,validation,40,bobcat
1840,train,40,bobcat
1841,train,40,bobcat
1842,validation,40,bobcat
1843,train,40,bobcat
1844,train,40,bobcat
1845,train,40,bobcat
1846,train,40,bobcat
1847,train,40,bobcat
1848,test,40,bobcat
1849,test,40,bobcat
1850,train,40,bobcat
1851,test,40,bobcat
1852,train,40,bobcat
1853,test,40,bobcat
1854,test,40,bobcat
1855,train,40,bobcat
1856,test,40,bobcat
1857,train,40,bobcat
1858,test,40,bobcat
1859,train,40,bobcat
1860,train,40,bobcat
1861,validation,40,bobcat
1862,train,40,bobcat
1863,train,40,bobcat
1864,validation,40,bobcat
1865,train,40,bobcat
1866,train,40,bobcat
1867,train,40,bobcat
1868,validation,40,bobcat
1869,test,40,bobcat
1870,validation,40,bobcat
1871,train,40,bobcat
1872,train,40,bobcat
1873,test,40,bobcat
1874,validation,40,bobcat
1875,train,40,bobcat
1876,train,40,bobcat
1877,train,40,bobcat
1878,train,40,bobcat
1879,train,40,bobcat
1880,train,40,bobcat
1881,test,40,bobcat
1882,test,40,bobcat
1883,train,40,bobcat
1884,train,40,bobcat
1885,test,40,bobcat
1886,validation,40,bobcat
1887,train,40,bobcat
1888,validation,40,bobcat
1889,train,40,bobcat
1890,train,40,bobcat
1891,train,40,bobcat
1892,train,40,bobcat
1893,train,40,bobcat
1894,validation,40,bobcat
1895,train,40,bobcat
1896,test,40,bobcat
1897,test,40,bobcat
1898,test,40,bobcat
1899,train,40,bobcat
1900,validation,40,bobcat
1901,validation,40,bobcat
1902,train,40,bobcat
1903,train,40,bobcat
1904,validation,40,bobcat
1905,train,40,bobcat
1906,train,40,bobcat
1907,train,40,bobcat
1908,train,40,bobcat
1909,test,40,bobcat
1910,test,40,bobcat
1911,train,40,bobcat
1912,train,40,bobcat
1913,train,40,bobcat
1914,train,40,bobcat
1915,train,40,bobcat
1916,train,40,bobcat
1917,train,40,bobcat
1918,train,40,bobcat
1919,train,40,bobcat
1920,test,40,bobcat
1921,train,40,bobcat
1922,validation,40,bobcat
1923,train,40,bobcat
1924,train,40,bobcat
1925,test,40,bobcat
1926,test,40,bobcat
1927,train,40,bobcat
1928,train,40,bobcat
1929,train,40,bobcat
1930,train,40,bobcat
1931,validation,40,bobcat
1932,train,40,bobcat
1933,train,40,bobcat
1934,validation,40,bobcat
1935,train,40,bobcat
1936,train,40,bobcat
1937,test,40,bobcat
1938,train,40,bobcat
1939,test,40,bobcat
1940,train,40,bobcat
1941,train,40,bobcat
1942,train,40,bobcat
1943,train,40,bobcat
1944,train,40,bobcat
1945,test,40,bobcat
1946,train,40,bobcat
1947,validation,40,bobcat
1948,validation,40,bobcat
1949,test,40,bobcat
1950,train,40,bobcat
1951,train,40,bobcat
1952,train,40,bobcat
1953,train,40,bobcat
1954,train,40,bobcat
1955,train,40,bobcat
1956,test,40,bobcat
1957,train,40,bobcat
1958,train,40,bobcat
1959,train,40,bobcat
1960,validation,40,bobcat
1961,train,40,bobcat
1962,train,40,bobcat
1963,train,40,bobcat
1964,test,40,bobcat
1965,train,40,bobcat
1966,train,40,bobcat
1967,validation,40,bobcat
1968,train,40,bobcat
1969,train,40,bobcat
1970,test,40,bobcat
1971,train,40,bobcat
1972,train,40,bobcat
1973,validation,40,bobcat
1974,train,40,bobcat
1975,train,40,bobcat
1976,train,40,bobcat
1977,train,40,bobcat
1978,train,40,bobcat
1979,train,40,bobcat
1980,train,40,bobcat
1981,train,40,bobcat
1982,train,40,bobcat
1983,train,40,bobcat
1984,validation,40,bobcat
1985,validation,40,bobcat
1986,train,40,bobcat
1987,test,40,bobcat
1988,test,40,bobcat
1989,train,40,bobcat
1990,train,40,bobcat
1991,test,40,bobcat
1992,validation,40,bobcat
1993,test,40,bobcat
1994,train,40,bobcat
1995,validation,40,bobcat
1996,train,40,bobcat
1997,train,40,bobcat
1998,train,40,bobcat
1999,train,40,bobcat
2000,test,40,bobcat
2001,train,40,bobcat
2002,train,40,bobcat
2003,train,40,bobcat
2004,validation,40,bobcat
2005,train,40,bobcat
2006,train,40,bobcat
2007,validation,40,bobcat
2008,train,40,bobcat
2009,train,40,bobcat
2010,train,40,bobcat
2011,validation,40,bobcat
2012,test,40,bobcat
2013,validation,40,bobcat
2014,train,40,bobcat
2015,train,40,bobcat
2016,train,40,bobcat
2017,test,40,bobcat
2018,validation,40,bobcat
2019,train,40,bobcat
2020,test,40,bobcat
2021,train,40,bobcat
2022,train,40,bobcat
2023,train,40,bobcat
2024,train,40,bobcat
2025,test,40,bobcat
2026,validation,40,bobcat
2027,train,40,bobcat
2028,train,40,bobcat
2029,train,40,bobcat
2030,train,40,bobcat
2031,validation,40,bobcat
2032,train,40,bobcat
2033,validation,40,bobcat
2034,test,40,bobcat
2035,train,40,bobcat
2036,validation,40,bobcat
2037,train,40,bobcat
2038,train,40,bobcat
2039,validation,40,bobcat
2040,test,40,bobcat
2041,validation,40,bobcat
2042,test,40,bobcat
2043,train,40,bobcat
2044,test,40,bobcat
2045,test,40,bobcat
2046,train,40,bobcat
2047,train,40,bobcat
2048,train,40,bobcat
2049,train,40,bobcat
2050,validation,40,bobcat
2051,train,40,bobcat
2052,train,40,bobcat
2053,validation,40,bobcat
2054,test,40,bobcat
2055,validation,40,bobcat
2056,test,40,bobcat
2057,validation,40,bobcat
2058,train,40,bobcat
2059,train,40,bobcat
2060,train,40,bobcat
2061,test,40,bobcat
2062,validation,40,bobcat
2063,test,40,bobcat
2064,test,40,bobcat
2065,validation,40,bobcat
2066,test,40,bobcat
2067,test,40,bobcat
2068,train,40,bobcat
2069,validation,40,bobcat
2070,train,40,bobcat
2071,validation,40,bobcat
2072,test,40,bobcat
2073,train,40,bobcat
2074,train,40,bobcat
2075,validation,40,bobcat
2076,test,40,bobcat
2077,train,40,bobcat
2078,train,40,bobcat
2079,train,40,bobcat
2080,test,40,bobcat
2081,train,40,bobcat
2082,validation,40,bobcat
2083,train,40,bobcat
2084,train,40,bobcat
2085,train,40,bobcat
2086,test,40,bobcat
2087,train,40,bobcat
2088,test,40,bobcat
2089,train,40,bobcat
2090,train,40,bobcat
2091,validation,40,bobcat
2092,test,40,bobcat
2093,train,40,bobcat
2094,train,40,bobcat
2095,test,40,bobcat
2096,train,40,bobcat
2097,validation,40,bobcat
2098,train,40,bobcat
2099,train,40,bobcat
2100,train,40,bobcat
2101,train,40,bobcat
2102,test,40,bobcat
2103,train,40,bobcat
2104,train,40,bobcat
2105,test,40,bobcat
2106,train,40,bobcat
2107,test,40,bobcat
2108,test,40,bobcat
2109,validation,40,bobcat
2110,train,40,bobcat
2111,validation,40,bobcat
2112,train,40,bobcat
2113,test,40,bobcat
2114,validation,40,bobcat
2115,train,40,bobcat
2116,train,40,bobcat
2117,train,40,bobcat
2118,train,40,bobcat
2119,test,40,bobcat
2120,train,40,bobcat
2121,test,40,bobcat
2122,train,40,bobcat
2123,validation,40,bobcat
2124,validation,40,bobcat
2125,train,40,bobcat
2126,train,40,bobcat
2127,validation,40,bobcat
2128,train,40,bobcat
2129,validation,40,bobcat
2130,train,40,bobcat
2131,train,40,bobcat
2132,train,40,bobcat
2133,test,40,bobcat
2134,train,40,bobcat
2135,test,40,bobcat
2136,validation,40,bobcat
2137,train,40,bobcat
2138,test,40,bobcat
2139,validation,40,bobcat
2140,train,40,bobcat
2141,train,40,bobcat
2142,train,40,bobcat
2143,validation,40,bobcat
2144,validation,40,bobcat
2145,train,40,bobcat
2146,train,40,bobcat
2147,train,40,bobcat
2148,validation,40,bobcat
2149,train,40,bobcat
2150,validation,40,bobcat
2151,test,40,bobcat
2152,validation,40,bobcat
2153,train,40,bobcat
2154,train,40,bobcat
2155,train,40,bobcat
2156,train,40,bobcat
2157,train,40,bobcat
2158,train,40,bobcat
2159,train,40,bobcat
2160,train,40,bobcat
2161,train,40,bobcat
2162,validation,40,bobcat
2163,train,40,bobcat
2164,train,40,bobcat
2165,train,40,bobcat
2166,train,40,bobcat
2167,train,40,bobcat
2168,train,40,bobcat
2169,train,40,bobcat
2170,train,40,bobcat
2171,train,40,bobcat
2172,train,40,bobcat
2173,train,40,bobcat
2174,train,40,bobcat
2175,test,40,bobcat
2176,validation,40,bobcat
2177,train,40,bobcat
2178,test,40,bobcat
2179,test,40,bobcat
2180,validation,40,bobcat
2181,train,40,bobcat
2182,train,40,bobcat
2183,validation,40,bobcat
2184,test,40,bobcat
2185,train,40,bobcat
2186,train,40,bobcat
2187,test,40,bobcat
2188,train,40,bobcat
2189,train,40,bobcat
2190,validation,40,bobcat
2191,train,40,bobcat
2192,validation,40,bobcat
2193,train,40,bobcat
2194,test,40,bobcat
2195,test,40,bobcat
2196,train,40,bobcat
2197,validation,40,bobcat
2198,validation,40,bobcat
2199,validation,40,bobcat
2200,validation,40,bobcat
2201,validation,40,bobcat
2202,validation,40,bobcat
2203,train,40,bobcat
2204,test,40,bobcat
2205,train,40,bobcat
2206,train,40,bobcat
2207,train,40,bobcat
2208,train,40,bobcat
2209,test,40,bobcat
2210,train,40,bobcat
2211,train,40,bobcat
2212,train,40,bobcat
2213,train,40,bobcat
2214,train,40,bobcat
2215,validation,40,bobcat
2216,validation,40,bobcat
2217,test,40,bobcat
2218,test,40,bobcat
2219,validation,40,bobcat
2220,test,40,bobcat
2221,train,40,bobcat
2222,train,40,bobcat
2223,validation,40,bobcat
2224,test,40,bobcat
2225,train,40,bobcat
2226,train,40,bobcat
2227,train,40,bobcat
2228,test,40,bobcat
2229,test,40,bobcat
2230,train,40,bobcat
2231,train,40,bobcat
2232,test,40,bobcat
2233,test,40,bobcat
2234,train,40,bobcat
2235,train,40,bobcat
2236,test,40,bobcat
2237,test,40,bobcat
2238,train,40,bobcat
2239,train,40,bobcat
2240,train,40,bobcat
2241,validation,40,bobcat
2242,train,40,bobcat
2243,test,40,bobcat
2244,train,40,bobcat
2245,train,40,bobcat
2246,validation,40,bobcat
2247,validation,40,bobcat
2248,train,40,bobcat
2249,train,40,bobcat
2250,train,40,bobcat
2251,test,40,bobcat
2252,validation,40,bobcat
2253,train,40,bobcat
2254,train,40,bobcat
2255,validation,40,bobcat
2256,validation,40,bobcat
2257,train,40,bobcat
2258,validation,40,bobcat
2259,train,40,bobcat
2260,validation,40,bobcat
2261,validation,40,bobcat
2262,test,40,bobcat
2263,train,40,bobcat
2264,train,40,bobcat
2265,train,40,bobcat
2266,test,40,bobcat
2267,train,40,bobcat
2268,train,40,bobcat
2269,train,40,bobcat
2270,train,40,bobcat
2271,test,40,bobcat
2272,validation,40,bobcat
2273,train,40,bobcat
2274,train,40,bobcat
2275,train,40,bobcat
2276,train,40,bobcat
2277,train,40,bobcat
2278,test,40,bobcat
2279,train,40,bobcat
2280,test,40,bobcat
2281,test,40,bobcat
2282,validation,40,bobcat
2283,train,40,bobcat
2284,test,40,bobcat
2285,train,40,bobcat
2286,validation,40,bobcat
2287,train,40,bobcat
2288,train,40,bobcat
2289,train,40,bobcat
2290,validation,40,bobcat
2291,test,40,bobcat
2292,train,40,bobcat
2293,validation,40,bobcat
2294,train,40,bobcat
2295,train,40,bobcat
2296,train,40,bobcat
2297,test,40,bobcat
2298,train,40,bobcat
2299,test,40,bobcat
2300,test,40,bobcat
2301,train,40,bobcat
2302,train,40,bobcat
2303,train,40,bobcat
2304,train,40,bobcat
2305,test,40,bobcat
2306,test,40,bobcat
2307,train,40,bobcat
2308,test,40,bobcat
2309,train,40,bobcat
2310,train,40,bobcat
2311,train,40,bobcat
2312,train,40,bobcat
2313,train,40,bobcat
2314,validation,40,bobcat
2315,train,40,bobcat
2316,train,40,bobcat
2317,test,40,bobcat
2318,validation,40,bobcat
2319,train,40,bobcat
2320,test,40,bobcat
2321,train,40,bobcat
2322,validation,40,bobcat
2323,train,40,bobcat
2324,test,40,bobcat
2325,train,40,bobcat
2326,train,40,bobcat
2327,validation,40,bobcat
2328,train,40,bobcat
2329,train,40,bobcat
2330,train,40,bobcat
2331,train,40,bobcat
2332,validation,40,bobcat
2333,train,40,bobcat
2334,train,40,bobcat
2335,validation,40,bobcat
2336,train,40,bobcat
2337,train,40,bobcat
2338,test,40,bobcat
2339,validation,40,bobcat
2340,train,40,bobcat
2341,train,40,bobcat
2342,train,40,bobcat
2343,train,40,bobcat
2344,test,40,bobcat
2345,test,40,bobcat
2346,train,40,bobcat
2347,train,40,bobcat
2348,validation,40,bobcat
2349,train,40,bobcat
2350,train,40,bobcat
2351,validation,40,bobcat
2352,train,40,bobcat
2353,train,40,bobcat
2354,test,40,bobcat
2355,train,40,bobcat
2356,train,40,bobcat
2357,test,40,bobcat
2358,train,40,bobcat
2359,train,40,bobcat
2360,test,40,bobcat
2361,validation,40,bobcat
2362,test,40,bobcat
2363,train,40,bobcat
2364,train,40,bobcat
2365,train,40,bobcat
2366,validation,40,bobcat
2367,train,40,bobcat
2368,train,40,bobcat
2369,validation,40,bobcat
2370,train,40,bobcat
2371,validation,40,bobcat
2372,train,40,bobcat
2373,train,40,bobcat
2374,test,40,bobcat
2375,validation,40,bobcat
2376,train,40,bobcat
2377,validation,40,bobcat
2378,train,40,bobcat
2379,validation,40,bobcat
2380,train,40,bobcat
2381,train,40,bobcat
2382,train,40,bobcat
2383,train,40,bobcat
2384,train,40,bobcat
2385,test,40,bobcat
2386,train,40,bobcat
2387,train,40,bobcat
2388,train,40,bobcat
2389,train,40,bobcat
2390,train,40,bobcat
2391,train,40,bobcat
2392,validation,40,bobcat
2393,train,40,bobcat
2394,validation,40,bobcat
2395,validation,40,bobcat
2396,train,40,bobcat
2397,validation,40,bobcat
2398,train,40,bobcat
2399,train,40,bobcat
2400,train,40,bobcat
2401,test,40,bobcat
2402,train,40,bobcat
2403,train,40,bobcat
2404,train,40,bobcat
2405,train,40,bobcat
2406,train,40,bobcat
2407,train,40,bobcat
2408,train,40,bobcat
2409,test,40,bobcat
2410,train,40,bobcat
2411,train,40,bobcat
2412,train,40,bobcat
2413,train,40,bobcat
2414,test,40,bobcat
2415,train,40,bobcat
2416,train,40,bobcat
2417,train,40,bobcat
2418,validation,40,bobcat
2419,train,40,bobcat
2420,train,40,bobcat
2421,train,40,bobcat
2422,train,40,bobcat
2423,train,40,bobcat
2424,train,40,bobcat
2425,train,40,bobcat
2426,train,36,buffalo
2427,train,36,buffalo
2428,validation,36,buffalo
2429,train,36,buffalo
2430,train,36,buffalo
2431,train,36,buffalo
2432,train,36,buffalo
2433,test,36,buffalo
2434,train,36,buffalo
2435,validation,36,buffalo
2436,validation,36,buffalo
2437,train,36,buffalo
2438,validation,36,buffalo
2439,train,36,buffalo
2440,train,36,buffalo
2441,train,36,buffalo
2442,validation,36,buffalo
2443,train,36,buffalo
2444,validation,36,buffalo
2445,train,36,buffalo
2446,validation,36,buffalo
2447,validation,36,buffalo
2448,train,36,buffalo
2449,train,36,buffalo
2450,train,36,buffalo
2451,train,36,buffalo
2452,train,36,buffalo
2453,train,36,buffalo
2454,train,36,buffalo
2455,train,36,buffalo
2456,train,36,buffalo
2457,train,36,buffalo
2458,train,36,buffalo
2459,validation,36,buffalo
2460,train,36,buffalo
2461,validation,36,buffalo
2462,validation,36,buffalo
2463,train,36,buffalo
2464,validation,36,buffalo
2465,train,36,buffalo
2466,test,36,buffalo
2467,train,36,buffalo
2468,validation,36,buffalo
2469,test,36,buffalo
2470,test,36,buffalo
2471,validation,36,buffalo
2472,train,36,buffalo
2473,train,36,buffalo
2474,train,36,buffalo
2475,train,36,buffalo
2476,train,36,buffalo
2477,validation,36,buffalo
2478,train,36,buffalo
2479,train,36,buffalo
2480,train,36,buffalo
2481,train,36,buffalo
2482,test,36,buffalo
2483,train,36,buffalo
2484,train,36,buffalo
2485,train,36,buffalo
2486,test,36,buffalo
2487,test,36,buffalo
2488,train,36,buffalo
2489,train,36,buffalo
2490,train,36,buffalo
2491,train,36,buffalo
2492,test,36,buffalo
2493,validation,36,buffalo
2494,train,36,buffalo
2495,test,36,buffalo
2496,validation,36,buffalo
2497,train,36,buffalo
2498,train,36,buffalo
2499,validation,36,buffalo
2500,validation,36,buffalo
2501,train,36,buffalo
2502,validation,36,buffalo
2503,test,36,buffalo
2504,train,36,buffalo
2505,train,36,buffalo
2506,validation,36,buffalo
2507,train,36,buffalo
2508,train,36,buffalo
2509,train,36,buffalo
2510,train,36,buffalo
2511,train,36,buffalo
2512,test,36,buffalo
2513,validation,36,buffalo
2514,train,36,buffalo
2515,test,36,buffalo
2516,test,36,buffalo
2517,validation,36,buffalo
2518,test,36,buffalo
2519,train,36,buffalo
2520,test,36,buffalo
2521,train,36,buffalo
2522,test,36,buffalo
2523,validation,36,buffalo
2524,train,36,buffalo
2525,train,36,buffalo
2526,train,36,buffalo
2527,train,36,buffalo
2528,test,36,buffalo
2529,validation,36,buffalo
2530,train,36,buffalo
2531,train,36,buffalo
2532,validation,36,buffalo
2533,train,36,buffalo
2534,test,36,buffalo
2535,test,36,buffalo
2536,train,36,buffalo
2537,train,36,buffalo
2538,validation,36,buffalo
2539,train,36,buffalo
2540,train,36,buffalo
2541,train,36,buffalo
2542,train,36,buffalo
2543,test,36,buffalo
2544,validation,36,buffalo
2545,train,36,buffalo
2546,train,36,buffalo
2547,train,36,buffalo
2548,validation,36,buffalo
2549,validation,36,buffalo
2550,train,36,buffalo
2551,train,36,buffalo
2552,test,36,buffalo
2553,test,36,buffalo
2554,train,36,buffalo
2555,validation,36,buffalo
2556,train,36,buffalo
2557,train,36,buffalo
2558,train,36,buffalo
2559,test,36,buffalo
2560,train,36,buffalo
2561,train,36,buffalo
2562,train,36,buffalo
2563,train,36,buffalo
2564,train,36,buffalo
2565,train,36,buffalo
2566,test,36,buffalo
2567,validation,36,buffalo
2568,test,36,buffalo
2569,test,36,buffalo
2570,train,36,buffalo
2571,test,36,buffalo
2572,train,36,buffalo
2573,train,36,buffalo
2574,train,36,buffalo
2575,train,36,buffalo
2576,train,36,buffalo
2577,train,36,buffalo
2578,train,36,buffalo
2579,train,36,buffalo
2580,train,36,buffalo
2581,train,36,buffalo
2582,validation,36,buffalo
2583,test,36,buffalo
2584,train,36,buffalo
2585,train,36,buffalo
2586,train,36,buffalo
2587,validation,36,buffalo
2588,train,36,buffalo
2589,train,36,buffalo
2590,train,36,buffalo
2591,train,36,buffalo
2592,train,36,buffalo
2593,train,36,buffalo
2594,train,36,buffalo
2595,validation,36,buffalo
2596,train,36,buffalo
2597,train,36,buffalo
2598,train,36,buffalo
2599,train,36,buffalo
2600,test,36,buffalo
2601,test,36,buffalo
2602,train,36,buffalo
2603,train,36,buffalo
2604,train,36,buffalo
2605,train,36,buffalo
2606,test,36,buffalo
2607,test,36,buffalo
2608,train,36,buffalo
2609,test,36,buffalo
2610,train,36,buffalo
2611,test,36,buffalo
2612,test,36,buffalo
2613,validation,36,buffalo
2614,train,36,buffalo
2615,test,36,buffalo
2616,test,36,buffalo
2617,train,36,buffalo
2618,train,36,buffalo
2619,train,36,buffalo
2620,train,36,buffalo
2621,train,36,buffalo
2622,train,36,buffalo
2623,train,36,buffalo
2624,test,36,buffalo
2625,train,36,buffalo
2626,train,36,buffalo
2627,train,36,buffalo
2628,validation,36,buffalo
2629,train,36,buffalo
2630,train,36,buffalo
2631,train,36,buffalo
2632,train,36,buffalo
2633,test,36,buffalo
2634,validation,36,buffalo
2635,train,36,buffalo
2636,train,36,buffalo
2637,validation,36,buffalo
2638,validation,36,buffalo
2639,test,36,buffalo
2640,train,36,buffalo
2641,train,36,buffalo
2642,validation,36,buffalo
2643,train,36,buffalo
2644,train,36,buffalo
2645,train,36,buffalo
2646,train,36,buffalo
2647,test,36,buffalo
2648,validation,36,buffalo
2649,train,36,buffalo
2650,validation,36,buffalo
2651,train,36,buffalo
2652,validation,36,buffalo
2653,validation,36,buffalo
2654,train,36,buffalo
2655,train,36,buffalo
2656,train,36,buffalo
2657,train,36,buffalo
2658,train,36,buffalo
2659,train,36,buffalo
2660,train,36,buffalo
2661,train,36,buffalo
2662,test,36,buffalo
2663,train,36,buffalo
2664,test,36,buffalo
2665,train,36,buffalo
2666,train,36,buffalo
2667,validation,36,buffalo
2668,train,36,buffalo
2669,train,36,buffalo
2670,train,36,buffalo
2671,validation,36,buffalo
2672,train,36,buffalo
2673,validation,36,buffalo
2674,train,36,buffalo
2675,train,36,buffalo
2676,train,36,buffalo
2677,train,36,buffalo
2678,train,36,buffalo
2679,train,36,buffalo
2680,test,36,buffalo
2681,test,36,buffalo
2682,test,36,buffalo
2683,validation,36,buffalo
2684,validation,36,buffalo
2685,validation,36,buffalo
2686,train,36,buffalo
2687,train,36,buffalo
2688,validation,36,buffalo
2689,test,36,buffalo
2690,train,36,buffalo
2691,train,36,buffalo
2692,train,36,buffalo
2693,train,36,buffalo
2694,test,36,buffalo
2695,train,36,buffalo
2696,train,36,buffalo
2697,train,36,buffalo
2698,train,36,buffalo
2699,train,36,buffalo
2700,train,36,buffalo
2701,train,36,buffalo
2702,train,36,buffalo
2703,train,36,buffalo
2704,train,36,buffalo
2705,train,36,buffalo
2706,test,36,buffalo
2707,train,36,buffalo
2708,train,36,buffalo
2709,test,36,buffalo
2710,validation,36,buffalo
2711,validation,36,buffalo
2712,validation,36,buffalo
2713,test,36,buffalo
2714,train,36,buffalo
2715,train,36,buffalo
2716,train,36,buffalo
2717,train,36,buffalo
2718,train,36,buffalo
2719,train,36,buffalo
2720,train,36,buffalo
2721,validation,36,buffalo
2722,train,36,buffalo
2723,validation,36,buffalo
2724,train,36,buffalo
2725,train,36,buffalo
2726,validation,36,buffalo
2727,test,36,buffalo
2728,train,36,buffalo
2729,train,36,buffalo
2730,test,36,buffalo
2731,train,36,buffalo
2732,train,36,buffalo
2733,train,36,buffalo
2734,test,36,buffalo
2735,train,36,buffalo
2736,train,36,buffalo
2737,train,36,buffalo
2738,train,36,buffalo
2739,test,36,buffalo
2740,train,36,buffalo
2741,train,36,buffalo
2742,train,36,buffalo
2743,test,36,buffalo
2744,train,36,buffalo
2745,train,36,buffalo
2746,test,36,buffalo
2747,train,36,buffalo
2748,test,36,buffalo
2749,train,36,buffalo
2750,train,36,buffalo
2751,train,36,buffalo
2752,validation,36,buffalo
2753,train,36,buffalo
2754,train,36,buffalo
2755,train,36,buffalo
2756,train,36,buffalo
2757,test,36,buffalo
2758,validation,36,buffalo
2759,train,36,buffalo
2760,train,36,buffalo
2761,train,36,buffalo
2762,train,36,buffalo
2763,train,36,buffalo
2764,validation,36,buffalo
2765,validation,36,buffalo
2766,train,36,buffalo
2767,validation,36,buffalo
2768,train,36,buffalo
2769,train,36,buffalo
2770,train,36,buffalo
2771,train,36,buffalo
2772,validation,36,buffalo
2773,validation,36,buffalo
2774,train,36,buffalo
2775,test,36,buffalo
2776,train,36,buffalo
2777,train,36,buffalo
2778,train,36,buffalo
2779,validation,36,buffalo
2780,train,36,buffalo
2781,validation,36,buffalo
2782,test,36,buffalo
2783,train,36,buffalo
2784,train,36,buffalo
2785,train,36,buffalo
2786,test,36,buffalo
2787,train,36,buffalo
2788,validation,36,buffalo
2789,validation,36,buffalo
2790,validation,36,buffalo
2791,test,36,buffalo
2792,train,36,buffalo
2793,train,36,buffalo
2794,validation,36,buffalo
2795,test,36,buffalo
2796,validation,36,buffalo
2797,train,36,buffalo
2798,test,36,buffalo
2799,validation,36,buffalo
2800,validation,36,buffalo
2801,train,36,buffalo
2802,test,36,buffalo
2803,test,36,buffalo
2804,train,36,buffalo
2805,test,36,buffalo
2806,train,36,buffalo
2807,test,36,buffalo
2808,test,36,buffalo
2809,train,36,buffalo
2810,train,36,buffalo
2811,train,36,buffalo
2812,train,36,buffalo
2813,train,36,buffalo
2814,test,36,buffalo
2815,train,36,buffalo
2816,train,36,buffalo
2817,train,36,buffalo
2818,test,36,buffalo
2819,validation,36,buffalo
2820,test,36,buffalo
2821,test,36,buffalo
2822,test,36,buffalo
2823,train,36,buffalo
2824,validation,36,buffalo
2825,train,36,buffalo
2826,train,36,buffalo
2827,validation,36,buffalo
2828,validation,36,buffalo
2829,train,36,buffalo
2830,train,36,buffalo
2831,train,36,buffalo
2832,train,36,buffalo
2833,train,36,buffalo
2834,test,36,buffalo
2835,validation,36,buffalo
2836,test,36,buffalo
2837,test,36,buffalo
2838,test,36,buffalo
2839,train,36,buffalo
2840,test,36,buffalo
2841,train,36,buffalo
2842,train,36,buffalo
2843,train,36,buffalo
2844,test,36,buffalo
2845,test,36,buffalo
2846,train,36,buffalo
2847,train,36,buffalo
2848,train,36,buffalo
2849,train,36,buffalo
2850,test,36,buffalo
2851,train,36,buffalo
2852,train,36,buffalo
2853,train,36,buffalo
2854,train,36,buffalo
2855,test,36,buffalo
2856,train,36,buffalo
2857,train,36,buffalo
2858,train,36,buffalo
2859,test,36,buffalo
2860,validation,36,buffalo
2861,train,36,buffalo
2862,test,36,buffalo
2863,validation,36,buffalo
2864,test,36,buffalo
2865,train,36,buffalo
2866,validation,36,buffalo
2867,train,36,buffalo
2868,test,36,buffalo
2869,validation,36,buffalo
2870,train,36,buffalo
2871,validation,36,buffalo
2872,train,36,buffalo
2873,test,36,buffalo
2874,train,36,buffalo
2875,train,36,buffalo
2876,test,36,buffalo
2877,validation,36,buffalo
2878,train,36,buffalo
2879,train,36,buffalo
2880,test,36,buffalo
2881,validation,36,buffalo
2882,train,36,buffalo
2883,train,36,buffalo
2884,validation,36,buffalo
2885,test,36,buffalo
2886,train,36,buffalo
2887,train,36,buffalo
2888,validation,36,buffalo
2889,train,36,buffalo
2890,test,36,buffalo
2891,train,36,buffalo
2892,train,36,buffalo
2893,validation,36,buffalo
2894,test,36,buffalo
2895,validation,36,buffalo
2896,train,36,buffalo
2897,train,36,buffalo
2898,train,36,buffalo
2899,train,36,buffalo
2900,train,36,buffalo
2901,validation,36,buffalo
2902,validation,36,buffalo
2903,test,36,buffalo
2904,train,36,buffalo
2905,test,36,buffalo
2906,test,36,buffalo
2907,train,36,buffalo
2908,train,36,buffalo
2909,train,36,buffalo
2910,test,36,buffalo
2911,train,36,buffalo
2912,validation,36,buffalo
2913,validation,36,buffalo
2914,train,36,buffalo
2915,train,36,buffalo
2916,validation,36,buffalo
2917,train,36,buffalo
2918,train,36,buffalo
2919,train,36,buffalo
2920,test,36,buffalo
2921,train,36,buffalo
2922,validation,36,buffalo
2923,train,36,buffalo
2924,test,36,buffalo
2925,test,36,buffalo
2926,validation,36,buffalo
2927,train,36,buffalo
2928,test,36,buffalo
2929,train,36,buffalo
2930,validation,36,buffalo
2931,train,36,buffalo
2932,test,36,buffalo
2933,train,36,buffalo
2934,train,36,buffalo
2935,train,36,buffalo
2936,train,36,buffalo
2937,train,36,buffalo
2938,train,36,buffalo
2939,train,36,buffalo
2940,test,36,buffalo
2941,train,36,buffalo
2942,train,36,buffalo
2943,train,36,buffalo
2944,test,36,buffalo
2945,train,36,buffalo
2946,train,36,buffalo
2947,train,36,buffalo
2948,train,36,buffalo
2949,train,36,buffalo
2950,test,36,buffalo
2951,train,36,buffalo
2952,train,36,buffalo
2953,train,36,buffalo
2954,validation,36,buffalo
2955,test,36,buffalo
2956,test,36,buffalo
2957,train,36,buffalo
2958,test,36,buffalo
2959,train,36,buffalo
2960,train,36,buffalo
2961,train,36,buffalo
2962,validation,36,buffalo
2963,train,36,buffalo
2964,train,36,buffalo
2965,train,36,buffalo
2966,train,36,buffalo
2967,train,36,buffalo
2968,train,36,buffalo
2969,train,36,buffalo
2970,validation,36,buffalo
2971,test,36,buffalo
2972,train,36,buffalo
2973,test,36,buffalo
2974,train,36,buffalo
2975,validation,36,buffalo
2976,test,36,buffalo
2977,train,36,buffalo
2978,validation,36,buffalo
2979,train,36,buffalo
2980,train,36,buffalo
2981,test,36,buffalo
2982,train,36,buffalo
2983,validation,36,buffalo
2984,validation,36,buffalo
2985,train,36,buffalo
2986,validation,36,buffalo
2987,train,36,buffalo
2988,validation,36,buffalo
2989,validation,36,buffalo
2990,test,36,buffalo
2991,validation,36,buffalo
2992,train,36,buffalo
2993,train,36,buffalo
2994,train,36,buffalo
2995,test,36,buffalo
2996,train,36,buffalo
2997,train,36,buffalo
2998,test,36,buffalo
2999,validation,36,buffalo
3000,validation,36,buffalo
3001,validation,36,buffalo
3002,train,36,buffalo
3003,train,36,buffalo
3004,validation,36,buffalo
3005,train,36,buffalo
3006,validation,36,buffalo
3007,train,36,buffalo
3008,train,36,buffalo
3009,train,36,buffalo
3010,train,36,buffalo
3011,train,36,buffalo
3012,test,36,buffalo
3013,test,36,buffalo
3014,validation,36,buffalo
3015,validation,36,buffalo
3016,train,36,buffalo
3017,train,36,buffalo
3018,validation,36,buffalo
3019,validation,36,buffalo
3020,train,36,buffalo
3021,train,36,buffalo
3022,train,36,buffalo
3023,validation,36,buffalo
3024,test,36,buffalo
3025,test,36,buffalo
3026,train,36,buffalo
3027,train,36,buffalo
3028,test,36,buffalo
3029,validation,36,buffalo
3030,validation,36,buffalo
3031,validation,36,buffalo
3032,test,36,buffalo
3033,test,36,buffalo
3034,train,36,buffalo
3035,train,36,buffalo
3036,validation,36,buffalo
3037,validation,36,buffalo
3038,train,36,buffalo
3039,train,36,buffalo
3040,validation,36,buffalo
3041,train,36,buffalo
3042,train,36,buffalo
3043,validation,36,buffalo
3044,test,36,buffalo
3045,train,36,buffalo
3046,test,36,buffalo
3047,train,36,buffalo
3048,test,36,buffalo
3049,validation,36,buffalo
3050,validation,36,buffalo
3051,train,36,buffalo
3052,validation,36,buffalo
3053,train,36,buffalo
3054,test,36,buffalo
3055,train,36,buffalo
3056,test,36,buffalo
3057,test,36,buffalo
3058,validation,36,buffalo
3059,train,36,buffalo
3060,train,36,buffalo
3061,test,36,buffalo
3062,train,36,buffalo
3063,validation,36,buffalo
3064,train,36,buffalo
3065,train,36,buffalo
3066,validation,36,buffalo
3067,train,36,buffalo
3068,validation,36,buffalo
3069,train,36,buffalo
3070,train,36,buffalo
3071,train,36,buffalo
3072,train,36,buffalo
3073,train,36,buffalo
3074,train,36,buffalo
3075,train,36,buffalo
3076,validation,36,buffalo
3077,test,36,buffalo
3078,validation,36,buffalo
3079,train,36,buffalo
3080,train,36,buffalo
3081,test,36,buffalo
3082,train,36,buffalo
3083,train,36,buffalo
3084,train,36,buffalo
3085,train,36,buffalo
3086,train,36,buffalo
3087,test,36,buffalo
3088,test,36,buffalo
3089,train,36,buffalo
3090,train,36,buffalo
3091,train,36,buffalo
3092,train,36,buffalo
3093,train,36,buffalo
3094,train,36,buffalo
3095,train,36,buffalo
3096,test,36,buffalo
3097,validation,36,buffalo
3098,train,36,buffalo
3099,train,36,buffalo
3100,validation,36,buffalo
3101,train,36,buffalo
3102,train,36,buffalo
3103,validation,36,buffalo
3104,validation,36,buffalo
3105,train,36,buffalo
3106,train,36,buffalo
3107,train,36,buffalo
3108,validation,36,buffalo
3109,train,36,buffalo
3110,train,36,buffalo
3111,validation,36,buffalo
3112,train,36,buffalo
3113,train,36,buffalo
3114,test,36,buffalo
3115,train,36,buffalo
3116,test,36,buffalo
3117,train,36,buffalo
3118,test,36,buffalo
3119,train,36,buffalo
3120,train,36,buffalo
3121,train,36,buffalo
3122,train,36,buffalo
3123,train,36,buffalo
3124,train,36,buffalo
3125,train,36,buffalo
3126,validation,36,buffalo
3127,test,36,buffalo
3128,train,36,buffalo
3129,train,36,buffalo
3130,test,36,buffalo
3131,train,36,buffalo
3132,train,36,buffalo
3133,train,36,buffalo
3134,train,36,buffalo
3135,test,36,buffalo
3136,train,36,buffalo
3137,train,36,buffalo
3138,train,36,buffalo
3139,train,36,buffalo
3140,train,36,buffalo
3141,train,36,buffalo
3142,train,36,buffalo
3143,train,36,buffalo
3144,train,36,buffalo
3145,test,36,buffalo
3146,validation,36,buffalo
3147,train,36,buffalo
3148,validation,36,buffalo
3149,test,36,buffalo
3150,train,36,buffalo
3151,test,36,buffalo
3152,train,36,buffalo
3153,train,36,buffalo
3154,train,36,buffalo
3155,train,36,buffalo
3156,train,36,buffalo
3157,test,36,buffalo
3158,train,36,buffalo
3159,train,36,buffalo
3160,train,36,buffalo
3161,test,36,buffalo
3162,test,36,buffalo
3163,train,36,buffalo
3164,train,36,buffalo
3165,test,36,buffalo
3166,train,36,buffalo
3167,train,36,buffalo
3168,test,36,buffalo
3169,train,36,buffalo
3170,train,36,buffalo
3171,validation,36,buffalo
3172,test,36,buffalo
3173,train,36,buffalo
3174,train,36,buffalo
3175,train,36,buffalo
3176,validation,36,buffalo
3177,train,36,buffalo
3178,train,36,buffalo
3179,test,36,buffalo
3180,train,36,buffalo
3181,train,36,buffalo
3182,train,36,buffalo
3183,train,36,buffalo
3184,validation,36,buffalo
3185,test,36,buffalo
3186,train,36,buffalo
3187,test,36,buffalo
3188,train,36,buffalo
3189,test,36,buffalo
3190,train,36,buffalo
3191,train,36,buffalo
3192,train,36,buffalo
3193,validation,36,buffalo
3194,test,36,buffalo
3195,test,36,buffalo
3196,validation,36,buffalo
3197,train,36,buffalo
3198,train,36,buffalo
3199,train,36,buffalo
3200,train,36,buffalo
3201,validation,36,buffalo
3202,train,36,buffalo
3203,train,36,buffalo
3204,train,36,buffalo
3205,validation,36,buffalo
3206,train,36,buffalo
3207,validation,36,buffalo
3208,test,36,buffalo
3209,validation,36,buffalo
3210,train,36,buffalo
3211,validation,36,buffalo
3212,train,36,buffalo
3213,train,36,buffalo
3214,test,36,buffalo
3215,train,36,buffalo
3216,validation,36,buffalo
3217,train,36,buffalo
3218,train,36,buffalo
3219,train,36,buffalo
3220,train,36,buffalo
3221,validation,36,buffalo
3222,validation,36,buffalo
3223,train,36,buffalo
3224,train,36,buffalo
3225,train,36,buffalo
3226,test,36,buffalo
3227,train,36,buffalo
3228,train,36,buffalo
3229,train,36,buffalo
3230,validation,36,buffalo
3231,validation,36,buffalo
3232,validation,36,buffalo
3233,validation,36,buffalo
3234,test,36,buffalo
3235,train,36,buffalo
3236,validation,36,buffalo
3237,train,36,buffalo
3238,train,36,buffalo
3239,validation,36,buffalo
3240,test,36,buffalo
3241,train,36,buffalo
3242,train,36,buffalo
3243,test,36,buffalo
3244,validation,36,buffalo
3245,train,36,buffalo
3246,train,36,buffalo
3247,train,36,buffalo
3248,validation,36,buffalo
3249,train,36,buffalo
3250,train,36,buffalo
3251,validation,36,buffalo
3252,validation,36,buffalo
3253,train,36,buffalo
3254,test,36,buffalo
3255,validation,36,buffalo
3256,validation,36,buffalo
3257,train,36,buffalo
3258,train,36,buffalo
3259,train,36,buffalo
3260,test,36,buffalo
3261,train,36,buffalo
3262,test,36,buffalo
3263,train,36,buffalo
3264,train,36,buffalo
3265,validation,36,buffalo
3266,validation,36,buffalo
3267,train,36,buffalo
3268,test,36,buffalo
3269,train,36,buffalo
3270,train,36,buffalo
3271,train,36,buffalo
3272,test,36,buffalo
3273,train,36,buffalo
3274,test,36,buffalo
3275,train,36,buffalo
3276,train,36,buffalo
3277,train,36,buffalo
3278,train,36,buffalo
3279,train,36,buffalo
3280,train,36,buffalo
3281,validation,36,buffalo
3282,train,36,buffalo
3283,validation,36,buffalo
3284,train,36,buffalo
3285,train,36,buffalo
3286,train,36,buffalo
3287,test,36,buffalo
3288,train,36,buffalo
3289,test,36,buffalo
3290,validation,36,buffalo
3291,train,36,buffalo
3292,train,36,buffalo
3293,test,36,buffalo
3294,train,36,buffalo
3295,train,36,buffalo
3296,train,36,buffalo
3297,train,36,buffalo
3298,train,36,buffalo
3299,validation,36,buffalo
3300,test,36,buffalo
3301,train,36,buffalo
3302,train,36,buffalo
3303,train,36,buffalo
3304,train,36,buffalo
3305,test,36,buffalo
3306,train,36,buffalo
3307,validation,36,buffalo
3308,test,36,buffalo
3309,test,36,buffalo
3310,test,36,buffalo
3311,test,36,buffalo
3312,test,36,buffalo
3313,train,36,buffalo
3314,test,36,buffalo
3315,train,36,buffalo
3316,validation,36,buffalo
3317,train,36,buffalo
3318,validation,36,buffalo
3319,validation,36,buffalo
3320,train,36,buffalo
3321,train,32,chihuahua
3322,train,32,chihuahua
3323,train,32,chihuahua
3324,train,32,chihuahua
3325,train,32,chihuahua
3326,validation,32,chihuahua
3327,test,32,chihuahua
3328,train,32,chihuahua
3329,train,32,chihuahua
3330,validation,32,chihuahua
3331,train,32,chihuahua
3332,train,32,chihuahua
3333,test,32,chihuahua
3334,test,32,chihuahua
3335,validation,32,chihuahua
3336,test,32,chihuahua
3337,test,32,chihuahua
3338,train,32,chihuahua
3339,validation,32,chihuahua
3340,train,32,chihuahua
3341,test,32,chihuahua
3342,test,32,chihuahua
3343,train,32,chihuahua
3344,train,32,chihuahua
3345,train,32,chihuahua
3346,train,32,chihuahua
3347,train,32,chihuahua
3348,train,32,chihuahua
3349,train,32,chihuahua
3350,validation,32,chihuahua
3351,test,32,chihuahua
3352,train,32,chihuahua
3353,train,32,chihuahua
3354,train,32,chihuahua
3355,train,32,chihuahua
3356,train,32,chihuahua
3357,test,32,chihuahua
3358,train,32,chihuahua
3359,train,32,chihuahua
3360,validation,32,chihuahua
3361,train,32,chihuahua
3362,train,32,chihuahua
3363,test,32,chihuahua
3364,validation,32,chihuahua
3365,train,32,chihuahua
3366,train,32,chihuahua
3367,train,32,chihuahua
3368,train,32,chihuahua
3369,train,32,chihuahua
3370,train,32,chihuahua
3371,validation,32,chihuahua
3372,train,32,chihuahua
3373,train,32,chihuahua
3374,train,32,chihuahua
3375,test,32,chihuahua
3376,train,32,chihuahua
3377,validation,32,chihuahua
3378,test,32,chihuahua
3379,train,32,chihuahua
3380,train,32,chihuahua
3381,train,32,chihuahua
3382,train,32,chihuahua
3383,validation,32,chihuahua
3384,train,32,chihuahua
3385,train,32,chihuahua
3386,test,32,chihuahua
3387,train,32,chihuahua
3388,train,32,chihuahua
3389,validation,32,chihuahua
3390,validation,32,chihuahua
3391,train,32,chihuahua
3392,test,32,chihuahua
3393,validation,32,chihuahua
3394,train,32,chihuahua
3395,test,32,chihuahua
3396,train,32,chihuahua
3397,train,32,chihuahua
3398,test,32,chihuahua
3399,test,32,chihuahua
3400,validation,32,chihuahua
3401,validation,32,chihuahua
3402,train,32,chihuahua
3403,train,32,chihuahua
3404,train,32,chihuahua
3405,train,32,chihuahua
3406,test,32,chihuahua
3407,train,32,chihuahua
3408,train,32,chihuahua
3409,test,32,chihuahua
3410,train,32,chihuahua
3411,validation,32,chihuahua
3412,test,32,chihuahua
3413,train,32,chihuahua
3414,validation,32,chihuahua
3415,train,32,chihuahua
3416,validation,32,chihuahua
3417,train,32,chihuahua
3418,train,32,chihuahua
3419,test,32,chihuahua
3420,train,32,chihuahua
3421,validation,32,chihuahua
3422,train,32,chihuahua
3423,train,32,chihuahua
3424,train,32,chihuahua
3425,train,32,chihuahua
3426,test,32,chihuahua
3427,validation,32,chihuahua
3428,train,32,chihuahua
3429,test,32,chihuahua
3430,train,32,chihuahua
3431,train,32,chihuahua
3432,train,32,chihuahua
3433,train,32,chihuahua
3434,test,32,chihuahua
3435,validation,32,chihuahua
3436,train,32,chihuahua
3437,train,32,chihuahua
3438,train,32,chihuahua
3439,train,32,chihuahua
3440,train,32,chihuahua
3441,train,32,chihuahua
3442,validation,32,chihuahua
3443,validation,32,chihuahua
3444,train,32,chihuahua
3445,train,32,chihuahua
3446,train,32,chihuahua
3447,train,32,chihuahua
3448,validation,32,chihuahua
3449,validation,32,chihuahua
3450,validation,32,chihuahua
3451,train,32,chihuahua
3452,test,32,chihuahua
3453,train,32,chihuahua
3454,test,32,chihuahua
3455,test,32,chihuahua
3456,test,32,chihuahua
3457,train,32,chihuahua
3458,test,32,chihuahua
3459,train,32,chihuahua
3460,test,32,chihuahua
3461,test,32,chihuahua
3462,train,32,chihuahua
3463,train,32,chihuahua
3464,train,32,chihuahua
3465,train,32,chihuahua
3466,test,32,chihuahua
3467,validation,32,chihuahua
3468,train,32,chihuahua
3469,validation,32,chihuahua
3470,train,32,chihuahua
3471,test,32,chihuahua
3472,train,32,chihuahua
3473,test,32,chihuahua
3474,validation,32,chihuahua
3475,validation,32,chihuahua
3476,validation,32,chihuahua
3477,train,32,chihuahua
3478,validation,32,chihuahua
3479,train,32,chihuahua
3480,train,32,chihuahua
3481,train,32,chihuahua
3482,train,32,chihuahua
3483,test,32,chihuahua
3484,train,32,chihuahua
3485,test,32,chihuahua
3486,validation,32,chihuahua
3487,test,32,chihuahua
3488,train,32,chihuahua
3489,validation,32,chihuahua
3490,validation,32,chihuahua
3491,train,32,chihuahua
3492,train,32,chihuahua
3493,train,32,chihuahua
3494,test,32,chihuahua
3495,validation,32,chihuahua
3496,train,32,chihuahua
3497,validation,32,chihuahua
3498,validation,32,chihuahua
3499,train,32,chihuahua
3500,train,32,chihuahua
3501,validation,32,chihuahua
3502,test,32,chihuahua
3503,test,32,chihuahua
3504,train,32,chihuahua
3505,train,32,chihuahua
3506,train,32,chihuahua
3507,train,32,chihuahua
3508,train,32,chihuahua
3509,train,32,chihuahua
3510,train,32,chihuahua
3511,validation,32,chihuahua
3512,validation,32,chihuahua
3513,train,32,chihuahua
3514,test,32,chihuahua
3515,train,32,chihuahua
3516,train,32,chihuahua
3517,train,32,chihuahua
3518,train,32,chihuahua
3519,validation,32,chihuahua
3520,train,32,chihuahua
3521,train,32,chihuahua
3522,train,32,chihuahua
3523,train,32,chihuahua
3524,validation,32,chihuahua
3525,train,32,chihuahua
3526,train,32,chihuahua
3527,train,32,chihuahua
3528,train,32,chihuahua
3529,test,32,chihuahua
3530,validation,32,chihuahua
3531,test,32,chihuahua
3532,test,32,chihuahua
3533,train,32,chihuahua
3534,test,32,chihuahua
3535,train,32,chihuahua
3536,train,32,chihuahua
3537,validation,32,chihuahua
3538,test,32,chihuahua
3539,train,32,chihuahua
3540,validation,32,chihuahua
3541,test,32,chihuahua
3542,train,32,chihuahua
3543,train,32,chihuahua
3544,validation,32,chihuahua
3545,train,32,chihuahua
3546,train,32,chihuahua
3547,train,32,chihuahua
3548,train,32,chihuahua
3549,test,32,chihuahua
3550,train,32,chihuahua
3551,train,32,chihuahua
3552,validation,32,chihuahua
3553,train,32,chihuahua
3554,train,32,chihuahua
3555,train,32,chihuahua
3556,train,32,chihuahua
3557,validation,32,chihuahua
3558,train,32,chihuahua
3559,test,32,chihuahua
3560,validation,32,chihuahua
3561,test,32,chihuahua
3562,train,32,chihuahua
3563,train,32,chihuahua
3564,train,32,chihuahua
3565,validation,32,chihuahua
3566,validation,32,chihuahua
3567,validation,32,chihuahua
3568,train,32,chihuahua
3569,train,32,chihuahua
3570,train,32,chihuahua
3571,train,32,chihuahua
3572,validation,32,chihuahua
3573,train,32,chihuahua
3574,train,32,chihuahua
3575,validation,32,chihuahua
3576,test,32,chihuahua
3577,validation,32,chihuahua
3578,validation,32,chihuahua
3579,test,32,chihuahua
3580,train,32,chihuahua
3581,train,32,chihuahua
3582,train,32,chihuahua
3583,train,32,chihuahua
3584,validation,32,chihuahua
3585,train,32,chihuahua
3586,validation,32,chihuahua
3587,train,32,chihuahua
3588,train,32,chihuahua
3589,train,32,chihuahua
3590,train,32,chihuahua
3591,train,32,chihuahua
3592,validation,32,chihuahua
3593,train,32,chihuahua
3594,train,32,chihuahua
3595,train,32,chihuahua
3596,test,32,chihuahua
3597,test,32,chihuahua
3598,train,32,chihuahua
3599,test,32,chihuahua
3600,test,32,chihuahua
3601,train,32,chihuahua
3602,train,32,chihuahua
3603,test,32,chihuahua
3604,train,32,chihuahua
3605,test,32,chihuahua
3606,train,32,chihuahua
3607,validation,32,chihuahua
3608,train,32,chihuahua
3609,train,32,chihuahua
3610,train,32,chihuahua
3611,train,32,chihuahua
3612,test,32,chihuahua
3613,train,32,chihuahua
3614,train,32,chihuahua
3615,test,32,chihuahua
3616,train,32,chihuahua
3617,train,32,chihuahua
3618,train,32,chihuahua
3619,train,32,chihuahua
3620,train,32,chihuahua
3621,train,32,chihuahua
3622,train,32,chihuahua
3623,train,32,chihuahua
3624,train,32,chihuahua
3625,train,32,chihuahua
3626,train,32,chihuahua
3627,validation,32,chihuahua
3628,train,32,chihuahua
3629,train,32,chihuahua
3630,validation,32,chihuahua
3631,train,32,chihuahua
3632,validation,32,chihuahua
3633,train,32,chihuahua
3634,test,32,chihuahua
3635,train,32,chihuahua
3636,test,32,chihuahua
3637,test,32,chihuahua
3638,validation,32,chihuahua
3639,validation,32,chihuahua
3640,train,32,chihuahua
3641,train,32,chihuahua
3642,test,32,chihuahua
3643,train,32,chihuahua
3644,train,32,chihuahua
3645,train,32,chihuahua
3646,train,32,chihuahua
3647,validation,32,chihuahua
3648,train,32,chihuahua
3649,train,32,chihuahua
3650,validation,32,chihuahua
3651,train,32,chihuahua
3652,train,32,chihuahua
3653,test,32,chihuahua
3654,train,32,chihuahua
3655,test,32,chihuahua
3656,test,32,chihuahua
3657,train,32,chihuahua
3658,train,32,chihuahua
3659,train,32,chihuahua
3660,test,32,chihuahua
3661,train,32,chihuahua
3662,train,32,chihuahua
3663,train,32,chihuahua
3664,test,32,chihuahua
3665,train,32,chihuahua
3666,train,32,chihuahua
3667,train,32,chihuahua
3668,train,32,chihuahua
3669,train,32,chihuahua
3670,validation,32,chihuahua
3671,validation,32,chihuahua
3672,validation,32,chihuahua
3673,test,32,chihuahua
3674,train,32,chihuahua
3675,train,32,chihuahua
3676,validation,32,chihuahua
3677,test,32,chihuahua
3678,test,32,chihuahua
3679,test,32,chihuahua
3680,train,32,chihuahua
3681,train,32,chihuahua
3682,test,32,chihuahua
3683,test,32,chihuahua
3684,test,32,chihuahua
3685,test,32,chihuahua
3686,train,32,chihuahua
3687,train,32,chihuahua
3688,validation,32,chihuahua
3689,train,32,chihuahua
3690,validation,32,chihuahua
3691,validation,32,chihuahua
3692,train,32,chihuahua
3693,train,32,chihuahua
3694,train,32,chihuahua
3695,train,32,chihuahua
3696,train,32,chihuahua
3697,test,32,chihuahua
3698,train,32,chihuahua
3699,train,32,chihuahua
3700,validation,32,chihuahua
3701,train,32,chihuahua
3702,train,32,chihuahua
3703,validation,32,chihuahua
3704,train,32,chihuahua
3705,train,32,chihuahua
3706,validation,32,chihuahua
3707,test,32,chihuahua
3708,train,32,chihuahua
3709,test,32,chihuahua
3710,validation,32,chihuahua
3711,train,32,chihuahua
3712,validation,32,chihuahua
3713,train,32,chihuahua
3714,validation,32,chihuahua
3715,train,32,chihuahua
3716,train,32,chihuahua
3717,train,32,chihuahua
3718,train,32,chihuahua
3719,validation,32,chihuahua
3720,validation,32,chihuahua
3721,validation,32,chihuahua
3722,train,32,chihuahua
3723,train,32,chihuahua
3724,train,32,chihuahua
3725,train,32,chihuahua
3726,train,32,chihuahua
3727,train,32,chihuahua
3728,train,32,chihuahua
3729,train,32,chihuahua
3730,train,32,chihuahua
3731,test,32,chihuahua
3732,train,32,chihuahua
3733,train,32,chihuahua
3734,test,32,chihuahua
3735,test,32,chihuahua
3736,train,32,chihuahua
3737,train,32,chihuahua
3738,train,32,chihuahua
3739,validation,32,chihuahua
3740,train,32,chihuahua
3741,train,32,chihuahua
3742,train,32,chihuahua
3743,test,32,chihuahua
3744,test,32,chihuahua
3745,train,32,chihuahua
3746,validation,32,chihuahua
3747,test,32,chihuahua
3748,train,32,chihuahua
3749,train,32,chihuahua
3750,train,32,chihuahua
3751,train,32,chihuahua
3752,validation,32,chihuahua
3753,train,32,chihuahua
3754,test,32,chihuahua
3755,validation,32,chihuahua
3756,validation,32,chihuahua
3757,train,32,chihuahua
3758,validation,32,chihuahua
3759,train,32,chihuahua
3760,train,32,chihuahua
3761,train,32,chihuahua
3762,train,32,chihuahua
3763,train,32,chihuahua
3764,train,32,chihuahua
3765,validation,32,chihuahua
3766,validation,32,chihuahua
3767,train,32,chihuahua
3768,train,32,chihuahua
3769,train,32,chihuahua
3770,test,32,chihuahua
3771,train,32,chihuahua
3772,train,32,chihuahua
3773,test,32,chihuahua
3774,train,32,chihuahua
3775,validation,32,chihuahua
3776,validation,32,chihuahua
3777,test,32,chihuahua
3778,train,32,chihuahua
3779,train,32,chihuahua
3780,train,32,chihuahua
3781,train,32,chihuahua
3782,validation,32,chihuahua
3783,test,32,chihuahua
3784,validation,32,chihuahua
3785,train,32,chihuahua
3786,train,32,chihuahua
3787,test,32,chihuahua
3788,test,32,chihuahua
3789,validation,32,chihuahua
3790,test,32,chihuahua
3791,train,32,chihuahua
3792,train,32,chihuahua
3793,train,32,chihuahua
3794,train,32,chihuahua
3795,train,32,chihuahua
3796,validation,32,chihuahua
3797,test,32,chihuahua
3798,train,32,chihuahua
3799,train,32,chihuahua
3800,validation,32,chihuahua
3801,train,32,chihuahua
3802,train,32,chihuahua
3803,train,32,chihuahua
3804,train,32,chihuahua
3805,test,32,chihuahua
3806,train,32,chihuahua
3807,train,32,chihuahua
3808,train,32,chihuahua
3809,train,32,chihuahua
3810,train,32,chihuahua
3811,validation,32,chihuahua
3812,train,32,chihuahua
3813,train,32,chihuahua
3814,train,32,chihuahua
3815,test,32,chihuahua
3816,validation,32,chihuahua
3817,train,32,chihuahua
3818,test,32,chihuahua
3819,train,32,chihuahua
3820,train,32,chihuahua
3821,train,32,chihuahua
3822,test,32,chihuahua
3823,validation,32,chihuahua
3824,train,32,chihuahua
3825,train,32,chihuahua
3826,train,32,chihuahua
3827,test,32,chihuahua
3828,test,32,chihuahua
3829,train,32,chihuahua
3830,validation,32,chihuahua
3831,train,32,chihuahua
3832,validation,32,chihuahua
3833,train,32,chihuahua
3834,train,32,chihuahua
3835,train,32,chihuahua
3836,validation,32,chihuahua
3837,train,32,chihuahua
3838,train,32,chihuahua
3839,validation,32,chihuahua
3840,train,32,chihuahua
3841,train,32,chihuahua
3842,train,32,chihuahua
3843,validation,32,chihuahua
3844,train,32,chihuahua
3845,train,32,chihuahua
3846,validation,32,chihuahua
3847,test,32,chihuahua
3848,validation,32,chihuahua
3849,test,32,chihuahua
3850,validation,32,chihuahua
3851,train,32,chihuahua
3852,train,32,chihuahua
3853,train,32,chihuahua
3854,train,32,chihuahua
3855,test,32,chihuahua
3856,train,32,chihuahua
3857,train,32,chihuahua
3858,test,32,chihuahua
3859,train,32,chihuahua
3860,train,32,chihuahua
3861,validation,32,chihuahua
3862,test,32,chihuahua
3863,train,32,chihuahua
3864,train,32,chihuahua
3865,test,32,chihuahua
3866,validation,32,chihuahua
3867,train,32,chihuahua
3868,test,32,chihuahua
3869,test,32,chihuahua
3870,train,32,chihuahua
3871,test,32,chihuahua
3872,test,32,chihuahua
3873,train,32,chihuahua
3874,validation,32,chihuahua
3875,train,32,chihuahua
3876,validation,32,chihuahua
3877,train,32,chihuahua
3878,train,32,chihuahua
3879,train,32,chihuahua
3880,train,32,chihuahua
3881,test,32,chihuahua
3882,train,32,chihuahua
3883,test,32,chihuahua
3884,train,32,chihuahua
3885,train,32,chihuahua
3886,train,32,chihuahua
3887,train,32,chihuahua
3888,test,24,chimpanzee
3889,test,24,chimpanzee
3890,train,24,chimpanzee
3891,train,24,chimpanzee
3892,test,24,chimpanzee
3893,train,24,chimpanzee
3894,train,24,chimpanzee
3895,train,24,chimpanzee
3896,train,24,chimpanzee
3897,validation,24,chimpanzee
3898,train,24,chimpanzee
3899,test,24,chimpanzee
3900,train,24,chimpanzee
3901,train,24,chimpanzee
3902,test,24,chimpanzee
3903,test,24,chimpanzee
3904,train,24,chimpanzee
3905,train,24,chimpanzee
3906,validation,24,chimpanzee
3907,validation,24,chimpanzee
3908,train,24,chimpanzee
3909,validation,24,chimpanzee
3910,train,24,chimpanzee
3911,test,24,chimpanzee
3912,train,24,chimpanzee
3913,train,24,chimpanzee
3914,train,24,chimpanzee
3915,train,24,chimpanzee
3916,train,24,chimpanzee
3917,train,24,chimpanzee
3918,test,24,chimpanzee
3919,train,24,chimpanzee
3920,train,24,chimpanzee
3921,validation,24,chimpanzee
3922,train,24,chimpanzee
3923,validation,24,chimpanzee
3924,train,24,chimpanzee
3925,train,24,chimpanzee
3926,test,24,chimpanzee
3927,train,24,chimpanzee
3928,test,24,chimpanzee
3929,test,24,chimpanzee
3930,train,24,chimpanzee
3931,train,24,chimpanzee
3932,train,24,chimpanzee
3933,train,24,chimpanzee
3934,train,24,chimpanzee
3935,validation,24,chimpanzee
3936,test,24,chimpanzee
3937,train,24,chimpanzee
3938,validation,24,chimpanzee
3939,test,24,chimpanzee
3940,train,24,chimpanzee
3941,train,24,chimpanzee
3942,train,24,chimpanzee
3943,train,24,chimpanzee
3944,test,24,chimpanzee
3945,train,24,chimpanzee
3946,train,24,chimpanzee
3947,train,24,chimpanzee
3948,test,24,chimpanzee
3949,test,24,chimpanzee
3950,validation,24,chimpanzee
3951,train,24,chimpanzee
3952,validation,24,chimpanzee
3953,test,24,chimpanzee
3954,train,24,chimpanzee
3955,test,24,chimpanzee
3956,train,24,chimpanzee
3957,train,24,chimpanzee
3958,validation,24,chimpanzee
3959,train,24,chimpanzee
3960,train,24,chimpanzee
3961,test,24,chimpanzee
3962,train,24,chimpanzee
3963,train,24,chimpanzee
3964,train,24,chimpanzee
3965,train,24,chimpanzee
3966,test,24,chimpanzee
3967,validation,24,chimpanzee
3968,train,24,chimpanzee
3969,test,24,chimpanzee
3970,train,24,chimpanzee
3971,validation,24,chimpanzee
3972,train,24,chimpanzee
3973,train,24,chimpanzee
3974,test,24,chimpanzee
3975,test,24,chimpanzee
3976,train,24,chimpanzee
3977,train,24,chimpanzee
3978,validation,24,chimpanzee
3979,train,24,chimpanzee
3980,test,24,chimpanzee
3981,train,24,chimpanzee
3982,test,24,chimpanzee
3983,validation,24,chimpanzee
3984,validation,24,chimpanzee
3985,train,24,chimpanzee
3986,test,24,chimpanzee
3987,train,24,chimpanzee
3988,train,24,chimpanzee
3989,train,24,chimpanzee
3990,train,24,chimpanzee
3991,train,24,chimpanzee
3992,test,24,chimpanzee
3993,validation,24,chimpanzee
3994,validation,24,chimpanzee
3995,test,24,chimpanzee
3996,validation,24,chimpanzee
3997,train,24,chimpanzee
3998,train,24,chimpanzee
3999,train,24,chimpanzee
4000,train,24,chimpanzee
4001,validation,24,chimpanzee
4002,test,24,chimpanzee
4003,train,24,chimpanzee
4004,train,24,chimpanzee
4005,validation,24,chimpanzee
4006,test,24,chimpanzee
4007,train,24,chimpanzee
4008,test,24,chimpanzee
4009,train,24,chimpanzee
4010,validation,24,chimpanzee
4011,train,24,chimpanzee
4012,train,24,chimpanzee
4013,validation,24,chimpanzee
4014,test,24,chimpanzee
4015,train,24,chimpanzee
4016,test,24,chimpanzee
4017,validation,24,chimpanzee
4018,validation,24,chimpanzee
4019,test,24,chimpanzee
4020,test,24,chimpanzee
4021,train,24,chimpanzee
4022,train,24,chimpanzee
4023,validation,24,chimpanzee
4024,train,24,chimpanzee
4025,test,24,chimpanzee
4026,test,24,chimpanzee
4027,train,24,chimpanzee
4028,train,24,chimpanzee
4029,train,24,chimpanzee
4030,validation,24,chimpanzee
4031,train,24,chimpanzee
4032,train,24,chimpanzee
4033,train,24,chimpanzee
4034,validation,24,chimpanzee
4035,validation,24,chimpanzee
4036,train,24,chimpanzee
4037,train,24,chimpanzee
4038,train,24,chimpanzee
4039,test,24,chimpanzee
4040,test,24,chimpanzee
4041,train,24,chimpanzee
4042,train,24,chimpanzee
4043,train,24,chimpanzee
4044,train,24,chimpanzee
4045,test,24,chimpanzee
4046,train,24,chimpanzee
4047,train,24,chimpanzee
4048,test,24,chimpanzee
4049,test,24,chimpanzee
4050,train,24,chimpanzee
4051,test,24,chimpanzee
4052,train,24,chimpanzee
4053,train,24,chimpanzee
4054,validation,24,chimpanzee
4055,train,24,chimpanzee
4056,validation,24,chimpanzee
4057,train,24,chimpanzee
4058,train,24,chimpanzee
4059,train,24,chimpanzee
4060,train,24,chimpanzee
4061,train,24,chimpanzee
4062,test,24,chimpanzee
4063,train,24,chimpanzee
4064,train,24,chimpanzee
4065,validation,24,chimpanzee
4066,train,24,chimpanzee
4067,test,24,chimpanzee
4068,train,24,chimpanzee
4069,validation,24,chimpanzee
4070,train,24,chimpanzee
4071,train,24,chimpanzee
4072,test,24,chimpanzee
4073,train,24,chimpanzee
4074,validation,24,chimpanzee
4075,train,24,chimpanzee
4076,test,24,chimpanzee
4077,validation,24,chimpanzee
4078,train,24,chimpanzee
4079,test,24,chimpanzee
4080,train,24,chimpanzee
4081,train,24,chimpanzee
4082,train,24,chimpanzee
4083,train,24,chimpanzee
4084,train,24,chimpanzee
4085,test,24,chimpanzee
4086,train,24,chimpanzee
4087,train,24,chimpanzee
4088,train,24,chimpanzee
4089,validation,24,chimpanzee
4090,train,24,chimpanzee
4091,train,24,chimpanzee
4092,train,24,chimpanzee
4093,train,24,chimpanzee
4094,validation,24,chimpanzee
4095,train,24,chimpanzee
4096,validation,24,chimpanzee
4097,train,24,chimpanzee
4098,test,24,chimpanzee
4099,validation,24,chimpanzee
4100,train,24,chimpanzee
4101,train,24,chimpanzee
4102,train,24,chimpanzee
4103,train,24,chimpanzee
4104,train,24,chimpanzee
4105,validation,24,chimpanzee
4106,test,24,chimpanzee
4107,test,24,chimpanzee
4108,test,24,chimpanzee
4109,test,24,chimpanzee
4110,train,24,chimpanzee
4111,test,24,chimpanzee
4112,train,24,chimpanzee
4113,validation,24,chimpanzee
4114,train,24,chimpanzee
4115,train,24,chimpanzee
4116,test,24,chimpanzee
4117,train,24,chimpanzee
4118,test,24,chimpanzee
4119,train,24,chimpanzee
4120,train,24,chimpanzee
4121,train,24,chimpanzee
4122,train,24,chimpanzee
4123,train,24,chimpanzee
4124,train,24,chimpanzee
4125,test,24,chimpanzee
4126,test,24,chimpanzee
4127,train,24,chimpanzee
4128,test,24,chimpanzee
4129,validation,24,chimpanzee
4130,train,24,chimpanzee
4131,train,24,chimpanzee
4132,train,24,chimpanzee
4133,validation,24,chimpanzee
4134,train,24,chimpanzee
4135,train,24,chimpanzee
4136,train,24,chimpanzee
4137,train,24,chimpanzee
4138,train,24,chimpanzee
4139,train,24,chimpanzee
4140,train,24,chimpanzee
4141,train,24,chimpanzee
4142,validation,24,chimpanzee
4143,train,24,chimpanzee
4144,validation,24,chimpanzee
4145,train,24,chimpanzee
4146,train,24,chimpanzee
4147,test,24,chimpanzee
4148,train,24,chimpanzee
4149,test,24,chimpanzee
4150,test,24,chimpanzee
4151,train,24,chimpanzee
4152,validation,24,chimpanzee
4153,train,24,chimpanzee
4154,validation,24,chimpanzee
4155,validation,24,chimpanzee
4156,train,24,chimpanzee
4157,train,24,chimpanzee
4158,train,24,chimpanzee
4159,train,24,chimpanzee
4160,validation,24,chimpanzee
4161,test,24,chimpanzee
4162,train,24,chimpanzee
4163,test,24,chimpanzee
4164,validation,24,chimpanzee
4165,validation,24,chimpanzee
4166,train,24,chimpanzee
4167,train,24,chimpanzee
4168,train,24,chimpanzee
4169,validation,24,chimpanzee
4170,train,24,chimpanzee
4171,train,24,chimpanzee
4172,validation,24,chimpanzee
4173,train,24,chimpanzee
4174,train,24,chimpanzee
4175,test,24,chimpanzee
4176,train,24,chimpanzee
4177,train,24,chimpanzee
4178,train,24,chimpanzee
4179,validation,24,chimpanzee
4180,train,24,chimpanzee
4181,validation,24,chimpanzee
4182,train,24,chimpanzee
4183,train,24,chimpanzee
4184,validation,24,chimpanzee
4185,train,24,chimpanzee
4186,validation,24,chimpanzee
4187,train,24,chimpanzee
4188,train,24,chimpanzee
4189,train,24,chimpanzee
4190,validation,24,chimpanzee
4191,train,24,chimpanzee
4192,train,24,chimpanzee
4193,train,24,chimpanzee
4194,train,24,chimpanzee
4195,train,24,chimpanzee
4196,test,24,chimpanzee
4197,train,24,chimpanzee
4198,train,24,chimpanzee
4199,train,24,chimpanzee
4200,train,24,chimpanzee
4201,train,24,chimpanzee
4202,validation,24,chimpanzee
4203,train,24,chimpanzee
4204,test,24,chimpanzee
4205,train,24,chimpanzee
4206,test,24,chimpanzee
4207,test,24,chimpanzee
4208,test,24,chimpanzee
4209,validation,24,chimpanzee
4210,train,24,chimpanzee
4211,train,24,chimpanzee
4212,train,24,chimpanzee
4213,train,24,chimpanzee
4214,train,24,chimpanzee
4215,train,24,chimpanzee
4216,train,24,chimpanzee
4217,train,24,chimpanzee
4218,test,24,chimpanzee
4219,validation,24,chimpanzee
4220,train,24,chimpanzee
4221,train,24,chimpanzee
4222,validation,24,chimpanzee
4223,train,24,chimpanzee
4224,train,24,chimpanzee
4225,validation,24,chimpanzee
4226,test,24,chimpanzee
4227,train,24,chimpanzee
4228,validation,24,chimpanzee
4229,test,24,chimpanzee
4230,test,24,chimpanzee
4231,train,24,chimpanzee
4232,train,24,chimpanzee
4233,train,24,chimpanzee
4234,validation,24,chimpanzee
4235,test,24,chimpanzee
4236,train,24,chimpanzee
4237,validation,24,chimpanzee
4238,train,24,chimpanzee
4239,train,24,chimpanzee
4240,validation,24,chimpanzee
4241,train,24,chimpanzee
4242,train,24,chimpanzee
4243,validation,24,chimpanzee
4244,validation,24,chimpanzee
4245,train,24,chimpanzee
4246,train,24,chimpanzee
4247,train,24,chimpanzee
4248,train,24,chimpanzee
4249,train,24,chimpanzee
4250,train,24,chimpanzee
4251,train,24,chimpanzee
4252,train,24,chimpanzee
4253,train,24,chimpanzee
4254,validation,24,chimpanzee
4255,test,24,chimpanzee
4256,validation,24,chimpanzee
4257,train,24,chimpanzee
4258,train,24,chimpanzee
4259,train,24,chimpanzee
4260,train,24,chimpanzee
4261,validation,24,chimpanzee
4262,validation,24,chimpanzee
4263,test,24,chimpanzee
4264,train,24,chimpanzee
4265,test,24,chimpanzee
4266,test,24,chimpanzee
4267,train,24,chimpanzee
4268,train,24,chimpanzee
4269,test,24,chimpanzee
4270,test,24,chimpanzee
4271,train,24,chimpanzee
4272,train,24,chimpanzee
4273,train,24,chimpanzee
4274,train,24,chimpanzee
4275,test,24,chimpanzee
4276,test,24,chimpanzee
4277,validation,24,chimpanzee
4278,validation,24,chimpanzee
4279,train,24,chimpanzee
4280,validation,24,chimpanzee
4281,train,24,chimpanzee
4282,train,24,chimpanzee
4283,train,24,chimpanzee
4284,train,24,chimpanzee
4285,train,24,chimpanzee
4286,test,24,chimpanzee
4287,test,24,chimpanzee
4288,train,24,chimpanzee
4289,validation,24,chimpanzee
4290,validation,24,chimpanzee
4291,validation,24,chimpanzee
4292,validation,24,chimpanzee
4293,validation,24,chimpanzee
4294,train,24,chimpanzee
4295,train,24,chimpanzee
4296,train,24,chimpanzee
4297,train,24,chimpanzee
4298,train,24,chimpanzee
4299,train,24,chimpanzee
4300,train,24,chimpanzee
4301,validation,24,chimpanzee
4302,test,24,chimpanzee
4303,train,24,chimpanzee
4304,train,24,chimpanzee
4305,train,24,chimpanzee
4306,test,24,chimpanzee
4307,test,24,chimpanzee
4308,train,24,chimpanzee
4309,validation,24,chimpanzee
4310,validation,24,chimpanzee
4311,train,24,chimpanzee
4312,test,24,chimpanzee
4313,train,24,chimpanzee
4314,validation,24,chimpanzee
4315,test,24,chimpanzee
4316,train,24,chimpanzee
4317,train,24,chimpanzee
4318,validation,24,chimpanzee
4319,validation,24,chimpanzee
4320,train,24,chimpanzee
4321,test,24,chimpanzee
4322,train,24,chimpanzee
4323,train,24,chimpanzee
4324,train,24,chimpanzee
4325,train,24,chimpanzee
4326,train,24,chimpanzee
4327,validation,24,chimpanzee
4328,train,24,chimpanzee
4329,train,24,chimpanzee
4330,train,24,chimpanzee
4331,train,24,chimpanzee
4332,train,24,chimpanzee
4333,train,24,chimpanzee
4334,train,24,chimpanzee
4335,train,24,chimpanzee
4336,validation,24,chimpanzee
4337,validation,24,chimpanzee
4338,train,24,chimpanzee
4339,test,24,chimpanzee
4340,test,24,chimpanzee
4341,train,24,chimpanzee
4342,validation,24,chimpanzee
4343,test,24,chimpanzee
4344,train,24,chimpanzee
4345,train,24,chimpanzee
4346,train,24,chimpanzee
4347,validation,24,chimpanzee
4348,train,24,chimpanzee
4349,train,24,chimpanzee
4350,validation,24,chimpanzee
4351,train,24,chimpanzee
4352,train,24,chimpanzee
4353,train,24,chimpanzee
4354,train,24,chimpanzee
4355,train,24,chimpanzee
4356,train,24,chimpanzee
4357,train,24,chimpanzee
4358,train,24,chimpanzee
4359,train,24,chimpanzee
4360,train,24,chimpanzee
4361,test,24,chimpanzee
4362,train,24,chimpanzee
4363,train,24,chimpanzee
4364,train,24,chimpanzee
4365,train,24,chimpanzee
4366,train,24,chimpanzee
4367,train,24,chimpanzee
4368,validation,24,chimpanzee
4369,validation,24,chimpanzee
4370,train,24,chimpanzee
4371,train,24,chimpanzee
4372,train,24,chimpanzee
4373,train,24,chimpanzee
4374,train,24,chimpanzee
4375,train,24,chimpanzee
4376,train,24,chimpanzee
4377,test,24,chimpanzee
4378,validation,24,chimpanzee
4379,train,24,chimpanzee
4380,test,24,chimpanzee
4381,train,24,chimpanzee
4382,validation,24,chimpanzee
4383,train,24,chimpanzee
4384,train,24,chimpanzee
4385,train,24,chimpanzee
4386,train,24,chimpanzee
4387,test,24,chimpanzee
4388,train,24,chimpanzee
4389,train,24,chimpanzee
4390,train,24,chimpanzee
4391,test,24,chimpanzee
4392,validation,24,chimpanzee
4393,test,24,chimpanzee
4394,test,24,chimpanzee
4395,validation,24,chimpanzee
4396,validation,24,chimpanzee
4397,train,24,chimpanzee
4398,train,24,chimpanzee
4399,validation,24,chimpanzee
4400,train,24,chimpanzee
4401,validation,24,chimpanzee
4402,train,24,chimpanzee
4403,validation,24,chimpanzee
4404,test,24,chimpanzee
4405,train,24,chimpanzee
4406,test,24,chimpanzee
4407,train,24,chimpanzee
4408,validation,24,chimpanzee
4409,train,24,chimpanzee
4410,train,24,chimpanzee
4411,validation,24,chimpanzee
4412,train,24,chimpanzee
4413,validation,24,chimpanzee
4414,test,24,chimpanzee
4415,train,24,chimpanzee
4416,train,24,chimpanzee
4417,test,24,chimpanzee
4418,train,24,chimpanzee
4419,train,24,chimpanzee
4420,train,24,chimpanzee
4421,train,24,chimpanzee
4422,validation,24,chimpanzee
4423,train,24,chimpanzee
4424,validation,24,chimpanzee
4425,test,24,chimpanzee
4426,train,24,chimpanzee
4427,validation,24,chimpanzee
4428,train,24,chimpanzee
4429,test,24,chimpanzee
4430,test,24,chimpanzee
4431,train,24,chimpanzee
4432,train,24,chimpanzee
4433,train,24,chimpanzee
4434,validation,24,chimpanzee
4435,test,24,chimpanzee
4436,test,24,chimpanzee
4437,test,24,chimpanzee
4438,validation,24,chimpanzee
4439,train,24,chimpanzee
4440,test,24,chimpanzee
4441,train,24,chimpanzee
4442,train,24,chimpanzee
4443,train,24,chimpanzee
4444,train,24,chimpanzee
4445,train,24,chimpanzee
4446,validation,24,chimpanzee
4447,test,24,chimpanzee
4448,validation,24,chimpanzee
4449,train,24,chimpanzee
4450,validation,24,chimpanzee
4451,train,24,chimpanzee
4452,train,24,chimpanzee
4453,train,24,chimpanzee
4454,train,24,chimpanzee
4455,train,24,chimpanzee
4456,train,24,chimpanzee
4457,train,24,chimpanzee
4458,validation,24,chimpanzee
4459,train,24,chimpanzee
4460,test,24,chimpanzee
4461,train,24,chimpanzee
4462,test,24,chimpanzee
4463,train,24,chimpanzee
4464,validation,24,chimpanzee
4465,test,24,chimpanzee
4466,test,24,chimpanzee
4467,test,24,chimpanzee
4468,train,24,chimpanzee
4469,train,24,chimpanzee
4470,train,24,chimpanzee
4471,test,24,chimpanzee
4472,train,24,chimpanzee
4473,train,24,chimpanzee
4474,validation,24,chimpanzee
4475,train,24,chimpanzee
4476,train,24,chimpanzee
4477,train,24,chimpanzee
4478,train,24,chimpanzee
4479,train,24,chimpanzee
4480,train,24,chimpanzee
4481,test,24,chimpanzee
4482,train,24,chimpanzee
4483,train,24,chimpanzee
4484,train,24,chimpanzee
4485,validation,24,chimpanzee
4486,train,24,chimpanzee
4487,train,24,chimpanzee
4488,train,24,chimpanzee
4489,train,24,chimpanzee
4490,train,24,chimpanzee
4491,train,24,chimpanzee
4492,test,24,chimpanzee
4493,test,24,chimpanzee
4494,test,24,chimpanzee
4495,validation,24,chimpanzee
4496,train,24,chimpanzee
4497,train,24,chimpanzee
4498,test,24,chimpanzee
4499,validation,24,chimpanzee
4500,train,24,chimpanzee
4501,train,24,chimpanzee
4502,test,24,chimpanzee
4503,train,24,chimpanzee
4504,train,24,chimpanzee
4505,train,24,chimpanzee
4506,train,24,chimpanzee
4507,train,24,chimpanzee
4508,test,24,chimpanzee
4509,validation,24,chimpanzee
4510,train,24,chimpanzee
4511,train,24,chimpanzee
4512,train,24,chimpanzee
4513,validation,24,chimpanzee
4514,validation,24,chimpanzee
4515,validation,24,chimpanzee
4516,test,24,chimpanzee
4517,train,24,chimpanzee
4518,train,24,chimpanzee
4519,train,24,chimpanzee
4520,train,24,chimpanzee
4521,validation,24,chimpanzee
4522,train,24,chimpanzee
4523,validation,24,chimpanzee
4524,train,24,chimpanzee
4525,train,24,chimpanzee
4526,test,24,chimpanzee
4527,test,24,chimpanzee
4528,validation,24,chimpanzee
4529,validation,24,chimpanzee
4530,train,24,chimpanzee
4531,train,24,chimpanzee
4532,train,24,chimpanzee
4533,train,24,chimpanzee
4534,train,24,chimpanzee
4535,test,24,chimpanzee
4536,train,24,chimpanzee
4537,train,24,chimpanzee
4538,validation,24,chimpanzee
4539,validation,24,chimpanzee
4540,train,24,chimpanzee
4541,validation,24,chimpanzee
4542,train,24,chimpanzee
4543,train,24,chimpanzee
4544,train,24,chimpanzee
4545,train,24,chimpanzee
4546,validation,24,chimpanzee
4547,test,24,chimpanzee
4548,validation,24,chimpanzee
4549,train,24,chimpanzee
4550,train,24,chimpanzee
4551,validation,24,chimpanzee
4552,train,24,chimpanzee
4553,test,24,chimpanzee
4554,train,24,chimpanzee
4555,validation,24,chimpanzee
4556,test,24,chimpanzee
4557,train,24,chimpanzee
4558,train,24,chimpanzee
4559,train,24,chimpanzee
4560,test,24,chimpanzee
4561,train,24,chimpanzee
4562,train,24,chimpanzee
4563,train,24,chimpanzee
4564,train,24,chimpanzee
4565,test,24,chimpanzee
4566,test,24,chimpanzee
4567,test,24,chimpanzee
4568,validation,24,chimpanzee
4569,train,24,chimpanzee
4570,validation,24,chimpanzee
4571,validation,24,chimpanzee
4572,test,24,chimpanzee
4573,test,24,chimpanzee
4574,validation,24,chimpanzee
4575,train,24,chimpanzee
4576,train,24,chimpanzee
4577,train,24,chimpanzee
4578,train,24,chimpanzee
4579,train,24,chimpanzee
4580,train,24,chimpanzee
4581,train,24,chimpanzee
4582,validation,24,chimpanzee
4583,train,24,chimpanzee
4584,train,24,chimpanzee
4585,test,24,chimpanzee
4586,test,24,chimpanzee
4587,train,24,chimpanzee
4588,train,24,chimpanzee
4589,train,24,chimpanzee
4590,train,24,chimpanzee
4591,test,24,chimpanzee
4592,test,24,chimpanzee
4593,train,24,chimpanzee
4594,train,24,chimpanzee
4595,train,24,chimpanzee
4596,train,24,chimpanzee
4597,train,24,chimpanzee
4598,train,24,chimpanzee
4599,validation,24,chimpanzee
4600,train,24,chimpanzee
4601,train,24,chimpanzee
4602,validation,24,chimpanzee
4603,validation,24,chimpanzee
4604,train,24,chimpanzee
4605,train,24,chimpanzee
4606,train,24,chimpanzee
4607,test,24,chimpanzee
4608,train,24,chimpanzee
4609,train,24,chimpanzee
4610,train,24,chimpanzee
4611,validation,24,chimpanzee
4612,train,24,chimpanzee
4613,train,24,chimpanzee
4614,validation,24,chimpanzee
4615,validation,24,chimpanzee
4616,validation,45,collie
4617,train,45,collie
4618,train,45,collie
4619,train,45,collie
4620,validation,45,collie
4621,validation,45,collie
4622,validation,45,collie
4623,test,45,collie
4624,test,45,collie
4625,test,45,collie
4626,test,45,collie
4627,train,45,collie
4628,train,45,collie
4629,train,45,collie
4630,train,45,collie
4631,train,45,collie
4632,train,45,collie
4633,train,45,collie
4634,validation,45,collie
4635,train,45,collie
4636,train,45,collie
4637,test,45,collie
4638,test,45,collie
4639,test,45,collie
4640,validation,45,collie
4641,validation,45,collie
4642,test,45,collie
4643,validation,45,collie
4644,train,45,collie
4645,test,45,collie
4646,test,45,collie
4647,train,45,collie
4648,validation,45,collie
4649,train,45,collie
4650,validation,45,collie
4651,test,45,collie
4652,train,45,collie
4653,test,45,collie
4654,test,45,collie
4655,validation,45,collie
4656,train,45,collie
4657,validation,45,collie
4658,validation,45,collie
4659,train,45,collie
4660,test,45,collie
4661,train,45,collie
4662,train,45,collie
4663,train,45,collie
4664,validation,45,collie
4665,validation,45,collie
4666,validation,45,collie
4667,test,45,collie
4668,train,45,collie
4669,train,45,collie
4670,validation,45,collie
4671,train,45,collie
4672,train,45,collie
4673,train,45,collie
4674,train,45,collie
4675,train,45,collie
4676,train,45,collie
4677,train,45,collie
4678,validation,45,collie
4679,test,45,collie
4680,train,45,collie
4681,train,45,collie
4682,validation,45,collie
4683,validation,45,collie
4684,test,45,collie
4685,train,45,collie
4686,train,45,collie
4687,test,45,collie
4688,train,45,collie
4689,train,45,collie
4690,train,45,collie
4691,test,45,collie
4692,validation,45,collie
4693,train,45,collie
4694,train,45,collie
4695,train,45,collie
4696,train,45,collie
4697,train,45,collie
4698,train,45,collie
4699,train,45,collie
4700,train,45,collie
4701,validation,45,collie
4702,validation,45,collie
4703,train,45,collie
4704,train,45,collie
4705,train,45,collie
4706,test,45,collie
4707,test,45,collie
4708,train,45,collie
4709,train,45,collie
4710,test,45,collie
4711,validation,45,collie
4712,train,45,collie
4713,train,45,collie
4714,train,45,collie
4715,test,45,collie
4716,train,45,collie
4717,train,45,collie
4718,train,45,collie
4719,train,45,collie
4720,train,45,collie
4721,test,45,collie
4722,train,45,collie
4723,train,45,collie
4724,test,45,collie
4725,test,45,collie
4726,train,45,collie
4727,train,45,collie
4728,validation,45,collie
4729,validation,45,collie
4730,train,45,collie
4731,train,45,collie
4732,train,45,collie
4733,test,45,collie
4734,validation,45,collie
4735,train,45,collie
4736,validation,45,collie
4737,test,45,collie
4738,train,45,collie
4739,train,45,collie
4740,validation,45,collie
4741,validation,45,collie
4742,test,45,collie
4743,train,45,collie
4744,train,45,collie
4745,train,45,collie
4746,train,45,collie
4747,validation,45,collie
4748,train,45,collie
4749,train,45,collie
4750,test,45,collie
4751,validation,45,collie
4752,test,45,collie
4753,train,45,collie
4754,test,45,collie
4755,train,45,collie
4756,validation,45,collie
4757,train,45,collie
4758,train,45,collie
4759,train,45,collie
4760,train,45,collie
4761,validation,45,collie
4762,train,45,collie
4763,train,45,collie
4764,test,45,collie
4765,train,45,collie
4766,validation,45,collie
4767,test,45,collie
4768,test,45,collie
4769,validation,45,collie
4770,train,45,collie
4771,test,45,collie
4772,train,45,collie
4773,train,45,collie
4774,train,45,collie
4775,test,45,collie
4776,train,45,collie
4777,train,45,collie
4778,train,45,collie
4779,train,45,collie
4780,train,45,collie
4781,validation,45,collie
4782,train,45,collie
4783,train,45,collie
4784,validation,45,collie
4785,validation,45,collie
4786,test,45,collie
4787,train,45,collie
4788,test,45,collie
4789,train,45,collie
4790,train,45,collie
4791,validation,45,collie
4792,train,45,collie
4793,train,45,collie
4794,test,45,collie
4795,train,45,collie
4796,train,45,collie
4797,validation,45,collie
4798,train,45,collie
4799,train,45,collie
4800,train,45,collie
4801,train,45,collie
4802,train,45,collie
4803,train,45,collie
4804,train,45,collie
4805,train,45,collie
4806,validation,45,collie
4807,validation,45,collie
4808,train,45,collie
4809,train,45,collie
4810,test,45,collie
4811,train,45,collie
4812,test,45,collie
4813,test,45,collie
4814,train,45,collie
4815,train,45,collie
4816,train,45,collie
4817,validation,45,collie
4818,test,45,collie
4819,train,45,collie
4820,validation,45,collie
4821,test,45,collie
4822,train,45,collie
4823,train,45,collie
4824,test,45,collie
4825,train,45,collie
4826,train,45,collie
4827,train,45,collie
4828,validation,45,collie
4829,test,45,collie
4830,train,45,collie
4831,train,45,collie
4832,test,45,collie
4833,train,45,collie
4834,train,45,collie
4835,train,45,collie
4836,test,45,collie
4837,train,45,collie
4838,train,45,collie
4839,validation,45,collie
4840,train,45,collie
4841,train,45,collie
4842,test,45,collie
4843,test,45,collie
4844,train,45,collie
4845,train,45,collie
4846,validation,45,collie
4847,test,45,collie
4848,train,45,collie
4849,train,45,collie
4850,test,45,collie
4851,test,45,collie
4852,train,45,collie
4853,validation,45,collie
4854,validation,45,collie
4855,validation,45,collie
4856,validation,45,collie
4857,test,45,collie
4858,validation,45,collie
4859,train,45,collie
4860,train,45,collie
4861,train,45,collie
4862,train,45,collie
4863,test,45,collie
4864,train,45,collie
4865,test,45,collie
4866,train,45,collie
4867,train,45,collie
4868,train,45,collie
4869,train,45,collie
4870,test,45,collie
4871,train,45,collie
4872,train,45,collie
4873,validation,45,collie
4874,train,45,collie
4875,train,45,collie
4876,train,45,collie
4877,train,45,collie
4878,train,45,collie
4879,train,45,collie
4880,test,45,collie
4881,validation,45,collie
4882,test,45,collie
4883,train,45,collie
4884,train,45,collie
4885,train,45,collie
4886,train,45,collie
4887,validation,45,collie
4888,train,45,collie
4889,train,45,collie
4890,train,45,collie
4891,train,45,collie
4892,train,45,collie
4893,test,45,collie
4894,train,45,collie
4895,train,45,collie
4896,validation,45,collie
4897,test,45,collie
4898,train,45,collie
4899,train,45,collie
4900,train,45,collie
4901,train,45,collie
4902,validation,45,collie
4903,validation,45,collie
4904,train,45,collie
4905,train,45,collie
4906,train,45,collie
4907,train,45,collie
4908,test,45,collie
4909,train,45,collie
4910,test,45,collie
4911,validation,45,collie
4912,test,45,collie
4913,train,45,collie
4914,test,45,collie
4915,train,45,collie
4916,train,45,collie
4917,train,45,collie
4918,train,45,collie
4919,test,45,collie
4920,validation,45,collie
4921,train,45,collie
4922,test,45,collie
4923,test,45,collie
4924,train,45,collie
4925,train,45,collie
4926,train,45,collie
4927,train,45,collie
4928,train,45,collie
4929,validation,45,collie
4930,test,45,collie
4931,train,45,collie
4932,test,45,collie
4933,train,45,collie
4934,train,45,collie
4935,train,45,collie
4936,test,45,collie
4937,train,45,collie
4938,train,45,collie
4939,test,45,collie
4940,train,45,collie
4941,train,45,collie
4942,train,45,collie
4943,test,45,collie
4944,validation,45,collie
4945,train,45,collie
4946,train,45,collie
4947,validation,45,collie
4948,train,45,collie
4949,train,45,collie
4950,train,45,collie
4951,train,45,collie
4952,validation,45,collie
4953,validation,45,collie
4954,validation,45,collie
4955,train,45,collie
4956,train,45,collie
4957,train,45,collie
4958,test,45,collie
4959,train,45,collie
4960,validation,45,collie
4961,train,45,collie
4962,validation,45,collie
4963,train,45,collie
4964,train,45,collie
4965,train,45,collie
4966,test,45,collie
4967,train,45,collie
4968,train,45,collie
4969,train,45,collie
4970,train,45,collie
4971,train,45,collie
4972,test,45,collie
4973,train,45,collie
4974,train,45,collie
4975,train,45,collie
4976,train,45,collie
4977,validation,45,collie
4978,validation,45,collie
4979,validation,45,collie
4980,train,45,collie
4981,train,45,collie
4982,validation,45,collie
4983,test,45,collie
4984,train,45,collie
4985,test,45,collie
4986,train,45,collie
4987,train,45,collie
4988,validation,45,collie
4989,test,45,collie
4990,train,45,collie
4991,train,45,collie
4992,validation,45,collie
4993,train,45,collie
4994,train,45,collie
4995,train,45,collie
4996,train,45,collie
4997,test,45,collie
4998,test,45,collie
4999,validation,45,collie
5000,train,45,collie
5001,train,45,collie
5002,validation,45,collie
5003,test,45,collie
5004,test,45,collie
5005,train,45,collie
5006,train,45,collie
5007,test,45,collie
5008,train,45,collie
5009,train,45,collie
5010,train,45,collie
5011,train,45,collie
5012,train,45,collie
5013,validation,45,collie
5014,validation,45,collie
5015,train,45,collie
5016,train,45,collie
5017,train,45,collie
5018,train,45,collie
5019,train,45,collie
5020,train,45,collie
5021,train,45,collie
5022,train,45,collie
5023,train,45,collie
5024,train,45,collie
5025,train,45,collie
5026,train,45,collie
5027,validation,45,collie
5028,test,45,collie
5029,validation,45,collie
5030,test,45,collie
5031,train,45,collie
5032,train,45,collie
5033,test,45,collie
5034,validation,45,collie
5035,train,45,collie
5036,test,45,collie
5037,train,45,collie
5038,train,45,collie
5039,test,45,collie
5040,train,45,collie
5041,train,45,collie
5042,train,45,collie
5043,train,45,collie
5044,train,45,collie
5045,train,45,collie
5046,test,45,collie
5047,train,45,collie
5048,train,45,collie
5049,test,45,collie
5050,train,45,collie
5051,train,45,collie
5052,validation,45,collie
5053,test,45,collie
5054,train,45,collie
5055,train,45,collie
5056,train,45,collie
5057,test,45,collie
5058,validation,45,collie
5059,train,45,collie
5060,train,45,collie
5061,train,45,collie
5062,train,45,collie
5063,test,45,collie
5064,train,45,collie
5065,validation,45,collie
5066,validation,45,collie
5067,validation,45,collie
5068,test,45,collie
5069,train,45,collie
5070,test,45,collie
5071,validation,45,collie
5072,validation,45,collie
5073,train,45,collie
5074,train,45,collie
5075,validation,45,collie
5076,test,45,collie
5077,train,45,collie
5078,train,45,collie
5079,train,45,collie
5080,train,45,collie
5081,validation,45,collie
5082,train,45,collie
5083,test,45,collie
5084,test,45,collie
5085,train,45,collie
5086,train,45,collie
5087,train,45,collie
5088,train,45,collie
5089,train,45,collie
5090,validation,45,collie
5091,train,45,collie
5092,train,45,collie
5093,train,45,collie
5094,train,45,collie
5095,train,45,collie
5096,train,45,collie
5097,test,45,collie
5098,train,45,collie
5099,test,45,collie
5100,train,45,collie
5101,validation,45,collie
5102,validation,45,collie
5103,train,45,collie
5104,train,45,collie
5105,validation,45,collie
5106,validation,45,collie
5107,train,45,collie
5108,test,45,collie
5109,train,45,collie
5110,train,45,collie
5111,test,45,collie
5112,validation,45,collie
5113,train,45,collie
5114,train,45,collie
5115,test,45,collie
5116,test,45,collie
5117,train,45,collie
5118,train,45,collie
5119,test,45,collie
5120,train,45,collie
5121,test,45,collie
5122,test,45,collie
5123,train,45,collie
5124,train,45,collie
5125,validation,45,collie
5126,train,45,collie
5127,train,45,collie
5128,test,45,collie
5129,train,45,collie
5130,validation,45,collie
5131,test,45,collie
5132,test,45,collie
5133,train,45,collie
5134,train,45,collie
5135,validation,45,collie
5136,validation,45,collie
5137,train,45,collie
5138,validation,45,collie
5139,train,45,collie
5140,train,45,collie
5141,validation,45,collie
5142,train,45,collie
5143,train,45,collie
5144,test,45,collie
5145,train,45,collie
5146,train,45,collie
5147,train,45,collie
5148,train,45,collie
5149,train,45,collie
5150,train,45,collie
5151,train,45,collie
5152,train,45,collie
5153,train,45,collie
5154,validation,45,collie
5155,train,45,collie
5156,validation,45,collie
5157,train,45,collie
5158,train,45,collie
5159,train,45,collie
5160,test,45,collie
5161,train,45,collie
5162,test,45,collie
5163,train,45,collie
5164,test,45,collie
5165,test,45,collie
5166,train,45,collie
5167,train,45,collie
5168,train,45,collie
5169,test,45,collie
5170,train,45,collie
5171,test,45,collie
5172,train,45,collie
5173,train,45,collie
5174,train,45,collie
5175,train,45,collie
5176,train,45,collie
5177,train,45,collie
5178,train,45,collie
5179,validation,45,collie
5180,train,45,collie
5181,train,45,collie
5182,train,45,collie
5183,validation,45,collie
5184,train,45,collie
5185,validation,45,collie
5186,test,45,collie
5187,train,45,collie
5188,train,45,collie
5189,test,45,collie
5190,train,45,collie
5191,validation,45,collie
5192,train,45,collie
5193,train,45,collie
5194,train,45,collie
5195,validation,45,collie
5196,train,45,collie
5197,validation,45,collie
5198,train,45,collie
5199,train,45,collie
5200,test,45,collie
5201,test,45,collie
5202,test,45,collie
5203,train,45,collie
5204,train,45,collie
5205,validation,45,collie
5206,test,45,collie
5207,validation,45,collie
5208,validation,45,collie
5209,train,45,collie
5210,test,45,collie
5211,train,45,collie
5212,test,45,collie
5213,train,45,collie
5214,train,45,collie
5215,train,45,collie
5216,train,45,collie
5217,validation,45,collie
5218,test,45,collie
5219,train,45,collie
5220,validation,45,collie
5221,test,45,collie
5222,train,45,collie
5223,validation,45,collie
5224,test,45,collie
5225,train,45,collie
5226,validation,45,collie
5227,train,45,collie
5228,train,45,collie
5229,train,45,collie
5230,validation,45,collie
5231,train,45,collie
5232,train,45,collie
5233,train,45,collie
5234,train,45,collie
5235,train,45,collie
5236,validation,45,collie
5237,train,45,collie
5238,train,45,collie
5239,validation,45,collie
5240,validation,45,collie
5241,validation,45,collie
5242,train,45,collie
5243,train,45,collie
5244,test,45,collie
5245,train,45,collie
5246,train,45,collie
5247,train,45,collie
5248,validation,45,collie
5249,train,45,collie
5250,test,45,collie
5251,validation,45,collie
5252,validation,45,collie
5253,train,45,collie
5254,train,45,collie
5255,train,45,collie
5256,test,45,collie
5257,train,45,collie
5258,validation,45,collie
5259,train,45,collie
5260,validation,45,collie
5261,test,45,collie
5262,train,45,collie
5263,test,45,collie
5264,train,45,collie
5265,train,45,collie
5266,test,45,collie
5267,train,45,collie
5268,train,45,collie
5269,test,45,collie
5270,validation,45,collie
5271,test,45,collie
5272,train,45,collie
5273,train,45,collie
5274,validation,45,collie
5275,validation,45,collie
5276,train,45,collie
5277,validation,45,collie
5278,train,45,collie
5279,test,45,collie
5280,train,45,collie
5281,test,45,collie
5282,train,45,collie
5283,train,45,collie
5284,train,45,collie
5285,train,45,collie
5286,validation,45,collie
5287,train,45,collie
5288,validation,45,collie
5289,train,45,collie
5290,train,45,collie
5291,validation,45,collie
5292,validation,45,collie
5293,test,45,collie
5294,train,45,collie
5295,train,45,collie
5296,train,45,collie
5297,train,45,collie
5298,train,45,collie
5299,train,45,collie
5300,train,45,collie
5301,test,45,collie
5302,train,45,collie
5303,train,45,collie
5304,validation,45,collie
5305,train,45,collie
5306,train,45,collie
5307,train,45,collie
5308,train,45,collie
5309,train,45,collie
5310,train,45,collie
5311,train,45,collie
5312,train,45,collie
5313,train,45,collie
5314,validation,45,collie
5315,train,45,collie
5316,test,45,collie
5317,train,45,collie
5318,train,45,collie
5319,test,45,collie
5320,test,45,collie
5321,validation,45,collie
5322,validation,45,collie
5323,train,45,collie
5324,train,45,collie
5325,train,45,collie
5326,train,45,collie
5327,train,45,collie
5328,train,45,collie
5329,train,45,collie
5330,test,45,collie
5331,train,45,collie
5332,train,45,collie
5333,test,45,collie
5334,train,45,collie
5335,train,45,collie
5336,validation,45,collie
5337,validation,45,collie
5338,validation,45,collie
5339,train,45,collie
5340,train,45,collie
5341,train,45,collie
5342,validation,45,collie
5343,validation,45,collie
5344,train,45,collie
5345,train,45,collie
5346,train,45,collie
5347,train,45,collie
5348,train,45,collie
5349,train,45,collie
5350,train,45,collie
5351,validation,45,collie
5352,test,45,collie
5353,train,45,collie
5354,validation,45,collie
5355,train,45,collie
5356,train,45,collie
5357,train,45,collie
5358,train,45,collie
5359,train,45,collie
5360,train,45,collie
5361,train,45,collie
5362,train,45,collie
5363,train,45,collie
5364,validation,45,collie
5365,train,45,collie
5366,train,45,collie
5367,test,45,collie
5368,train,45,collie
5369,validation,45,collie
5370,test,45,collie
5371,train,45,collie
5372,validation,45,collie
5373,train,45,collie
5374,train,45,collie
5375,train,45,collie
5376,test,45,collie
5377,train,45,collie
5378,train,45,collie
5379,train,45,collie
5380,test,45,collie
5381,train,45,collie
5382,test,45,collie
5383,test,45,collie
5384,train,45,collie
5385,train,45,collie
5386,train,45,collie
5387,train,45,collie
5388,train,45,collie
5389,test,45,collie
5390,validation,45,collie
5391,test,45,collie
5392,validation,45,collie
5393,train,45,collie
5394,train,45,collie
5395,validation,45,collie
5396,train,45,collie
5397,validation,45,collie
5398,train,45,collie
5399,validation,45,collie
5400,validation,45,collie
5401,test,45,collie
5402,train,45,collie
5403,test,45,collie
5404,test,45,collie
5405,test,45,collie
5406,test,45,collie
5407,train,45,collie
5408,test,45,collie
5409,test,45,collie
5410,train,45,collie
5411,test,45,collie
5412,train,45,collie
5413,test,45,collie
5414,train,45,collie
5415,train,45,collie
5416,train,45,collie
5417,train,45,collie
5418,train,45,collie
5419,train,45,collie
5420,test,45,collie
5421,train,45,collie
5422,train,45,collie
5423,train,45,collie
5424,train,45,collie
5425,train,45,collie
5426,validation,45,collie
5427,train,45,collie
5428,test,45,collie
5429,validation,45,collie
5430,train,45,collie
5431,validation,45,collie
5432,train,45,collie
5433,train,45,collie
5434,train,45,collie
5435,test,45,collie
5436,train,45,collie
5437,validation,45,collie
5438,validation,45,collie
5439,train,45,collie
5440,test,45,collie
5441,test,45,collie
5442,test,45,collie
5443,train,45,collie
5444,train,45,collie
5445,train,45,collie
5446,train,45,collie
5447,validation,45,collie
5448,test,45,collie
5449,train,45,collie
5450,train,45,collie
5451,train,45,collie
5452,test,45,collie
5453,validation,45,collie
5454,test,45,collie
5455,train,45,collie
5456,test,45,collie
5457,test,45,collie
5458,test,45,collie
5459,train,45,collie
5460,train,45,collie
5461,test,45,collie
5462,test,45,collie
5463,train,45,collie
5464,train,45,collie
5465,train,45,collie
5466,validation,45,collie
5467,test,45,collie
5468,validation,45,collie
5469,test,45,collie
5470,validation,45,collie
5471,train,45,collie
5472,validation,45,collie
5473,test,45,collie
5474,test,45,collie
5475,train,45,collie
5476,validation,45,collie
5477,validation,45,collie
5478,train,45,collie
5479,validation,45,collie
5480,train,45,collie
5481,train,45,collie
5482,train,45,collie
5483,train,45,collie
5484,validation,45,collie
5485,test,45,collie
5486,validation,45,collie
5487,train,45,collie
5488,validation,45,collie
5489,train,45,collie
5490,test,45,collie
5491,train,45,collie
5492,train,45,collie
5493,train,45,collie
5494,train,45,collie
5495,test,45,collie
5496,test,45,collie
5497,validation,45,collie
5498,train,45,collie
5499,train,45,collie
5500,validation,45,collie
5501,validation,45,collie
5502,train,45,collie
5503,validation,45,collie
5504,train,45,collie
5505,validation,45,collie
5506,train,45,collie
5507,test,45,collie
5508,train,45,collie
5509,train,45,collie
5510,train,45,collie
5511,train,45,collie
5512,train,45,collie
5513,validation,45,collie
5514,train,45,collie
5515,validation,45,collie
5516,train,45,collie
5517,train,45,collie
5518,validation,45,collie
5519,train,45,collie
5520,train,45,collie
5521,train,45,collie
5522,train,45,collie
5523,train,45,collie
5524,train,45,collie
5525,validation,45,collie
5526,test,45,collie
5527,train,45,collie
5528,train,45,collie
5529,train,45,collie
5530,validation,45,collie
5531,train,45,collie
5532,train,45,collie
5533,train,45,collie
5534,test,45,collie
5535,train,45,collie
5536,validation,45,collie
5537,validation,45,collie
5538,test,45,collie
5539,train,45,collie
5540,train,45,collie
5541,train,45,collie
5542,train,45,collie
5543,validation,45,collie
5544,validation,45,collie
5545,test,45,collie
5546,train,45,collie
5547,train,45,collie
5548,train,45,collie
5549,train,45,collie
5550,validation,45,collie
5551,train,45,collie
5552,train,45,collie
5553,train,45,collie
5554,train,45,collie
5555,validation,45,collie
5556,train,45,collie
5557,test,45,collie
5558,train,45,collie
5559,test,45,collie
5560,train,45,collie
5561,train,45,collie
5562,train,45,collie
5563,train,45,collie
5564,train,45,collie
5565,train,45,collie
5566,train,45,collie
5567,train,45,collie
5568,train,45,collie
5569,test,45,collie
5570,train,45,collie
5571,train,45,collie
5572,train,45,collie
5573,train,45,collie
5574,validation,45,collie
5575,train,45,collie
5576,train,45,collie
5577,validation,45,collie
5578,train,45,collie
5579,train,45,collie
5580,test,45,collie
5581,train,45,collie
5582,train,45,collie
5583,validation,45,collie
5584,train,45,collie
5585,validation,45,collie
5586,validation,45,collie
5587,test,45,collie
5588,test,45,collie
5589,train,45,collie
5590,test,45,collie
5591,train,45,collie
5592,test,45,collie
5593,train,45,collie
5594,validation,45,collie
5595,train,45,collie
5596,train,45,collie
5597,train,45,collie
5598,train,45,collie
5599,validation,45,collie
5600,validation,45,collie
5601,train,45,collie
5602,train,45,collie
5603,train,45,collie
5604,validation,45,collie
5605,train,45,collie
5606,train,45,collie
5607,train,45,collie
5608,train,45,collie
5609,train,45,collie
5610,train,45,collie
5611,test,45,collie
5612,train,45,collie
5613,validation,45,collie
5614,validation,45,collie
5615,validation,45,collie
5616,train,45,collie
5617,test,45,collie
5618,validation,45,collie
5619,train,45,collie
5620,train,45,collie
5621,train,45,collie
5622,train,45,collie
5623,test,45,collie
5624,train,45,collie
5625,test,45,collie
5626,train,45,collie
5627,validation,45,collie
5628,test,45,collie
5629,train,45,collie
5630,train,45,collie
5631,validation,45,collie
5632,train,45,collie
5633,train,45,collie
5634,train,45,collie
5635,train,45,collie
5636,train,45,collie
5637,train,45,collie
5638,train,45,collie
5639,validation,45,collie
5640,test,45,collie
5641,train,45,collie
5642,train,45,collie
5643,train,45,collie
5644,train,48,cow
5645,test,48,cow
5646,train,48,cow
5647,test,48,cow
5648,train,48,cow
5649,train,48,cow
5650,train,48,cow
5651,test,48,cow
5652,train,48,cow
5653,train,48,cow
5654,train,48,cow
5655,validation,48,cow
5656,train,48,cow
5657,train,48,cow
5658,train,48,cow
5659,train,48,cow
5660,train,48,cow
5661,test,48,cow
5662,train,48,cow
5663,train,48,cow
5664,train,48,cow
5665,train,48,cow
5666,train,48,cow
5667,train,48,cow
5668,validation,48,cow
5669,train,48,cow
5670,validation,48,cow
5671,validation,48,cow
5672,train,48,cow
5673,train,48,cow
5674,test,48,cow
5675,validation,48,cow
5676,train,48,cow
5677,validation,48,cow
5678,validation,48,cow
5679,train,48,cow
5680,train,48,cow
5681,validation,48,cow
5682,train,48,cow
5683,validation,48,cow
5684,train,48,cow
5685,train,48,cow
5686,train,48,cow
5687,validation,48,cow
5688,test,48,cow
5689,validation,48,cow
5690,validation,48,cow
5691,train,48,cow
5692,validation,48,cow
5693,train,48,cow
5694,train,48,cow
5695,validation,48,cow
5696,train,48,cow
5697,train,48,cow
5698,train,48,cow
5699,test,48,cow
5700,test,48,cow
5701,train,48,cow
5702,test,48,cow
5703,train,48,cow
5704,train,48,cow
5705,train,48,cow
5706,train,48,cow
5707,train,48,cow
5708,train,48,cow
5709,train,48,cow
5710,train,48,cow
5711,train,48,cow
5712,train,48,cow
5713,test,48,cow
5714,train,48,cow
5715,train,48,cow
5716,train,48,cow
5717,validation,48,cow
5718,train,48,cow
5719,train,48,cow
5720,train,48,cow
5721,train,48,cow
5722,validation,48,cow
5723,train,48,cow
5724,train,48,cow
5725,validation,48,cow
5726,test,48,cow
5727,train,48,cow
5728,train,48,cow
5729,validation,48,cow
5730,train,48,cow
5731,train,48,cow
5732,train,48,cow
5733,train,48,cow
5734,train,48,cow
5735,validation,48,cow
5736,test,48,cow
5737,train,48,cow
5738,test,48,cow
5739,train,48,cow
5740,train,48,cow
5741,train,48,cow
5742,train,48,cow
5743,validation,48,cow
5744,train,48,cow
5745,train,48,cow
5746,validation,48,cow
5747,train,48,cow
5748,train,48,cow
5749,test,48,cow
5750,train,48,cow
5751,train,48,cow
5752,train,48,cow
5753,train,48,cow
5754,train,48,cow
5755,test,48,cow
5756,test,48,cow
5757,train,48,cow
5758,validation,48,cow
5759,train,48,cow
5760,test,48,cow
5761,test,48,cow
5762,test,48,cow
5763,train,48,cow
5764,train,48,cow
5765,train,48,cow
5766,train,48,cow
5767,train,48,cow
5768,train,48,cow
5769,validation,48,cow
5770,validation,48,cow
5771,train,48,cow
5772,train,48,cow
5773,train,48,cow
5774,train,48,cow
5775,train,48,cow
5776,train,48,cow
5777,test,48,cow
5778,train,48,cow
5779,train,48,cow
5780,test,48,cow
5781,train,48,cow
5782,train,48,cow
5783,train,48,cow
5784,validation,48,cow
5785,train,48,cow
5786,train,48,cow
5787,test,48,cow
5788,train,48,cow
5789,validation,48,cow
5790,validation,48,cow
5791,test,48,cow
5792,train,48,cow
5793,test,48,cow
5794,train,48,cow
5795,test,48,cow
5796,train,48,cow
5797,train,48,cow
5798,train,48,cow
5799,validation,48,cow
5800,test,48,cow
5801,train,48,cow
5802,test,48,cow
5803,train,48,cow
5804,train,48,cow
5805,train,48,cow
5806,validation,48,cow
5807,train,48,cow
5808,train,48,cow
5809,validation,48,cow
5810,train,48,cow
5811,train,48,cow
5812,train,48,cow
5813,train,48,cow
5814,train,48,cow
5815,test,48,cow
5816,train,48,cow
5817,validation,48,cow
5818,validation,48,cow
5819,test,48,cow
5820,train,48,cow
5821,train,48,cow
5822,train,48,cow
5823,train,48,cow
5824,train,48,cow
5825,train,48,cow
5826,train,48,cow
5827,validation,48,cow
5828,train,48,cow
5829,train,48,cow
5830,validation,48,cow
5831,train,48,cow
5832,test,48,cow
5833,train,48,cow
5834,train,48,cow
5835,validation,48,cow
5836,validation,48,cow
5837,validation,48,cow
5838,train,48,cow
5839,train,48,cow
5840,train,48,cow
5841,train,48,cow
5842,train,48,cow
5843,train,48,cow
5844,train,48,cow
5845,train,48,cow
5846,test,48,cow
5847,train,48,cow
5848,train,48,cow
5849,train,48,cow
5850,validation,48,cow
5851,validation,48,cow
5852,train,48,cow
5853,train,48,cow
5854,train,48,cow
5855,test,48,cow
5856,train,48,cow
5857,test,48,cow
5858,test,48,cow
5859,validation,48,cow
5860,train,48,cow
5861,train,48,cow
5862,test,48,cow
5863,validation,48,cow
5864,validation,48,cow
5865,train,48,cow
5866,train,48,cow
5867,train,48,cow
5868,validation,48,cow
5869,validation,48,cow
5870,train,48,cow
5871,test,48,cow
5872,train,48,cow
5873,validation,48,cow
5874,train,48,cow
5875,train,48,cow
5876,train,48,cow
5877,test,48,cow
5878,validation,48,cow
5879,train,48,cow
5880,test,48,cow
5881,test,48,cow
5882,test,48,cow
5883,train,48,cow
5884,train,48,cow
5885,train,48,cow
5886,test,48,cow
5887,train,48,cow
5888,test,48,cow
5889,test,48,cow
5890,train,48,cow
5891,validation,48,cow
5892,train,48,cow
5893,validation,48,cow
5894,train,48,cow
5895,test,48,cow
5896,train,48,cow
5897,train,48,cow
5898,train,48,cow
5899,train,48,cow
5900,test,48,cow
5901,test,48,cow
5902,train,48,cow
5903,train,48,cow
5904,validation,48,cow
5905,train,48,cow
5906,test,48,cow
5907,train,48,cow
5908,validation,48,cow
5909,train,48,cow
5910,train,48,cow
5911,train,48,cow
5912,train,48,cow
5913,train,48,cow
5914,train,48,cow
5915,train,48,cow
5916,train,48,cow
5917,train,48,cow
5918,train,48,cow
5919,train,48,cow
5920,test,48,cow
5921,train,48,cow
5922,train,48,cow
5923,train,48,cow
5924,train,48,cow
5925,train,48,cow
5926,test,48,cow
5927,test,48,cow
5928,validation,48,cow
5929,validation,48,cow
5930,validation,48,cow
5931,train,48,cow
5932,train,48,cow
5933,train,48,cow
5934,train,48,cow
5935,test,48,cow
5936,train,48,cow
5937,test,48,cow
5938,train,48,cow
5939,test,48,cow
5940,validation,48,cow
5941,train,48,cow
5942,validation,48,cow
5943,train,48,cow
5944,train,48,cow
5945,train,48,cow
5946,train,48,cow
5947,train,48,cow
5948,train,48,cow
5949,test,48,cow
5950,train,48,cow
5951,train,48,cow
5952,train,48,cow
5953,validation,48,cow
5954,train,48,cow
5955,validation,48,cow
5956,train,48,cow
5957,train,48,cow
5958,test,48,cow
5959,test,48,cow
5960,test,48,cow
5961,train,48,cow
5962,train,48,cow
5963,validation,48,cow
5964,train,48,cow
5965,validation,48,cow
5966,validation,48,cow
5967,train,48,cow
5968,test,48,cow
5969,test,48,cow
5970,test,48,cow
5971,validation,48,cow
5972,train,48,cow
5973,test,48,cow
5974,train,48,cow
5975,validation,48,cow
5976,test,48,cow
5977,train,48,cow
5978,validation,48,cow
5979,validation,48,cow
5980,train,48,cow
5981,train,48,cow
5982,train,48,cow
5983,train,48,cow
5984,test,48,cow
5985,train,48,cow
5986,validation,48,cow
5987,train,48,cow
5988,train,48,cow
5989,train,48,cow
5990,train,48,cow
5991,validation,48,cow
5992,validation,48,cow
5993,test,48,cow
5994,test,48,cow
5995,train,48,cow
5996,validation,48,cow
5997,train,48,cow
5998,train,48,cow
5999,validation,48,cow
6000,train,48,cow
6001,test,48,cow
6002,train,48,cow
6003,train,48,cow
6004,validation,48,cow
6005,train,48,cow
6006,validation,48,cow
6007,test,48,cow
6008,train,48,cow
6009,train,48,cow
6010,train,48,cow
6011,test,48,cow
6012,train,48,cow
6013,validation,48,cow
6014,train,48,cow
6015,train,48,cow
6016,train,48,cow
6017,validation,48,cow
6018,test,48,cow
6019,validation,48,cow
6020,validation,48,cow
6021,train,48,cow
6022,test,48,cow
6023,train,48,cow
6024,train,48,cow
6025,validation,48,cow
6026,train,48,cow
6027,test,48,cow
6028,test,48,cow
6029,train,48,cow
6030,train,48,cow
6031,validation,48,cow
6032,validation,48,cow
6033,validation,48,cow
6034,train,48,cow
6035,validation,48,cow
6036,train,48,cow
6037,train,48,cow
6038,train,48,cow
6039,validation,48,cow
6040,validation,48,cow
6041,test,48,cow
6042,train,48,cow
6043,train,48,cow
6044,train,48,cow
6045,train,48,cow
6046,test,48,cow
6047,test,48,cow
6048,train,48,cow
6049,train,48,cow
6050,validation,48,cow
6051,validation,48,cow
6052,train,48,cow
6053,test,48,cow
6054,validation,48,cow
6055,train,48,cow
6056,train,48,cow
6057,train,48,cow
6058,train,48,cow
6059,train,48,cow
6060,test,48,cow
6061,train,48,cow
6062,test,48,cow
6063,train,48,cow
6064,train,48,cow
6065,train,48,cow
6066,train,48,cow
6067,train,48,cow
6068,train,48,cow
6069,validation,48,cow
6070,test,48,cow
6071,validation,48,cow
6072,train,48,cow
6073,train,48,cow
6074,train,48,cow
6075,train,48,cow
6076,train,48,cow
6077,train,48,cow
6078,train,48,cow
6079,test,48,cow
6080,train,48,cow
6081,train,48,cow
6082,train,48,cow
6083,test,48,cow
6084,train,48,cow
6085,train,48,cow
6086,train,48,cow
6087,validation,48,cow
6088,train,48,cow
6089,train,48,cow
6090,validation,48,cow
6091,train,48,cow
6092,train,48,cow
6093,validation,48,cow
6094,train,48,cow
6095,test,48,cow
6096,train,48,cow
6097,train,48,cow
6098,validation,48,cow
6099,train,48,cow
6100,test,48,cow
6101,test,48,cow
6102,train,48,cow
6103,test,48,cow
6104,validation,48,cow
6105,validation,48,cow
6106,train,48,cow
6107,train,48,cow
6108,train,48,cow
6109,train,48,cow
6110,test,48,cow
6111,test,48,cow
6112,validation,48,cow
6113,train,48,cow
6114,test,48,cow
6115,train,48,cow
6116,train,48,cow
6117,train,48,cow
6118,validation,48,cow
6119,train,48,cow
6120,test,48,cow
6121,train,48,cow
6122,train,48,cow
6123,train,48,cow
6124,test,48,cow
6125,train,48,cow
6126,train,48,cow
6127,train,48,cow
6128,train,48,cow
6129,train,48,cow
6130,train,48,cow
6131,train,48,cow
6132,test,48,cow
6133,train,48,cow
6134,train,48,cow
6135,train,48,cow
6136,train,48,cow
6137,train,48,cow
6138,validation,48,cow
6139,train,48,cow
6140,validation,48,cow
6141,train,48,cow
6142,validation,48,cow
6143,test,48,cow
6144,train,48,cow
6145,validation,48,cow
6146,validation,48,cow
6147,test,48,cow
6148,train,48,cow
6149,validation,48,cow
6150,test,48,cow
6151,train,48,cow
6152,train,48,cow
6153,train,48,cow
6154,validation,48,cow
6155,validation,48,cow
6156,train,48,cow
6157,test,48,cow
6158,validation,48,cow
6159,test,48,cow
6160,test,48,cow
6161,test,48,cow
6162,validation,48,cow
6163,test,48,cow
6164,train,48,cow
6165,train,48,cow
6166,validation,48,cow
6167,test,48,cow
6168,test,48,cow
6169,train,48,cow
6170,train,48,cow
6171,train,48,cow
6172,train,48,cow
6173,train,48,cow
6174,test,48,cow
6175,train,48,cow
6176,train,48,cow
6177,train,48,cow
6178,train,48,cow
6179,train,48,cow
6180,train,48,cow
6181,train,48,cow
6182,train,48,cow
6183,test,48,cow
6184,test,48,cow
6185,train,48,cow
6186,train,48,cow
6187,train,48,cow
6188,validation,48,cow
6189,test,48,cow
6190,train,48,cow
6191,train,48,cow
6192,train,48,cow
6193,train,48,cow
6194,train,48,cow
6195,train,48,cow
6196,train,48,cow
6197,train,48,cow
6198,validation,48,cow
6199,validation,48,cow
6200,test,48,cow
6201,validation,48,cow
6202,train,48,cow
6203,train,48,cow
6204,validation,48,cow
6205,train,48,cow
6206,train,48,cow
6207,train,48,cow
6208,validation,48,cow
6209,train,48,cow
6210,train,48,cow
6211,validation,48,cow
6212,train,48,cow
6213,train,48,cow
6214,train,48,cow
6215,validation,48,cow
6216,test,48,cow
6217,test,48,cow
6218,train,48,cow
6219,validation,48,cow
6220,train,48,cow
6221,validation,48,cow
6222,train,48,cow
6223,train,48,cow
6224,train,48,cow
6225,validation,48,cow
6226,train,48,cow
6227,train,48,cow
6228,train,48,cow
6229,train,48,cow
6230,train,48,cow
6231,validation,48,cow
6232,train,48,cow
6233,test,48,cow
6234,train,48,cow
6235,validation,48,cow
6236,validation,48,cow
6237,test,48,cow
6238,test,48,cow
6239,train,48,cow
6240,test,48,cow
6241,train,48,cow
6242,test,48,cow
6243,validation,48,cow
6244,test,48,cow
6245,validation,48,cow
6246,train,48,cow
6247,train,48,cow
6248,train,48,cow
6249,validation,48,cow
6250,train,48,cow
6251,validation,48,cow
6252,train,48,cow
6253,train,48,cow
6254,validation,48,cow
6255,validation,48,cow
6256,train,48,cow
6257,train,48,cow
6258,test,48,cow
6259,train,48,cow
6260,train,48,cow
6261,test,48,cow
6262,validation,48,cow
6263,train,48,cow
6264,validation,48,cow
6265,train,48,cow
6266,train,48,cow
6267,test,48,cow
6268,test,48,cow
6269,validation,48,cow
6270,validation,48,cow
6271,train,48,cow
6272,test,48,cow
6273,test,48,cow
6274,train,48,cow
6275,train,48,cow
6276,test,48,cow
6277,train,48,cow
6278,validation,48,cow
6279,validation,48,cow
6280,train,48,cow
6281,train,48,cow
6282,train,48,cow
6283,validation,48,cow
6284,train,48,cow
6285,test,48,cow
6286,train,48,cow
6287,train,48,cow
6288,train,48,cow
6289,test,48,cow
6290,train,48,cow
6291,validation,48,cow
6292,validation,48,cow
6293,test,48,cow
6294,train,48,cow
6295,test,48,cow
6296,validation,48,cow
6297,test,48,cow
6298,train,48,cow
6299,train,48,cow
6300,train,48,cow
6301,validation,48,cow
6302,train,48,cow
6303,validation,48,cow
6304,test,48,cow
6305,validation,48,cow
6306,train,48,cow
6307,train,48,cow
6308,train,48,cow
6309,train,48,cow
6310,validation,48,cow
6311,train,48,cow
6312,train,48,cow
6313,test,48,cow
6314,train,48,cow
6315,train,48,cow
6316,train,48,cow
6317,train,48,cow
6318,test,48,cow
6319,train,48,cow
6320,test,48,cow
6321,train,48,cow
6322,validation,48,cow
6323,validation,48,cow
6324,train,48,cow
6325,train,48,cow
6326,train,48,cow
6327,test,48,cow
6328,train,48,cow
6329,validation,48,cow
6330,train,48,cow
6331,train,48,cow
6332,train,48,cow
6333,train,48,cow
6334,train,48,cow
6335,train,48,cow
6336,train,48,cow
6337,train,48,cow
6338,train,48,cow
6339,train,48,cow
6340,train,48,cow
6341,train,48,cow
6342,train,48,cow
6343,validation,48,cow
6344,test,48,cow
6345,train,48,cow
6346,validation,48,cow
6347,test,48,cow
6348,test,48,cow
6349,train,48,cow
6350,train,48,cow
6351,validation,48,cow
6352,train,48,cow
6353,validation,48,cow
6354,train,48,cow
6355,train,48,cow
6356,train,48,cow
6357,train,48,cow
6358,validation,48,cow
6359,test,48,cow
6360,train,48,cow
6361,train,48,cow
6362,validation,48,cow
6363,train,48,cow
6364,train,48,cow
6365,train,48,cow
6366,train,48,cow
6367,test,48,cow
6368,train,48,cow
6369,train,48,cow
6370,train,48,cow
6371,train,48,cow
6372,train,48,cow
6373,train,48,cow
6374,validation,48,cow
6375,train,48,cow
6376,train,48,cow
6377,validation,48,cow
6378,validation,48,cow
6379,train,48,cow
6380,test,48,cow
6381,train,48,cow
6382,train,48,cow
6383,train,48,cow
6384,validation,48,cow
6385,validation,48,cow
6386,test,48,cow
6387,train,48,cow
6388,train,48,cow
6389,test,48,cow
6390,test,48,cow
6391,test,48,cow
6392,validation,48,cow
6393,train,48,cow
6394,train,48,cow
6395,train,48,cow
6396,test,48,cow
6397,train,48,cow
6398,train,48,cow
6399,test,48,cow
6400,test,48,cow
6401,train,48,cow
6402,test,48,cow
6403,train,48,cow
6404,train,48,cow
6405,train,48,cow
6406,train,48,cow
6407,validation,48,cow
6408,test,48,cow
6409,validation,48,cow
6410,train,48,cow
6411,validation,48,cow
6412,test,48,cow
6413,train,48,cow
6414,train,48,cow
6415,train,48,cow
6416,validation,48,cow
6417,validation,48,cow
6418,validation,48,cow
6419,train,48,cow
6420,train,48,cow
6421,train,48,cow
6422,train,48,cow
6423,train,48,cow
6424,train,48,cow
6425,validation,48,cow
6426,validation,48,cow
6427,train,48,cow
6428,train,48,cow
6429,train,48,cow
6430,train,48,cow
6431,train,48,cow
6432,train,48,cow
6433,train,48,cow
6434,train,48,cow
6435,train,48,cow
6436,train,48,cow
6437,train,48,cow
6438,train,48,cow
6439,train,48,cow
6440,train,48,cow
6441,train,48,cow
6442,train,48,cow
6443,train,48,cow
6444,train,48,cow
6445,test,48,cow
6446,train,48,cow
6447,train,48,cow
6448,train,48,cow
6449,test,48,cow
6450,validation,48,cow
6451,validation,48,cow
6452,validation,48,cow
6453,train,48,cow
6454,train,48,cow
6455,train,48,cow
6456,test,48,cow
6457,train,48,cow
6458,train,48,cow
6459,test,48,cow
6460,train,48,cow
6461,test,48,cow
6462,validation,48,cow
6463,train,48,cow
6464,train,48,cow
6465,train,48,cow
6466,test,48,cow
6467,validation,48,cow
6468,train,48,cow
6469,validation,48,cow
6470,test,48,cow
6471,validation,48,cow
6472,train,48,cow
6473,validation,48,cow
6474,validation,48,cow
6475,train,48,cow
6476,train,48,cow
6477,validation,48,cow
6478,train,48,cow
6479,test,48,cow
6480,train,48,cow
6481,test,48,cow
6482,train,48,cow
6483,train,48,cow
6484,train,48,cow
6485,train,48,cow
6486,train,48,cow
6487,train,48,cow
6488,train,48,cow
6489,train,48,cow
6490,train,48,cow
6491,train,48,cow
6492,validation,48,cow
6493,train,48,cow
6494,train,48,cow
6495,train,48,cow
6496,test,48,cow
6497,train,48,cow
6498,train,48,cow
6499,train,48,cow
6500,train,48,cow
6501,train,48,cow
6502,test,48,cow
6503,test,48,cow
6504,validation,48,cow
6505,train,48,cow
6506,train,48,cow
6507,test,48,cow
6508,test,48,cow
6509,test,48,cow
6510,validation,48,cow
6511,validation,48,cow
6512,validation,48,cow
6513,train,48,cow
6514,validation,48,cow
6515,train,48,cow
6516,validation,48,cow
6517,validation,48,cow
6518,test,48,cow
6519,test,48,cow
6520,train,48,cow
6521,validation,48,cow
6522,validation,48,cow
6523,validation,48,cow
6524,train,48,cow
6525,train,48,cow
6526,train,48,cow
6527,train,48,cow
6528,train,48,cow
6529,train,48,cow
6530,train,48,cow
6531,train,48,cow
6532,train,48,cow
6533,train,48,cow
6534,train,48,cow
6535,validation,48,cow
6536,test,48,cow
6537,train,48,cow
6538,train,48,cow
6539,train,48,cow
6540,train,48,cow
6541,train,48,cow
6542,test,48,cow
6543,train,48,cow
6544,validation,48,cow
6545,train,48,cow
6546,train,48,cow
6547,train,48,cow
6548,train,48,cow
6549,train,48,cow
6550,train,48,cow
6551,train,48,cow
6552,train,48,cow
6553,train,48,cow
6554,test,48,cow
6555,train,48,cow
6556,test,48,cow
6557,test,48,cow
6558,validation,48,cow
6559,train,48,cow
6560,train,48,cow
6561,validation,48,cow
6562,validation,48,cow
6563,test,48,cow
6564,train,48,cow
6565,test,48,cow
6566,test,48,cow
6567,test,48,cow
6568,test,48,cow
6569,test,48,cow
6570,train,48,cow
6571,train,48,cow
6572,test,48,cow
6573,train,48,cow
6574,test,48,cow
6575,train,48,cow
6576,train,48,cow
6577,train,48,cow
6578,train,48,cow
6579,train,48,cow
6580,test,48,cow
6581,validation,48,cow
6582,train,48,cow
6583,train,48,cow
6584,test,48,cow
6585,train,48,cow
6586,test,48,cow
6587,train,48,cow
6588,train,48,cow
6589,train,48,cow
6590,train,48,cow
6591,test,48,cow
6592,train,48,cow
6593,train,48,cow
6594,validation,48,cow
6595,train,48,cow
6596,validation,48,cow
6597,train,48,cow
6598,validation,48,cow
6599,train,48,cow
6600,validation,48,cow
6601,train,48,cow
6602,train,48,cow
6603,train,48,cow
6604,train,48,cow
6605,train,48,cow
6606,train,48,cow
6607,test,48,cow
6608,train,48,cow
6609,test,48,cow
6610,validation,48,cow
6611,train,48,cow
6612,train,48,cow
6613,validation,48,cow
6614,validation,48,cow
6615,test,48,cow
6616,train,48,cow
6617,test,48,cow
6618,validation,48,cow
6619,test,48,cow
6620,train,48,cow
6621,train,48,cow
6622,test,48,cow
6623,train,48,cow
6624,train,48,cow
6625,test,48,cow
6626,train,48,cow
6627,test,48,cow
6628,test,48,cow
6629,train,48,cow
6630,test,48,cow
6631,train,48,cow
6632,train,48,cow
6633,validation,48,cow
6634,test,48,cow
6635,train,48,cow
6636,train,48,cow
6637,train,48,cow
6638,train,48,cow
6639,validation,48,cow
6640,train,48,cow
6641,test,48,cow
6642,test,48,cow
6643,test,48,cow
6644,validation,48,cow
6645,validation,48,cow
6646,test,48,cow
6647,validation,48,cow
6648,train,48,cow
6649,validation,48,cow
6650,train,48,cow
6651,train,48,cow
6652,train,48,cow
6653,train,48,cow
6654,test,48,cow
6655,train,48,cow
6656,train,48,cow
6657,validation,48,cow
6658,train,48,cow
6659,train,48,cow
6660,test,48,cow
6661,train,48,cow
6662,train,48,cow
6663,test,48,cow
6664,validation,48,cow
6665,train,48,cow
6666,validation,48,cow
6667,train,48,cow
6668,test,48,cow
6669,train,48,cow
6670,train,48,cow
6671,train,48,cow
6672,test,48,cow
6673,train,48,cow
6674,train,48,cow
6675,train,48,cow
6676,train,48,cow
6677,test,48,cow
6678,train,48,cow
6679,train,48,cow
6680,train,48,cow
6681,validation,48,cow
6682,train,48,cow
6683,test,48,cow
6684,train,48,cow
6685,test,48,cow
6686,train,48,cow
6687,validation,48,cow
6688,train,48,cow
6689,validation,48,cow
6690,train,48,cow
6691,train,48,cow
6692,test,48,cow
6693,validation,48,cow
6694,train,48,cow
6695,test,48,cow
6696,test,48,cow
6697,test,48,cow
6698,test,48,cow
6699,train,48,cow
6700,validation,48,cow
6701,train,48,cow
6702,train,48,cow
6703,train,48,cow
6704,train,48,cow
6705,test,48,cow
6706,train,48,cow
6707,train,48,cow
6708,train,48,cow
6709,test,48,cow
6710,test,48,cow
6711,validation,48,cow
6712,train,48,cow
6713,train,48,cow
6714,train,48,cow
6715,train,48,cow
6716,train,48,cow
6717,train,48,cow
6718,test,48,cow
6719,train,48,cow
6720,validation,48,cow
6721,train,48,cow
6722,test,48,cow
6723,train,48,cow
6724,train,48,cow
6725,train,48,cow
6726,train,48,cow
6727,validation,48,cow
6728,train,48,cow
6729,train,48,cow
6730,test,48,cow
6731,train,48,cow
6732,train,48,cow
6733,validation,48,cow
6734,train,48,cow
6735,validation,48,cow
6736,train,48,cow
6737,test,48,cow
6738,train,48,cow
6739,train,48,cow
6740,train,48,cow
6741,train,48,cow
6742,train,48,cow
6743,train,48,cow
6744,train,48,cow
6745,train,48,cow
6746,train,48,cow
6747,validation,48,cow
6748,validation,48,cow
6749,train,48,cow
6750,test,48,cow
6751,train,48,cow
6752,train,48,cow
6753,validation,48,cow
6754,test,48,cow
6755,test,48,cow
6756,train,48,cow
6757,test,48,cow
6758,train,48,cow
6759,train,48,cow
6760,train,48,cow
6761,test,48,cow
6762,train,48,cow
6763,test,48,cow
6764,train,48,cow
6765,test,48,cow
6766,train,48,cow
6767,validation,48,cow
6768,train,48,cow
6769,test,48,cow
6770,train,48,cow
6771,train,48,cow
6772,validation,48,cow
6773,test,48,cow
6774,train,48,cow
6775,train,48,cow
6776,train,48,cow
6777,train,48,cow
6778,train,48,cow
6779,train,48,cow
6780,validation,48,cow
6781,test,48,cow
6782,train,48,cow
6783,test,48,cow
6784,validation,48,cow
6785,train,48,cow
6786,train,48,cow
6787,train,48,cow
6788,train,48,cow
6789,train,48,cow
6790,test,48,cow
6791,validation,48,cow
6792,validation,48,cow
6793,validation,48,cow
6794,train,48,cow
6795,train,48,cow
6796,train,48,cow
6797,train,48,cow
6798,train,48,cow
6799,validation,48,cow
6800,train,48,cow
6801,validation,48,cow
6802,validation,48,cow
6803,train,48,cow
6804,test,48,cow
6805,test,48,cow
6806,train,48,cow
6807,train,48,cow
6808,train,48,cow
6809,validation,48,cow
6810,test,48,cow
6811,train,48,cow
6812,train,48,cow
6813,validation,48,cow
6814,train,48,cow
6815,train,48,cow
6816,test,48,cow
6817,test,48,cow
6818,test,48,cow
6819,train,48,cow
6820,train,48,cow
6821,train,48,cow
6822,test,48,cow
6823,train,48,cow
6824,validation,48,cow
6825,train,48,cow
6826,validation,48,cow
6827,validation,48,cow
6828,train,48,cow
6829,train,48,cow
6830,validation,48,cow
6831,train,48,cow
6832,test,48,cow
6833,test,48,cow
6834,train,48,cow
6835,test,48,cow
6836,train,48,cow
6837,train,48,cow
6838,train,48,cow
6839,train,48,cow
6840,train,48,cow
6841,train,48,cow
6842,train,48,cow
6843,test,48,cow
6844,train,48,cow
6845,train,48,cow
6846,train,48,cow
6847,train,48,cow
6848,validation,48,cow
6849,test,48,cow
6850,train,48,cow
6851,train,48,cow
6852,train,48,cow
6853,validation,48,cow
6854,train,48,cow
6855,validation,48,cow
6856,validation,48,cow
6857,train,48,cow
6858,test,48,cow
6859,validation,48,cow
6860,train,48,cow
6861,train,48,cow
6862,test,48,cow
6863,train,48,cow
6864,train,48,cow
6865,test,48,cow
6866,test,48,cow
6867,train,48,cow
6868,test,48,cow
6869,validation,48,cow
6870,train,48,cow
6871,validation,48,cow
6872,train,48,cow
6873,train,48,cow
6874,train,48,cow
6875,train,48,cow
6876,train,48,cow
6877,validation,48,cow
6878,train,48,cow
6879,test,48,cow
6880,validation,48,cow
6881,train,48,cow
6882,validation,48,cow
6883,train,48,cow
6884,validation,48,cow
6885,train,48,cow
6886,validation,48,cow
6887,train,48,cow
6888,validation,48,cow
6889,validation,48,cow
6890,validation,48,cow
6891,train,48,cow
6892,validation,48,cow
6893,test,48,cow
6894,test,48,cow
6895,train,48,cow
6896,train,48,cow
6897,validation,48,cow
6898,test,48,cow
6899,train,48,cow
6900,train,48,cow
6901,train,48,cow
6902,train,48,cow
6903,train,48,cow
6904,validation,48,cow
6905,train,48,cow
6906,train,48,cow
6907,train,48,cow
6908,train,48,cow
6909,train,48,cow
6910,test,48,cow
6911,train,48,cow
6912,train,48,cow
6913,test,48,cow
6914,train,48,cow
6915,validation,48,cow
6916,test,48,cow
6917,train,48,cow
6918,train,48,cow
6919,train,48,cow
6920,train,48,cow
6921,train,48,cow
6922,train,48,cow
6923,test,48,cow
6924,train,48,cow
6925,train,48,cow
6926,train,48,cow
6927,test,48,cow
6928,train,48,cow
6929,train,48,cow
6930,train,48,cow
6931,test,48,cow
6932,train,48,cow
6933,train,48,cow
6934,validation,48,cow
6935,train,48,cow
6936,validation,48,cow
6937,train,48,cow
6938,train,48,cow
6939,train,48,cow
6940,test,48,cow
6941,train,48,cow
6942,train,48,cow
6943,test,48,cow
6944,validation,48,cow
6945,train,48,cow
6946,test,48,cow
6947,validation,48,cow
6948,validation,48,cow
6949,train,48,cow
6950,train,48,cow
6951,train,48,cow
6952,train,48,cow
6953,train,48,cow
6954,train,48,cow
6955,test,48,cow
6956,validation,48,cow
6957,train,48,cow
6958,train,48,cow
6959,train,48,cow
6960,train,48,cow
6961,train,48,cow
6962,train,48,cow
6963,validation,48,cow
6964,test,48,cow
6965,train,48,cow
6966,test,48,cow
6967,test,48,cow
6968,test,48,cow
6969,test,48,cow
6970,validation,48,cow
6971,validation,48,cow
6972,train,48,cow
6973,validation,48,cow
6974,test,48,cow
6975,train,48,cow
6976,train,48,cow
6977,test,48,cow
6978,test,48,cow
6979,validation,48,cow
6980,validation,48,cow
6981,test,48,cow
6982,train,4,dalmatian
6983,train,4,dalmatian
6984,train,4,dalmatian
6985,train,4,dalmatian
6986,train,4,dalmatian
6987,train,4,dalmatian
6988,train,4,dalmatian
6989,validation,4,dalmatian
6990,train,4,dalmatian
6991,validation,4,dalmatian
6992,validation,4,dalmatian
6993,train,4,dalmatian
6994,test,4,dalmatian
6995,train,4,dalmatian
6996,train,4,dalmatian
6997,train,4,dalmatian
6998,test,4,dalmatian
6999,validation,4,dalmatian
7000,train,4,dalmatian
7001,train,4,dalmatian
7002,validation,4,dalmatian
7003,train,4,dalmatian
7004,train,4,dalmatian
7005,train,4,dalmatian
7006,train,4,dalmatian
7007,train,4,dalmatian
7008,train,4,dalmatian
7009,test,4,dalmatian
7010,test,4,dalmatian
7011,train,4,dalmatian
7012,train,4,dalmatian
7013,validation,4,dalmatian
7014,train,4,dalmatian
7015,validation,4,dalmatian
7016,train,4,dalmatian
7017,train,4,dalmatian
7018,train,4,dalmatian
7019,test,4,dalmatian
7020,test,4,dalmatian
7021,train,4,dalmatian
7022,train,4,dalmatian
7023,test,4,dalmatian
7024,validation,4,dalmatian
7025,train,4,dalmatian
7026,train,4,dalmatian
7027,train,4,dalmatian
7028,train,4,dalmatian
7029,validation,4,dalmatian
7030,validation,4,dalmatian
7031,train,4,dalmatian
7032,test,4,dalmatian
7033,validation,4,dalmatian
7034,train,4,dalmatian
7035,train,4,dalmatian
7036,train,4,dalmatian
7037,validation,4,dalmatian
7038,train,4,dalmatian
7039,train,4,dalmatian
7040,train,4,dalmatian
7041,validation,4,dalmatian
7042,train,4,dalmatian
7043,test,4,dalmatian
7044,test,4,dalmatian
7045,train,4,dalmatian
7046,test,4,dalmatian
7047,train,4,dalmatian
7048,train,4,dalmatian
7049,train,4,dalmatian
7050,validation,4,dalmatian
7051,train,4,dalmatian
7052,train,4,dalmatian
7053,train,4,dalmatian
7054,train,4,dalmatian
7055,train,4,dalmatian
7056,train,4,dalmatian
7057,train,4,dalmatian
7058,train,4,dalmatian
7059,test,4,dalmatian
7060,validation,4,dalmatian
7061,test,4,dalmatian
7062,train,4,dalmatian
7063,test,4,dalmatian
7064,validation,4,dalmatian
7065,train,4,dalmatian
7066,train,4,dalmatian
7067,train,4,dalmatian
7068,validation,4,dalmatian
7069,train,4,dalmatian
7070,train,4,dalmatian
7071,train,4,dalmatian
7072,train,4,dalmatian
7073,test,4,dalmatian
7074,train,4,dalmatian
7075,train,4,dalmatian
7076,train,4,dalmatian
7077,train,4,dalmatian
7078,validation,4,dalmatian
7079,train,4,dalmatian
7080,test,4,dalmatian
7081,train,4,dalmatian
7082,test,4,dalmatian
7083,train,4,dalmatian
7084,train,4,dalmatian
7085,train,4,dalmatian
7086,test,4,dalmatian
7087,train,4,dalmatian
7088,train,4,dalmatian
7089,train,4,dalmatian
7090,validation,4,dalmatian
7091,train,4,dalmatian
7092,test,4,dalmatian
7093,validation,4,dalmatian
7094,test,4,dalmatian
7095,test,4,dalmatian
7096,train,4,dalmatian
7097,train,4,dalmatian
7098,validation,4,dalmatian
7099,train,4,dalmatian
7100,test,4,dalmatian
7101,validation,4,dalmatian
7102,train,4,dalmatian
7103,validation,4,dalmatian
7104,train,4,dalmatian
7105,validation,4,dalmatian
7106,train,4,dalmatian
7107,validation,4,dalmatian
7108,train,4,dalmatian
7109,train,4,dalmatian
7110,test,4,dalmatian
7111,test,4,dalmatian
7112,train,4,dalmatian
7113,train,4,dalmatian
7114,test,4,dalmatian
7115,train,4,dalmatian
7116,validation,4,dalmatian
7117,validation,4,dalmatian
7118,train,4,dalmatian
7119,test,4,dalmatian
7120,test,4,dalmatian
7121,test,4,dalmatian
7122,train,4,dalmatian
7123,train,4,dalmatian
7124,train,4,dalmatian
7125,train,4,dalmatian
7126,train,4,dalmatian
7127,train,4,dalmatian
7128,train,4,dalmatian
7129,validation,4,dalmatian
7130,validation,4,dalmatian
7131,train,4,dalmatian
7132,train,4,dalmatian
7133,test,4,dalmatian
7134,test,4,dalmatian
7135,train,4,dalmatian
7136,validation,4,dalmatian
7137,validation,4,dalmatian
7138,train,4,dalmatian
7139,train,4,dalmatian
7140,train,4,dalmatian
7141,test,4,dalmatian
7142,train,4,dalmatian
7143,train,4,dalmatian
7144,train,4,dalmatian
7145,test,4,dalmatian
7146,train,4,dalmatian
7147,train,4,dalmatian
7148,train,4,dalmatian
7149,train,4,dalmatian
7150,test,4,dalmatian
7151,train,4,dalmatian
7152,train,4,dalmatian
7153,test,4,dalmatian
7154,validation,4,dalmatian
7155,validation,4,dalmatian
7156,train,4,dalmatian
7157,train,4,dalmatian
7158,train,4,dalmatian
7159,train,4,dalmatian
7160,train,4,dalmatian
7161,train,4,dalmatian
7162,test,4,dalmatian
7163,train,4,dalmatian
7164,validation,4,dalmatian
7165,train,4,dalmatian
7166,train,4,dalmatian
7167,train,4,dalmatian
7168,train,4,dalmatian
7169,test,4,dalmatian
7170,train,4,dalmatian
7171,test,4,dalmatian
7172,test,4,dalmatian
7173,validation,4,dalmatian
7174,train,4,dalmatian
7175,train,4,dalmatian
7176,train,4,dalmatian
7177,validation,4,dalmatian
7178,train,4,dalmatian
7179,train,4,dalmatian
7180,train,4,dalmatian
7181,test,4,dalmatian
7182,train,4,dalmatian
7183,train,4,dalmatian
7184,test,4,dalmatian
7185,train,4,dalmatian
7186,train,4,dalmatian
7187,train,4,dalmatian
7188,train,4,dalmatian
7189,train,4,dalmatian
7190,train,4,dalmatian
7191,train,4,dalmatian
7192,test,4,dalmatian
7193,train,4,dalmatian
7194,test,4,dalmatian
7195,test,4,dalmatian
7196,train,4,dalmatian
7197,train,4,dalmatian
7198,validation,4,dalmatian
7199,train,4,dalmatian
7200,validation,4,dalmatian
7201,validation,4,dalmatian
7202,validation,4,dalmatian
7203,test,4,dalmatian
7204,validation,4,dalmatian
7205,train,4,dalmatian
7206,train,4,dalmatian
7207,validation,4,dalmatian
7208,test,4,dalmatian
7209,test,4,dalmatian
7210,train,4,dalmatian
7211,validation,4,dalmatian
7212,test,4,dalmatian
7213,test,4,dalmatian
7214,validation,4,dalmatian
7215,train,4,dalmatian
7216,train,4,dalmatian
7217,train,4,dalmatian
7218,train,4,dalmatian
7219,test,4,dalmatian
7220,train,4,dalmatian
7221,train,4,dalmatian
7222,train,4,dalmatian
7223,validation,4,dalmatian
7224,train,4,dalmatian
7225,train,4,dalmatian
7226,train,4,dalmatian
7227,test,4,dalmatian
7228,test,4,dalmatian
7229,train,4,dalmatian
7230,train,4,dalmatian
7231,train,4,dalmatian
7232,train,4,dalmatian
7233,test,4,dalmatian
7234,validation,4,dalmatian
7235,train,4,dalmatian
7236,test,4,dalmatian
7237,validation,4,dalmatian
7238,train,4,dalmatian
7239,validation,4,dalmatian
7240,train,4,dalmatian
7241,test,4,dalmatian
7242,test,4,dalmatian
7243,train,4,dalmatian
7244,validation,4,dalmatian
7245,validation,4,dalmatian
7246,train,4,dalmatian
7247,validation,4,dalmatian
7248,train,4,dalmatian
7249,validation,4,dalmatian
7250,validation,4,dalmatian
7251,train,4,dalmatian
7252,validation,4,dalmatian
7253,train,4,dalmatian
7254,validation,4,dalmatian
7255,train,4,dalmatian
7256,train,4,dalmatian
7257,train,4,dalmatian
7258,validation,4,dalmatian
7259,validation,4,dalmatian
7260,train,4,dalmatian
7261,train,4,dalmatian
7262,train,4,dalmatian
7263,validation,4,dalmatian
7264,train,4,dalmatian
7265,test,4,dalmatian
7266,train,4,dalmatian
7267,train,4,dalmatian
7268,validation,4,dalmatian
7269,test,4,dalmatian
7270,train,4,dalmatian
7271,validation,4,dalmatian
7272,train,4,dalmatian
7273,test,4,dalmatian
7274,train,4,dalmatian
7275,train,4,dalmatian
7276,train,4,dalmatian
7277,train,4,dalmatian
7278,train,4,dalmatian
7279,train,4,dalmatian
7280,train,4,dalmatian
7281,train,4,dalmatian
7282,train,4,dalmatian
7283,validation,4,dalmatian
7284,train,4,dalmatian
7285,train,4,dalmatian
7286,train,4,dalmatian
7287,train,4,dalmatian
7288,train,4,dalmatian
7289,validation,4,dalmatian
7290,train,4,dalmatian
7291,train,4,dalmatian
7292,train,4,dalmatian
7293,train,4,dalmatian
7294,train,4,dalmatian
7295,test,4,dalmatian
7296,validation,4,dalmatian
7297,train,4,dalmatian
7298,train,4,dalmatian
7299,train,4,dalmatian
7300,train,4,dalmatian
7301,validation,4,dalmatian
7302,train,4,dalmatian
7303,train,4,dalmatian
7304,train,4,dalmatian
7305,validation,4,dalmatian
7306,train,4,dalmatian
7307,train,4,dalmatian
7308,train,4,dalmatian
7309,train,4,dalmatian
7310,test,4,dalmatian
7311,train,4,dalmatian
7312,train,4,dalmatian
7313,train,4,dalmatian
7314,test,4,dalmatian
7315,validation,4,dalmatian
7316,validation,4,dalmatian
7317,train,4,dalmatian
7318,validation,4,dalmatian
7319,validation,4,dalmatian
7320,train,4,dalmatian
7321,train,4,dalmatian
7322,train,4,dalmatian
7323,train,4,dalmatian
7324,test,4,dalmatian
7325,validation,4,dalmatian
7326,validation,4,dalmatian
7327,train,4,dalmatian
7328,validation,4,dalmatian
7329,train,4,dalmatian
7330,train,4,dalmatian
7331,validation,4,dalmatian
7332,validation,4,dalmatian
7333,validation,4,dalmatian
7334,train,4,dalmatian
7335,train,4,dalmatian
7336,train,4,dalmatian
7337,train,4,dalmatian
7338,train,4,dalmatian
7339,train,4,dalmatian
7340,validation,4,dalmatian
7341,test,4,dalmatian
7342,test,4,dalmatian
7343,validation,4,dalmatian
7344,train,4,dalmatian
7345,train,4,dalmatian
7346,train,4,dalmatian
7347,test,4,dalmatian
7348,train,4,dalmatian
7349,test,4,dalmatian
7350,train,4,dalmatian
7351,test,4,dalmatian
7352,validation,4,dalmatian
7353,train,4,dalmatian
7354,train,4,dalmatian
7355,train,4,dalmatian
7356,train,4,dalmatian
7357,validation,4,dalmatian
7358,train,4,dalmatian
7359,train,4,dalmatian
7360,train,4,dalmatian
7361,validation,4,dalmatian
7362,train,4,dalmatian
7363,test,4,dalmatian
7364,train,4,dalmatian
7365,train,4,dalmatian
7366,validation,4,dalmatian
7367,test,4,dalmatian
7368,train,4,dalmatian
7369,train,4,dalmatian
7370,test,4,dalmatian
7371,train,4,dalmatian
7372,test,4,dalmatian
7373,train,4,dalmatian
7374,test,4,dalmatian
7375,train,4,dalmatian
7376,validation,4,dalmatian
7377,train,4,dalmatian
7378,test,4,dalmatian
7379,train,4,dalmatian
7380,test,4,dalmatian
7381,test,4,dalmatian
7382,validation,4,dalmatian
7383,train,4,dalmatian
7384,train,4,dalmatian
7385,train,4,dalmatian
7386,test,4,dalmatian
7387,train,4,dalmatian
7388,train,4,dalmatian
7389,validation,4,dalmatian
7390,train,4,dalmatian
7391,train,4,dalmatian
7392,train,4,dalmatian
7393,train,4,dalmatian
7394,validation,4,dalmatian
7395,train,4,dalmatian
7396,train,4,dalmatian
7397,test,4,dalmatian
7398,train,4,dalmatian
7399,train,4,dalmatian
7400,train,4,dalmatian
7401,validation,4,dalmatian
7402,train,4,dalmatian
7403,test,4,dalmatian
7404,test,4,dalmatian
7405,train,4,dalmatian
7406,test,4,dalmatian
7407,train,4,dalmatian
7408,train,4,dalmatian
7409,train,4,dalmatian
7410,train,4,dalmatian
7411,train,4,dalmatian
7412,train,4,dalmatian
7413,train,4,dalmatian
7414,test,4,dalmatian
7415,validation,4,dalmatian
7416,train,4,dalmatian
7417,test,4,dalmatian
7418,train,4,dalmatian
7419,train,4,dalmatian
7420,train,4,dalmatian
7421,train,4,dalmatian
7422,validation,4,dalmatian
7423,validation,4,dalmatian
7424,test,4,dalmatian
7425,train,4,dalmatian
7426,test,4,dalmatian
7427,train,4,dalmatian
7428,train,4,dalmatian
7429,train,4,dalmatian
7430,train,4,dalmatian
7431,train,4,dalmatian
7432,train,4,dalmatian
7433,test,4,dalmatian
7434,train,4,dalmatian
7435,train,4,dalmatian
7436,test,4,dalmatian
7437,train,4,dalmatian
7438,validation,4,dalmatian
7439,test,4,dalmatian
7440,train,4,dalmatian
7441,train,4,dalmatian
7442,train,4,dalmatian
7443,test,4,dalmatian
7444,validation,4,dalmatian
7445,train,4,dalmatian
7446,validation,4,dalmatian
7447,train,4,dalmatian
7448,test,4,dalmatian
7449,train,4,dalmatian
7450,validation,4,dalmatian
7451,train,4,dalmatian
7452,test,4,dalmatian
7453,train,4,dalmatian
7454,train,4,dalmatian
7455,test,4,dalmatian
7456,train,4,dalmatian
7457,train,4,dalmatian
7458,train,4,dalmatian
7459,validation,4,dalmatian
7460,validation,4,dalmatian
7461,train,4,dalmatian
7462,train,4,dalmatian
7463,train,4,dalmatian
7464,test,4,dalmatian
7465,train,4,dalmatian
7466,validation,4,dalmatian
7467,train,4,dalmatian
7468,validation,4,dalmatian
7469,validation,4,dalmatian
7470,test,4,dalmatian
7471,train,4,dalmatian
7472,train,4,dalmatian
7473,validation,4,dalmatian
7474,test,4,dalmatian
7475,test,4,dalmatian
7476,test,4,dalmatian
7477,train,4,dalmatian
7478,validation,4,dalmatian
7479,train,4,dalmatian
7480,train,4,dalmatian
7481,train,4,dalmatian
7482,test,4,dalmatian
7483,test,4,dalmatian
7484,test,4,dalmatian
7485,train,4,dalmatian
7486,validation,4,dalmatian
7487,test,4,dalmatian
7488,validation,4,dalmatian
7489,train,4,dalmatian
7490,train,4,dalmatian
7491,test,4,dalmatian
7492,train,4,dalmatian
7493,train,4,dalmatian
7494,train,4,dalmatian
7495,validation,4,dalmatian
7496,validation,4,dalmatian
7497,test,4,dalmatian
7498,test,4,dalmatian
7499,train,4,dalmatian
7500,test,4,dalmatian
7501,test,4,dalmatian
7502,train,4,dalmatian
7503,train,4,dalmatian
7504,validation,4,dalmatian
7505,test,4,dalmatian
7506,train,4,dalmatian
7507,test,4,dalmatian
7508,train,4,dalmatian
7509,train,4,dalmatian
7510,test,4,dalmatian
7511,train,4,dalmatian
7512,validation,4,dalmatian
7513,train,4,dalmatian
7514,train,4,dalmatian
7515,test,4,dalmatian
7516,validation,4,dalmatian
7517,train,4,dalmatian
7518,validation,4,dalmatian
7519,test,4,dalmatian
7520,train,4,dalmatian
7521,train,4,dalmatian
7522,validation,4,dalmatian
7523,train,4,dalmatian
7524,train,4,dalmatian
7525,train,4,dalmatian
7526,train,4,dalmatian
7527,train,4,dalmatian
7528,validation,4,dalmatian
7529,train,4,dalmatian
7530,train,4,dalmatian
7531,train,39,deer
7532,train,39,deer
7533,train,39,deer
7534,test,39,deer
7535,train,39,deer
7536,test,39,deer
7537,train,39,deer
7538,train,39,deer
7539,test,39,deer
7540,validation,39,deer
7541,train,39,deer
7542,train,39,deer
7543,train,39,deer
7544,validation,39,deer
7545,test,39,deer
7546,train,39,deer
7547,test,39,deer
7548,validation,39,deer
7549,train,39,deer
7550,train,39,deer
7551,train,39,deer
7552,validation,39,deer
7553,validation,39,deer
7554,train,39,deer
7555,train,39,deer
7556,test,39,deer
7557,validation,39,deer
7558,train,39,deer
7559,train,39,deer
7560,test,39,deer
7561,train,39,deer
7562,test,39,deer
7563,validation,39,deer
7564,train,39,deer
7565,validation,39,deer
7566,train,39,deer
7567,test,39,deer
7568,train,39,deer
7569,train,39,deer
7570,train,39,deer
7571,train,39,deer
7572,validation,39,deer
7573,test,39,deer
7574,test,39,deer
7575,train,39,deer
7576,validation,39,deer
7577,train,39,deer
7578,train,39,deer
7579,test,39,deer
7580,train,39,deer
7581,test,39,deer
7582,train,39,deer
7583,train,39,deer
7584,test,39,deer
7585,validation,39,deer
7586,test,39,deer
7587,train,39,deer
7588,train,39,deer
7589,train,39,deer
7590,train,39,deer
7591,train,39,deer
7592,train,39,deer
7593,train,39,deer
7594,test,39,deer
7595,validation,39,deer
7596,train,39,deer
7597,validation,39,deer
7598,train,39,deer
7599,validation,39,deer
7600,train,39,deer
7601,test,39,deer
7602,validation,39,deer
7603,validation,39,deer
7604,test,39,deer
7605,train,39,deer
7606,train,39,deer
7607,test,39,deer
7608,validation,39,deer
7609,test,39,deer
7610,validation,39,deer
7611,train,39,deer
7612,test,39,deer
7613,validation,39,deer
7614,validation,39,deer
7615,test,39,deer
7616,train,39,deer
7617,train,39,deer
7618,test,39,deer
7619,validation,39,deer
7620,train,39,deer
7621,validation,39,deer
7622,test,39,deer
7623,train,39,deer
7624,validation,39,deer
7625,validation,39,deer
7626,test,39,deer
7627,train,39,deer
7628,train,39,deer
7629,test,39,deer
7630,test,39,deer
7631,validation,39,deer
7632,train,39,deer
7633,validation,39,deer
7634,train,39,deer
7635,validation,39,deer
7636,train,39,deer
7637,train,39,deer
7638,test,39,deer
7639,train,39,deer
7640,test,39,deer
7641,train,39,deer
7642,train,39,deer
7643,validation,39,deer
7644,test,39,deer
7645,train,39,deer
7646,test,39,deer
7647,validation,39,deer
7648,train,39,deer
7649,test,39,deer
7650,train,39,deer
7651,test,39,deer
7652,train,39,deer
7653,train,39,deer
7654,train,39,deer
7655,train,39,deer
7656,validation,39,deer
7657,validation,39,deer
7658,validation,39,deer
7659,validation,39,deer
7660,train,39,deer
7661,train,39,deer
7662,test,39,deer
7663,train,39,deer
7664,train,39,deer
7665,validation,39,deer
7666,train,39,deer
7667,validation,39,deer
7668,train,39,deer
7669,test,39,deer
7670,validation,39,deer
7671,test,39,deer
7672,train,39,deer
7673,test,39,deer
7674,train,39,deer
7675,train,39,deer
7676,test,39,deer
7677,train,39,deer
7678,train,39,deer
7679,test,39,deer
7680,train,39,deer
7681,validation,39,deer
7682,train,39,deer
7683,train,39,deer
7684,train,39,deer
7685,train,39,deer
7686,validation,39,deer
7687,train,39,deer
7688,train,39,deer
7689,test,39,deer
7690,train,39,deer
7691,train,39,deer
7692,test,39,deer
7693,train,39,deer
7694,validation,39,deer
7695,validation,39,deer
7696,train,39,deer
7697,validation,39,deer
7698,train,39,deer
7699,train,39,deer
7700,train,39,deer
7701,validation,39,deer
7702,train,39,deer
7703,train,39,deer
7704,validation,39,deer
7705,test,39,deer
7706,train,39,deer
7707,train,39,deer
7708,train,39,deer
7709,test,39,deer
7710,test,39,deer
7711,train,39,deer
7712,train,39,deer
7713,test,39,deer
7714,train,39,deer
7715,train,39,deer
7716,test,39,deer
7717,train,39,deer
7718,train,39,deer
7719,train,39,deer
7720,train,39,deer
7721,train,39,deer
7722,train,39,deer
7723,train,39,deer
7724,train,39,deer
7725,train,39,deer
7726,validation,39,deer
7727,test,39,deer
7728,validation,39,deer
7729,validation,39,deer
7730,validation,39,deer
7731,train,39,deer
7732,test,39,deer
7733,validation,39,deer
7734,train,39,deer
7735,train,39,deer
7736,test,39,deer
7737,train,39,deer
7738,train,39,deer
7739,train,39,deer
7740,test,39,deer
7741,train,39,deer
7742,train,39,deer
7743,train,39,deer
7744,train,39,deer
7745,train,39,deer
7746,train,39,deer
7747,test,39,deer
7748,train,39,deer
7749,validation,39,deer
7750,train,39,deer
7751,train,39,deer
7752,train,39,deer
7753,train,39,deer
7754,validation,39,deer
7755,train,39,deer
7756,train,39,deer
7757,train,39,deer
7758,train,39,deer
7759,validation,39,deer
7760,train,39,deer
7761,train,39,deer
7762,train,39,deer
7763,train,39,deer
7764,test,39,deer
7765,train,39,deer
7766,train,39,deer
7767,validation,39,deer
7768,train,39,deer
7769,train,39,deer
7770,test,39,deer
7771,train,39,deer
7772,train,39,deer
7773,test,39,deer
7774,test,39,deer
7775,train,39,deer
7776,train,39,deer
7777,validation,39,deer
7778,test,39,deer
7779,train,39,deer
7780,train,39,deer
7781,train,39,deer
7782,train,39,deer
7783,test,39,deer
7784,test,39,deer
7785,train,39,deer
7786,train,39,deer
7787,train,39,deer
7788,validation,39,deer
7789,train,39,deer
7790,test,39,deer
7791,train,39,deer
7792,validation,39,deer
7793,train,39,deer
7794,validation,39,deer
7795,train,39,deer
7796,validation,39,deer
7797,train,39,deer
7798,validation,39,deer
7799,train,39,deer
7800,test,39,deer
7801,train,39,deer
7802,validation,39,deer
7803,train,39,deer
7804,train,39,deer
7805,train,39,deer
7806,validation,39,deer
7807,train,39,deer
7808,train,39,deer
7809,train,39,deer
7810,train,39,deer
7811,train,39,deer
7812,train,39,deer
7813,train,39,deer
7814,train,39,deer
7815,train,39,deer
7816,train,39,deer
7817,train,39,deer
7818,train,39,deer
7819,validation,39,deer
7820,train,39,deer
7821,validation,39,deer
7822,test,39,deer
7823,validation,39,deer
7824,train,39,deer
7825,validation,39,deer
7826,test,39,deer
7827,train,39,deer
7828,test,39,deer
7829,train,39,deer
7830,train,39,deer
7831,train,39,deer
7832,validation,39,deer
7833,validation,39,deer
7834,train,39,deer
7835,train,39,deer
7836,validation,39,deer
7837,train,39,deer
7838,train,39,deer
7839,train,39,deer
7840,train,39,deer
7841,validation,39,deer
7842,test,39,deer
7843,train,39,deer
7844,train,39,deer
7845,train,39,deer
7846,validation,39,deer
7847,train,39,deer
7848,train,39,deer
7849,train,39,deer
7850,train,39,deer
7851,train,39,deer
7852,test,39,deer
7853,train,39,deer
7854,validation,39,deer
7855,train,39,deer
7856,train,39,deer
7857,validation,39,deer
7858,train,39,deer
7859,test,39,deer
7860,train,39,deer
7861,train,39,deer
7862,train,39,deer
7863,validation,39,deer
7864,train,39,deer
7865,train,39,deer
7866,test,39,deer
7867,train,39,deer
7868,train,39,deer
7869,test,39,deer
7870,test,39,deer
7871,train,39,deer
7872,test,39,deer
7873,test,39,deer
7874,train,39,deer
7875,test,39,deer
7876,validation,39,deer
7877,train,39,deer
7878,train,39,deer
7879,train,39,deer
7880,train,39,deer
7881,train,39,deer
7882,validation,39,deer
7883,test,39,deer
7884,train,39,deer
7885,test,39,deer
7886,test,39,deer
7887,test,39,deer
7888,validation,39,deer
7889,train,39,deer
7890,train,39,deer
7891,test,39,deer
7892,validation,39,deer
7893,validation,39,deer
7894,test,39,deer
7895,train,39,deer
7896,train,39,deer
7897,test,39,deer
7898,test,39,deer
7899,train,39,deer
7900,test,39,deer
7901,train,39,deer
7902,validation,39,deer
7903,train,39,deer
7904,test,39,deer
7905,test,39,deer
7906,test,39,deer
7907,validation,39,deer
7908,validation,39,deer
7909,train,39,deer
7910,train,39,deer
7911,train,39,deer
7912,train,39,deer
7913,train,39,deer
7914,train,39,deer
7915,train,39,deer
7916,train,39,deer
7917,train,39,deer
7918,validation,39,deer
7919,train,39,deer
7920,train,39,deer
7921,train,39,deer
7922,train,39,deer
7923,train,39,deer
7924,train,39,deer
7925,validation,39,deer
7926,train,39,deer
7927,test,39,deer
7928,train,39,deer
7929,validation,39,deer
7930,train,39,deer
7931,train,39,deer
7932,train,39,deer
7933,test,39,deer
7934,train,39,deer
7935,train,39,deer
7936,validation,39,deer
7937,train,39,deer
7938,train,39,deer
7939,train,39,deer
7940,validation,39,deer
7941,train,39,deer
7942,validation,39,deer
7943,validation,39,deer
7944,train,39,deer
7945,test,39,deer
7946,train,39,deer
7947,train,39,deer
7948,train,39,deer
7949,train,39,deer
7950,validation,39,deer
7951,validation,39,deer
7952,test,39,deer
7953,test,39,deer
7954,train,39,deer
7955,validation,39,deer
7956,train,39,deer
7957,train,39,deer
7958,train,39,deer
7959,validation,39,deer
7960,validation,39,deer
7961,train,39,deer
7962,train,39,deer
7963,test,39,deer
7964,test,39,deer
7965,test,39,deer
7966,train,39,deer
7967,train,39,deer
7968,train,39,deer
7969,train,39,deer
7970,validation,39,deer
7971,train,39,deer
7972,train,39,deer
7973,train,39,deer
7974,validation,39,deer
7975,train,39,deer
7976,train,39,deer
7977,validation,39,deer
7978,validation,39,deer
7979,test,39,deer
7980,train,39,deer
7981,train,39,deer
7982,validation,39,deer
7983,train,39,deer
7984,train,39,deer
7985,test,39,deer
7986,train,39,deer
7987,test,39,deer
7988,train,39,deer
7989,validation,39,deer
7990,train,39,deer
7991,train,39,deer
7992,train,39,deer
7993,train,39,deer
7994,train,39,deer
7995,train,39,deer
7996,train,39,deer
7997,train,39,deer
7998,test,39,deer
7999,train,39,deer
8000,validation,39,deer
8001,train,39,deer
8002,train,39,deer
8003,train,39,deer
8004,train,39,deer
8005,validation,39,deer
8006,train,39,deer
8007,validation,39,deer
8008,train,39,deer
8009,train,39,deer
8010,train,39,deer
8011,train,39,deer
8012,train,39,deer
8013,train,39,deer
8014,train,39,deer
8015,train,39,deer
8016,train,39,deer
8017,validation,39,deer
8018,train,39,deer
8019,validation,39,deer
8020,train,39,deer
8021,train,39,deer
8022,train,39,deer
8023,validation,39,deer
8024,test,39,deer
8025,train,39,deer
8026,train,39,deer
8027,validation,39,deer
8028,train,39,deer
8029,validation,39,deer
8030,train,39,deer
8031,train,39,deer
8032,train,39,deer
8033,validation,39,deer
8034,train,39,deer
8035,train,39,deer
8036,validation,39,deer
8037,train,39,deer
8038,validation,39,deer
8039,validation,39,deer
8040,train,39,deer
8041,train,39,deer
8042,validation,39,deer
8043,validation,39,deer
8044,test,39,deer
8045,train,39,deer
8046,train,39,deer
8047,validation,39,deer
8048,train,39,deer
8049,train,39,deer
8050,train,39,deer
8051,test,39,deer
8052,train,39,deer
8053,train,39,deer
8054,validation,39,deer
8055,train,39,deer
8056,validation,39,deer
8057,train,39,deer
8058,test,39,deer
8059,train,39,deer
8060,train,39,deer
8061,train,39,deer
8062,train,39,deer
8063,test,39,deer
8064,train,39,deer
8065,train,39,deer
8066,test,39,deer
8067,validation,39,deer
8068,train,39,deer
8069,test,39,deer
8070,train,39,deer
8071,train,39,deer
8072,validation,39,deer
8073,validation,39,deer
8074,validation,39,deer
8075,train,39,deer
8076,test,39,deer
8077,train,39,deer
8078,train,39,deer
8079,test,39,deer
8080,train,39,deer
8081,test,39,deer
8082,train,39,deer
8083,validation,39,deer
8084,validation,39,deer
8085,train,39,deer
8086,test,39,deer
8087,validation,39,deer
8088,test,39,deer
8089,train,39,deer
8090,test,39,deer
8091,train,39,deer
8092,train,39,deer
8093,train,39,deer
8094,validation,39,deer
8095,train,39,deer
8096,test,39,deer
8097,train,39,deer
8098,test,39,deer
8099,validation,39,deer
8100,test,39,deer
8101,train,39,deer
8102,train,39,deer
8103,validation,39,deer
8104,validation,39,deer
8105,test,39,deer
8106,train,39,deer
8107,validation,39,deer
8108,validation,39,deer
8109,train,39,deer
8110,validation,39,deer
8111,train,39,deer
8112,test,39,deer
8113,train,39,deer
8114,train,39,deer
8115,validation,39,deer
8116,test,39,deer
8117,train,39,deer
8118,validation,39,deer
8119,train,39,deer
8120,train,39,deer
8121,train,39,deer
8122,validation,39,deer
8123,test,39,deer
8124,validation,39,deer
8125,validation,39,deer
8126,train,39,deer
8127,train,39,deer
8128,train,39,deer
8129,train,39,deer
8130,train,39,deer
8131,train,39,deer
8132,train,39,deer
8133,train,39,deer
8134,train,39,deer
8135,train,39,deer
8136,train,39,deer
8137,validation,39,deer
8138,train,39,deer
8139,train,39,deer
8140,validation,39,deer
8141,train,39,deer
8142,test,39,deer
8143,test,39,deer
8144,test,39,deer
8145,train,39,deer
8146,train,39,deer
8147,validation,39,deer
8148,train,39,deer
8149,train,39,deer
8150,test,39,deer
8151,validation,39,deer
8152,train,39,deer
8153,test,39,deer
8154,test,39,deer
8155,train,39,deer
8156,validation,39,deer
8157,train,39,deer
8158,test,39,deer
8159,validation,39,deer
8160,validation,39,deer
8161,train,39,deer
8162,test,39,deer
8163,train,39,deer
8164,train,39,deer
8165,validation,39,deer
8166,train,39,deer
8167,test,39,deer
8168,validation,39,deer
8169,train,39,deer
8170,test,39,deer
8171,validation,39,deer
8172,train,39,deer
8173,train,39,deer
8174,train,39,deer
8175,validation,39,deer
8176,train,39,deer
8177,train,39,deer
8178,train,39,deer
8179,train,39,deer
8180,test,39,deer
8181,train,39,deer
8182,train,39,deer
8183,validation,39,deer
8184,validation,39,deer
8185,train,39,deer
8186,test,39,deer
8187,validation,39,deer
8188,train,39,deer
8189,train,39,deer
8190,train,39,deer
8191,train,39,deer
8192,validation,39,deer
8193,validation,39,deer
8194,train,39,deer
8195,test,39,deer
8196,train,39,deer
8197,validation,39,deer
8198,train,39,deer
8199,train,39,deer
8200,train,39,deer
8201,train,39,deer
8202,validation,39,deer
8203,train,39,deer
8204,validation,39,deer
8205,test,39,deer
8206,validation,39,deer
8207,train,39,deer
8208,validation,39,deer
8209,train,39,deer
8210,validation,39,deer
8211,validation,39,deer
8212,train,39,deer
8213,train,39,deer
8214,train,39,deer
8215,test,39,deer
8216,test,39,deer
8217,train,39,deer
8218,validation,39,deer
8219,test,39,deer
8220,test,39,deer
8221,train,39,deer
8222,train,39,deer
8223,train,39,deer
8224,train,39,deer
8225,train,39,deer
8226,train,39,deer
8227,train,39,deer
8228,train,39,deer
8229,test,39,deer
8230,train,39,deer
8231,test,39,deer
8232,train,39,deer
8233,train,39,deer
8234,train,39,deer
8235,validation,39,deer
8236,validation,39,deer
8237,train,39,deer
8238,train,39,deer
8239,train,39,deer
8240,train,39,deer
8241,train,39,deer
8242,train,39,deer
8243,train,39,deer
8244,validation,39,deer
8245,train,39,deer
8246,train,39,deer
8247,train,39,deer
8248,train,39,deer
8249,test,39,deer
8250,validation,39,deer
8251,train,39,deer
8252,train,39,deer
8253,train,39,deer
8254,test,39,deer
8255,test,39,deer
8256,test,39,deer
8257,train,39,deer
8258,train,39,deer
8259,test,39,deer
8260,train,39,deer
8261,test,39,deer
8262,train,39,deer
8263,train,39,deer
8264,train,39,deer
8265,validation,39,deer
8266,test,39,deer
8267,train,39,deer
8268,test,39,deer
8269,test,39,deer
8270,test,39,deer
8271,test,39,deer
8272,test,39,deer
8273,train,39,deer
8274,train,39,deer
8275,train,39,deer
8276,validation,39,deer
8277,train,39,deer
8278,train,39,deer
8279,train,39,deer
8280,train,39,deer
8281,test,39,deer
8282,train,39,deer
8283,train,39,deer
8284,test,39,deer
8285,train,39,deer
8286,train,39,deer
8287,test,39,deer
8288,validation,39,deer
8289,train,39,deer
8290,validation,39,deer
8291,train,39,deer
8292,train,39,deer
8293,train,39,deer
8294,train,39,deer
8295,test,39,deer
8296,test,39,deer
8297,test,39,deer
8298,train,39,deer
8299,train,39,deer
8300,validation,39,deer
8301,test,39,deer
8302,validation,39,deer
8303,validation,39,deer
8304,validation,39,deer
8305,validation,39,deer
8306,test,39,deer
8307,validation,39,deer
8308,train,39,deer
8309,train,39,deer
8310,train,39,deer
8311,train,39,deer
8312,train,39,deer
8313,train,39,deer
8314,train,39,deer
8315,train,39,deer
8316,train,39,deer
8317,train,39,deer
8318,train,39,deer
8319,validation,39,deer
8320,test,39,deer
8321,train,39,deer
8322,train,39,deer
8323,test,39,deer
8324,test,39,deer
8325,train,39,deer
8326,test,39,deer
8327,test,39,deer
8328,validation,39,deer
8329,train,39,deer
8330,train,39,deer
8331,test,39,deer
8332,train,39,deer
8333,train,39,deer
8334,validation,39,deer
8335,train,39,deer
8336,train,39,deer
8337,train,39,deer
8338,train,39,deer
8339,validation,39,deer
8340,validation,39,deer
8341,train,39,deer
8342,test,39,deer
8343,test,39,deer
8344,train,39,deer
8345,train,39,deer
8346,train,39,deer
8347,test,39,deer
8348,train,39,deer
8349,test,39,deer
8350,train,39,deer
8351,train,39,deer
8352,train,39,deer
8353,train,39,deer
8354,test,39,deer
8355,validation,39,deer
8356,train,39,deer
8357,train,39,deer
8358,train,39,deer
8359,test,39,deer
8360,test,39,deer
8361,train,39,deer
8362,train,39,deer
8363,train,39,deer
8364,test,39,deer
8365,train,39,deer
8366,train,39,deer
8367,train,39,deer
8368,train,39,deer
8369,train,39,deer
8370,train,39,deer
8371,train,39,deer
8372,train,39,deer
8373,train,39,deer
8374,train,39,deer
8375,validation,39,deer
8376,test,39,deer
8377,train,39,deer
8378,test,39,deer
8379,train,39,deer
8380,train,39,deer
8381,train,39,deer
8382,test,39,deer
8383,train,39,deer
8384,test,39,deer
8385,test,39,deer
8386,train,39,deer
8387,test,39,deer
8388,train,39,deer
8389,train,39,deer
8390,train,39,deer
8391,test,39,deer
8392,test,39,deer
8393,validation,39,deer
8394,validation,39,deer
8395,train,39,deer
8396,test,39,deer
8397,test,39,deer
8398,train,39,deer
8399,validation,39,deer
8400,validation,39,deer
8401,validation,39,deer
8402,train,39,deer
8403,train,39,deer
8404,train,39,deer
8405,train,39,deer
8406,validation,39,deer
8407,validation,39,deer
8408,train,39,deer
8409,train,39,deer
8410,validation,39,deer
8411,test,39,deer
8412,train,39,deer
8413,train,39,deer
8414,train,39,deer
8415,train,39,deer
8416,test,39,deer
8417,validation,39,deer
8418,train,39,deer
8419,train,39,deer
8420,train,39,deer
8421,train,39,deer
8422,train,39,deer
8423,train,39,deer
8424,train,39,deer
8425,train,39,deer
8426,validation,39,deer
8427,train,39,deer
8428,train,39,deer
8429,train,39,deer
8430,test,39,deer
8431,train,39,deer
8432,train,39,deer
8433,test,39,deer
8434,train,39,deer
8435,train,39,deer
8436,train,39,deer
8437,train,39,deer
8438,test,39,deer
8439,train,39,deer
8440,test,39,deer
8441,train,39,deer
8442,train,39,deer
8443,train,39,deer
8444,train,39,deer
8445,test,39,deer
8446,train,39,deer
8447,train,39,deer
8448,validation,39,deer
8449,train,39,deer
8450,train,39,deer
8451,train,39,deer
8452,train,39,deer
8453,train,39,deer
8454,validation,39,deer
8455,train,39,deer
8456,train,39,deer
8457,test,39,deer
8458,train,39,deer
8459,train,39,deer
8460,train,39,deer
8461,test,39,deer
8462,train,39,deer
8463,test,39,deer
8464,train,39,deer
8465,train,39,deer
8466,test,39,deer
8467,train,39,deer
8468,train,39,deer
8469,validation,39,deer
8470,train,39,deer
8471,test,39,deer
8472,train,39,deer
8473,train,39,deer
8474,train,39,deer
8475,train,39,deer
8476,train,39,deer
8477,train,39,deer
8478,train,39,deer
8479,train,39,deer
8480,train,39,deer
8481,train,39,deer
8482,validation,39,deer
8483,train,39,deer
8484,validation,39,deer
8485,validation,39,deer
8486,test,39,deer
8487,train,39,deer
8488,train,39,deer
8489,validation,39,deer
8490,train,39,deer
8491,validation,39,deer
8492,train,39,deer
8493,train,39,deer
8494,train,39,deer
8495,test,39,deer
8496,test,39,deer
8497,train,39,deer
8498,train,39,deer
8499,train,39,deer
8500,validation,39,deer
8501,train,39,deer
8502,train,39,deer
8503,train,39,deer
8504,test,39,deer
8505,train,39,deer
8506,train,39,deer
8507,validation,39,deer
8508,train,39,deer
8509,train,39,deer
8510,train,39,deer
8511,train,39,deer
8512,validation,39,deer
8513,test,39,deer
8514,train,39,deer
8515,train,39,deer
8516,validation,39,deer
8517,train,39,deer
8518,train,39,deer
8519,test,39,deer
8520,train,39,deer
8521,validation,39,deer
8522,train,39,deer
8523,train,39,deer
8524,train,39,deer
8525,train,39,deer
8526,test,39,deer
8527,train,39,deer
8528,train,39,deer
8529,train,39,deer
8530,test,39,deer
8531,train,39,deer
8532,train,39,deer
8533,train,39,deer
8534,train,39,deer
8535,train,39,deer
8536,test,39,deer
8537,validation,39,deer
8538,train,39,deer
8539,train,39,deer
8540,train,39,deer
8541,train,39,deer
8542,test,39,deer
8543,train,39,deer
8544,validation,39,deer
8545,train,39,deer
8546,train,39,deer
8547,validation,39,deer
8548,train,39,deer
8549,validation,39,deer
8550,validation,39,deer
8551,train,39,deer
8552,train,39,deer
8553,validation,39,deer
8554,train,39,deer
8555,train,39,deer
8556,validation,39,deer
8557,train,39,deer
8558,validation,39,deer
8559,train,39,deer
8560,train,39,deer
8561,train,39,deer
8562,train,39,deer
8563,test,39,deer
8564,train,39,deer
8565,validation,39,deer
8566,train,39,deer
8567,validation,39,deer
8568,validation,39,deer
8569,train,39,deer
8570,validation,39,deer
8571,train,39,deer
8572,train,39,deer
8573,train,39,deer
8574,test,39,deer
8575,train,39,deer
8576,test,39,deer
8577,validation,39,deer
8578,validation,39,deer
8579,test,39,deer
8580,test,39,deer
8581,validation,39,deer
8582,train,39,deer
8583,train,39,deer
8584,train,39,deer
8585,test,39,deer
8586,train,39,deer
8587,train,39,deer
8588,validation,39,deer
8589,train,39,deer
8590,train,39,deer
8591,train,39,deer
8592,validation,39,deer
8593,train,39,deer
8594,train,39,deer
8595,train,39,deer
8596,test,39,deer
8597,test,39,deer
8598,train,39,deer
8599,train,39,deer
8600,train,39,deer
8601,train,39,deer
8602,train,39,deer
8603,validation,39,deer
8604,train,39,deer
8605,train,39,deer
8606,train,39,deer
8607,train,39,deer
8608,test,39,deer
8609,train,39,deer
8610,train,39,deer
8611,train,39,deer
8612,train,39,deer
8613,test,39,deer
8614,train,39,deer
8615,train,39,deer
8616,validation,39,deer
8617,train,39,deer
8618,train,39,deer
8619,validation,39,deer
8620,train,39,deer
8621,train,39,deer
8622,validation,39,deer
8623,train,39,deer
8624,test,39,deer
8625,train,39,deer
8626,validation,39,deer
8627,validation,39,deer
8628,train,39,deer
8629,test,39,deer
8630,test,39,deer
8631,train,39,deer
8632,train,39,deer
8633,test,39,deer
8634,train,39,deer
8635,train,39,deer
8636,test,39,deer
8637,validation,39,deer
8638,train,39,deer
8639,test,39,deer
8640,train,39,deer
8641,train,39,deer
8642,validation,39,deer
8643,train,39,deer
8644,train,39,deer
8645,train,39,deer
8646,test,39,deer
8647,test,39,deer
8648,train,39,deer
8649,train,39,deer
8650,test,39,deer
8651,train,39,deer
8652,train,39,deer
8653,train,39,deer
8654,test,39,deer
8655,validation,39,deer
8656,train,39,deer
8657,train,39,deer
8658,train,39,deer
8659,train,39,deer
8660,test,39,deer
8661,train,39,deer
8662,train,39,deer
8663,train,39,deer
8664,validation,39,deer
8665,train,39,deer
8666,test,39,deer
8667,train,39,deer
8668,train,39,deer
8669,train,39,deer
8670,train,39,deer
8671,train,39,deer
8672,train,39,deer
8673,train,39,deer
8674,train,39,deer
8675,train,39,deer
8676,train,39,deer
8677,test,39,deer
8678,test,39,deer
8679,train,39,deer
8680,train,39,deer
8681,test,39,deer
8682,train,39,deer
8683,test,39,deer
8684,train,39,deer
8685,train,39,deer
8686,validation,39,deer
8687,train,39,deer
8688,train,39,deer
8689,train,39,deer
8690,train,39,deer
8691,test,39,deer
8692,train,39,deer
8693,test,39,deer
8694,validation,39,deer
8695,test,39,deer
8696,validation,39,deer
8697,train,39,deer
8698,train,39,deer
8699,validation,39,deer
8700,validation,39,deer
8701,validation,39,deer
8702,train,39,deer
8703,validation,39,deer
8704,test,39,deer
8705,train,39,deer
8706,validation,39,deer
8707,train,39,deer
8708,train,39,deer
8709,train,39,deer
8710,validation,39,deer
8711,test,39,deer
8712,train,39,deer
8713,train,39,deer
8714,train,39,deer
8715,test,39,deer
8716,train,39,deer
8717,train,39,deer
8718,train,39,deer
8719,train,39,deer
8720,train,39,deer
8721,train,39,deer
8722,train,39,deer
8723,train,39,deer
8724,train,39,deer
8725,test,39,deer
8726,validation,39,deer
8727,train,39,deer
8728,train,39,deer
8729,test,39,deer
8730,train,39,deer
8731,validation,39,deer
8732,train,39,deer
8733,validation,39,deer
8734,train,39,deer
8735,train,39,deer
8736,test,39,deer
8737,validation,39,deer
8738,train,39,deer
8739,test,39,deer
8740,train,39,deer
8741,test,39,deer
8742,test,39,deer
8743,train,39,deer
8744,test,39,deer
8745,validation,39,deer
8746,train,39,deer
8747,test,39,deer
8748,train,39,deer
8749,train,39,deer
8750,train,39,deer
8751,train,39,deer
8752,train,39,deer
8753,train,39,deer
8754,test,39,deer
8755,train,39,deer
8756,train,39,deer
8757,train,39,deer
8758,validation,39,deer
8759,train,39,deer
8760,validation,39,deer
8761,train,39,deer
8762,train,39,deer
8763,validation,39,deer
8764,validation,39,deer
8765,train,39,deer
8766,validation,39,deer
8767,train,39,deer
8768,train,39,deer
8769,train,39,deer
8770,test,39,deer
8771,train,39,deer
8772,train,39,deer
8773,train,39,deer
8774,train,39,deer
8775,test,39,deer
8776,train,39,deer
8777,validation,39,deer
8778,validation,39,deer
8779,train,39,deer
8780,validation,39,deer
8781,train,39,deer
8782,train,39,deer
8783,test,39,deer
8784,test,39,deer
8785,train,39,deer
8786,test,39,deer
8787,test,39,deer
8788,test,39,deer
8789,train,39,deer
8790,test,39,deer
8791,validation,39,deer
8792,train,39,deer
8793,train,39,deer
8794,train,39,deer
8795,train,39,deer
8796,test,39,deer
8797,train,39,deer
8798,train,39,deer
8799,test,39,deer
8800,test,39,deer
8801,test,39,deer
8802,test,39,deer
8803,train,39,deer
8804,validation,39,deer
8805,train,39,deer
8806,test,39,deer
8807,test,39,deer
8808,test,39,deer
8809,test,39,deer
8810,train,39,deer
8811,train,39,deer
8812,train,39,deer
8813,train,39,deer
8814,train,39,deer
8815,train,39,deer
8816,train,39,deer
8817,train,39,deer
8818,validation,39,deer
8819,test,39,deer
8820,train,39,deer
8821,train,39,deer
8822,validation,39,deer
8823,validation,39,deer
8824,train,39,deer
8825,validation,39,deer
8826,validation,39,deer
8827,test,39,deer
8828,test,39,deer
8829,train,39,deer
8830,validation,39,deer
8831,train,39,deer
8832,train,39,deer
8833,train,39,deer
8834,test,39,deer
8835,validation,39,deer
8836,validation,39,deer
8837,train,39,deer
8838,train,39,deer
8839,train,39,deer
8840,train,39,deer
8841,validation,39,deer
8842,train,39,deer
8843,train,39,deer
8844,test,39,deer
8845,train,39,deer
8846,train,39,deer
8847,test,39,deer
8848,validation,39,deer
8849,train,39,deer
8850,validation,39,deer
8851,train,39,deer
8852,train,39,deer
8853,validation,39,deer
8854,test,39,deer
8855,train,39,deer
8856,validation,39,deer
8857,train,39,deer
8858,train,39,deer
8859,train,39,deer
8860,train,39,deer
8861,train,39,deer
8862,train,39,deer
8863,train,39,deer
8864,train,39,deer
8865,train,39,deer
8866,validation,39,deer
8867,train,39,deer
8868,test,39,deer
8869,validation,39,deer
8870,train,39,deer
8871,test,39,deer
8872,train,39,deer
8873,train,39,deer
8874,validation,39,deer
8875,validation,49,dolphin
8876,train,49,dolphin
8877,train,49,dolphin
8878,train,49,dolphin
8879,validation,49,dolphin
8880,train,49,dolphin
8881,validation,49,dolphin
8882,validation,49,dolphin
8883,train,49,dolphin
8884,validation,49,dolphin
8885,validation,49,dolphin
8886,train,49,dolphin
8887,train,49,dolphin
8888,test,49,dolphin
8889,train,49,dolphin
8890,train,49,dolphin
8891,train,49,dolphin
8892,train,49,dolphin
8893,test,49,dolphin
8894,test,49,dolphin
8895,test,49,dolphin
8896,validation,49,dolphin
8897,test,49,dolphin
8898,train,49,dolphin
8899,train,49,dolphin
8900,train,49,dolphin
8901,validation,49,dolphin
8902,train,49,dolphin
8903,train,49,dolphin
8904,train,49,dolphin
8905,train,49,dolphin
8906,train,49,dolphin
8907,train,49,dolphin
8908,validation,49,dolphin
8909,train,49,dolphin
8910,train,49,dolphin
8911,test,49,dolphin
8912,train,49,dolphin
8913,train,49,dolphin
8914,validation,49,dolphin
8915,train,49,dolphin
8916,train,49,dolphin
8917,validation,49,dolphin
8918,test,49,dolphin
8919,test,49,dolphin
8920,train,49,dolphin
8921,train,49,dolphin
8922,train,49,dolphin
8923,train,49,dolphin
8924,train,49,dolphin
8925,train,49,dolphin
8926,train,49,dolphin
8927,train,49,dolphin
8928,train,49,dolphin
8929,validation,49,dolphin
8930,train,49,dolphin
8931,train,49,dolphin
8932,train,49,dolphin
8933,train,49,dolphin
8934,validation,49,dolphin
8935,train,49,dolphin
8936,train,49,dolphin
8937,train,49,dolphin
8938,train,49,dolphin
8939,test,49,dolphin
8940,train,49,dolphin
8941,train,49,dolphin
8942,validation,49,dolphin
8943,train,49,dolphin
8944,validation,49,dolphin
8945,train,49,dolphin
8946,test,49,dolphin
8947,validation,49,dolphin
8948,train,49,dolphin
8949,train,49,dolphin
8950,validation,49,dolphin
8951,train,49,dolphin
8952,validation,49,dolphin
8953,train,49,dolphin
8954,validation,49,dolphin
8955,train,49,dolphin
8956,test,49,dolphin
8957,train,49,dolphin
8958,train,49,dolphin
8959,train,49,dolphin
8960,train,49,dolphin
8961,train,49,dolphin
8962,train,49,dolphin
8963,train,49,dolphin
8964,train,49,dolphin
8965,train,49,dolphin
8966,train,49,dolphin
8967,test,49,dolphin
8968,train,49,dolphin
8969,train,49,dolphin
8970,train,49,dolphin
8971,train,49,dolphin
8972,validation,49,dolphin
8973,train,49,dolphin
8974,test,49,dolphin
8975,train,49,dolphin
8976,validation,49,dolphin
8977,train,49,dolphin
8978,test,49,dolphin
8979,validation,49,dolphin
8980,test,49,dolphin
8981,validation,49,dolphin
8982,train,49,dolphin
8983,train,49,dolphin
8984,test,49,dolphin
8985,validation,49,dolphin
8986,train,49,dolphin
8987,validation,49,dolphin
8988,validation,49,dolphin
8989,validation,49,dolphin
8990,train,49,dolphin
8991,test,49,dolphin
8992,train,49,dolphin
8993,train,49,dolphin
8994,train,49,dolphin
8995,test,49,dolphin
8996,train,49,dolphin
8997,train,49,dolphin
8998,train,49,dolphin
8999,test,49,dolphin
9000,validation,49,dolphin
9001,test,49,dolphin
9002,validation,49,dolphin
9003,validation,49,dolphin
9004,train,49,dolphin
9005,train,49,dolphin
9006,train,49,dolphin
9007,validation,49,dolphin
9008,train,49,dolphin
9009,train,49,dolphin
9010,test,49,dolphin
9011,validation,49,dolphin
9012,validation,49,dolphin
9013,test,49,dolphin
9014,test,49,dolphin
9015,validation,49,dolphin
9016,validation,49,dolphin
9017,train,49,dolphin
9018,train,49,dolphin
9019,train,49,dolphin
9020,train,49,dolphin
9021,train,49,dolphin
9022,train,49,dolphin
9023,train,49,dolphin
9024,train,49,dolphin
9025,validation,49,dolphin
9026,train,49,dolphin
9027,train,49,dolphin
9028,train,49,dolphin
9029,validation,49,dolphin
9030,train,49,dolphin
9031,train,49,dolphin
9032,test,49,dolphin
9033,validation,49,dolphin
9034,validation,49,dolphin
9035,train,49,dolphin
9036,train,49,dolphin
9037,train,49,dolphin
9038,train,49,dolphin
9039,train,49,dolphin
9040,test,49,dolphin
9041,train,49,dolphin
9042,train,49,dolphin
9043,train,49,dolphin
9044,train,49,dolphin
9045,test,49,dolphin
9046,validation,49,dolphin
9047,train,49,dolphin
9048,validation,49,dolphin
9049,train,49,dolphin
9050,train,49,dolphin
9051,train,49,dolphin
9052,test,49,dolphin
9053,train,49,dolphin
9054,validation,49,dolphin
9055,train,49,dolphin
9056,train,49,dolphin
9057,train,49,dolphin
9058,validation,49,dolphin
9059,test,49,dolphin
9060,validation,49,dolphin
9061,train,49,dolphin
9062,train,49,dolphin
9063,test,49,dolphin
9064,train,49,dolphin
9065,train,49,dolphin
9066,test,49,dolphin
9067,train,49,dolphin
9068,train,49,dolphin
9069,train,49,dolphin
9070,train,49,dolphin
9071,validation,49,dolphin
9072,validation,49,dolphin
9073,test,49,dolphin
9074,test,49,dolphin
9075,train,49,dolphin
9076,validation,49,dolphin
9077,train,49,dolphin
9078,train,49,dolphin
9079,train,49,dolphin
9080,test,49,dolphin
9081,test,49,dolphin
9082,train,49,dolphin
9083,train,49,dolphin
9084,train,49,dolphin
9085,train,49,dolphin
9086,validation,49,dolphin
9087,test,49,dolphin
9088,train,49,dolphin
9089,test,49,dolphin
9090,test,49,dolphin
9091,validation,49,dolphin
9092,train,49,dolphin
9093,test,49,dolphin
9094,test,49,dolphin
9095,train,49,dolphin
9096,train,49,dolphin
9097,validation,49,dolphin
9098,validation,49,dolphin
9099,train,49,dolphin
9100,train,49,dolphin
9101,train,49,dolphin
9102,train,49,dolphin
9103,train,49,dolphin
9104,test,49,dolphin
9105,test,49,dolphin
9106,validation,49,dolphin
9107,test,49,dolphin
9108,train,49,dolphin
9109,test,49,dolphin
9110,train,49,dolphin
9111,validation,49,dolphin
9112,validation,49,dolphin
9113,test,49,dolphin
9114,test,49,dolphin
9115,train,49,dolphin
9116,train,49,dolphin
9117,train,49,dolphin
9118,test,49,dolphin
9119,validation,49,dolphin
9120,validation,49,dolphin
9121,test,49,dolphin
9122,train,49,dolphin
9123,test,49,dolphin
9124,train,49,dolphin
9125,train,49,dolphin
9126,test,49,dolphin
9127,train,49,dolphin
9128,train,49,dolphin
9129,train,49,dolphin
9130,test,49,dolphin
9131,train,49,dolphin
9132,train,49,dolphin
9133,train,49,dolphin
9134,test,49,dolphin
9135,train,49,dolphin
9136,train,49,dolphin
9137,validation,49,dolphin
9138,validation,49,dolphin
9139,validation,49,dolphin
9140,validation,49,dolphin
9141,train,49,dolphin
9142,train,49,dolphin
9143,validation,49,dolphin
9144,train,49,dolphin
9145,test,49,dolphin
9146,train,49,dolphin
9147,train,49,dolphin
9148,test,49,dolphin
9149,train,49,dolphin
9150,train,49,dolphin
9151,test,49,dolphin
9152,train,49,dolphin
9153,train,49,dolphin
9154,train,49,dolphin
9155,train,49,dolphin
9156,train,49,dolphin
9157,train,49,dolphin
9158,train,49,dolphin
9159,validation,49,dolphin
9160,test,49,dolphin
9161,train,49,dolphin
9162,train,49,dolphin
9163,train,49,dolphin
9164,test,49,dolphin
9165,train,49,dolphin
9166,train,49,dolphin
9167,validation,49,dolphin
9168,train,49,dolphin
9169,test,49,dolphin
9170,test,49,dolphin
9171,test,49,dolphin
9172,train,49,dolphin
9173,train,49,dolphin
9174,train,49,dolphin
9175,train,49,dolphin
9176,train,49,dolphin
9177,train,49,dolphin
9178,test,49,dolphin
9179,train,49,dolphin
9180,train,49,dolphin
9181,test,49,dolphin
9182,validation,49,dolphin
9183,validation,49,dolphin
9184,train,49,dolphin
9185,test,49,dolphin
9186,train,49,dolphin
9187,test,49,dolphin
9188,test,49,dolphin
9189,train,49,dolphin
9190,test,49,dolphin
9191,train,49,dolphin
9192,train,49,dolphin
9193,train,49,dolphin
9194,train,49,dolphin
9195,train,49,dolphin
9196,train,49,dolphin
9197,train,49,dolphin
9198,train,49,dolphin
9199,train,49,dolphin
9200,train,49,dolphin
9201,validation,49,dolphin
9202,train,49,dolphin
9203,test,49,dolphin
9204,test,49,dolphin
9205,validation,49,dolphin
9206,validation,49,dolphin
9207,train,49,dolphin
9208,train,49,dolphin
9209,train,49,dolphin
9210,train,49,dolphin
9211,train,49,dolphin
9212,validation,49,dolphin
9213,validation,49,dolphin
9214,train,49,dolphin
9215,test,49,dolphin
9216,train,49,dolphin
9217,test,49,dolphin
9218,train,49,dolphin
9219,validation,49,dolphin
9220,train,49,dolphin
9221,validation,49,dolphin
9222,train,49,dolphin
9223,validation,49,dolphin
9224,test,49,dolphin
9225,train,49,dolphin
9226,validation,49,dolphin
9227,test,49,dolphin
9228,train,49,dolphin
9229,train,49,dolphin
9230,train,49,dolphin
9231,train,49,dolphin
9232,train,49,dolphin
9233,test,49,dolphin
9234,train,49,dolphin
9235,validation,49,dolphin
9236,train,49,dolphin
9237,train,49,dolphin
9238,test,49,dolphin
9239,validation,49,dolphin
9240,test,49,dolphin
9241,train,49,dolphin
9242,train,49,dolphin
9243,train,49,dolphin
9244,test,49,dolphin
9245,test,49,dolphin
9246,train,49,dolphin
9247,train,49,dolphin
9248,train,49,dolphin
9249,train,49,dolphin
9250,train,49,dolphin
9251,train,49,dolphin
9252,validation,49,dolphin
9253,validation,49,dolphin
9254,train,49,dolphin
9255,train,49,dolphin
9256,train,49,dolphin
9257,validation,49,dolphin
9258,train,49,dolphin
9259,validation,49,dolphin
9260,validation,49,dolphin
9261,validation,49,dolphin
9262,train,49,dolphin
9263,train,49,dolphin
9264,train,49,dolphin
9265,train,49,dolphin
9266,train,49,dolphin
9267,train,49,dolphin
9268,train,49,dolphin
9269,test,49,dolphin
9270,train,49,dolphin
9271,train,49,dolphin
9272,validation,49,dolphin
9273,train,49,dolphin
9274,validation,49,dolphin
9275,test,49,dolphin
9276,train,49,dolphin
9277,train,49,dolphin
9278,train,49,dolphin
9279,train,49,dolphin
9280,validation,49,dolphin
9281,train,49,dolphin
9282,train,49,dolphin
9283,train,49,dolphin
9284,test,49,dolphin
9285,test,49,dolphin
9286,train,49,dolphin
9287,train,49,dolphin
9288,train,49,dolphin
9289,train,49,dolphin
9290,validation,49,dolphin
9291,train,49,dolphin
9292,test,49,dolphin
9293,train,49,dolphin
9294,train,49,dolphin
9295,train,49,dolphin
9296,validation,49,dolphin
9297,train,49,dolphin
9298,test,49,dolphin
9299,train,49,dolphin
9300,train,49,dolphin
9301,train,49,dolphin
9302,validation,49,dolphin
9303,train,49,dolphin
9304,validation,49,dolphin
9305,train,49,dolphin
9306,validation,49,dolphin
9307,test,49,dolphin
9308,train,49,dolphin
9309,train,49,dolphin
9310,validation,49,dolphin
9311,train,49,dolphin
9312,validation,49,dolphin
9313,train,49,dolphin
9314,train,49,dolphin
9315,test,49,dolphin
9316,train,49,dolphin
9317,train,49,dolphin
9318,train,49,dolphin
9319,test,49,dolphin
9320,train,49,dolphin
9321,train,49,dolphin
9322,validation,49,dolphin
9323,test,49,dolphin
9324,train,49,dolphin
9325,train,49,dolphin
9326,train,49,dolphin
9327,test,49,dolphin
9328,train,49,dolphin
9329,train,49,dolphin
9330,train,49,dolphin
9331,validation,49,dolphin
9332,train,49,dolphin
9333,test,49,dolphin
9334,train,49,dolphin
9335,train,49,dolphin
9336,train,49,dolphin
9337,validation,49,dolphin
9338,train,49,dolphin
9339,train,49,dolphin
9340,train,49,dolphin
9341,train,49,dolphin
9342,train,49,dolphin
9343,train,49,dolphin
9344,train,49,dolphin
9345,train,49,dolphin
9346,validation,49,dolphin
9347,train,49,dolphin
9348,validation,49,dolphin
9349,test,49,dolphin
9350,validation,49,dolphin
9351,train,49,dolphin
9352,train,49,dolphin
9353,validation,49,dolphin
9354,train,49,dolphin
9355,train,49,dolphin
9356,test,49,dolphin
9357,train,49,dolphin
9358,validation,49,dolphin
9359,train,49,dolphin
9360,train,49,dolphin
9361,train,49,dolphin
9362,train,49,dolphin
9363,train,49,dolphin
9364,train,49,dolphin
9365,train,49,dolphin
9366,test,49,dolphin
9367,validation,49,dolphin
9368,train,49,dolphin
9369,test,49,dolphin
9370,test,49,dolphin
9371,train,49,dolphin
9372,train,49,dolphin
9373,train,49,dolphin
9374,train,49,dolphin
9375,train,49,dolphin
9376,train,49,dolphin
9377,test,49,dolphin
9378,validation,49,dolphin
9379,validation,49,dolphin
9380,train,49,dolphin
9381,validation,49,dolphin
9382,train,49,dolphin
9383,train,49,dolphin
9384,train,49,dolphin
9385,train,49,dolphin
9386,validation,49,dolphin
9387,train,49,dolphin
9388,validation,49,dolphin
9389,train,49,dolphin
9390,validation,49,dolphin
9391,test,49,dolphin
9392,train,49,dolphin
9393,train,49,dolphin
9394,train,49,dolphin
9395,train,49,dolphin
9396,train,49,dolphin
9397,train,49,dolphin
9398,validation,49,dolphin
9399,test,49,dolphin
9400,test,49,dolphin
9401,validation,49,dolphin
9402,validation,49,dolphin
9403,train,49,dolphin
9404,validation,49,dolphin
9405,train,49,dolphin
9406,train,49,dolphin
9407,train,49,dolphin
9408,validation,49,dolphin
9409,train,49,dolphin
9410,validation,49,dolphin
9411,train,49,dolphin
9412,train,49,dolphin
9413,test,49,dolphin
9414,train,49,dolphin
9415,test,49,dolphin
9416,validation,49,dolphin
9417,train,49,dolphin
9418,train,49,dolphin
9419,train,49,dolphin
9420,validation,49,dolphin
9421,train,49,dolphin
9422,train,49,dolphin
9423,train,49,dolphin
9424,train,49,dolphin
9425,train,49,dolphin
9426,train,49,dolphin
9427,train,49,dolphin
9428,train,49,dolphin
9429,test,49,dolphin
9430,test,49,dolphin
9431,test,49,dolphin
9432,test,49,dolphin
9433,test,49,dolphin
9434,train,49,dolphin
9435,train,49,dolphin
9436,train,49,dolphin
9437,train,49,dolphin
9438,test,49,dolphin
9439,train,49,dolphin
9440,train,49,dolphin
9441,validation,49,dolphin
9442,test,49,dolphin
9443,train,49,dolphin
9444,train,49,dolphin
9445,train,49,dolphin
9446,validation,49,dolphin
9447,test,49,dolphin
9448,validation,49,dolphin
9449,validation,49,dolphin
9450,train,49,dolphin
9451,train,49,dolphin
9452,train,49,dolphin
9453,train,49,dolphin
9454,train,49,dolphin
9455,train,49,dolphin
9456,train,49,dolphin
9457,test,49,dolphin
9458,test,49,dolphin
9459,validation,49,dolphin
9460,test,49,dolphin
9461,train,49,dolphin
9462,test,49,dolphin
9463,train,49,dolphin
9464,train,49,dolphin
9465,train,49,dolphin
9466,train,49,dolphin
9467,test,49,dolphin
9468,train,49,dolphin
9469,test,49,dolphin
9470,train,49,dolphin
9471,validation,49,dolphin
9472,train,49,dolphin
9473,test,49,dolphin
9474,train,49,dolphin
9475,validation,49,dolphin
9476,train,49,dolphin
9477,validation,49,dolphin
9478,train,49,dolphin
9479,test,49,dolphin
9480,validation,49,dolphin
9481,test,49,dolphin
9482,train,49,dolphin
9483,validation,49,dolphin
9484,train,49,dolphin
9485,train,49,dolphin
9486,train,49,dolphin
9487,validation,49,dolphin
9488,validation,49,dolphin
9489,train,49,dolphin
9490,validation,49,dolphin
9491,test,49,dolphin
9492,train,49,dolphin
9493,test,49,dolphin
9494,validation,49,dolphin
9495,test,49,dolphin
9496,test,49,dolphin
9497,train,49,dolphin
9498,train,49,dolphin
9499,test,49,dolphin
9500,train,49,dolphin
9501,validation,49,dolphin
9502,test,49,dolphin
9503,validation,49,dolphin
9504,train,49,dolphin
9505,validation,49,dolphin
9506,train,49,dolphin
9507,train,49,dolphin
9508,train,49,dolphin
9509,train,49,dolphin
9510,train,49,dolphin
9511,validation,49,dolphin
9512,test,49,dolphin
9513,train,49,dolphin
9514,train,49,dolphin
9515,train,49,dolphin
9516,test,49,dolphin
9517,train,49,dolphin
9518,train,49,dolphin
9519,train,49,dolphin
9520,validation,49,dolphin
9521,test,49,dolphin
9522,train,49,dolphin
9523,validation,49,dolphin
9524,train,49,dolphin
9525,train,49,dolphin
9526,train,49,dolphin
9527,validation,49,dolphin
9528,test,49,dolphin
9529,validation,49,dolphin
9530,train,49,dolphin
9531,train,49,dolphin
9532,validation,49,dolphin
9533,train,49,dolphin
9534,train,49,dolphin
9535,train,49,dolphin
9536,train,49,dolphin
9537,train,49,dolphin
9538,validation,49,dolphin
9539,validation,49,dolphin
9540,test,49,dolphin
9541,validation,49,dolphin
9542,train,49,dolphin
9543,test,49,dolphin
9544,train,49,dolphin
9545,train,49,dolphin
9546,validation,49,dolphin
9547,validation,49,dolphin
9548,train,49,dolphin
9549,validation,49,dolphin
9550,test,49,dolphin
9551,train,49,dolphin
9552,test,49,dolphin
9553,train,49,dolphin
9554,train,49,dolphin
9555,test,49,dolphin
9556,train,49,dolphin
9557,train,49,dolphin
9558,train,49,dolphin
9559,train,49,dolphin
9560,train,49,dolphin
9561,train,49,dolphin
9562,train,49,dolphin
9563,train,49,dolphin
9564,train,49,dolphin
9565,train,49,dolphin
9566,train,49,dolphin
9567,test,49,dolphin
9568,train,49,dolphin
9569,train,49,dolphin
9570,train,49,dolphin
9571,train,49,dolphin
9572,validation,49,dolphin
9573,validation,49,dolphin
9574,train,49,dolphin
9575,validation,49,dolphin
9576,train,49,dolphin
9577,validation,49,dolphin
9578,train,49,dolphin
9579,train,49,dolphin
9580,train,49,dolphin
9581,train,49,dolphin
9582,train,49,dolphin
9583,test,49,dolphin
9584,train,49,dolphin
9585,test,49,dolphin
9586,train,49,dolphin
9587,train,49,dolphin
9588,validation,49,dolphin
9589,train,49,dolphin
9590,train,49,dolphin
9591,test,49,dolphin
9592,test,49,dolphin
9593,test,49,dolphin
9594,test,49,dolphin
9595,train,49,dolphin
9596,train,49,dolphin
9597,train,49,dolphin
9598,train,49,dolphin
9599,validation,49,dolphin
9600,train,49,dolphin
9601,train,49,dolphin
9602,train,49,dolphin
9603,train,49,dolphin
9604,train,49,dolphin
9605,train,49,dolphin
9606,train,49,dolphin
9607,validation,49,dolphin
9608,train,49,dolphin
9609,train,49,dolphin
9610,train,49,dolphin
9611,train,49,dolphin
9612,test,49,dolphin
9613,test,49,dolphin
9614,train,49,dolphin
9615,train,49,dolphin
9616,train,49,dolphin
9617,train,49,dolphin
9618,test,49,dolphin
9619,test,49,dolphin
9620,train,49,dolphin
9621,train,49,dolphin
9622,train,49,dolphin
9623,test,49,dolphin
9624,train,49,dolphin
9625,train,49,dolphin
9626,train,49,dolphin
9627,validation,49,dolphin
9628,train,49,dolphin
9629,validation,49,dolphin
9630,validation,49,dolphin
9631,test,49,dolphin
9632,test,49,dolphin
9633,test,49,dolphin
9634,validation,49,dolphin
9635,test,49,dolphin
9636,train,49,dolphin
9637,test,49,dolphin
9638,train,49,dolphin
9639,test,49,dolphin
9640,train,49,dolphin
9641,train,49,dolphin
9642,train,49,dolphin
9643,test,49,dolphin
9644,validation,49,dolphin
9645,train,49,dolphin
9646,validation,49,dolphin
9647,train,49,dolphin
9648,validation,49,dolphin
9649,train,49,dolphin
9650,train,49,dolphin
9651,test,49,dolphin
9652,test,49,dolphin
9653,train,49,dolphin
9654,train,49,dolphin
9655,train,49,dolphin
9656,validation,49,dolphin
9657,train,49,dolphin
9658,train,49,dolphin
9659,validation,49,dolphin
9660,train,49,dolphin
9661,train,49,dolphin
9662,train,49,dolphin
9663,test,49,dolphin
9664,train,49,dolphin
9665,train,49,dolphin
9666,train,49,dolphin
9667,validation,49,dolphin
9668,validation,49,dolphin
9669,validation,49,dolphin
9670,test,49,dolphin
9671,test,49,dolphin
9672,validation,49,dolphin
9673,test,49,dolphin
9674,validation,49,dolphin
9675,train,49,dolphin
9676,test,49,dolphin
9677,train,49,dolphin
9678,train,49,dolphin
9679,test,49,dolphin
9680,validation,49,dolphin
9681,train,49,dolphin
9682,train,49,dolphin
9683,train,49,dolphin
9684,train,49,dolphin
9685,test,49,dolphin
9686,train,49,dolphin
9687,train,49,dolphin
9688,train,49,dolphin
9689,train,49,dolphin
9690,train,49,dolphin
9691,train,49,dolphin
9692,train,49,dolphin
9693,test,49,dolphin
9694,train,49,dolphin
9695,train,49,dolphin
9696,train,49,dolphin
9697,train,49,dolphin
9698,test,49,dolphin
9699,train,49,dolphin
9700,test,49,dolphin
9701,train,49,dolphin
9702,train,49,dolphin
9703,train,49,dolphin
9704,test,49,dolphin
9705,train,49,dolphin
9706,train,49,dolphin
9707,validation,49,dolphin
9708,train,49,dolphin
9709,train,49,dolphin
9710,train,49,dolphin
9711,validation,49,dolphin
9712,validation,49,dolphin
9713,validation,49,dolphin
9714,train,49,dolphin
9715,train,49,dolphin
9716,validation,49,dolphin
9717,test,49,dolphin
9718,train,49,dolphin
9719,train,49,dolphin
9720,train,49,dolphin
9721,train,49,dolphin
9722,train,49,dolphin
9723,train,49,dolphin
9724,train,49,dolphin
9725,train,49,dolphin
9726,validation,49,dolphin
9727,train,49,dolphin
9728,train,49,dolphin
9729,train,49,dolphin
9730,train,49,dolphin
9731,train,49,dolphin
9732,validation,49,dolphin
9733,validation,49,dolphin
9734,validation,49,dolphin
9735,test,49,dolphin
9736,train,49,dolphin
9737,validation,49,dolphin
9738,test,49,dolphin
9739,validation,49,dolphin
9740,test,49,dolphin
9741,test,49,dolphin
9742,train,49,dolphin
9743,train,49,dolphin
9744,train,49,dolphin
9745,train,49,dolphin
9746,validation,49,dolphin
9747,train,49,dolphin
9748,test,49,dolphin
9749,train,49,dolphin
9750,train,49,dolphin
9751,train,49,dolphin
9752,train,49,dolphin
9753,validation,49,dolphin
9754,train,49,dolphin
9755,test,49,dolphin
9756,validation,49,dolphin
9757,train,49,dolphin
9758,train,49,dolphin
9759,train,49,dolphin
9760,test,49,dolphin
9761,train,49,dolphin
9762,test,49,dolphin
9763,train,49,dolphin
9764,train,49,dolphin
9765,train,49,dolphin
9766,test,49,dolphin
9767,validation,49,dolphin
9768,test,49,dolphin
9769,train,49,dolphin
9770,test,49,dolphin
9771,train,49,dolphin
9772,test,49,dolphin
9773,train,49,dolphin
9774,train,49,dolphin
9775,test,49,dolphin
9776,validation,49,dolphin
9777,test,49,dolphin
9778,train,49,dolphin
9779,train,49,dolphin
9780,test,49,dolphin
9781,test,49,dolphin
9782,validation,49,dolphin
9783,train,49,dolphin
9784,test,49,dolphin
9785,test,49,dolphin
9786,train,49,dolphin
9787,train,49,dolphin
9788,test,49,dolphin
9789,test,49,dolphin
9790,train,49,dolphin
9791,validation,49,dolphin
9792,validation,49,dolphin
9793,train,49,dolphin
9794,train,49,dolphin
9795,validation,49,dolphin
9796,train,49,dolphin
9797,test,49,dolphin
9798,test,49,dolphin
9799,train,49,dolphin
9800,train,49,dolphin
9801,train,49,dolphin
9802,train,49,dolphin
9803,train,49,dolphin
9804,train,49,dolphin
9805,validation,49,dolphin
9806,validation,49,dolphin
9807,train,49,dolphin
9808,validation,49,dolphin
9809,train,49,dolphin
9810,train,49,dolphin
9811,test,49,dolphin
9812,train,49,dolphin
9813,test,49,dolphin
9814,train,49,dolphin
9815,train,49,dolphin
9816,test,49,dolphin
9817,train,49,dolphin
9818,train,49,dolphin
9819,train,49,dolphin
9820,train,49,dolphin
9821,train,18,elephant
9822,train,18,elephant
9823,train,18,elephant
9824,train,18,elephant
9825,test,18,elephant
9826,train,18,elephant
9827,train,18,elephant
9828,test,18,elephant
9829,train,18,elephant
9830,test,18,elephant
9831,train,18,elephant
9832,test,18,elephant
9833,train,18,elephant
9834,test,18,elephant
9835,train,18,elephant
9836,train,18,elephant
9837,train,18,elephant
9838,validation,18,elephant
9839,validation,18,elephant
9840,train,18,elephant
9841,train,18,elephant
9842,test,18,elephant
9843,train,18,elephant
9844,validation,18,elephant
9845,train,18,elephant
9846,test,18,elephant
9847,train,18,elephant
9848,train,18,elephant
9849,validation,18,elephant
9850,train,18,elephant
9851,test,18,elephant
9852,train,18,elephant
9853,train,18,elephant
9854,test,18,elephant
9855,train,18,elephant
9856,train,18,elephant
9857,validation,18,elephant
9858,train,18,elephant
9859,train,18,elephant
9860,test,18,elephant
9861,train,18,elephant
9862,train,18,elephant
9863,train,18,elephant
9864,train,18,elephant
9865,test,18,elephant
9866,train,18,elephant
9867,train,18,elephant
9868,train,18,elephant
9869,train,18,elephant
9870,train,18,elephant
9871,train,18,elephant
9872,train,18,elephant
9873,train,18,elephant
9874,validation,18,elephant
9875,train,18,elephant
9876,train,18,elephant
9877,validation,18,elephant
9878,train,18,elephant
9879,validation,18,elephant
9880,train,18,elephant
9881,train,18,elephant
9882,train,18,elephant
9883,train,18,elephant
9884,train,18,elephant
9885,train,18,elephant
9886,train,18,elephant
9887,train,18,elephant
9888,train,18,elephant
9889,test,18,elephant
9890,train,18,elephant
9891,train,18,elephant
9892,validation,18,elephant
9893,train,18,elephant
9894,train,18,elephant
9895,train,18,elephant
9896,train,18,elephant
9897,test,18,elephant
9898,train,18,elephant
9899,train,18,elephant
9900,test,18,elephant
9901,test,18,elephant
9902,train,18,elephant
9903,validation,18,elephant
9904,train,18,elephant
9905,validation,18,elephant
9906,validation,18,elephant
9907,train,18,elephant
9908,train,18,elephant
9909,train,18,elephant
9910,train,18,elephant
9911,train,18,elephant
9912,validation,18,elephant
9913,validation,18,elephant
9914,validation,18,elephant
9915,test,18,elephant
9916,train,18,elephant
9917,train,18,elephant
9918,train,18,elephant
9919,test,18,elephant
9920,train,18,elephant
9921,train,18,elephant
9922,train,18,elephant
9923,train,18,elephant
9924,train,18,elephant
9925,train,18,elephant
9926,train,18,elephant
9927,train,18,elephant
9928,test,18,elephant
9929,train,18,elephant
9930,train,18,elephant
9931,train,18,elephant
9932,test,18,elephant
9933,train,18,elephant
9934,train,18,elephant
9935,train,18,elephant
9936,validation,18,elephant
9937,train,18,elephant
9938,train,18,elephant
9939,train,18,elephant
9940,train,18,elephant
9941,validation,18,elephant
9942,test,18,elephant
9943,train,18,elephant
9944,train,18,elephant
9945,train,18,elephant
9946,train,18,elephant
9947,train,18,elephant
9948,validation,18,elephant
9949,train,18,elephant
9950,train,18,elephant
9951,validation,18,elephant
9952,train,18,elephant
9953,train,18,elephant
9954,test,18,elephant
9955,test,18,elephant
9956,train,18,elephant
9957,test,18,elephant
9958,train,18,elephant
9959,validation,18,elephant
9960,test,18,elephant
9961,train,18,elephant
9962,train,18,elephant
9963,train,18,elephant
9964,train,18,elephant
9965,train,18,elephant
9966,validation,18,elephant
9967,train,18,elephant
9968,train,18,elephant
9969,test,18,elephant
9970,train,18,elephant
9971,train,18,elephant
9972,train,18,elephant
9973,train,18,elephant
9974,test,18,elephant
9975,train,18,elephant
9976,train,18,elephant
9977,test,18,elephant
9978,test,18,elephant
9979,validation,18,elephant
9980,train,18,elephant
9981,train,18,elephant
9982,train,18,elephant
9983,train,18,elephant
9984,train,18,elephant
9985,validation,18,elephant
9986,test,18,elephant
9987,validation,18,elephant
9988,train,18,elephant
9989,train,18,elephant
9990,test,18,elephant
9991,validation,18,elephant
9992,test,18,elephant
9993,train,18,elephant
9994,train,18,elephant
9995,validation,18,elephant
9996,test,18,elephant
9997,train,18,elephant
9998,validation,18,elephant
9999,test,18,elephant
10000,validation,18,elephant
10001,test,18,elephant
10002,validation,18,elephant
10003,train,18,elephant
10004,validation,18,elephant
10005,train,18,elephant
10006,train,18,elephant
10007,train,18,elephant
10008,train,18,elephant
10009,train,18,elephant
10010,test,18,elephant
10011,train,18,elephant
10012,validation,18,elephant
10013,train,18,elephant
10014,train,18,elephant
10015,train,18,elephant
10016,test,18,elephant
10017,train,18,elephant
10018,train,18,elephant
10019,train,18,elephant
10020,train,18,elephant
10021,train,18,elephant
10022,test,18,elephant
10023,train,18,elephant
10024,train,18,elephant
10025,train,18,elephant
10026,train,18,elephant
10027,train,18,elephant
10028,test,18,elephant
10029,train,18,elephant
10030,validation,18,elephant
10031,validation,18,elephant
10032,train,18,elephant
10033,test,18,elephant
10034,train,18,elephant
10035,train,18,elephant
10036,validation,18,elephant
10037,test,18,elephant
10038,test,18,elephant
10039,train,18,elephant
10040,train,18,elephant
10041,validation,18,elephant
10042,train,18,elephant
10043,train,18,elephant
10044,train,18,elephant
10045,train,18,elephant
10046,train,18,elephant
10047,test,18,elephant
10048,train,18,elephant
10049,train,18,elephant
10050,train,18,elephant
10051,train,18,elephant
10052,train,18,elephant
10053,validation,18,elephant
10054,test,18,elephant
10055,validation,18,elephant
10056,train,18,elephant
10057,train,18,elephant
10058,validation,18,elephant
10059,train,18,elephant
10060,train,18,elephant
10061,train,18,elephant
10062,test,18,elephant
10063,validation,18,elephant
10064,validation,18,elephant
10065,train,18,elephant
10066,train,18,elephant
10067,test,18,elephant
10068,train,18,elephant
10069,test,18,elephant
10070,train,18,elephant
10071,validation,18,elephant
10072,validation,18,elephant
10073,test,18,elephant
10074,validation,18,elephant
10075,test,18,elephant
10076,validation,18,elephant
10077,test,18,elephant
10078,train,18,elephant
10079,train,18,elephant
10080,test,18,elephant
10081,train,18,elephant
10082,train,18,elephant
10083,train,18,elephant
10084,train,18,elephant
10085,test,18,elephant
10086,validation,18,elephant
10087,train,18,elephant
10088,test,18,elephant
10089,train,18,elephant
10090,train,18,elephant
10091,validation,18,elephant
10092,test,18,elephant
10093,validation,18,elephant
10094,train,18,elephant
10095,train,18,elephant
10096,train,18,elephant
10097,train,18,elephant
10098,train,18,elephant
10099,train,18,elephant
10100,test,18,elephant
10101,test,18,elephant
10102,validation,18,elephant
10103,train,18,elephant
10104,train,18,elephant
10105,train,18,elephant
10106,train,18,elephant
10107,train,18,elephant
10108,train,18,elephant
10109,train,18,elephant
10110,train,18,elephant
10111,train,18,elephant
10112,train,18,elephant
10113,validation,18,elephant
10114,train,18,elephant
10115,train,18,elephant
10116,train,18,elephant
10117,train,18,elephant
10118,test,18,elephant
10119,train,18,elephant
10120,test,18,elephant
10121,train,18,elephant
10122,train,18,elephant
10123,train,18,elephant
10124,test,18,elephant
10125,train,18,elephant
10126,test,18,elephant
10127,train,18,elephant
10128,test,18,elephant
10129,test,18,elephant
10130,train,18,elephant
10131,validation,18,elephant
10132,train,18,elephant
10133,train,18,elephant
10134,train,18,elephant
10135,train,18,elephant
10136,test,18,elephant
10137,validation,18,elephant
10138,validation,18,elephant
10139,test,18,elephant
10140,train,18,elephant
10141,train,18,elephant
10142,test,18,elephant
10143,validation,18,elephant
10144,train,18,elephant
10145,test,18,elephant
10146,train,18,elephant
10147,test,18,elephant
10148,train,18,elephant
10149,train,18,elephant
10150,test,18,elephant
10151,train,18,elephant
10152,train,18,elephant
10153,train,18,elephant
10154,validation,18,elephant
10155,train,18,elephant
10156,validation,18,elephant
10157,train,18,elephant
10158,train,18,elephant
10159,validation,18,elephant
10160,train,18,elephant
10161,validation,18,elephant
10162,validation,18,elephant
10163,validation,18,elephant
10164,train,18,elephant
10165,train,18,elephant
10166,test,18,elephant
10167,test,18,elephant
10168,test,18,elephant
10169,validation,18,elephant
10170,train,18,elephant
10171,train,18,elephant
10172,train,18,elephant
10173,test,18,elephant
10174,train,18,elephant
10175,train,18,elephant
10176,train,18,elephant
10177,validation,18,elephant
10178,train,18,elephant
10179,validation,18,elephant
10180,validation,18,elephant
10181,train,18,elephant
10182,train,18,elephant
10183,train,18,elephant
10184,test,18,elephant
10185,validation,18,elephant
10186,validation,18,elephant
10187,train,18,elephant
10188,test,18,elephant
10189,train,18,elephant
10190,train,18,elephant
10191,validation,18,elephant
10192,train,18,elephant
10193,validation,18,elephant
10194,train,18,elephant
10195,test,18,elephant
10196,train,18,elephant
10197,train,18,elephant
10198,validation,18,elephant
10199,test,18,elephant
10200,train,18,elephant
10201,test,18,elephant
10202,validation,18,elephant
10203,train,18,elephant
10204,train,18,elephant
10205,validation,18,elephant
10206,train,18,elephant
10207,train,18,elephant
10208,validation,18,elephant
10209,train,18,elephant
10210,validation,18,elephant
10211,test,18,elephant
10212,train,18,elephant
10213,train,18,elephant
10214,test,18,elephant
10215,train,18,elephant
10216,train,18,elephant
10217,train,18,elephant
10218,test,18,elephant
10219,test,18,elephant
10220,validation,18,elephant
10221,test,18,elephant
10222,train,18,elephant
10223,train,18,elephant
10224,train,18,elephant
10225,train,18,elephant
10226,train,18,elephant
10227,train,18,elephant
10228,train,18,elephant
10229,train,18,elephant
10230,train,18,elephant
10231,train,18,elephant
10232,test,18,elephant
10233,test,18,elephant
10234,train,18,elephant
10235,test,18,elephant
10236,validation,18,elephant
10237,test,18,elephant
10238,validation,18,elephant
10239,train,18,elephant
10240,test,18,elephant
10241,test,18,elephant
10242,train,18,elephant
10243,validation,18,elephant
10244,test,18,elephant
10245,train,18,elephant
10246,train,18,elephant
10247,train,18,elephant
10248,train,18,elephant
10249,train,18,elephant
10250,train,18,elephant
10251,train,18,elephant
10252,train,18,elephant
10253,train,18,elephant
10254,train,18,elephant
10255,validation,18,elephant
10256,train,18,elephant
10257,test,18,elephant
10258,validation,18,elephant
10259,train,18,elephant
10260,train,18,elephant
10261,train,18,elephant
10262,train,18,elephant
10263,test,18,elephant
10264,train,18,elephant
10265,train,18,elephant
10266,validation,18,elephant
10267,test,18,elephant
10268,test,18,elephant
10269,train,18,elephant
10270,train,18,elephant
10271,train,18,elephant
10272,train,18,elephant
10273,train,18,elephant
10274,validation,18,elephant
10275,train,18,elephant
10276,train,18,elephant
10277,train,18,elephant
10278,validation,18,elephant
10279,test,18,elephant
10280,validation,18,elephant
10281,train,18,elephant
10282,train,18,elephant
10283,train,18,elephant
10284,test,18,elephant
10285,train,18,elephant
10286,validation,18,elephant
10287,train,18,elephant
10288,train,18,elephant
10289,train,18,elephant
10290,train,18,elephant
10291,train,18,elephant
10292,validation,18,elephant
10293,validation,18,elephant
10294,validation,18,elephant
10295,test,18,elephant
10296,train,18,elephant
10297,train,18,elephant
10298,train,18,elephant
10299,train,18,elephant
10300,validation,18,elephant
10301,train,18,elephant
10302,test,18,elephant
10303,train,18,elephant
10304,train,18,elephant
10305,test,18,elephant
10306,train,18,elephant
10307,validation,18,elephant
10308,train,18,elephant
10309,train,18,elephant
10310,train,18,elephant
10311,test,18,elephant
10312,validation,18,elephant
10313,train,18,elephant
10314,train,18,elephant
10315,train,18,elephant
10316,train,18,elephant
10317,train,18,elephant
10318,train,18,elephant
10319,test,18,elephant
10320,test,18,elephant
10321,train,18,elephant
10322,train,18,elephant
10323,train,18,elephant
10324,train,18,elephant
10325,train,18,elephant
10326,train,18,elephant
10327,train,18,elephant
10328,validation,18,elephant
10329,validation,18,elephant
10330,train,18,elephant
10331,validation,18,elephant
10332,train,18,elephant
10333,validation,18,elephant
10334,train,18,elephant
10335,train,18,elephant
10336,train,18,elephant
10337,train,18,elephant
10338,train,18,elephant
10339,train,18,elephant
10340,test,18,elephant
10341,test,18,elephant
10342,train,18,elephant
10343,train,18,elephant
10344,train,18,elephant
10345,test,18,elephant
10346,train,18,elephant
10347,train,18,elephant
10348,train,18,elephant
10349,test,18,elephant
10350,validation,18,elephant
10351,train,18,elephant
10352,test,18,elephant
10353,train,18,elephant
10354,train,18,elephant
10355,train,18,elephant
10356,train,18,elephant
10357,validation,18,elephant
10358,train,18,elephant
10359,train,18,elephant
10360,validation,18,elephant
10361,train,18,elephant
10362,train,18,elephant
10363,train,18,elephant
10364,train,18,elephant
10365,train,18,elephant
10366,validation,18,elephant
10367,validation,18,elephant
10368,train,18,elephant
10369,test,18,elephant
10370,validation,18,elephant
10371,train,18,elephant
10372,train,18,elephant
10373,validation,18,elephant
10374,validation,18,elephant
10375,train,18,elephant
10376,train,18,elephant
10377,validation,18,elephant
10378,train,18,elephant
10379,validation,18,elephant
10380,train,18,elephant
10381,train,18,elephant
10382,test,18,elephant
10383,validation,18,elephant
10384,train,18,elephant
10385,test,18,elephant
10386,validation,18,elephant
10387,train,18,elephant
10388,test,18,elephant
10389,train,18,elephant
10390,test,18,elephant
10391,validation,18,elephant
10392,train,18,elephant
10393,validation,18,elephant
10394,test,18,elephant
10395,validation,18,elephant
10396,train,18,elephant
10397,test,18,elephant
10398,train,18,elephant
10399,train,18,elephant
10400,test,18,elephant
10401,validation,18,elephant
10402,test,18,elephant
10403,test,18,elephant
10404,test,18,elephant
10405,train,18,elephant
10406,validation,18,elephant
10407,train,18,elephant
10408,train,18,elephant
10409,validation,18,elephant
10410,train,18,elephant
10411,train,18,elephant
10412,validation,18,elephant
10413,test,18,elephant
10414,validation,18,elephant
10415,test,18,elephant
10416,train,18,elephant
10417,train,18,elephant
10418,train,18,elephant
10419,train,18,elephant
10420,validation,18,elephant
10421,validation,18,elephant
10422,validation,18,elephant
10423,train,18,elephant
10424,test,18,elephant
10425,validation,18,elephant
10426,train,18,elephant
10427,train,18,elephant
10428,validation,18,elephant
10429,train,18,elephant
10430,test,18,elephant
10431,train,18,elephant
10432,train,18,elephant
10433,train,18,elephant
10434,train,18,elephant
10435,train,18,elephant
10436,train,18,elephant
10437,train,18,elephant
10438,validation,18,elephant
10439,test,18,elephant
10440,test,18,elephant
10441,train,18,elephant
10442,train,18,elephant
10443,validation,18,elephant
10444,train,18,elephant
10445,train,18,elephant
10446,test,18,elephant
10447,test,18,elephant
10448,train,18,elephant
10449,train,18,elephant
10450,train,18,elephant
10451,validation,18,elephant
10452,validation,18,elephant
10453,train,18,elephant
10454,validation,18,elephant
10455,train,18,elephant
10456,train,18,elephant
10457,validation,18,elephant
10458,test,18,elephant
10459,train,18,elephant
10460,validation,18,elephant
10461,test,18,elephant
10462,train,18,elephant
10463,train,18,elephant
10464,train,18,elephant
10465,train,18,elephant
10466,test,18,elephant
10467,test,18,elephant
10468,train,18,elephant
10469,test,18,elephant
10470,train,18,elephant
10471,validation,18,elephant
10472,test,18,elephant
10473,test,18,elephant
10474,train,18,elephant
10475,train,18,elephant
10476,validation,18,elephant
10477,train,18,elephant
10478,train,18,elephant
10479,train,18,elephant
10480,train,18,elephant
10481,train,18,elephant
10482,validation,18,elephant
10483,train,18,elephant
10484,validation,18,elephant
10485,train,18,elephant
10486,test,18,elephant
10487,train,18,elephant
10488,train,18,elephant
10489,train,18,elephant
10490,train,18,elephant
10491,test,18,elephant
10492,train,18,elephant
10493,train,18,elephant
10494,train,18,elephant
10495,test,18,elephant
10496,validation,18,elephant
10497,test,18,elephant
10498,train,18,elephant
10499,train,18,elephant
10500,test,18,elephant
10501,train,18,elephant
10502,validation,18,elephant
10503,test,18,elephant
10504,train,18,elephant
10505,test,18,elephant
10506,train,18,elephant
10507,validation,18,elephant
10508,validation,18,elephant
10509,train,18,elephant
10510,test,18,elephant
10511,validation,18,elephant
10512,validation,18,elephant
10513,train,18,elephant
10514,train,18,elephant
10515,validation,18,elephant
10516,train,18,elephant
10517,train,18,elephant
10518,train,18,elephant
10519,train,18,elephant
10520,train,18,elephant
10521,test,18,elephant
10522,train,18,elephant
10523,train,18,elephant
10524,test,18,elephant
10525,train,18,elephant
10526,train,18,elephant
10527,test,18,elephant
10528,train,18,elephant
10529,test,18,elephant
10530,train,18,elephant
10531,train,18,elephant
10532,validation,18,elephant
10533,train,18,elephant
10534,test,18,elephant
10535,validation,18,elephant
10536,validation,18,elephant
10537,test,18,elephant
10538,train,18,elephant
10539,validation,18,elephant
10540,test,18,elephant
10541,train,18,elephant
10542,train,18,elephant
10543,test,18,elephant
10544,validation,18,elephant
10545,train,18,elephant
10546,train,18,elephant
10547,train,18,elephant
10548,test,18,elephant
10549,train,18,elephant
10550,validation,18,elephant
10551,train,18,elephant
10552,train,18,elephant
10553,train,18,elephant
10554,test,18,elephant
10555,train,18,elephant
10556,train,18,elephant
10557,validation,18,elephant
10558,train,18,elephant
10559,test,18,elephant
10560,train,18,elephant
10561,validation,18,elephant
10562,test,18,elephant
10563,test,18,elephant
10564,train,18,elephant
10565,train,18,elephant
10566,train,18,elephant
10567,train,18,elephant
10568,train,18,elephant
10569,validation,18,elephant
10570,train,18,elephant
10571,test,18,elephant
10572,test,18,elephant
10573,test,18,elephant
10574,validation,18,elephant
10575,train,18,elephant
10576,train,18,elephant
10577,train,18,elephant
10578,test,18,elephant
10579,test,18,elephant
10580,train,18,elephant
10581,validation,18,elephant
10582,test,18,elephant
10583,test,18,elephant
10584,test,18,elephant
10585,validation,18,elephant
10586,test,18,elephant
10587,train,18,elephant
10588,train,18,elephant
10589,train,18,elephant
10590,validation,18,elephant
10591,train,18,elephant
10592,train,18,elephant
10593,train,18,elephant
10594,train,18,elephant
10595,validation,18,elephant
10596,train,18,elephant
10597,train,18,elephant
10598,train,18,elephant
10599,validation,18,elephant
10600,train,18,elephant
10601,train,18,elephant
10602,train,18,elephant
10603,train,18,elephant
10604,test,18,elephant
10605,validation,18,elephant
10606,validation,18,elephant
10607,train,18,elephant
10608,test,18,elephant
10609,train,18,elephant
10610,train,18,elephant
10611,train,18,elephant
10612,test,18,elephant
10613,validation,18,elephant
10614,train,18,elephant
10615,train,18,elephant
10616,train,18,elephant
10617,train,18,elephant
10618,train,18,elephant
10619,validation,18,elephant
10620,test,18,elephant
10621,test,18,elephant
10622,train,18,elephant
10623,validation,18,elephant
10624,train,18,elephant
10625,test,18,elephant
10626,train,18,elephant
10627,train,18,elephant
10628,train,18,elephant
10629,train,18,elephant
10630,validation,18,elephant
10631,train,18,elephant
10632,train,18,elephant
10633,train,18,elephant
10634,train,18,elephant
10635,train,18,elephant
10636,validation,18,elephant
10637,train,18,elephant
10638,train,18,elephant
10639,validation,18,elephant
10640,validation,18,elephant
10641,test,18,elephant
10642,train,18,elephant
10643,validation,18,elephant
10644,test,18,elephant
10645,test,18,elephant
10646,test,18,elephant
10647,train,18,elephant
10648,train,18,elephant
10649,train,18,elephant
10650,train,18,elephant
10651,train,18,elephant
10652,train,18,elephant
10653,validation,18,elephant
10654,train,18,elephant
10655,train,18,elephant
10656,train,18,elephant
10657,train,18,elephant
10658,validation,18,elephant
10659,train,18,elephant
10660,train,18,elephant
10661,train,18,elephant
10662,train,18,elephant
10663,validation,18,elephant
10664,train,18,elephant
10665,train,18,elephant
10666,train,18,elephant
10667,validation,18,elephant
10668,train,18,elephant
10669,train,18,elephant
10670,validation,18,elephant
10671,train,18,elephant
10672,test,18,elephant
10673,validation,18,elephant
10674,test,18,elephant
10675,train,18,elephant
10676,validation,18,elephant
10677,train,18,elephant
10678,validation,18,elephant
10679,validation,18,elephant
10680,train,18,elephant
10681,train,18,elephant
10682,test,18,elephant
10683,validation,18,elephant
10684,validation,18,elephant
10685,train,18,elephant
10686,train,18,elephant
10687,train,18,elephant
10688,train,18,elephant
10689,train,18,elephant
10690,train,18,elephant
10691,test,18,elephant
10692,train,18,elephant
10693,train,18,elephant
10694,validation,18,elephant
10695,validation,18,elephant
10696,train,18,elephant
10697,train,18,elephant
10698,validation,18,elephant
10699,train,18,elephant
10700,train,18,elephant
10701,test,18,elephant
10702,train,18,elephant
10703,train,18,elephant
10704,train,18,elephant
10705,test,18,elephant
10706,test,18,elephant
10707,train,18,elephant
10708,validation,18,elephant
10709,test,18,elephant
10710,train,18,elephant
10711,validation,18,elephant
10712,test,18,elephant
10713,validation,18,elephant
10714,train,18,elephant
10715,train,18,elephant
10716,train,18,elephant
10717,train,18,elephant
10718,train,18,elephant
10719,validation,18,elephant
10720,train,18,elephant
10721,validation,18,elephant
10722,test,18,elephant
10723,test,18,elephant
10724,train,18,elephant
10725,train,18,elephant
10726,train,18,elephant
10727,train,18,elephant
10728,train,18,elephant
10729,train,18,elephant
10730,validation,18,elephant
10731,test,18,elephant
10732,train,18,elephant
10733,validation,18,elephant
10734,train,18,elephant
10735,test,18,elephant
10736,train,18,elephant
10737,test,18,elephant
10738,train,18,elephant
10739,test,18,elephant
10740,train,18,elephant
10741,train,18,elephant
10742,train,18,elephant
10743,train,18,elephant
10744,test,18,elephant
10745,test,18,elephant
10746,train,18,elephant
10747,train,18,elephant
10748,train,18,elephant
10749,train,18,elephant
10750,train,18,elephant
10751,test,18,elephant
10752,test,18,elephant
10753,train,18,elephant
10754,train,18,elephant
10755,test,18,elephant
10756,train,18,elephant
10757,train,18,elephant
10758,test,18,elephant
10759,train,18,elephant
10760,train,18,elephant
10761,train,18,elephant
10762,train,18,elephant
10763,validation,18,elephant
10764,validation,18,elephant
10765,validation,18,elephant
10766,train,18,elephant
10767,train,18,elephant
10768,train,18,elephant
10769,train,18,elephant
10770,train,18,elephant
10771,train,18,elephant
10772,train,18,elephant
10773,validation,18,elephant
10774,train,18,elephant
10775,train,18,elephant
10776,train,18,elephant
10777,validation,18,elephant
10778,validation,18,elephant
10779,train,18,elephant
10780,train,18,elephant
10781,test,18,elephant
10782,train,18,elephant
10783,train,18,elephant
10784,train,18,elephant
10785,train,18,elephant
10786,test,18,elephant
10787,train,18,elephant
10788,train,18,elephant
10789,train,18,elephant
10790,test,18,elephant
10791,train,18,elephant
10792,train,18,elephant
10793,test,18,elephant
10794,test,18,elephant
10795,train,18,elephant
10796,train,18,elephant
10797,train,18,elephant
10798,train,18,elephant
10799,train,18,elephant
10800,train,18,elephant
10801,test,18,elephant
10802,train,18,elephant
10803,train,18,elephant
10804,validation,18,elephant
10805,train,18,elephant
10806,train,18,elephant
10807,validation,18,elephant
10808,validation,18,elephant
10809,train,18,elephant
10810,validation,18,elephant
10811,test,18,elephant
10812,train,18,elephant
10813,validation,18,elephant
10814,validation,18,elephant
10815,test,18,elephant
10816,train,18,elephant
10817,validation,18,elephant
10818,validation,18,elephant
10819,train,18,elephant
10820,test,18,elephant
10821,train,18,elephant
10822,train,18,elephant
10823,test,18,elephant
10824,validation,18,elephant
10825,train,18,elephant
10826,validation,18,elephant
10827,validation,18,elephant
10828,train,18,elephant
10829,train,18,elephant
10830,validation,18,elephant
10831,validation,18,elephant
10832,train,18,elephant
10833,validation,18,elephant
10834,test,18,elephant
10835,test,18,elephant
10836,train,18,elephant
10837,train,18,elephant
10838,train,18,elephant
10839,train,18,elephant
10840,test,18,elephant
10841,validation,18,elephant
10842,train,18,elephant
10843,train,18,elephant
10844,validation,18,elephant
10845,train,18,elephant
10846,train,18,elephant
10847,train,18,elephant
10848,test,18,elephant
10849,train,18,elephant
10850,train,18,elephant
10851,test,18,elephant
10852,validation,18,elephant
10853,test,18,elephant
10854,validation,18,elephant
10855,train,18,elephant
10856,train,18,elephant
10857,validation,18,elephant
10858,train,18,elephant
10859,train,21,fox
10860,train,21,fox
10861,train,21,fox
10862,test,21,fox
10863,train,21,fox
10864,train,21,fox
10865,train,21,fox
10866,validation,21,fox
10867,train,21,fox
10868,train,21,fox
10869,train,21,fox
10870,train,21,fox
10871,test,21,fox
10872,validation,21,fox
10873,validation,21,fox
10874,train,21,fox
10875,train,21,fox
10876,validation,21,fox
10877,train,21,fox
10878,test,21,fox
10879,validation,21,fox
10880,train,21,fox
10881,test,21,fox
10882,test,21,fox
10883,validation,21,fox
10884,train,21,fox
10885,validation,21,fox
10886,validation,21,fox
10887,train,21,fox
10888,train,21,fox
10889,train,21,fox
10890,train,21,fox
10891,train,21,fox
10892,train,21,fox
10893,validation,21,fox
10894,validation,21,fox
10895,train,21,fox
10896,validation,21,fox
10897,validation,21,fox
10898,train,21,fox
10899,validation,21,fox
10900,train,21,fox
10901,validation,21,fox
10902,train,21,fox
10903,train,21,fox
10904,validation,21,fox
10905,test,21,fox
10906,validation,21,fox
10907,train,21,fox
10908,train,21,fox
10909,validation,21,fox
10910,test,21,fox
10911,validation,21,fox
10912,train,21,fox
10913,train,21,fox
10914,test,21,fox
10915,train,21,fox
10916,train,21,fox
10917,train,21,fox
10918,train,21,fox
10919,train,21,fox
10920,train,21,fox
10921,train,21,fox
10922,validation,21,fox
10923,test,21,fox
10924,train,21,fox
10925,train,21,fox
10926,train,21,fox
10927,train,21,fox
10928,train,21,fox
10929,train,21,fox
10930,test,21,fox
10931,train,21,fox
10932,validation,21,fox
10933,test,21,fox
10934,train,21,fox
10935,test,21,fox
10936,validation,21,fox
10937,validation,21,fox
10938,train,21,fox
10939,validation,21,fox
10940,train,21,fox
10941,test,21,fox
10942,test,21,fox
10943,validation,21,fox
10944,train,21,fox
10945,train,21,fox
10946,train,21,fox
10947,train,21,fox
10948,train,21,fox
10949,train,21,fox
10950,train,21,fox
10951,train,21,fox
10952,test,21,fox
10953,validation,21,fox
10954,train,21,fox
10955,validation,21,fox
10956,validation,21,fox
10957,validation,21,fox
10958,train,21,fox
10959,train,21,fox
10960,train,21,fox
10961,train,21,fox
10962,test,21,fox
10963,test,21,fox
10964,train,21,fox
10965,validation,21,fox
10966,test,21,fox
10967,train,21,fox
10968,test,21,fox
10969,train,21,fox
10970,test,21,fox
10971,train,21,fox
10972,train,21,fox
10973,validation,21,fox
10974,validation,21,fox
10975,train,21,fox
10976,train,21,fox
10977,train,21,fox
10978,test,21,fox
10979,train,21,fox
10980,train,21,fox
10981,train,21,fox
10982,validation,21,fox
10983,train,21,fox
10984,train,21,fox
10985,train,21,fox
10986,train,21,fox
10987,train,21,fox
10988,train,21,fox
10989,train,21,fox
10990,test,21,fox
10991,train,21,fox
10992,train,21,fox
10993,test,21,fox
10994,validation,21,fox
10995,train,21,fox
10996,train,21,fox
10997,validation,21,fox
10998,test,21,fox
10999,train,21,fox
11000,test,21,fox
11001,train,21,fox
11002,train,21,fox
11003,train,21,fox
11004,test,21,fox
11005,validation,21,fox
11006,validation,21,fox
11007,train,21,fox
11008,train,21,fox
11009,train,21,fox
11010,test,21,fox
11011,train,21,fox
11012,train,21,fox
11013,test,21,fox
11014,train,21,fox
11015,train,21,fox
11016,train,21,fox
11017,train,21,fox
11018,train,21,fox
11019,train,21,fox
11020,train,21,fox
11021,train,21,fox
11022,validation,21,fox
11023,validation,21,fox
11024,train,21,fox
11025,train,21,fox
11026,validation,21,fox
11027,test,21,fox
11028,train,21,fox
11029,train,21,fox
11030,test,21,fox
11031,test,21,fox
11032,train,21,fox
11033,train,21,fox
11034,train,21,fox
11035,validation,21,fox
11036,test,21,fox
11037,test,21,fox
11038,test,21,fox
11039,test,21,fox
11040,train,21,fox
11041,test,21,fox
11042,validation,21,fox
11043,train,21,fox
11044,train,21,fox
11045,train,21,fox
11046,train,21,fox
11047,validation,21,fox
11048,train,21,fox
11049,validation,21,fox
11050,train,21,fox
11051,train,21,fox
11052,test,21,fox
11053,train,21,fox
11054,validation,21,fox
11055,validation,21,fox
11056,test,21,fox
11057,train,21,fox
11058,validation,21,fox
11059,test,21,fox
11060,train,21,fox
11061,train,21,fox
11062,train,21,fox
11063,train,21,fox
11064,train,21,fox
11065,validation,21,fox
11066,test,21,fox
11067,train,21,fox
11068,train,21,fox
11069,train,21,fox
11070,train,21,fox
11071,train,21,fox
11072,validation,21,fox
11073,train,21,fox
11074,test,21,fox
11075,train,21,fox
11076,train,21,fox
11077,validation,21,fox
11078,validation,21,fox
11079,train,21,fox
11080,validation,21,fox
11081,train,21,fox
11082,train,21,fox
11083,test,21,fox
11084,train,21,fox
11085,train,21,fox
11086,validation,21,fox
11087,train,21,fox
11088,validation,21,fox
11089,train,21,fox
11090,test,21,fox
11091,train,21,fox
11092,test,21,fox
11093,train,21,fox
11094,train,21,fox
11095,train,21,fox
11096,train,21,fox
11097,train,21,fox
11098,train,21,fox
11099,validation,21,fox
11100,validation,21,fox
11101,validation,21,fox
11102,test,21,fox
11103,test,21,fox
11104,validation,21,fox
11105,train,21,fox
11106,validation,21,fox
11107,test,21,fox
11108,train,21,fox
11109,train,21,fox
11110,validation,21,fox
11111,train,21,fox
11112,train,21,fox
11113,train,21,fox
11114,test,21,fox
11115,train,21,fox
11116,validation,21,fox
11117,train,21,fox
11118,validation,21,fox
11119,train,21,fox
11120,train,21,fox
11121,test,21,fox
11122,train,21,fox
11123,train,21,fox
11124,train,21,fox
11125,validation,21,fox
11126,train,21,fox
11127,validation,21,fox
11128,train,21,fox
11129,test,21,fox
11130,test,21,fox
11131,validation,21,fox
11132,test,21,fox
11133,test,21,fox
11134,validation,21,fox
11135,test,21,fox
11136,test,21,fox
11137,train,21,fox
11138,train,21,fox
11139,test,21,fox
11140,train,21,fox
11141,validation,21,fox
11142,train,21,fox
11143,train,21,fox
11144,test,21,fox
11145,train,21,fox
11146,test,21,fox
11147,train,21,fox
11148,test,21,fox
11149,validation,21,fox
11150,train,21,fox
11151,train,21,fox
11152,test,21,fox
11153,test,21,fox
11154,validation,21,fox
11155,train,21,fox
11156,train,21,fox
11157,validation,21,fox
11158,train,21,fox
11159,train,21,fox
11160,test,21,fox
11161,train,21,fox
11162,validation,21,fox
11163,train,21,fox
11164,test,21,fox
11165,validation,21,fox
11166,test,21,fox
11167,train,21,fox
11168,validation,21,fox
11169,train,21,fox
11170,train,21,fox
11171,validation,21,fox
11172,train,21,fox
11173,train,21,fox
11174,train,21,fox
11175,train,21,fox
11176,train,21,fox
11177,train,21,fox
11178,validation,21,fox
11179,test,21,fox
11180,test,21,fox
11181,train,21,fox
11182,train,21,fox
11183,train,21,fox
11184,train,21,fox
11185,train,21,fox
11186,test,21,fox
11187,train,21,fox
11188,train,21,fox
11189,train,21,fox
11190,train,21,fox
11191,train,21,fox
11192,train,21,fox
11193,train,21,fox
11194,test,21,fox
11195,train,21,fox
11196,train,21,fox
11197,train,21,fox
11198,train,21,fox
11199,test,21,fox
11200,test,21,fox
11201,train,21,fox
11202,train,21,fox
11203,train,21,fox
11204,test,21,fox
11205,train,21,fox
11206,train,21,fox
11207,test,21,fox
11208,train,21,fox
11209,train,21,fox
11210,train,21,fox
11211,train,21,fox
11212,train,21,fox
11213,train,21,fox
11214,train,21,fox
11215,train,21,fox
11216,train,21,fox
11217,train,21,fox
11218,train,21,fox
11219,test,21,fox
11220,test,21,fox
11221,validation,21,fox
11222,test,21,fox
11223,train,21,fox
11224,train,21,fox
11225,train,21,fox
11226,test,21,fox
11227,train,21,fox
11228,train,21,fox
11229,train,21,fox
11230,test,21,fox
11231,train,21,fox
11232,validation,21,fox
11233,test,21,fox
11234,train,21,fox
11235,train,21,fox
11236,test,21,fox
11237,test,21,fox
11238,train,21,fox
11239,train,21,fox
11240,test,21,fox
11241,validation,21,fox
11242,train,21,fox
11243,validation,21,fox
11244,train,21,fox
11245,train,21,fox
11246,train,21,fox
11247,validation,21,fox
11248,train,21,fox
11249,train,21,fox
11250,train,21,fox
11251,train,21,fox
11252,test,21,fox
11253,validation,21,fox
11254,train,21,fox
11255,validation,21,fox
11256,train,21,fox
11257,train,21,fox
11258,test,21,fox
11259,validation,21,fox
11260,train,21,fox
11261,train,21,fox
11262,train,21,fox
11263,validation,21,fox
11264,validation,21,fox
11265,validation,21,fox
11266,train,21,fox
11267,validation,21,fox
11268,test,21,fox
11269,train,21,fox
11270,train,21,fox
11271,train,21,fox
11272,train,21,fox
11273,train,21,fox
11274,validation,21,fox
11275,test,21,fox
11276,train,21,fox
11277,validation,21,fox
11278,train,21,fox
11279,train,21,fox
11280,train,21,fox
11281,train,21,fox
11282,validation,21,fox
11283,validation,21,fox
11284,train,21,fox
11285,train,21,fox
11286,train,21,fox
11287,validation,21,fox
11288,train,21,fox
11289,train,21,fox
11290,validation,21,fox
11291,train,21,fox
11292,train,21,fox
11293,validation,21,fox
11294,train,21,fox
11295,validation,21,fox
11296,test,21,fox
11297,validation,21,fox
11298,validation,21,fox
11299,validation,21,fox
11300,test,21,fox
11301,test,21,fox
11302,test,21,fox
11303,train,21,fox
11304,test,21,fox
11305,test,21,fox
11306,train,21,fox
11307,train,21,fox
11308,validation,21,fox
11309,train,21,fox
11310,train,21,fox
11311,train,21,fox
11312,test,21,fox
11313,train,21,fox
11314,test,21,fox
11315,train,21,fox
11316,train,21,fox
11317,train,21,fox
11318,train,21,fox
11319,test,21,fox
11320,validation,21,fox
11321,train,21,fox
11322,validation,21,fox
11323,validation,21,fox
11324,validation,21,fox
11325,train,21,fox
11326,validation,21,fox
11327,validation,21,fox
11328,train,21,fox
11329,train,21,fox
11330,train,21,fox
11331,train,21,fox
11332,train,21,fox
11333,train,21,fox
11334,test,21,fox
11335,validation,21,fox
11336,train,21,fox
11337,train,21,fox
11338,train,21,fox
11339,train,21,fox
11340,train,21,fox
11341,test,21,fox
11342,validation,21,fox
11343,validation,21,fox
11344,train,21,fox
11345,train,21,fox
11346,test,21,fox
11347,validation,21,fox
11348,test,21,fox
11349,train,21,fox
11350,test,21,fox
11351,train,21,fox
11352,train,21,fox
11353,validation,21,fox
11354,train,21,fox
11355,test,21,fox
11356,train,21,fox
11357,test,21,fox
11358,train,21,fox
11359,train,21,fox
11360,train,21,fox
11361,test,21,fox
11362,train,21,fox
11363,train,21,fox
11364,train,21,fox
11365,train,21,fox
11366,train,21,fox
11367,train,21,fox
11368,train,21,fox
11369,validation,21,fox
11370,train,21,fox
11371,train,21,fox
11372,test,21,fox
11373,train,21,fox
11374,train,21,fox
11375,train,21,fox
11376,test,21,fox
11377,train,21,fox
11378,train,21,fox
11379,train,21,fox
11380,train,21,fox
11381,train,21,fox
11382,train,21,fox
11383,test,21,fox
11384,train,21,fox
11385,train,21,fox
11386,train,21,fox
11387,train,21,fox
11388,train,21,fox
11389,test,21,fox
11390,train,21,fox
11391,test,21,fox
11392,validation,21,fox
11393,test,21,fox
11394,train,21,fox
11395,train,21,fox
11396,validation,21,fox
11397,train,21,fox
11398,train,21,fox
11399,validation,21,fox
11400,validation,21,fox
11401,train,21,fox
11402,validation,21,fox
11403,train,21,fox
11404,test,21,fox
11405,validation,21,fox
11406,validation,21,fox
11407,train,21,fox
11408,train,21,fox
11409,test,21,fox
11410,train,21,fox
11411,train,21,fox
11412,train,21,fox
11413,validation,21,fox
11414,train,21,fox
11415,train,21,fox
11416,train,21,fox
11417,train,21,fox
11418,train,21,fox
11419,test,21,fox
11420,validation,21,fox
11421,train,21,fox
11422,train,21,fox
11423,train,21,fox
11424,train,21,fox
11425,train,21,fox
11426,test,21,fox
11427,train,21,fox
11428,train,21,fox
11429,train,21,fox
11430,test,21,fox
11431,train,21,fox
11432,train,21,fox
11433,train,21,fox
11434,validation,21,fox
11435,train,21,fox
11436,validation,21,fox
11437,validation,21,fox
11438,test,21,fox
11439,test,21,fox
11440,train,21,fox
11441,train,21,fox
11442,train,21,fox
11443,train,21,fox
11444,train,21,fox
11445,train,21,fox
11446,train,21,fox
11447,train,21,fox
11448,train,21,fox
11449,train,21,fox
11450,train,21,fox
11451,train,21,fox
11452,train,21,fox
11453,test,21,fox
11454,train,21,fox
11455,test,21,fox
11456,train,21,fox
11457,validation,21,fox
11458,train,21,fox
11459,train,21,fox
11460,train,21,fox
11461,train,21,fox
11462,train,21,fox
11463,validation,21,fox
11464,validation,21,fox
11465,test,21,fox
11466,train,21,fox
11467,test,21,fox
11468,validation,21,fox
11469,train,21,fox
11470,train,21,fox
11471,train,21,fox
11472,validation,21,fox
11473,train,21,fox
11474,validation,21,fox
11475,train,21,fox
11476,train,21,fox
11477,test,21,fox
11478,validation,21,fox
11479,test,21,fox
11480,train,21,fox
11481,train,21,fox
11482,train,21,fox
11483,test,21,fox
11484,train,21,fox
11485,train,21,fox
11486,train,21,fox
11487,train,21,fox
11488,test,21,fox
11489,train,21,fox
11490,test,21,fox
11491,train,21,fox
11492,validation,21,fox
11493,test,21,fox
11494,train,21,fox
11495,train,21,fox
11496,train,21,fox
11497,train,21,fox
11498,train,21,fox
11499,test,21,fox
11500,train,21,fox
11501,test,21,fox
11502,train,21,fox
11503,test,21,fox
11504,validation,21,fox
11505,validation,21,fox
11506,validation,21,fox
11507,test,21,fox
11508,train,21,fox
11509,train,21,fox
11510,test,21,fox
11511,train,21,fox
11512,train,21,fox
11513,train,21,fox
11514,train,21,fox
11515,train,21,fox
11516,train,21,fox
11517,test,21,fox
11518,train,21,fox
11519,train,21,fox
11520,test,21,fox
11521,train,21,fox
11522,test,21,fox
11523,train,7,german shepherd
11524,train,7,german shepherd
11525,train,7,german shepherd
11526,validation,7,german shepherd
11527,train,7,german shepherd
11528,test,7,german shepherd
11529,train,7,german shepherd
11530,train,7,german shepherd
11531,test,7,german shepherd
11532,train,7,german shepherd
11533,train,7,german shepherd
11534,test,7,german shepherd
11535,train,7,german shepherd
11536,train,7,german shepherd
11537,train,7,german shepherd
11538,validation,7,german shepherd
11539,test,7,german shepherd
11540,train,7,german shepherd
11541,train,7,german shepherd
11542,train,7,german shepherd
11543,validation,7,german shepherd
11544,test,7,german shepherd
11545,train,7,german shepherd
11546,train,7,german shepherd
11547,test,7,german shepherd
11548,train,7,german shepherd
11549,test,7,german shepherd
11550,train,7,german shepherd
11551,train,7,german shepherd
11552,test,7,german shepherd
11553,train,7,german shepherd
11554,train,7,german shepherd
11555,train,7,german shepherd
11556,test,7,german shepherd
11557,train,7,german shepherd
11558,validation,7,german shepherd
11559,train,7,german shepherd
11560,train,7,german shepherd
11561,test,7,german shepherd
11562,train,7,german shepherd
11563,train,7,german shepherd
11564,train,7,german shepherd
11565,train,7,german shepherd
11566,train,7,german shepherd
11567,validation,7,german shepherd
11568,train,7,german shepherd
11569,test,7,german shepherd
11570,test,7,german shepherd
11571,train,7,german shepherd
11572,test,7,german shepherd
11573,train,7,german shepherd
11574,train,7,german shepherd
11575,train,7,german shepherd
11576,validation,7,german shepherd
11577,train,7,german shepherd
11578,train,7,german shepherd
11579,train,7,german shepherd
11580,train,7,german shepherd
11581,train,7,german shepherd
11582,validation,7,german shepherd
11583,train,7,german shepherd
11584,train,7,german shepherd
11585,test,7,german shepherd
11586,test,7,german shepherd
11587,train,7,german shepherd
11588,train,7,german shepherd
11589,train,7,german shepherd
11590,train,7,german shepherd
11591,validation,7,german shepherd
11592,train,7,german shepherd
11593,validation,7,german shepherd
11594,test,7,german shepherd
11595,validation,7,german shepherd
11596,train,7,german shepherd
11597,train,7,german shepherd
11598,test,7,german shepherd
11599,train,7,german shepherd
11600,validation,7,german shepherd
11601,train,7,german shepherd
11602,train,7,german shepherd
11603,train,7,german shepherd
11604,train,7,german shepherd
11605,test,7,german shepherd
11606,train,7,german shepherd
11607,train,7,german shepherd
11608,train,7,german shepherd
11609,train,7,german shepherd
11610,validation,7,german shepherd
11611,train,7,german shepherd
11612,test,7,german shepherd
11613,train,7,german shepherd
11614,train,7,german shepherd
11615,test,7,german shepherd
11616,train,7,german shepherd
11617,train,7,german shepherd
11618,test,7,german shepherd
11619,train,7,german shepherd
11620,train,7,german shepherd
11621,test,7,german shepherd
11622,train,7,german shepherd
11623,train,7,german shepherd
11624,train,7,german shepherd
11625,test,7,german shepherd
11626,validation,7,german shepherd
11627,train,7,german shepherd
11628,validation,7,german shepherd
11629,test,7,german shepherd
11630,test,7,german shepherd
11631,train,7,german shepherd
11632,train,7,german shepherd
11633,train,7,german shepherd
11634,train,7,german shepherd
11635,test,7,german shepherd
11636,train,7,german shepherd
11637,train,7,german shepherd
11638,validation,7,german shepherd
11639,train,7,german shepherd
11640,train,7,german shepherd
11641,train,7,german shepherd
11642,train,7,german shepherd
11643,validation,7,german shepherd
11644,train,7,german shepherd
11645,test,7,german shepherd
11646,validation,7,german shepherd
11647,validation,7,german shepherd
11648,train,7,german shepherd
11649,train,7,german shepherd
11650,test,7,german shepherd
11651,validation,7,german shepherd
11652,validation,7,german shepherd
11653,train,7,german shepherd
11654,train,7,german shepherd
11655,train,7,german shepherd
11656,train,7,german shepherd
11657,validation,7,german shepherd
11658,validation,7,german shepherd
11659,train,7,german shepherd
11660,validation,7,german shepherd
11661,train,7,german shepherd
11662,train,7,german shepherd
11663,test,7,german shepherd
11664,train,7,german shepherd
11665,train,7,german shepherd
11666,test,7,german shepherd
11667,validation,7,german shepherd
11668,test,7,german shepherd
11669,test,7,german shepherd
11670,validation,7,german shepherd
11671,train,7,german shepherd
11672,validation,7,german shepherd
11673,train,7,german shepherd
11674,train,7,german shepherd
11675,train,7,german shepherd
11676,train,7,german shepherd
11677,train,7,german shepherd
11678,validation,7,german shepherd
11679,train,7,german shepherd
11680,train,7,german shepherd
11681,test,7,german shepherd
11682,validation,7,german shepherd
11683,train,7,german shepherd
11684,validation,7,german shepherd
11685,validation,7,german shepherd
11686,validation,7,german shepherd
11687,validation,7,german shepherd
11688,train,7,german shepherd
11689,train,7,german shepherd
11690,train,7,german shepherd
11691,train,7,german shepherd
11692,train,7,german shepherd
11693,validation,7,german shepherd
11694,train,7,german shepherd
11695,validation,7,german shepherd
11696,train,7,german shepherd
11697,test,7,german shepherd
11698,train,7,german shepherd
11699,train,7,german shepherd
11700,train,7,german shepherd
11701,train,7,german shepherd
11702,test,7,german shepherd
11703,test,7,german shepherd
11704,test,7,german shepherd
11705,train,7,german shepherd
11706,train,7,german shepherd
11707,validation,7,german shepherd
11708,train,7,german shepherd
11709,test,7,german shepherd
11710,train,7,german shepherd
11711,test,7,german shepherd
11712,test,7,german shepherd
11713,train,7,german shepherd
11714,train,7,german shepherd
11715,test,7,german shepherd
11716,validation,7,german shepherd
11717,test,7,german shepherd
11718,train,7,german shepherd
11719,validation,7,german shepherd
11720,train,7,german shepherd
11721,train,7,german shepherd
11722,train,7,german shepherd
11723,validation,7,german shepherd
11724,validation,7,german shepherd
11725,train,7,german shepherd
11726,train,7,german shepherd
11727,train,7,german shepherd
11728,validation,7,german shepherd
11729,train,7,german shepherd
11730,train,7,german shepherd
11731,train,7,german shepherd
11732,train,7,german shepherd
11733,train,7,german shepherd
11734,test,7,german shepherd
11735,train,7,german shepherd
11736,test,7,german shepherd
11737,train,7,german shepherd
11738,train,7,german shepherd
11739,train,7,german shepherd
11740,train,7,german shepherd
11741,train,7,german shepherd
11742,train,7,german shepherd
11743,test,7,german shepherd
11744,train,7,german shepherd
11745,train,7,german shepherd
11746,validation,7,german shepherd
11747,test,7,german shepherd
11748,train,7,german shepherd
11749,train,7,german shepherd
11750,validation,7,german shepherd
11751,train,7,german shepherd
11752,test,7,german shepherd
11753,train,7,german shepherd
11754,train,7,german shepherd
11755,test,7,german shepherd
11756,train,7,german shepherd
11757,train,7,german shepherd
11758,train,7,german shepherd
11759,test,7,german shepherd
11760,train,7,german shepherd
11761,test,7,german shepherd
11762,train,7,german shepherd
11763,validation,7,german shepherd
11764,train,7,german shepherd
11765,train,7,german shepherd
11766,train,7,german shepherd
11767,validation,7,german shepherd
11768,test,7,german shepherd
11769,train,7,german shepherd
11770,validation,7,german shepherd
11771,train,7,german shepherd
11772,train,7,german shepherd
11773,validation,7,german shepherd
11774,train,7,german shepherd
11775,test,7,german shepherd
11776,train,7,german shepherd
11777,train,7,german shepherd
11778,test,7,german shepherd
11779,train,7,german shepherd
11780,validation,7,german shepherd
11781,train,7,german shepherd
11782,train,7,german shepherd
11783,train,7,german shepherd
11784,validation,7,german shepherd
11785,validation,7,german shepherd
11786,train,7,german shepherd
11787,train,7,german shepherd
11788,train,7,german shepherd
11789,train,7,german shepherd
11790,train,7,german shepherd
11791,train,7,german shepherd
11792,validation,7,german shepherd
11793,train,7,german shepherd
11794,train,7,german shepherd
11795,train,7,german shepherd
11796,train,7,german shepherd
11797,train,7,german shepherd
11798,train,7,german shepherd
11799,train,7,german shepherd
11800,validation,7,german shepherd
11801,train,7,german shepherd
11802,test,7,german shepherd
11803,validation,7,german shepherd
11804,train,7,german shepherd
11805,test,7,german shepherd
11806,test,7,german shepherd
11807,validation,7,german shepherd
11808,train,7,german shepherd
11809,test,7,german shepherd
11810,validation,7,german shepherd
11811,train,7,german shepherd
11812,train,7,german shepherd
11813,validation,7,german shepherd
11814,train,7,german shepherd
11815,test,7,german shepherd
11816,validation,7,german shepherd
11817,train,7,german shepherd
11818,validation,7,german shepherd
11819,train,7,german shepherd
11820,test,7,german shepherd
11821,train,7,german shepherd
11822,test,7,german shepherd
11823,train,7,german shepherd
11824,test,7,german shepherd
11825,validation,7,german shepherd
11826,validation,7,german shepherd
11827,train,7,german shepherd
11828,test,7,german shepherd
11829,train,7,german shepherd
11830,train,7,german shepherd
11831,train,7,german shepherd
11832,train,7,german shepherd
11833,validation,7,german shepherd
11834,train,7,german shepherd
11835,validation,7,german shepherd
11836,test,7,german shepherd
11837,train,7,german shepherd
11838,validation,7,german shepherd
11839,train,7,german shepherd
11840,train,7,german shepherd
11841,train,7,german shepherd
11842,train,7,german shepherd
11843,validation,7,german shepherd
11844,validation,7,german shepherd
11845,train,7,german shepherd
11846,train,7,german shepherd
11847,train,7,german shepherd
11848,train,7,german shepherd
11849,test,7,german shepherd
11850,train,7,german shepherd
11851,train,7,german shepherd
11852,train,7,german shepherd
11853,test,7,german shepherd
11854,test,7,german shepherd
11855,test,7,german shepherd
11856,test,7,german shepherd
11857,validation,7,german shepherd
11858,test,7,german shepherd
11859,test,7,german shepherd
11860,train,7,german shepherd
11861,test,7,german shepherd
11862,validation,7,german shepherd
11863,validation,7,german shepherd
11864,train,7,german shepherd
11865,train,7,german shepherd
11866,train,7,german shepherd
11867,train,7,german shepherd
11868,train,7,german shepherd
11869,train,7,german shepherd
11870,test,7,german shepherd
11871,train,7,german shepherd
11872,test,7,german shepherd
11873,train,7,german shepherd
11874,train,7,german shepherd
11875,train,7,german shepherd
11876,train,7,german shepherd
11877,test,7,german shepherd
11878,validation,7,german shepherd
11879,train,7,german shepherd
11880,train,7,german shepherd
11881,train,7,german shepherd
11882,train,7,german shepherd
11883,test,7,german shepherd
11884,train,7,german shepherd
11885,test,7,german shepherd
11886,test,7,german shepherd
11887,train,7,german shepherd
11888,train,7,german shepherd
11889,validation,7,german shepherd
11890,test,7,german shepherd
11891,train,7,german shepherd
11892,train,7,german shepherd
11893,validation,7,german shepherd
11894,train,7,german shepherd
11895,train,7,german shepherd
11896,validation,7,german shepherd
11897,validation,7,german shepherd
11898,validation,7,german shepherd
11899,train,7,german shepherd
11900,train,7,german shepherd
11901,train,7,german shepherd
11902,train,7,german shepherd
11903,test,7,german shepherd
11904,validation,7,german shepherd
11905,train,7,german shepherd
11906,validation,7,german shepherd
11907,train,7,german shepherd
11908,test,7,german shepherd
11909,train,7,german shepherd
11910,test,7,german shepherd
11911,train,7,german shepherd
11912,train,7,german shepherd
11913,train,7,german shepherd
11914,train,7,german shepherd
11915,test,7,german shepherd
11916,train,7,german shepherd
11917,train,7,german shepherd
11918,test,7,german shepherd
11919,train,7,german shepherd
11920,validation,7,german shepherd
11921,train,7,german shepherd
11922,test,7,german shepherd
11923,validation,7,german shepherd
11924,train,7,german shepherd
11925,train,7,german shepherd
11926,train,7,german shepherd
11927,validation,7,german shepherd
11928,train,7,german shepherd
11929,train,7,german shepherd
11930,validation,7,german shepherd
11931,train,7,german shepherd
11932,validation,7,german shepherd
11933,train,7,german shepherd
11934,train,7,german shepherd
11935,train,7,german shepherd
11936,train,7,german shepherd
11937,test,7,german shepherd
11938,validation,7,german shepherd
11939,train,7,german shepherd
11940,train,7,german shepherd
11941,train,7,german shepherd
11942,validation,7,german shepherd
11943,validation,7,german shepherd
11944,train,7,german shepherd
11945,validation,7,german shepherd
11946,validation,7,german shepherd
11947,train,7,german shepherd
11948,train,7,german shepherd
11949,test,7,german shepherd
11950,train,7,german shepherd
11951,validation,7,german shepherd
11952,train,7,german shepherd
11953,validation,7,german shepherd
11954,train,7,german shepherd
11955,train,7,german shepherd
11956,train,7,german shepherd
11957,test,7,german shepherd
11958,test,7,german shepherd
11959,train,7,german shepherd
11960,train,7,german shepherd
11961,train,7,german shepherd
11962,test,7,german shepherd
11963,test,7,german shepherd
11964,train,7,german shepherd
11965,train,7,german shepherd
11966,validation,7,german shepherd
11967,train,7,german shepherd
11968,train,7,german shepherd
11969,test,7,german shepherd
11970,test,7,german shepherd
11971,train,7,german shepherd
11972,train,7,german shepherd
11973,train,7,german shepherd
11974,validation,7,german shepherd
11975,validation,7,german shepherd
11976,test,7,german shepherd
11977,train,7,german shepherd
11978,train,7,german shepherd
11979,test,7,german shepherd
11980,test,7,german shepherd
11981,test,7,german shepherd
11982,train,7,german shepherd
11983,validation,7,german shepherd
11984,test,7,german shepherd
11985,validation,7,german shepherd
11986,train,7,german shepherd
11987,validation,7,german shepherd
11988,train,7,german shepherd
11989,train,7,german shepherd
11990,validation,7,german shepherd
11991,train,7,german shepherd
11992,train,7,german shepherd
11993,test,7,german shepherd
11994,train,7,german shepherd
11995,train,7,german shepherd
11996,validation,7,german shepherd
11997,train,7,german shepherd
11998,train,7,german shepherd
11999,train,7,german shepherd
12000,validation,7,german shepherd
12001,train,7,german shepherd
12002,validation,7,german shepherd
12003,train,7,german shepherd
12004,train,7,german shepherd
12005,test,7,german shepherd
12006,train,7,german shepherd
12007,train,7,german shepherd
12008,train,7,german shepherd
12009,test,7,german shepherd
12010,train,7,german shepherd
12011,train,7,german shepherd
12012,test,7,german shepherd
12013,test,7,german shepherd
12014,train,7,german shepherd
12015,validation,7,german shepherd
12016,validation,7,german shepherd
12017,validation,7,german shepherd
12018,train,7,german shepherd
12019,train,7,german shepherd
12020,train,7,german shepherd
12021,train,7,german shepherd
12022,train,7,german shepherd
12023,train,7,german shepherd
12024,train,7,german shepherd
12025,validation,7,german shepherd
12026,validation,7,german shepherd
12027,validation,7,german shepherd
12028,train,7,german shepherd
12029,train,7,german shepherd
12030,train,7,german shepherd
12031,train,7,german shepherd
12032,train,7,german shepherd
12033,train,7,german shepherd
12034,train,7,german shepherd
12035,train,7,german shepherd
12036,train,7,german shepherd
12037,test,7,german shepherd
12038,train,7,german shepherd
12039,test,7,german shepherd
12040,train,7,german shepherd
12041,train,7,german shepherd
12042,test,7,german shepherd
12043,train,7,german shepherd
12044,test,7,german shepherd
12045,validation,7,german shepherd
12046,validation,7,german shepherd
12047,train,7,german shepherd
12048,train,7,german shepherd
12049,test,7,german shepherd
12050,train,7,german shepherd
12051,train,7,german shepherd
12052,test,7,german shepherd
12053,test,7,german shepherd
12054,train,7,german shepherd
12055,train,7,german shepherd
12056,validation,7,german shepherd
12057,train,7,german shepherd
12058,train,7,german shepherd
12059,train,7,german shepherd
12060,train,7,german shepherd
12061,train,7,german shepherd
12062,train,7,german shepherd
12063,train,7,german shepherd
12064,train,7,german shepherd
12065,train,7,german shepherd
12066,train,7,german shepherd
12067,train,7,german shepherd
12068,train,7,german shepherd
12069,train,7,german shepherd
12070,train,7,german shepherd
12071,train,7,german shepherd
12072,test,7,german shepherd
12073,train,7,german shepherd
12074,train,7,german shepherd
12075,validation,7,german shepherd
12076,validation,7,german shepherd
12077,validation,7,german shepherd
12078,train,7,german shepherd
12079,test,7,german shepherd
12080,train,7,german shepherd
12081,validation,7,german shepherd
12082,train,7,german shepherd
12083,train,7,german shepherd
12084,train,7,german shepherd
12085,train,7,german shepherd
12086,train,7,german shepherd
12087,train,7,german shepherd
12088,train,7,german shepherd
12089,train,7,german shepherd
12090,train,7,german shepherd
12091,test,7,german shepherd
12092,train,7,german shepherd
12093,train,7,german shepherd
12094,validation,7,german shepherd
12095,train,7,german shepherd
12096,train,7,german shepherd
12097,validation,7,german shepherd
12098,test,7,german shepherd
12099,train,7,german shepherd
12100,validation,7,german shepherd
12101,train,7,german shepherd
12102,test,7,german shepherd
12103,train,7,german shepherd
12104,validation,7,german shepherd
12105,validation,7,german shepherd
12106,train,7,german shepherd
12107,train,7,german shepherd
12108,validation,7,german shepherd
12109,validation,7,german shepherd
12110,test,7,german shepherd
12111,test,7,german shepherd
12112,train,7,german shepherd
12113,test,7,german shepherd
12114,train,7,german shepherd
12115,train,7,german shepherd
12116,train,7,german shepherd
12117,train,7,german shepherd
12118,test,7,german shepherd
12119,validation,7,german shepherd
12120,train,7,german shepherd
12121,validation,7,german shepherd
12122,train,7,german shepherd
12123,test,7,german shepherd
12124,train,7,german shepherd
12125,train,7,german shepherd
12126,train,7,german shepherd
12127,train,7,german shepherd
12128,test,7,german shepherd
12129,validation,7,german shepherd
12130,validation,7,german shepherd
12131,train,7,german shepherd
12132,test,7,german shepherd
12133,train,7,german shepherd
12134,train,7,german shepherd
12135,test,7,german shepherd
12136,train,7,german shepherd
12137,train,7,german shepherd
12138,train,7,german shepherd
12139,train,7,german shepherd
12140,validation,7,german shepherd
12141,train,7,german shepherd
12142,validation,7,german shepherd
12143,train,7,german shepherd
12144,test,7,german shepherd
12145,train,7,german shepherd
12146,validation,7,german shepherd
12147,train,7,german shepherd
12148,train,7,german shepherd
12149,train,7,german shepherd
12150,train,7,german shepherd
12151,train,7,german shepherd
12152,validation,7,german shepherd
12153,train,7,german shepherd
12154,train,7,german shepherd
12155,train,7,german shepherd
12156,validation,7,german shepherd
12157,train,7,german shepherd
12158,test,7,german shepherd
12159,train,7,german shepherd
12160,test,7,german shepherd
12161,validation,7,german shepherd
12162,train,7,german shepherd
12163,train,7,german shepherd
12164,validation,7,german shepherd
12165,train,7,german shepherd
12166,train,7,german shepherd
12167,train,7,german shepherd
12168,train,7,german shepherd
12169,train,7,german shepherd
12170,train,7,german shepherd
12171,test,7,german shepherd
12172,train,7,german shepherd
12173,validation,7,german shepherd
12174,train,7,german shepherd
12175,validation,7,german shepherd
12176,train,7,german shepherd
12177,train,7,german shepherd
12178,test,7,german shepherd
12179,train,7,german shepherd
12180,test,7,german shepherd
12181,train,7,german shepherd
12182,validation,7,german shepherd
12183,train,7,german shepherd
12184,train,7,german shepherd
12185,validation,7,german shepherd
12186,train,7,german shepherd
12187,train,7,german shepherd
12188,train,7,german shepherd
12189,train,7,german shepherd
12190,train,7,german shepherd
12191,train,7,german shepherd
12192,train,7,german shepherd
12193,train,7,german shepherd
12194,train,7,german shepherd
12195,train,7,german shepherd
12196,train,7,german shepherd
12197,train,7,german shepherd
12198,train,7,german shepherd
12199,validation,7,german shepherd
12200,test,7,german shepherd
12201,train,7,german shepherd
12202,train,7,german shepherd
12203,train,7,german shepherd
12204,train,7,german shepherd
12205,train,7,german shepherd
12206,train,7,german shepherd
12207,validation,7,german shepherd
12208,train,7,german shepherd
12209,train,7,german shepherd
12210,train,7,german shepherd
12211,train,7,german shepherd
12212,train,7,german shepherd
12213,train,7,german shepherd
12214,test,7,german shepherd
12215,train,7,german shepherd
12216,validation,7,german shepherd
12217,validation,7,german shepherd
12218,train,7,german shepherd
12219,train,7,german shepherd
12220,train,7,german shepherd
12221,train,7,german shepherd
12222,test,7,german shepherd
12223,train,7,german shepherd
12224,train,7,german shepherd
12225,validation,7,german shepherd
12226,test,7,german shepherd
12227,test,7,german shepherd
12228,validation,7,german shepherd
12229,train,7,german shepherd
12230,train,7,german shepherd
12231,train,7,german shepherd
12232,train,7,german shepherd
12233,validation,7,german shepherd
12234,train,7,german shepherd
12235,train,7,german shepherd
12236,validation,7,german shepherd
12237,validation,7,german shepherd
12238,train,7,german shepherd
12239,test,7,german shepherd
12240,validation,7,german shepherd
12241,train,7,german shepherd
12242,validation,7,german shepherd
12243,test,7,german shepherd
12244,train,7,german shepherd
12245,train,7,german shepherd
12246,train,7,german shepherd
12247,train,7,german shepherd
12248,test,7,german shepherd
12249,validation,7,german shepherd
12250,train,7,german shepherd
12251,train,7,german shepherd
12252,train,7,german shepherd
12253,train,7,german shepherd
12254,validation,7,german shepherd
12255,validation,7,german shepherd
12256,train,7,german shepherd
12257,train,7,german shepherd
12258,train,7,german shepherd
12259,train,7,german shepherd
12260,test,7,german shepherd
12261,validation,7,german shepherd
12262,train,7,german shepherd
12263,test,7,german shepherd
12264,train,7,german shepherd
12265,test,7,german shepherd
12266,test,7,german shepherd
12267,validation,7,german shepherd
12268,train,7,german shepherd
12269,train,7,german shepherd
12270,train,7,german shepherd
12271,train,7,german shepherd
12272,train,7,german shepherd
12273,train,7,german shepherd
12274,train,7,german shepherd
12275,train,7,german shepherd
12276,validation,7,german shepherd
12277,validation,7,german shepherd
12278,train,7,german shepherd
12279,train,7,german shepherd
12280,test,7,german shepherd
12281,validation,7,german shepherd
12282,train,7,german shepherd
12283,train,7,german shepherd
12284,train,7,german shepherd
12285,test,7,german shepherd
12286,train,7,german shepherd
12287,train,7,german shepherd
12288,test,7,german shepherd
12289,train,7,german shepherd
12290,train,7,german shepherd
12291,train,7,german shepherd
12292,test,7,german shepherd
12293,validation,7,german shepherd
12294,test,7,german shepherd
12295,validation,7,german shepherd
12296,train,7,german shepherd
12297,train,7,german shepherd
12298,test,7,german shepherd
12299,train,7,german shepherd
12300,validation,7,german shepherd
12301,validation,7,german shepherd
12302,train,7,german shepherd
12303,train,7,german shepherd
12304,validation,7,german shepherd
12305,test,7,german shepherd
12306,validation,7,german shepherd
12307,train,7,german shepherd
12308,train,7,german shepherd
12309,validation,7,german shepherd
12310,train,7,german shepherd
12311,train,7,german shepherd
12312,validation,7,german shepherd
12313,validation,7,german shepherd
12314,validation,7,german shepherd
12315,train,7,german shepherd
12316,validation,7,german shepherd
12317,train,7,german shepherd
12318,test,7,german shepherd
12319,test,7,german shepherd
12320,test,7,german shepherd
12321,train,7,german shepherd
12322,validation,7,german shepherd
12323,train,7,german shepherd
12324,train,7,german shepherd
12325,test,7,german shepherd
12326,validation,7,german shepherd
12327,test,7,german shepherd
12328,train,7,german shepherd
12329,train,7,german shepherd
12330,test,7,german shepherd
12331,test,7,german shepherd
12332,test,7,german shepherd
12333,test,7,german shepherd
12334,validation,7,german shepherd
12335,train,7,german shepherd
12336,train,7,german shepherd
12337,train,7,german shepherd
12338,validation,7,german shepherd
12339,test,7,german shepherd
12340,train,7,german shepherd
12341,test,7,german shepherd
12342,train,7,german shepherd
12343,train,7,german shepherd
12344,train,7,german shepherd
12345,train,7,german shepherd
12346,train,7,german shepherd
12347,test,7,german shepherd
12348,validation,7,german shepherd
12349,test,7,german shepherd
12350,validation,7,german shepherd
12351,train,7,german shepherd
12352,train,7,german shepherd
12353,train,7,german shepherd
12354,train,7,german shepherd
12355,train,7,german shepherd
12356,train,7,german shepherd
12357,test,7,german shepherd
12358,train,7,german shepherd
12359,test,7,german shepherd
12360,train,7,german shepherd
12361,train,7,german shepherd
12362,train,7,german shepherd
12363,test,7,german shepherd
12364,train,7,german shepherd
12365,test,7,german shepherd
12366,validation,7,german shepherd
12367,validation,7,german shepherd
12368,train,7,german shepherd
12369,test,7,german shepherd
12370,train,7,german shepherd
12371,test,7,german shepherd
12372,test,7,german shepherd
12373,test,7,german shepherd
12374,train,7,german shepherd
12375,validation,7,german shepherd
12376,validation,7,german shepherd
12377,train,7,german shepherd
12378,train,7,german shepherd
12379,train,7,german shepherd
12380,test,7,german shepherd
12381,validation,7,german shepherd
12382,test,7,german shepherd
12383,train,7,german shepherd
12384,test,7,german shepherd
12385,train,7,german shepherd
12386,test,7,german shepherd
12387,validation,7,german shepherd
12388,validation,7,german shepherd
12389,train,7,german shepherd
12390,test,7,german shepherd
12391,train,7,german shepherd
12392,train,7,german shepherd
12393,train,7,german shepherd
12394,train,7,german shepherd
12395,train,7,german shepherd
12396,test,7,german shepherd
12397,train,7,german shepherd
12398,test,7,german shepherd
12399,train,7,german shepherd
12400,train,7,german shepherd
12401,train,7,german shepherd
12402,validation,7,german shepherd
12403,train,7,german shepherd
12404,test,7,german shepherd
12405,train,7,german shepherd
12406,test,7,german shepherd
12407,test,7,german shepherd
12408,test,7,german shepherd
12409,train,7,german shepherd
12410,train,7,german shepherd
12411,train,7,german shepherd
12412,validation,7,german shepherd
12413,validation,7,german shepherd
12414,train,7,german shepherd
12415,validation,7,german shepherd
12416,train,7,german shepherd
12417,validation,7,german shepherd
12418,train,7,german shepherd
12419,train,7,german shepherd
12420,test,7,german shepherd
12421,train,7,german shepherd
12422,train,7,german shepherd
12423,validation,7,german shepherd
12424,test,7,german shepherd
12425,validation,7,german shepherd
12426,validation,7,german shepherd
12427,train,7,german shepherd
12428,train,7,german shepherd
12429,test,7,german shepherd
12430,train,7,german shepherd
12431,train,7,german shepherd
12432,validation,7,german shepherd
12433,validation,7,german shepherd
12434,validation,7,german shepherd
12435,train,7,german shepherd
12436,train,7,german shepherd
12437,train,7,german shepherd
12438,train,7,german shepherd
12439,train,7,german shepherd
12440,train,7,german shepherd
12441,validation,7,german shepherd
12442,test,7,german shepherd
12443,train,7,german shepherd
12444,train,7,german shepherd
12445,test,7,german shepherd
12446,test,7,german shepherd
12447,train,7,german shepherd
12448,train,7,german shepherd
12449,train,7,german shepherd
12450,train,7,german shepherd
12451,validation,7,german shepherd
12452,train,7,german shepherd
12453,test,7,german shepherd
12454,train,7,german shepherd
12455,test,7,german shepherd
12456,train,7,german shepherd
12457,test,7,german shepherd
12458,train,7,german shepherd
12459,test,7,german shepherd
12460,train,7,german shepherd
12461,train,7,german shepherd
12462,test,7,german shepherd
12463,train,7,german shepherd
12464,test,7,german shepherd
12465,test,7,german shepherd
12466,test,7,german shepherd
12467,train,7,german shepherd
12468,train,7,german shepherd
12469,train,7,german shepherd
12470,train,7,german shepherd
12471,train,7,german shepherd
12472,train,7,german shepherd
12473,train,7,german shepherd
12474,validation,7,german shepherd
12475,train,7,german shepherd
12476,train,7,german shepherd
12477,train,7,german shepherd
12478,train,7,german shepherd
12479,train,7,german shepherd
12480,train,7,german shepherd
12481,train,7,german shepherd
12482,train,7,german shepherd
12483,validation,7,german shepherd
12484,test,7,german shepherd
12485,validation,7,german shepherd
12486,test,7,german shepherd
12487,test,7,german shepherd
12488,validation,7,german shepherd
12489,validation,7,german shepherd
12490,train,7,german shepherd
12491,validation,7,german shepherd
12492,train,7,german shepherd
12493,test,7,german shepherd
12494,train,7,german shepherd
12495,validation,7,german shepherd
12496,test,7,german shepherd
12497,train,7,german shepherd
12498,validation,7,german shepherd
12499,validation,7,german shepherd
12500,train,7,german shepherd
12501,train,7,german shepherd
12502,test,7,german shepherd
12503,train,7,german shepherd
12504,train,7,german shepherd
12505,test,7,german shepherd
12506,train,7,german shepherd
12507,train,7,german shepherd
12508,train,7,german shepherd
12509,train,7,german shepherd
12510,train,7,german shepherd
12511,train,7,german shepherd
12512,train,7,german shepherd
12513,train,7,german shepherd
12514,train,7,german shepherd
12515,train,7,german shepherd
12516,test,7,german shepherd
12517,train,7,german shepherd
12518,train,7,german shepherd
12519,train,7,german shepherd
12520,test,7,german shepherd
12521,train,7,german shepherd
12522,train,7,german shepherd
12523,train,7,german shepherd
12524,train,7,german shepherd
12525,train,7,german shepherd
12526,test,7,german shepherd
12527,test,7,german shepherd
12528,test,7,german shepherd
12529,validation,7,german shepherd
12530,train,7,german shepherd
12531,train,7,german shepherd
12532,validation,7,german shepherd
12533,train,7,german shepherd
12534,train,7,german shepherd
12535,validation,7,german shepherd
12536,validation,7,german shepherd
12537,train,7,german shepherd
12538,train,7,german shepherd
12539,test,7,german shepherd
12540,train,7,german shepherd
12541,validation,7,german shepherd
12542,train,7,german shepherd
12543,train,7,german shepherd
12544,train,7,german shepherd
12545,validation,7,german shepherd
12546,test,7,german shepherd
12547,train,7,german shepherd
12548,train,7,german shepherd
12549,validation,7,german shepherd
12550,train,7,german shepherd
12551,train,7,german shepherd
12552,train,7,german shepherd
12553,validation,7,german shepherd
12554,validation,7,german shepherd
12555,train,7,german shepherd
12556,train,38,giant panda
12557,validation,38,giant panda
12558,train,38,giant panda
12559,train,38,giant panda
12560,train,38,giant panda
12561,validation,38,giant panda
12562,validation,38,giant panda
12563,train,38,giant panda
12564,train,38,giant panda
12565,test,38,giant panda
12566,validation,38,giant panda
12567,train,38,giant panda
12568,validation,38,giant panda
12569,train,38,giant panda
12570,train,38,giant panda
12571,train,38,giant panda
12572,train,38,giant panda
12573,train,38,giant panda
12574,train,38,giant panda
12575,train,38,giant panda
12576,train,38,giant panda
12577,test,38,giant panda
12578,train,38,giant panda
12579,validation,38,giant panda
12580,test,38,giant panda
12581,validation,38,giant panda
12582,validation,38,giant panda
12583,train,38,giant panda
12584,test,38,giant panda
12585,train,38,giant panda
12586,train,38,giant panda
12587,validation,38,giant panda
12588,test,38,giant panda
12589,test,38,giant panda
12590,test,38,giant panda
12591,train,38,giant panda
12592,train,38,giant panda
12593,train,38,giant panda
12594,test,38,giant panda
12595,train,38,giant panda
12596,train,38,giant panda
12597,validation,38,giant panda
12598,validation,38,giant panda
12599,train,38,giant panda
12600,test,38,giant panda
12601,train,38,giant panda
12602,validation,38,giant panda
12603,train,38,giant panda
12604,train,38,giant panda
12605,train,38,giant panda
12606,test,38,giant panda
12607,train,38,giant panda
12608,train,38,giant panda
12609,train,38,giant panda
12610,train,38,giant panda
12611,train,38,giant panda
12612,train,38,giant panda
12613,train,38,giant panda
12614,train,38,giant panda
12615,validation,38,giant panda
12616,train,38,giant panda
12617,test,38,giant panda
12618,test,38,giant panda
12619,train,38,giant panda
12620,test,38,giant panda
12621,validation,38,giant panda
12622,train,38,giant panda
12623,train,38,giant panda
12624,train,38,giant panda
12625,train,38,giant panda
12626,train,38,giant panda
12627,train,38,giant panda
12628,test,38,giant panda
12629,train,38,giant panda
12630,train,38,giant panda
12631,train,38,giant panda
12632,train,38,giant panda
12633,validation,38,giant panda
12634,test,38,giant panda
12635,train,38,giant panda
12636,test,38,giant panda
12637,train,38,giant panda
12638,validation,38,giant panda
12639,train,38,giant panda
12640,train,38,giant panda
12641,train,38,giant panda
12642,validation,38,giant panda
12643,validation,38,giant panda
12644,train,38,giant panda
12645,train,38,giant panda
12646,train,38,giant panda
12647,train,38,giant panda
12648,train,38,giant panda
12649,test,38,giant panda
12650,train,38,giant panda
12651,train,38,giant panda
12652,train,38,giant panda
12653,train,38,giant panda
12654,train,38,giant panda
12655,validation,38,giant panda
12656,validation,38,giant panda
12657,train,38,giant panda
12658,train,38,giant panda
12659,train,38,giant panda
12660,train,38,giant panda
12661,train,38,giant panda
12662,train,38,giant panda
12663,train,38,giant panda
12664,train,38,giant panda
12665,train,38,giant panda
12666,train,38,giant panda
12667,train,38,giant panda
12668,validation,38,giant panda
12669,validation,38,giant panda
12670,train,38,giant panda
12671,validation,38,giant panda
12672,test,38,giant panda
12673,validation,38,giant panda
12674,train,38,giant panda
12675,train,38,giant panda
12676,train,38,giant panda
12677,train,38,giant panda
12678,test,38,giant panda
12679,validation,38,giant panda
12680,train,38,giant panda
12681,validation,38,giant panda
12682,train,38,giant panda
12683,test,38,giant panda
12684,train,38,giant panda
12685,test,38,giant panda
12686,train,38,giant panda
12687,test,38,giant panda
12688,test,38,giant panda
12689,train,38,giant panda
12690,validation,38,giant panda
12691,test,38,giant panda
12692,validation,38,giant panda
12693,train,38,giant panda
12694,train,38,giant panda
12695,train,38,giant panda
12696,test,38,giant panda
12697,validation,38,giant panda
12698,test,38,giant panda
12699,train,38,giant panda
12700,validation,38,giant panda
12701,train,38,giant panda
12702,test,38,giant panda
12703,validation,38,giant panda
12704,train,38,giant panda
12705,test,38,giant panda
12706,train,38,giant panda
12707,train,38,giant panda
12708,test,38,giant panda
12709,train,38,giant panda
12710,train,38,giant panda
12711,train,38,giant panda
12712,train,38,giant panda
12713,train,38,giant panda
12714,test,38,giant panda
12715,train,38,giant panda
12716,validation,38,giant panda
12717,train,38,giant panda
12718,train,38,giant panda
12719,train,38,giant panda
12720,train,38,giant panda
12721,train,38,giant panda
12722,train,38,giant panda
12723,test,38,giant panda
12724,test,38,giant panda
12725,test,38,giant panda
12726,train,38,giant panda
12727,train,38,giant panda
12728,test,38,giant panda
12729,train,38,giant panda
12730,validation,38,giant panda
12731,train,38,giant panda
12732,train,38,giant panda
12733,train,38,giant panda
12734,train,38,giant panda
12735,train,38,giant panda
12736,train,38,giant panda
12737,train,38,giant panda
12738,test,38,giant panda
12739,train,38,giant panda
12740,test,38,giant panda
12741,train,38,giant panda
12742,train,38,giant panda
12743,train,38,giant panda
12744,validation,38,giant panda
12745,test,38,giant panda
12746,train,38,giant panda
12747,train,38,giant panda
12748,validation,38,giant panda
12749,train,38,giant panda
12750,train,38,giant panda
12751,test,38,giant panda
12752,test,38,giant panda
12753,train,38,giant panda
12754,validation,38,giant panda
12755,validation,38,giant panda
12756,train,38,giant panda
12757,train,38,giant panda
12758,train,38,giant panda
12759,train,38,giant panda
12760,test,38,giant panda
12761,train,38,giant panda
12762,train,38,giant panda
12763,train,38,giant panda
12764,validation,38,giant panda
12765,validation,38,giant panda
12766,train,38,giant panda
12767,train,38,giant panda
12768,test,38,giant panda
12769,test,38,giant panda
12770,train,38,giant panda
12771,test,38,giant panda
12772,train,38,giant panda
12773,train,38,giant panda
12774,validation,38,giant panda
12775,test,38,giant panda
12776,train,38,giant panda
12777,train,38,giant panda
12778,train,38,giant panda
12779,train,38,giant panda
12780,validation,38,giant panda
12781,train,38,giant panda
12782,train,38,giant panda
12783,train,38,giant panda
12784,test,38,giant panda
12785,test,38,giant panda
12786,validation,38,giant panda
12787,test,38,giant panda
12788,test,38,giant panda
12789,validation,38,giant panda
12790,test,38,giant panda
12791,train,38,giant panda
12792,validation,38,giant panda
12793,train,38,giant panda
12794,train,38,giant panda
12795,train,38,giant panda
12796,train,38,giant panda
12797,test,38,giant panda
12798,validation,38,giant panda
12799,train,38,giant panda
12800,train,38,giant panda
12801,test,38,giant panda
12802,test,38,giant panda
12803,test,38,giant panda
12804,train,38,giant panda
12805,train,38,giant panda
12806,train,38,giant panda
12807,validation,38,giant panda
12808,test,38,giant panda
12809,train,38,giant panda
12810,train,38,giant panda
12811,train,38,giant panda
12812,train,38,giant panda
12813,test,38,giant panda
12814,train,38,giant panda
12815,validation,38,giant panda
12816,test,38,giant panda
12817,train,38,giant panda
12818,train,38,giant panda
12819,train,38,giant panda
12820,train,38,giant panda
12821,train,38,giant panda
12822,validation,38,giant panda
12823,train,38,giant panda
12824,validation,38,giant panda
12825,train,38,giant panda
12826,test,38,giant panda
12827,test,38,giant panda
12828,train,38,giant panda
12829,validation,38,giant panda
12830,test,38,giant panda
12831,train,38,giant panda
12832,train,38,giant panda
12833,validation,38,giant panda
12834,test,38,giant panda
12835,train,38,giant panda
12836,validation,38,giant panda
12837,train,38,giant panda
12838,validation,38,giant panda
12839,train,38,giant panda
12840,validation,38,giant panda
12841,train,38,giant panda
12842,train,38,giant panda
12843,train,38,giant panda
12844,train,38,giant panda
12845,train,38,giant panda
12846,test,38,giant panda
12847,test,38,giant panda
12848,train,38,giant panda
12849,train,38,giant panda
12850,train,38,giant panda
12851,validation,38,giant panda
12852,train,38,giant panda
12853,test,38,giant panda
12854,train,38,giant panda
12855,train,38,giant panda
12856,test,38,giant panda
12857,train,38,giant panda
12858,train,38,giant panda
12859,train,38,giant panda
12860,test,38,giant panda
12861,validation,38,giant panda
12862,train,38,giant panda
12863,train,38,giant panda
12864,train,38,giant panda
12865,test,38,giant panda
12866,validation,38,giant panda
12867,train,38,giant panda
12868,validation,38,giant panda
12869,validation,38,giant panda
12870,validation,38,giant panda
12871,train,38,giant panda
12872,train,38,giant panda
12873,train,38,giant panda
12874,test,38,giant panda
12875,train,38,giant panda
12876,train,38,giant panda
12877,validation,38,giant panda
12878,validation,38,giant panda
12879,validation,38,giant panda
12880,train,38,giant panda
12881,train,38,giant panda
12882,train,38,giant panda
12883,validation,38,giant panda
12884,train,38,giant panda
12885,train,38,giant panda
12886,train,38,giant panda
12887,train,38,giant panda
12888,test,38,giant panda
12889,test,38,giant panda
12890,train,38,giant panda
12891,train,38,giant panda
12892,validation,38,giant panda
12893,train,38,giant panda
12894,train,38,giant panda
12895,validation,38,giant panda
12896,train,38,giant panda
12897,train,38,giant panda
12898,train,38,giant panda
12899,train,38,giant panda
12900,train,38,giant panda
12901,validation,38,giant panda
12902,test,38,giant panda
12903,train,38,giant panda
12904,train,38,giant panda
12905,train,38,giant panda
12906,train,38,giant panda
12907,train,38,giant panda
12908,validation,38,giant panda
12909,validation,38,giant panda
12910,test,38,giant panda
12911,train,38,giant panda
12912,test,38,giant panda
12913,test,38,giant panda
12914,validation,38,giant panda
12915,train,38,giant panda
12916,test,38,giant panda
12917,train,38,giant panda
12918,train,38,giant panda
12919,train,38,giant panda
12920,test,38,giant panda
12921,test,38,giant panda
12922,train,38,giant panda
12923,validation,38,giant panda
12924,train,38,giant panda
12925,train,38,giant panda
12926,train,38,giant panda
12927,train,38,giant panda
12928,train,38,giant panda
12929,train,38,giant panda
12930,train,38,giant panda
12931,train,38,giant panda
12932,validation,38,giant panda
12933,train,38,giant panda
12934,test,38,giant panda
12935,train,38,giant panda
12936,test,38,giant panda
12937,test,38,giant panda
12938,train,38,giant panda
12939,validation,38,giant panda
12940,test,38,giant panda
12941,validation,38,giant panda
12942,validation,38,giant panda
12943,validation,38,giant panda
12944,validation,38,giant panda
12945,train,38,giant panda
12946,validation,38,giant panda
12947,validation,38,giant panda
12948,train,38,giant panda
12949,validation,38,giant panda
12950,validation,38,giant panda
12951,train,38,giant panda
12952,train,38,giant panda
12953,train,38,giant panda
12954,train,38,giant panda
12955,test,38,giant panda
12956,validation,38,giant panda
12957,validation,38,giant panda
12958,validation,38,giant panda
12959,train,38,giant panda
12960,validation,38,giant panda
12961,train,38,giant panda
12962,train,38,giant panda
12963,train,38,giant panda
12964,train,38,giant panda
12965,test,38,giant panda
12966,train,38,giant panda
12967,test,38,giant panda
12968,test,38,giant panda
12969,train,38,giant panda
12970,validation,38,giant panda
12971,train,38,giant panda
12972,validation,38,giant panda
12973,train,38,giant panda
12974,validation,38,giant panda
12975,train,38,giant panda
12976,validation,38,giant panda
12977,train,38,giant panda
12978,train,38,giant panda
12979,test,38,giant panda
12980,validation,38,giant panda
12981,train,38,giant panda
12982,validation,38,giant panda
12983,train,38,giant panda
12984,test,38,giant panda
12985,validation,38,giant panda
12986,train,38,giant panda
12987,test,38,giant panda
12988,train,38,giant panda
12989,train,38,giant panda
12990,train,38,giant panda
12991,train,38,giant panda
12992,train,38,giant panda
12993,test,38,giant panda
12994,train,38,giant panda
12995,validation,38,giant panda
12996,train,38,giant panda
12997,test,38,giant panda
12998,test,38,giant panda
12999,train,38,giant panda
13000,validation,38,giant panda
13001,train,38,giant panda
13002,train,38,giant panda
13003,train,38,giant panda
13004,train,38,giant panda
13005,validation,38,giant panda
13006,validation,38,giant panda
13007,train,38,giant panda
13008,train,38,giant panda
13009,train,38,giant panda
13010,validation,38,giant panda
13011,train,38,giant panda
13012,train,38,giant panda
13013,train,38,giant panda
13014,validation,38,giant panda
13015,test,38,giant panda
13016,test,38,giant panda
13017,validation,38,giant panda
13018,train,38,giant panda
13019,train,38,giant panda
13020,train,38,giant panda
13021,train,38,giant panda
13022,validation,38,giant panda
13023,train,38,giant panda
13024,train,38,giant panda
13025,train,38,giant panda
13026,train,38,giant panda
13027,validation,38,giant panda
13028,validation,38,giant panda
13029,train,38,giant panda
13030,test,38,giant panda
13031,train,38,giant panda
13032,validation,38,giant panda
13033,test,38,giant panda
13034,train,38,giant panda
13035,train,38,giant panda
13036,test,38,giant panda
13037,test,38,giant panda
13038,train,38,giant panda
13039,validation,38,giant panda
13040,train,38,giant panda
13041,test,38,giant panda
13042,train,38,giant panda
13043,train,38,giant panda
13044,train,38,giant panda
13045,train,38,giant panda
13046,train,38,giant panda
13047,test,38,giant panda
13048,train,38,giant panda
13049,test,38,giant panda
13050,train,38,giant panda
13051,test,38,giant panda
13052,train,38,giant panda
13053,test,38,giant panda
13054,train,38,giant panda
13055,test,38,giant panda
13056,train,38,giant panda
13057,validation,38,giant panda
13058,test,38,giant panda
13059,validation,38,giant panda
13060,train,38,giant panda
13061,train,38,giant panda
13062,train,38,giant panda
13063,train,38,giant panda
13064,test,38,giant panda
13065,train,38,giant panda
13066,test,38,giant panda
13067,test,38,giant panda
13068,train,38,giant panda
13069,train,38,giant panda
13070,test,38,giant panda
13071,train,38,giant panda
13072,train,38,giant panda
13073,train,38,giant panda
13074,train,38,giant panda
13075,train,38,giant panda
13076,train,38,giant panda
13077,train,38,giant panda
13078,test,38,giant panda
13079,test,38,giant panda
13080,train,38,giant panda
13081,test,38,giant panda
13082,train,38,giant panda
13083,test,38,giant panda
13084,train,38,giant panda
13085,test,38,giant panda
13086,validation,38,giant panda
13087,test,38,giant panda
13088,validation,38,giant panda
13089,train,38,giant panda
13090,train,38,giant panda
13091,train,38,giant panda
13092,validation,38,giant panda
13093,validation,38,giant panda
13094,train,38,giant panda
13095,train,38,giant panda
13096,test,38,giant panda
13097,test,38,giant panda
13098,validation,38,giant panda
13099,test,38,giant panda
13100,train,38,giant panda
13101,train,38,giant panda
13102,validation,38,giant panda
13103,test,38,giant panda
13104,test,38,giant panda
13105,test,38,giant panda
13106,validation,38,giant panda
13107,train,38,giant panda
13108,train,38,giant panda
13109,train,38,giant panda
13110,train,38,giant panda
13111,train,38,giant panda
13112,train,38,giant panda
13113,train,38,giant panda
13114,validation,38,giant panda
13115,train,38,giant panda
13116,train,38,giant panda
13117,validation,38,giant panda
13118,train,38,giant panda
13119,test,38,giant panda
13120,train,38,giant panda
13121,train,38,giant panda
13122,validation,38,giant panda
13123,train,38,giant panda
13124,test,38,giant panda
13125,train,38,giant panda
13126,test,38,giant panda
13127,test,38,giant panda
13128,test,38,giant panda
13129,train,38,giant panda
13130,validation,38,giant panda
13131,train,38,giant panda
13132,test,38,giant panda
13133,train,38,giant panda
13134,train,38,giant panda
13135,validation,38,giant panda
13136,train,38,giant panda
13137,validation,38,giant panda
13138,test,38,giant panda
13139,validation,38,giant panda
13140,train,38,giant panda
13141,train,38,giant panda
13142,train,38,giant panda
13143,validation,38,giant panda
13144,train,38,giant panda
13145,validation,38,giant panda
13146,validation,38,giant panda
13147,train,38,giant panda
13148,train,38,giant panda
13149,train,38,giant panda
13150,train,38,giant panda
13151,validation,38,giant panda
13152,test,38,giant panda
13153,train,38,giant panda
13154,test,38,giant panda
13155,train,38,giant panda
13156,train,38,giant panda
13157,train,38,giant panda
13158,train,38,giant panda
13159,test,38,giant panda
13160,test,38,giant panda
13161,validation,38,giant panda
13162,train,38,giant panda
13163,train,38,giant panda
13164,train,38,giant panda
13165,train,38,giant panda
13166,train,38,giant panda
13167,train,38,giant panda
13168,validation,38,giant panda
13169,train,38,giant panda
13170,train,38,giant panda
13171,train,38,giant panda
13172,test,38,giant panda
13173,train,38,giant panda
13174,train,38,giant panda
13175,train,38,giant panda
13176,train,38,giant panda
13177,train,38,giant panda
13178,train,38,giant panda
13179,train,38,giant panda
13180,train,38,giant panda
13181,train,38,giant panda
13182,validation,38,giant panda
13183,train,38,giant panda
13184,train,38,giant panda
13185,train,38,giant panda
13186,train,38,giant panda
13187,train,38,giant panda
13188,train,38,giant panda
13189,train,38,giant panda
13190,test,38,giant panda
13191,train,38,giant panda
13192,train,38,giant panda
13193,test,38,giant panda
13194,train,38,giant panda
13195,train,38,giant panda
13196,validation,38,giant panda
13197,train,38,giant panda
13198,test,38,giant panda
13199,test,38,giant panda
13200,train,38,giant panda
13201,test,38,giant panda
13202,train,38,giant panda
13203,train,38,giant panda
13204,train,38,giant panda
13205,train,38,giant panda
13206,test,38,giant panda
13207,validation,38,giant panda
13208,train,38,giant panda
13209,train,38,giant panda
13210,train,38,giant panda
13211,validation,38,giant panda
13212,train,38,giant panda
13213,train,38,giant panda
13214,train,38,giant panda
13215,train,38,giant panda
13216,train,38,giant panda
13217,validation,38,giant panda
13218,train,38,giant panda
13219,test,38,giant panda
13220,validation,38,giant panda
13221,train,38,giant panda
13222,train,38,giant panda
13223,train,38,giant panda
13224,train,38,giant panda
13225,train,38,giant panda
13226,test,38,giant panda
13227,validation,38,giant panda
13228,train,38,giant panda
13229,train,38,giant panda
13230,train,38,giant panda
13231,train,38,giant panda
13232,train,38,giant panda
13233,train,38,giant panda
13234,train,38,giant panda
13235,train,38,giant panda
13236,train,38,giant panda
13237,train,38,giant panda
13238,train,38,giant panda
13239,validation,38,giant panda
13240,train,38,giant panda
13241,train,38,giant panda
13242,train,38,giant panda
13243,train,38,giant panda
13244,train,38,giant panda
13245,test,38,giant panda
13246,validation,38,giant panda
13247,train,38,giant panda
13248,train,38,giant panda
13249,validation,38,giant panda
13250,test,38,giant panda
13251,train,38,giant panda
13252,test,38,giant panda
13253,train,38,giant panda
13254,test,38,giant panda
13255,train,38,giant panda
13256,test,38,giant panda
13257,train,38,giant panda
13258,train,38,giant panda
13259,test,38,giant panda
13260,test,38,giant panda
13261,validation,38,giant panda
13262,test,38,giant panda
13263,train,38,giant panda
13264,train,38,giant panda
13265,train,38,giant panda
13266,test,38,giant panda
13267,train,38,giant panda
13268,train,38,giant panda
13269,test,38,giant panda
13270,train,38,giant panda
13271,test,38,giant panda
13272,train,38,giant panda
13273,validation,38,giant panda
13274,test,38,giant panda
13275,test,38,giant panda
13276,train,38,giant panda
13277,train,38,giant panda
13278,test,38,giant panda
13279,train,38,giant panda
13280,train,38,giant panda
13281,train,38,giant panda
13282,validation,38,giant panda
13283,train,38,giant panda
13284,train,38,giant panda
13285,test,38,giant panda
13286,test,38,giant panda
13287,train,38,giant panda
13288,validation,38,giant panda
13289,train,38,giant panda
13290,validation,38,giant panda
13291,train,38,giant panda
13292,train,38,giant panda
13293,test,38,giant panda
13294,validation,38,giant panda
13295,train,38,giant panda
13296,train,38,giant panda
13297,test,38,giant panda
13298,train,38,giant panda
13299,train,38,giant panda
13300,test,38,giant panda
13301,train,38,giant panda
13302,validation,38,giant panda
13303,train,38,giant panda
13304,train,38,giant panda
13305,train,38,giant panda
13306,validation,38,giant panda
13307,test,38,giant panda
13308,validation,38,giant panda
13309,validation,38,giant panda
13310,train,38,giant panda
13311,test,38,giant panda
13312,train,38,giant panda
13313,validation,38,giant panda
13314,train,38,giant panda
13315,validation,38,giant panda
13316,validation,38,giant panda
13317,train,38,giant panda
13318,test,38,giant panda
13319,train,38,giant panda
13320,train,38,giant panda
13321,train,38,giant panda
13322,train,38,giant panda
13323,test,38,giant panda
13324,train,38,giant panda
13325,train,38,giant panda
13326,train,38,giant panda
13327,train,38,giant panda
13328,test,38,giant panda
13329,validation,38,giant panda
13330,test,38,giant panda
13331,train,38,giant panda
13332,validation,38,giant panda
13333,validation,38,giant panda
13334,validation,38,giant panda
13335,train,38,giant panda
13336,train,38,giant panda
13337,train,38,giant panda
13338,test,38,giant panda
13339,validation,38,giant panda
13340,test,38,giant panda
13341,validation,38,giant panda
13342,train,38,giant panda
13343,train,38,giant panda
13344,train,38,giant panda
13345,train,38,giant panda
13346,train,38,giant panda
13347,validation,38,giant panda
13348,validation,38,giant panda
13349,test,38,giant panda
13350,train,38,giant panda
13351,train,38,giant panda
13352,train,38,giant panda
13353,test,38,giant panda
13354,train,38,giant panda
13355,validation,38,giant panda
13356,train,38,giant panda
13357,train,38,giant panda
13358,train,38,giant panda
13359,train,38,giant panda
13360,train,38,giant panda
13361,train,38,giant panda
13362,validation,38,giant panda
13363,train,38,giant panda
13364,train,38,giant panda
13365,train,38,giant panda
13366,train,38,giant panda
13367,train,38,giant panda
13368,test,38,giant panda
13369,train,38,giant panda
13370,validation,38,giant panda
13371,train,38,giant panda
13372,train,38,giant panda
13373,validation,38,giant panda
13374,validation,38,giant panda
13375,train,38,giant panda
13376,train,38,giant panda
13377,train,38,giant panda
13378,train,38,giant panda
13379,train,38,giant panda
13380,train,38,giant panda
13381,validation,38,giant panda
13382,validation,38,giant panda
13383,train,38,giant panda
13384,train,38,giant panda
13385,train,38,giant panda
13386,train,38,giant panda
13387,test,38,giant panda
13388,train,38,giant panda
13389,train,38,giant panda
13390,train,38,giant panda
13391,validation,38,giant panda
13392,test,38,giant panda
13393,train,38,giant panda
13394,validation,38,giant panda
13395,train,38,giant panda
13396,train,38,giant panda
13397,train,38,giant panda
13398,train,38,giant panda
13399,validation,38,giant panda
13400,train,38,giant panda
13401,train,38,giant panda
13402,validation,38,giant panda
13403,train,38,giant panda
13404,train,38,giant panda
13405,train,38,giant panda
13406,test,38,giant panda
13407,train,38,giant panda
13408,train,38,giant panda
13409,train,38,giant panda
13410,validation,38,giant panda
13411,train,38,giant panda
13412,train,38,giant panda
13413,test,38,giant panda
13414,validation,38,giant panda
13415,train,38,giant panda
13416,train,38,giant panda
13417,validation,38,giant panda
13418,validation,38,giant panda
13419,train,38,giant panda
13420,train,38,giant panda
13421,train,38,giant panda
13422,validation,38,giant panda
13423,train,38,giant panda
13424,test,38,giant panda
13425,validation,38,giant panda
13426,train,38,giant panda
13427,train,38,giant panda
13428,test,38,giant panda
13429,validation,38,giant panda
13430,validation,30,giraffe
13431,train,30,giraffe
13432,train,30,giraffe
13433,test,30,giraffe
13434,train,30,giraffe
13435,train,30,giraffe
13436,test,30,giraffe
13437,train,30,giraffe
13438,train,30,giraffe
13439,train,30,giraffe
13440,train,30,giraffe
13441,validation,30,giraffe
13442,train,30,giraffe
13443,train,30,giraffe
13444,train,30,giraffe
13445,test,30,giraffe
13446,train,30,giraffe
13447,validation,30,giraffe
13448,train,30,giraffe
13449,train,30,giraffe
13450,train,30,giraffe
13451,train,30,giraffe
13452,train,30,giraffe
13453,validation,30,giraffe
13454,train,30,giraffe
13455,validation,30,giraffe
13456,train,30,giraffe
13457,validation,30,giraffe
13458,test,30,giraffe
13459,validation,30,giraffe
13460,validation,30,giraffe
13461,validation,30,giraffe
13462,validation,30,giraffe
13463,train,30,giraffe
13464,train,30,giraffe
13465,train,30,giraffe
13466,train,30,giraffe
13467,test,30,giraffe
13468,train,30,giraffe
13469,validation,30,giraffe
13470,train,30,giraffe
13471,train,30,giraffe
13472,train,30,giraffe
13473,train,30,giraffe
13474,train,30,giraffe
13475,validation,30,giraffe
13476,validation,30,giraffe
13477,test,30,giraffe
13478,train,30,giraffe
13479,test,30,giraffe
13480,train,30,giraffe
13481,train,30,giraffe
13482,train,30,giraffe
13483,test,30,giraffe
13484,validation,30,giraffe
13485,train,30,giraffe
13486,test,30,giraffe
13487,test,30,giraffe
13488,train,30,giraffe
13489,train,30,giraffe
13490,test,30,giraffe
13491,train,30,giraffe
13492,train,30,giraffe
13493,train,30,giraffe
13494,train,30,giraffe
13495,test,30,giraffe
13496,validation,30,giraffe
13497,test,30,giraffe
13498,validation,30,giraffe
13499,validation,30,giraffe
13500,train,30,giraffe
13501,train,30,giraffe
13502,train,30,giraffe
13503,train,30,giraffe
13504,train,30,giraffe
13505,train,30,giraffe
13506,test,30,giraffe
13507,validation,30,giraffe
13508,train,30,giraffe
13509,test,30,giraffe
13510,validation,30,giraffe
13511,train,30,giraffe
13512,train,30,giraffe
13513,train,30,giraffe
13514,test,30,giraffe
13515,train,30,giraffe
13516,test,30,giraffe
13517,validation,30,giraffe
13518,validation,30,giraffe
13519,test,30,giraffe
13520,test,30,giraffe
13521,train,30,giraffe
13522,test,30,giraffe
13523,train,30,giraffe
13524,train,30,giraffe
13525,train,30,giraffe
13526,train,30,giraffe
13527,validation,30,giraffe
13528,train,30,giraffe
13529,train,30,giraffe
13530,test,30,giraffe
13531,train,30,giraffe
13532,validation,30,giraffe
13533,test,30,giraffe
13534,validation,30,giraffe
13535,train,30,giraffe
13536,train,30,giraffe
13537,validation,30,giraffe
13538,train,30,giraffe
13539,train,30,giraffe
13540,train,30,giraffe
13541,validation,30,giraffe
13542,validation,30,giraffe
13543,test,30,giraffe
13544,train,30,giraffe
13545,test,30,giraffe
13546,train,30,giraffe
13547,train,30,giraffe
13548,test,30,giraffe
13549,train,30,giraffe
13550,train,30,giraffe
13551,train,30,giraffe
13552,test,30,giraffe
13553,train,30,giraffe
13554,train,30,giraffe
13555,validation,30,giraffe
13556,train,30,giraffe
13557,train,30,giraffe
13558,test,30,giraffe
13559,validation,30,giraffe
13560,test,30,giraffe
13561,train,30,giraffe
13562,train,30,giraffe
13563,train,30,giraffe
13564,train,30,giraffe
13565,validation,30,giraffe
13566,train,30,giraffe
13567,test,30,giraffe
13568,train,30,giraffe
13569,train,30,giraffe
13570,train,30,giraffe
13571,validation,30,giraffe
13572,train,30,giraffe
13573,test,30,giraffe
13574,train,30,giraffe
13575,train,30,giraffe
13576,test,30,giraffe
13577,validation,30,giraffe
13578,train,30,giraffe
13579,test,30,giraffe
13580,train,30,giraffe
13581,train,30,giraffe
13582,train,30,giraffe
13583,train,30,giraffe
13584,test,30,giraffe
13585,train,30,giraffe
13586,train,30,giraffe
13587,train,30,giraffe
13588,test,30,giraffe
13589,validation,30,giraffe
13590,train,30,giraffe
13591,train,30,giraffe
13592,train,30,giraffe
13593,train,30,giraffe
13594,test,30,giraffe
13595,test,30,giraffe
13596,train,30,giraffe
13597,train,30,giraffe
13598,train,30,giraffe
13599,train,30,giraffe
13600,train,30,giraffe
13601,validation,30,giraffe
13602,validation,30,giraffe
13603,train,30,giraffe
13604,train,30,giraffe
13605,train,30,giraffe
13606,validation,30,giraffe
13607,train,30,giraffe
13608,train,30,giraffe
13609,train,30,giraffe
13610,train,30,giraffe
13611,train,30,giraffe
13612,train,30,giraffe
13613,test,30,giraffe
13614,test,30,giraffe
13615,validation,30,giraffe
13616,validation,30,giraffe
13617,test,30,giraffe
13618,train,30,giraffe
13619,train,30,giraffe
13620,test,30,giraffe
13621,train,30,giraffe
13622,train,30,giraffe
13623,test,30,giraffe
13624,train,30,giraffe
13625,train,30,giraffe
13626,train,30,giraffe
13627,validation,30,giraffe
13628,train,30,giraffe
13629,train,30,giraffe
13630,train,30,giraffe
13631,train,30,giraffe
13632,train,30,giraffe
13633,train,30,giraffe
13634,validation,30,giraffe
13635,train,30,giraffe
13636,train,30,giraffe
13637,test,30,giraffe
13638,train,30,giraffe
13639,test,30,giraffe
13640,train,30,giraffe
13641,validation,30,giraffe
13642,train,30,giraffe
13643,test,30,giraffe
13644,test,30,giraffe
13645,validation,30,giraffe
13646,train,30,giraffe
13647,train,30,giraffe
13648,validation,30,giraffe
13649,test,30,giraffe
13650,train,30,giraffe
13651,train,30,giraffe
13652,train,30,giraffe
13653,train,30,giraffe
13654,train,30,giraffe
13655,validation,30,giraffe
13656,train,30,giraffe
13657,train,30,giraffe
13658,train,30,giraffe
13659,test,30,giraffe
13660,validation,30,giraffe
13661,train,30,giraffe
13662,test,30,giraffe
13663,test,30,giraffe
13664,validation,30,giraffe
13665,train,30,giraffe
13666,train,30,giraffe
13667,train,30,giraffe
13668,test,30,giraffe
13669,validation,30,giraffe
13670,train,30,giraffe
13671,train,30,giraffe
13672,train,30,giraffe
13673,train,30,giraffe
13674,test,30,giraffe
13675,test,30,giraffe
13676,train,30,giraffe
13677,train,30,giraffe
13678,test,30,giraffe
13679,validation,30,giraffe
13680,train,30,giraffe
13681,train,30,giraffe
13682,validation,30,giraffe
13683,train,30,giraffe
13684,validation,30,giraffe
13685,train,30,giraffe
13686,validation,30,giraffe
13687,test,30,giraffe
13688,train,30,giraffe
13689,train,30,giraffe
13690,test,30,giraffe
13691,test,30,giraffe
13692,train,30,giraffe
13693,train,30,giraffe
13694,train,30,giraffe
13695,train,30,giraffe
13696,train,30,giraffe
13697,train,30,giraffe
13698,test,30,giraffe
13699,train,30,giraffe
13700,train,30,giraffe
13701,train,30,giraffe
13702,train,30,giraffe
13703,train,30,giraffe
13704,train,30,giraffe
13705,test,30,giraffe
13706,train,30,giraffe
13707,train,30,giraffe
13708,train,30,giraffe
13709,train,30,giraffe
13710,train,30,giraffe
13711,train,30,giraffe
13712,train,30,giraffe
13713,train,30,giraffe
13714,test,30,giraffe
13715,test,30,giraffe
13716,test,30,giraffe
13717,train,30,giraffe
13718,train,30,giraffe
13719,validation,30,giraffe
13720,train,30,giraffe
13721,test,30,giraffe
13722,validation,30,giraffe
13723,train,30,giraffe
13724,validation,30,giraffe
13725,train,30,giraffe
13726,train,30,giraffe
13727,test,30,giraffe
13728,train,30,giraffe
13729,test,30,giraffe
13730,validation,30,giraffe
13731,train,30,giraffe
13732,train,30,giraffe
13733,validation,30,giraffe
13734,test,30,giraffe
13735,train,30,giraffe
13736,train,30,giraffe
13737,train,30,giraffe
13738,train,30,giraffe
13739,test,30,giraffe
13740,train,30,giraffe
13741,validation,30,giraffe
13742,train,30,giraffe
13743,train,30,giraffe
13744,test,30,giraffe
13745,train,30,giraffe
13746,train,30,giraffe
13747,validation,30,giraffe
13748,train,30,giraffe
13749,train,30,giraffe
13750,train,30,giraffe
13751,train,30,giraffe
13752,validation,30,giraffe
13753,train,30,giraffe
13754,train,30,giraffe
13755,train,30,giraffe
13756,train,30,giraffe
13757,validation,30,giraffe
13758,train,30,giraffe
13759,test,30,giraffe
13760,train,30,giraffe
13761,train,30,giraffe
13762,test,30,giraffe
13763,train,30,giraffe
13764,train,30,giraffe
13765,test,30,giraffe
13766,validation,30,giraffe
13767,train,30,giraffe
13768,validation,30,giraffe
13769,train,30,giraffe
13770,validation,30,giraffe
13771,train,30,giraffe
13772,train,30,giraffe
13773,train,30,giraffe
13774,train,30,giraffe
13775,test,30,giraffe
13776,train,30,giraffe
13777,train,30,giraffe
13778,validation,30,giraffe
13779,train,30,giraffe
13780,validation,30,giraffe
13781,validation,30,giraffe
13782,train,30,giraffe
13783,validation,30,giraffe
13784,train,30,giraffe
13785,test,30,giraffe
13786,validation,30,giraffe
13787,train,30,giraffe
13788,train,30,giraffe
13789,test,30,giraffe
13790,train,30,giraffe
13791,train,30,giraffe
13792,train,30,giraffe
13793,train,30,giraffe
13794,test,30,giraffe
13795,test,30,giraffe
13796,train,30,giraffe
13797,train,30,giraffe
13798,train,30,giraffe
13799,validation,30,giraffe
13800,validation,30,giraffe
13801,train,30,giraffe
13802,train,30,giraffe
13803,validation,30,giraffe
13804,test,30,giraffe
13805,validation,30,giraffe
13806,train,30,giraffe
13807,train,30,giraffe
13808,train,30,giraffe
13809,validation,30,giraffe
13810,validation,30,giraffe
13811,train,30,giraffe
13812,validation,30,giraffe
13813,train,30,giraffe
13814,train,30,giraffe
13815,validation,30,giraffe
13816,train,30,giraffe
13817,train,30,giraffe
13818,test,30,giraffe
13819,validation,30,giraffe
13820,train,30,giraffe
13821,validation,30,giraffe
13822,test,30,giraffe
13823,test,30,giraffe
13824,train,30,giraffe
13825,test,30,giraffe
13826,train,30,giraffe
13827,test,30,giraffe
13828,train,30,giraffe
13829,train,30,giraffe
13830,train,30,giraffe
13831,train,30,giraffe
13832,train,30,giraffe
13833,train,30,giraffe
13834,validation,30,giraffe
13835,train,30,giraffe
13836,train,30,giraffe
13837,validation,30,giraffe
13838,validation,30,giraffe
13839,test,30,giraffe
13840,test,30,giraffe
13841,train,30,giraffe
13842,train,30,giraffe
13843,train,30,giraffe
13844,validation,30,giraffe
13845,validation,30,giraffe
13846,test,30,giraffe
13847,validation,30,giraffe
13848,train,30,giraffe
13849,validation,30,giraffe
13850,train,30,giraffe
13851,train,30,giraffe
13852,train,30,giraffe
13853,validation,30,giraffe
13854,train,30,giraffe
13855,test,30,giraffe
13856,train,30,giraffe
13857,test,30,giraffe
13858,train,30,giraffe
13859,train,30,giraffe
13860,train,30,giraffe
13861,train,30,giraffe
13862,validation,30,giraffe
13863,validation,30,giraffe
13864,test,30,giraffe
13865,train,30,giraffe
13866,train,30,giraffe
13867,train,30,giraffe
13868,train,30,giraffe
13869,train,30,giraffe
13870,test,30,giraffe
13871,test,30,giraffe
13872,train,30,giraffe
13873,train,30,giraffe
13874,train,30,giraffe
13875,test,30,giraffe
13876,test,30,giraffe
13877,train,30,giraffe
13878,train,30,giraffe
13879,train,30,giraffe
13880,train,30,giraffe
13881,validation,30,giraffe
13882,train,30,giraffe
13883,validation,30,giraffe
13884,train,30,giraffe
13885,train,30,giraffe
13886,train,30,giraffe
13887,test,30,giraffe
13888,train,30,giraffe
13889,train,30,giraffe
13890,train,30,giraffe
13891,train,30,giraffe
13892,train,30,giraffe
13893,train,30,giraffe
13894,test,30,giraffe
13895,test,30,giraffe
13896,train,30,giraffe
13897,train,30,giraffe
13898,train,30,giraffe
13899,train,30,giraffe
13900,train,30,giraffe
13901,train,30,giraffe
13902,test,30,giraffe
13903,train,30,giraffe
13904,test,30,giraffe
13905,validation,30,giraffe
13906,train,30,giraffe
13907,test,30,giraffe
13908,train,30,giraffe
13909,train,30,giraffe
13910,train,30,giraffe
13911,test,30,giraffe
13912,test,30,giraffe
13913,train,30,giraffe
13914,test,30,giraffe
13915,train,30,giraffe
13916,test,30,giraffe
13917,train,30,giraffe
13918,train,30,giraffe
13919,train,30,giraffe
13920,validation,30,giraffe
13921,test,30,giraffe
13922,train,30,giraffe
13923,train,30,giraffe
13924,train,30,giraffe
13925,train,30,giraffe
13926,train,30,giraffe
13927,validation,30,giraffe
13928,train,30,giraffe
13929,validation,30,giraffe
13930,train,30,giraffe
13931,train,30,giraffe
13932,train,30,giraffe
13933,train,30,giraffe
13934,train,30,giraffe
13935,train,30,giraffe
13936,validation,30,giraffe
13937,train,30,giraffe
13938,train,30,giraffe
13939,train,30,giraffe
13940,test,30,giraffe
13941,train,30,giraffe
13942,validation,30,giraffe
13943,train,30,giraffe
13944,test,30,giraffe
13945,train,30,giraffe
13946,train,30,giraffe
13947,validation,30,giraffe
13948,train,30,giraffe
13949,train,30,giraffe
13950,train,30,giraffe
13951,test,30,giraffe
13952,validation,30,giraffe
13953,train,30,giraffe
13954,validation,30,giraffe
13955,validation,30,giraffe
13956,train,30,giraffe
13957,validation,30,giraffe
13958,train,30,giraffe
13959,test,30,giraffe
13960,train,30,giraffe
13961,train,30,giraffe
13962,test,30,giraffe
13963,train,30,giraffe
13964,validation,30,giraffe
13965,test,30,giraffe
13966,validation,30,giraffe
13967,train,30,giraffe
13968,train,30,giraffe
13969,train,30,giraffe
13970,train,30,giraffe
13971,train,30,giraffe
13972,test,30,giraffe
13973,train,30,giraffe
13974,test,30,giraffe
13975,train,30,giraffe
13976,train,30,giraffe
13977,validation,30,giraffe
13978,validation,30,giraffe
13979,train,30,giraffe
13980,validation,30,giraffe
13981,train,30,giraffe
13982,test,30,giraffe
13983,test,30,giraffe
13984,train,30,giraffe
13985,train,30,giraffe
13986,test,30,giraffe
13987,validation,30,giraffe
13988,train,30,giraffe
13989,train,30,giraffe
13990,train,30,giraffe
13991,train,30,giraffe
13992,validation,30,giraffe
13993,train,30,giraffe
13994,test,30,giraffe
13995,test,30,giraffe
13996,test,30,giraffe
13997,train,30,giraffe
13998,train,30,giraffe
13999,train,30,giraffe
14000,train,30,giraffe
14001,train,30,giraffe
14002,validation,30,giraffe
14003,validation,30,giraffe
14004,test,30,giraffe
14005,train,30,giraffe
14006,test,30,giraffe
14007,validation,30,giraffe
14008,train,30,giraffe
14009,train,30,giraffe
14010,train,30,giraffe
14011,validation,30,giraffe
14012,train,30,giraffe
14013,train,30,giraffe
14014,train,30,giraffe
14015,train,30,giraffe
14016,train,30,giraffe
14017,train,30,giraffe
14018,validation,30,giraffe
14019,train,30,giraffe
14020,train,30,giraffe
14021,validation,30,giraffe
14022,train,30,giraffe
14023,train,30,giraffe
14024,test,30,giraffe
14025,train,30,giraffe
14026,train,30,giraffe
14027,validation,30,giraffe
14028,validation,30,giraffe
14029,test,30,giraffe
14030,train,30,giraffe
14031,train,30,giraffe
14032,train,30,giraffe
14033,train,30,giraffe
14034,validation,30,giraffe
14035,test,30,giraffe
14036,validation,30,giraffe
14037,validation,30,giraffe
14038,train,30,giraffe
14039,train,30,giraffe
14040,train,30,giraffe
14041,train,30,giraffe
14042,test,30,giraffe
14043,train,30,giraffe
14044,train,30,giraffe
14045,train,30,giraffe
14046,test,30,giraffe
14047,train,30,giraffe
14048,train,30,giraffe
14049,test,30,giraffe
14050,train,30,giraffe
14051,train,30,giraffe
14052,test,30,giraffe
14053,train,30,giraffe
14054,test,30,giraffe
14055,train,30,giraffe
14056,train,30,giraffe
14057,train,30,giraffe
14058,train,30,giraffe
14059,train,30,giraffe
14060,train,30,giraffe
14061,train,30,giraffe
14062,train,30,giraffe
14063,train,30,giraffe
14064,test,30,giraffe
14065,train,30,giraffe
14066,train,30,giraffe
14067,test,30,giraffe
14068,train,30,giraffe
14069,train,30,giraffe
14070,train,30,giraffe
14071,train,30,giraffe
14072,validation,30,giraffe
14073,train,30,giraffe
14074,test,30,giraffe
14075,validation,30,giraffe
14076,train,30,giraffe
14077,train,30,giraffe
14078,train,30,giraffe
14079,test,30,giraffe
14080,validation,30,giraffe
14081,validation,30,giraffe
14082,train,30,giraffe
14083,train,30,giraffe
14084,test,30,giraffe
14085,train,30,giraffe
14086,test,30,giraffe
14087,train,30,giraffe
14088,train,30,giraffe
14089,validation,30,giraffe
14090,train,30,giraffe
14091,train,30,giraffe
14092,validation,30,giraffe
14093,train,30,giraffe
14094,train,30,giraffe
14095,validation,30,giraffe
14096,train,30,giraffe
14097,train,30,giraffe
14098,validation,30,giraffe
14099,train,30,giraffe
14100,train,30,giraffe
14101,test,30,giraffe
14102,train,30,giraffe
14103,train,30,giraffe
14104,train,30,giraffe
14105,test,30,giraffe
14106,train,30,giraffe
14107,train,30,giraffe
14108,test,30,giraffe
14109,validation,30,giraffe
14110,train,30,giraffe
14111,train,30,giraffe
14112,train,30,giraffe
14113,train,30,giraffe
14114,train,30,giraffe
14115,train,30,giraffe
14116,train,30,giraffe
14117,train,30,giraffe
14118,test,30,giraffe
14119,validation,30,giraffe
14120,validation,30,giraffe
14121,validation,30,giraffe
14122,train,30,giraffe
14123,test,30,giraffe
14124,train,30,giraffe
14125,validation,30,giraffe
14126,train,30,giraffe
14127,test,30,giraffe
14128,test,30,giraffe
14129,test,30,giraffe
14130,test,30,giraffe
14131,test,30,giraffe
14132,test,30,giraffe
14133,train,30,giraffe
14134,train,30,giraffe
14135,validation,30,giraffe
14136,train,30,giraffe
14137,train,30,giraffe
14138,test,30,giraffe
14139,validation,30,giraffe
14140,train,30,giraffe
14141,test,30,giraffe
14142,train,30,giraffe
14143,test,30,giraffe
14144,train,30,giraffe
14145,validation,30,giraffe
14146,train,30,giraffe
14147,test,30,giraffe
14148,validation,30,giraffe
14149,train,30,giraffe
14150,test,30,giraffe
14151,train,30,giraffe
14152,train,30,giraffe
14153,train,30,giraffe
14154,train,30,giraffe
14155,train,30,giraffe
14156,train,30,giraffe
14157,train,30,giraffe
14158,validation,30,giraffe
14159,test,30,giraffe
14160,train,30,giraffe
14161,validation,30,giraffe
14162,validation,30,giraffe
14163,train,30,giraffe
14164,test,30,giraffe
14165,validation,30,giraffe
14166,validation,30,giraffe
14167,test,30,giraffe
14168,train,30,giraffe
14169,test,30,giraffe
14170,validation,30,giraffe
14171,validation,30,giraffe
14172,train,30,giraffe
14173,train,30,giraffe
14174,train,30,giraffe
14175,test,30,giraffe
14176,validation,30,giraffe
14177,train,30,giraffe
14178,validation,30,giraffe
14179,train,30,giraffe
14180,train,30,giraffe
14181,test,30,giraffe
14182,validation,30,giraffe
14183,train,30,giraffe
14184,validation,30,giraffe
14185,validation,30,giraffe
14186,train,30,giraffe
14187,validation,30,giraffe
14188,validation,30,giraffe
14189,train,30,giraffe
14190,validation,30,giraffe
14191,train,30,giraffe
14192,train,30,giraffe
14193,train,30,giraffe
14194,train,30,giraffe
14195,train,30,giraffe
14196,train,30,giraffe
14197,train,30,giraffe
14198,train,30,giraffe
14199,validation,30,giraffe
14200,test,30,giraffe
14201,train,30,giraffe
14202,train,30,giraffe
14203,test,30,giraffe
14204,train,30,giraffe
14205,train,30,giraffe
14206,train,30,giraffe
14207,train,30,giraffe
14208,train,30,giraffe
14209,train,30,giraffe
14210,train,30,giraffe
14211,train,30,giraffe
14212,train,30,giraffe
14213,train,30,giraffe
14214,train,30,giraffe
14215,test,30,giraffe
14216,train,30,giraffe
14217,train,30,giraffe
14218,train,30,giraffe
14219,test,30,giraffe
14220,test,30,giraffe
14221,validation,30,giraffe
14222,train,30,giraffe
14223,validation,30,giraffe
14224,train,30,giraffe
14225,train,30,giraffe
14226,train,30,giraffe
14227,train,30,giraffe
14228,validation,30,giraffe
14229,train,30,giraffe
14230,train,30,giraffe
14231,test,30,giraffe
14232,train,30,giraffe
14233,validation,30,giraffe
14234,test,30,giraffe
14235,test,30,giraffe
14236,train,30,giraffe
14237,validation,30,giraffe
14238,validation,30,giraffe
14239,train,30,giraffe
14240,train,30,giraffe
14241,train,30,giraffe
14242,validation,30,giraffe
14243,train,30,giraffe
14244,validation,30,giraffe
14245,train,30,giraffe
14246,test,30,giraffe
14247,test,30,giraffe
14248,test,30,giraffe
14249,train,30,giraffe
14250,validation,30,giraffe
14251,train,30,giraffe
14252,test,30,giraffe
14253,train,30,giraffe
14254,train,30,giraffe
14255,train,30,giraffe
14256,test,30,giraffe
14257,validation,30,giraffe
14258,test,30,giraffe
14259,train,30,giraffe
14260,train,30,giraffe
14261,validation,30,giraffe
14262,validation,30,giraffe
14263,validation,30,giraffe
14264,test,30,giraffe
14265,test,30,giraffe
14266,train,30,giraffe
14267,train,30,giraffe
14268,test,30,giraffe
14269,train,30,giraffe
14270,train,30,giraffe
14271,train,30,giraffe
14272,train,30,giraffe
14273,train,30,giraffe
14274,train,30,giraffe
14275,validation,30,giraffe
14276,train,30,giraffe
14277,train,30,giraffe
14278,train,30,giraffe
14279,train,30,giraffe
14280,test,30,giraffe
14281,validation,30,giraffe
14282,validation,30,giraffe
14283,train,30,giraffe
14284,train,30,giraffe
14285,validation,30,giraffe
14286,test,30,giraffe
14287,validation,30,giraffe
14288,validation,30,giraffe
14289,train,30,giraffe
14290,validation,30,giraffe
14291,validation,30,giraffe
14292,train,30,giraffe
14293,train,30,giraffe
14294,train,30,giraffe
14295,train,30,giraffe
14296,train,30,giraffe
14297,test,30,giraffe
14298,train,30,giraffe
14299,validation,30,giraffe
14300,validation,30,giraffe
14301,train,30,giraffe
14302,train,30,giraffe
14303,train,30,giraffe
14304,train,30,giraffe
14305,train,30,giraffe
14306,train,30,giraffe
14307,test,30,giraffe
14308,test,30,giraffe
14309,train,30,giraffe
14310,test,30,giraffe
14311,test,30,giraffe
14312,test,30,giraffe
14313,train,30,giraffe
14314,test,30,giraffe
14315,train,30,giraffe
14316,validation,30,giraffe
14317,validation,30,giraffe
14318,train,30,giraffe
14319,train,30,giraffe
14320,train,30,giraffe
14321,test,30,giraffe
14322,train,30,giraffe
14323,train,30,giraffe
14324,validation,30,giraffe
14325,train,30,giraffe
14326,train,30,giraffe
14327,train,30,giraffe
14328,test,30,giraffe
14329,validation,30,giraffe
14330,train,30,giraffe
14331,test,30,giraffe
14332,validation,30,giraffe
14333,test,30,giraffe
14334,train,30,giraffe
14335,train,30,giraffe
14336,train,30,giraffe
14337,train,30,giraffe
14338,train,30,giraffe
14339,train,30,giraffe
14340,validation,30,giraffe
14341,test,30,giraffe
14342,validation,30,giraffe
14343,train,30,giraffe
14344,train,30,giraffe
14345,test,30,giraffe
14346,validation,30,giraffe
14347,validation,30,giraffe
14348,validation,30,giraffe
14349,train,30,giraffe
14350,train,30,giraffe
14351,train,30,giraffe
14352,train,30,giraffe
14353,validation,30,giraffe
14354,train,30,giraffe
14355,train,30,giraffe
14356,train,30,giraffe
14357,test,30,giraffe
14358,validation,30,giraffe
14359,validation,30,giraffe
14360,train,30,giraffe
14361,train,30,giraffe
14362,validation,30,giraffe
14363,train,30,giraffe
14364,train,30,giraffe
14365,train,30,giraffe
14366,train,30,giraffe
14367,train,30,giraffe
14368,train,30,giraffe
14369,train,30,giraffe
14370,test,30,giraffe
14371,train,30,giraffe
14372,test,30,giraffe
14373,train,30,giraffe
14374,train,30,giraffe
14375,train,30,giraffe
14376,train,30,giraffe
14377,train,30,giraffe
14378,train,30,giraffe
14379,train,30,giraffe
14380,train,30,giraffe
14381,test,30,giraffe
14382,train,30,giraffe
14383,train,30,giraffe
14384,test,30,giraffe
14385,train,30,giraffe
14386,test,30,giraffe
14387,train,30,giraffe
14388,train,30,giraffe
14389,train,30,giraffe
14390,test,30,giraffe
14391,test,30,giraffe
14392,train,30,giraffe
14393,train,30,giraffe
14394,train,30,giraffe
14395,test,30,giraffe
14396,test,30,giraffe
14397,train,30,giraffe
14398,test,30,giraffe
14399,train,30,giraffe
14400,train,30,giraffe
14401,validation,30,giraffe
14402,train,30,giraffe
14403,validation,30,giraffe
14404,validation,30,giraffe
14405,train,30,giraffe
14406,train,30,giraffe
14407,train,30,giraffe
14408,test,30,giraffe
14409,train,30,giraffe
14410,test,30,giraffe
14411,train,30,giraffe
14412,train,30,giraffe
14413,train,30,giraffe
14414,train,30,giraffe
14415,train,30,giraffe
14416,validation,30,giraffe
14417,validation,30,giraffe
14418,test,30,giraffe
14419,train,30,giraffe
14420,test,30,giraffe
14421,train,30,giraffe
14422,test,30,giraffe
14423,test,30,giraffe
14424,validation,30,giraffe
14425,validation,30,giraffe
14426,train,30,giraffe
14427,train,30,giraffe
14428,validation,30,giraffe
14429,test,30,giraffe
14430,train,30,giraffe
14431,validation,30,giraffe
14432,train,30,giraffe
14433,train,30,giraffe
14434,train,30,giraffe
14435,train,30,giraffe
14436,train,30,giraffe
14437,validation,30,giraffe
14438,train,30,giraffe
14439,train,30,giraffe
14440,validation,30,giraffe
14441,validation,30,giraffe
14442,test,30,giraffe
14443,train,30,giraffe
14444,train,30,giraffe
14445,train,30,giraffe
14446,train,30,giraffe
14447,train,30,giraffe
14448,test,30,giraffe
14449,test,30,giraffe
14450,train,30,giraffe
14451,train,30,giraffe
14452,train,30,giraffe
14453,train,30,giraffe
14454,train,30,giraffe
14455,train,30,giraffe
14456,train,30,giraffe
14457,train,30,giraffe
14458,train,30,giraffe
14459,validation,30,giraffe
14460,train,30,giraffe
14461,train,30,giraffe
14462,train,30,giraffe
14463,validation,30,giraffe
14464,train,30,giraffe
14465,test,30,giraffe
14466,train,30,giraffe
14467,validation,30,giraffe
14468,validation,30,giraffe
14469,train,30,giraffe
14470,validation,30,giraffe
14471,train,30,giraffe
14472,train,30,giraffe
14473,train,30,giraffe
14474,train,30,giraffe
14475,train,30,giraffe
14476,validation,30,giraffe
14477,train,30,giraffe
14478,train,30,giraffe
14479,test,30,giraffe
14480,train,30,giraffe
14481,test,30,giraffe
14482,train,30,giraffe
14483,train,30,giraffe
14484,test,30,giraffe
14485,train,30,giraffe
14486,train,30,giraffe
14487,train,30,giraffe
14488,validation,30,giraffe
14489,validation,30,giraffe
14490,validation,30,giraffe
14491,validation,30,giraffe
14492,validation,30,giraffe
14493,train,30,giraffe
14494,test,30,giraffe
14495,validation,30,giraffe
14496,train,30,giraffe
14497,train,30,giraffe
14498,train,30,giraffe
14499,train,30,giraffe
14500,validation,30,giraffe
14501,validation,30,giraffe
14502,validation,30,giraffe
14503,validation,30,giraffe
14504,train,30,giraffe
14505,test,30,giraffe
14506,train,30,giraffe
14507,test,30,giraffe
14508,train,30,giraffe
14509,train,30,giraffe
14510,train,30,giraffe
14511,test,30,giraffe
14512,train,30,giraffe
14513,train,30,giraffe
14514,train,30,giraffe
14515,test,30,giraffe
14516,train,30,giraffe
14517,train,30,giraffe
14518,train,30,giraffe
14519,train,30,giraffe
14520,test,30,giraffe
14521,test,30,giraffe
14522,test,30,giraffe
14523,validation,30,giraffe
14524,train,30,giraffe
14525,validation,30,giraffe
14526,test,30,giraffe
14527,test,30,giraffe
14528,train,30,giraffe
14529,test,30,giraffe
14530,test,30,giraffe
14531,train,30,giraffe
14532,test,30,giraffe
14533,train,30,giraffe
14534,train,30,giraffe
14535,train,30,giraffe
14536,test,30,giraffe
14537,train,30,giraffe
14538,validation,30,giraffe
14539,train,30,giraffe
14540,validation,30,giraffe
14541,train,30,giraffe
14542,test,30,giraffe
14543,test,30,giraffe
14544,train,30,giraffe
14545,test,30,giraffe
14546,validation,30,giraffe
14547,train,30,giraffe
14548,train,30,giraffe
14549,test,30,giraffe
14550,test,30,giraffe
14551,validation,30,giraffe
14552,train,30,giraffe
14553,train,30,giraffe
14554,test,30,giraffe
14555,train,30,giraffe
14556,validation,30,giraffe
14557,train,30,giraffe
14558,train,30,giraffe
14559,train,30,giraffe
14560,train,30,giraffe
14561,train,30,giraffe
14562,train,30,giraffe
14563,validation,30,giraffe
14564,validation,30,giraffe
14565,train,30,giraffe
14566,train,30,giraffe
14567,validation,30,giraffe
14568,validation,30,giraffe
14569,test,30,giraffe
14570,test,30,giraffe
14571,train,30,giraffe
14572,train,30,giraffe
14573,train,30,giraffe
14574,validation,30,giraffe
14575,train,30,giraffe
14576,validation,30,giraffe
14577,test,30,giraffe
14578,validation,30,giraffe
14579,train,30,giraffe
14580,validation,30,giraffe
14581,train,30,giraffe
14582,train,30,giraffe
14583,train,30,giraffe
14584,train,30,giraffe
14585,train,30,giraffe
14586,train,30,giraffe
14587,train,30,giraffe
14588,train,30,giraffe
14589,test,30,giraffe
14590,validation,30,giraffe
14591,train,30,giraffe
14592,test,30,giraffe
14593,train,30,giraffe
14594,train,30,giraffe
14595,validation,30,giraffe
14596,train,30,giraffe
14597,test,30,giraffe
14598,train,30,giraffe
14599,train,30,giraffe
14600,train,30,giraffe
14601,test,30,giraffe
14602,train,30,giraffe
14603,train,30,giraffe
14604,train,30,giraffe
14605,test,30,giraffe
14606,train,30,giraffe
14607,train,30,giraffe
14608,train,30,giraffe
14609,train,30,giraffe
14610,train,30,giraffe
14611,validation,30,giraffe
14612,train,30,giraffe
14613,train,30,giraffe
14614,train,30,giraffe
14615,validation,30,giraffe
14616,train,30,giraffe
14617,test,30,giraffe
14618,train,30,giraffe
14619,validation,30,giraffe
14620,train,30,giraffe
14621,train,30,giraffe
14622,train,30,giraffe
14623,validation,30,giraffe
14624,train,30,giraffe
14625,train,30,giraffe
14626,train,30,giraffe
14627,test,30,giraffe
14628,train,30,giraffe
14629,validation,30,giraffe
14630,validation,30,giraffe
14631,train,30,giraffe
14632,train,19,gorilla
14633,train,19,gorilla
14634,validation,19,gorilla
14635,train,19,gorilla
14636,validation,19,gorilla
14637,train,19,gorilla
14638,train,19,gorilla
14639,train,19,gorilla
14640,train,19,gorilla
14641,train,19,gorilla
14642,test,19,gorilla
14643,validation,19,gorilla
14644,test,19,gorilla
14645,train,19,gorilla
14646,train,19,gorilla
14647,validation,19,gorilla
14648,test,19,gorilla
14649,train,19,gorilla
14650,train,19,gorilla
14651,train,19,gorilla
14652,test,19,gorilla
14653,test,19,gorilla
14654,train,19,gorilla
14655,train,19,gorilla
14656,test,19,gorilla
14657,validation,19,gorilla
14658,train,19,gorilla
14659,test,19,gorilla
14660,train,19,gorilla
14661,train,19,gorilla
14662,train,19,gorilla
14663,train,19,gorilla
14664,train,19,gorilla
14665,test,19,gorilla
14666,train,19,gorilla
14667,train,19,gorilla
14668,train,19,gorilla
14669,train,19,gorilla
14670,train,19,gorilla
14671,validation,19,gorilla
14672,train,19,gorilla
14673,test,19,gorilla
14674,train,19,gorilla
14675,train,19,gorilla
14676,train,19,gorilla
14677,test,19,gorilla
14678,train,19,gorilla
14679,train,19,gorilla
14680,train,19,gorilla
14681,train,19,gorilla
14682,validation,19,gorilla
14683,train,19,gorilla
14684,test,19,gorilla
14685,train,19,gorilla
14686,train,19,gorilla
14687,train,19,gorilla
14688,validation,19,gorilla
14689,test,19,gorilla
14690,train,19,gorilla
14691,train,19,gorilla
14692,test,19,gorilla
14693,validation,19,gorilla
14694,train,19,gorilla
14695,train,19,gorilla
14696,train,19,gorilla
14697,train,19,gorilla
14698,train,19,gorilla
14699,validation,19,gorilla
14700,test,19,gorilla
14701,train,19,gorilla
14702,train,19,gorilla
14703,train,19,gorilla
14704,train,19,gorilla
14705,train,19,gorilla
14706,train,19,gorilla
14707,train,19,gorilla
14708,validation,19,gorilla
14709,test,19,gorilla
14710,train,19,gorilla
14711,train,19,gorilla
14712,validation,19,gorilla
14713,train,19,gorilla
14714,train,19,gorilla
14715,test,19,gorilla
14716,train,19,gorilla
14717,train,19,gorilla
14718,validation,19,gorilla
14719,train,19,gorilla
14720,train,19,gorilla
14721,train,19,gorilla
14722,train,19,gorilla
14723,train,19,gorilla
14724,validation,19,gorilla
14725,train,19,gorilla
14726,validation,19,gorilla
14727,train,19,gorilla
14728,test,19,gorilla
14729,train,19,gorilla
14730,validation,19,gorilla
14731,train,19,gorilla
14732,train,19,gorilla
14733,train,19,gorilla
14734,test,19,gorilla
14735,validation,19,gorilla
14736,train,19,gorilla
14737,test,19,gorilla
14738,train,19,gorilla
14739,train,19,gorilla
14740,train,19,gorilla
14741,test,19,gorilla
14742,train,19,gorilla
14743,validation,19,gorilla
14744,validation,19,gorilla
14745,validation,19,gorilla
14746,train,19,gorilla
14747,train,19,gorilla
14748,train,19,gorilla
14749,validation,19,gorilla
14750,train,19,gorilla
14751,validation,19,gorilla
14752,validation,19,gorilla
14753,train,19,gorilla
14754,train,19,gorilla
14755,validation,19,gorilla
14756,test,19,gorilla
14757,train,19,gorilla
14758,train,19,gorilla
14759,train,19,gorilla
14760,train,19,gorilla
14761,train,19,gorilla
14762,train,19,gorilla
14763,validation,19,gorilla
14764,test,19,gorilla
14765,validation,19,gorilla
14766,train,19,gorilla
14767,train,19,gorilla
14768,validation,19,gorilla
14769,test,19,gorilla
14770,train,19,gorilla
14771,test,19,gorilla
14772,test,19,gorilla
14773,train,19,gorilla
14774,train,19,gorilla
14775,train,19,gorilla
14776,validation,19,gorilla
14777,train,19,gorilla
14778,validation,19,gorilla
14779,train,19,gorilla
14780,train,19,gorilla
14781,test,19,gorilla
14782,test,19,gorilla
14783,train,19,gorilla
14784,train,19,gorilla
14785,train,19,gorilla
14786,train,19,gorilla
14787,train,19,gorilla
14788,test,19,gorilla
14789,train,19,gorilla
14790,train,19,gorilla
14791,test,19,gorilla
14792,test,19,gorilla
14793,validation,19,gorilla
14794,train,19,gorilla
14795,train,19,gorilla
14796,train,19,gorilla
14797,test,19,gorilla
14798,test,19,gorilla
14799,validation,19,gorilla
14800,train,19,gorilla
14801,test,19,gorilla
14802,train,19,gorilla
14803,test,19,gorilla
14804,test,19,gorilla
14805,validation,19,gorilla
14806,train,19,gorilla
14807,train,19,gorilla
14808,train,19,gorilla
14809,validation,19,gorilla
14810,validation,19,gorilla
14811,test,19,gorilla
14812,train,19,gorilla
14813,train,19,gorilla
14814,train,19,gorilla
14815,train,19,gorilla
14816,train,19,gorilla
14817,train,19,gorilla
14818,train,19,gorilla
14819,train,19,gorilla
14820,train,19,gorilla
14821,train,19,gorilla
14822,train,19,gorilla
14823,train,19,gorilla
14824,train,19,gorilla
14825,train,19,gorilla
14826,train,19,gorilla
14827,validation,19,gorilla
14828,train,19,gorilla
14829,train,19,gorilla
14830,train,19,gorilla
14831,test,19,gorilla
14832,validation,19,gorilla
14833,train,19,gorilla
14834,train,19,gorilla
14835,train,19,gorilla
14836,test,19,gorilla
14837,train,19,gorilla
14838,train,19,gorilla
14839,train,19,gorilla
14840,test,19,gorilla
14841,train,19,gorilla
14842,train,19,gorilla
14843,train,19,gorilla
14844,train,19,gorilla
14845,train,19,gorilla
14846,train,19,gorilla
14847,train,19,gorilla
14848,test,19,gorilla
14849,train,19,gorilla
14850,train,19,gorilla
14851,train,19,gorilla
14852,train,19,gorilla
14853,train,19,gorilla
14854,train,19,gorilla
14855,train,19,gorilla
14856,train,19,gorilla
14857,test,19,gorilla
14858,test,19,gorilla
14859,validation,19,gorilla
14860,train,19,gorilla
14861,train,19,gorilla
14862,test,19,gorilla
14863,train,19,gorilla
14864,train,19,gorilla
14865,validation,19,gorilla
14866,train,19,gorilla
14867,test,19,gorilla
14868,train,19,gorilla
14869,train,19,gorilla
14870,test,19,gorilla
14871,train,19,gorilla
14872,validation,19,gorilla
14873,train,19,gorilla
14874,train,19,gorilla
14875,train,19,gorilla
14876,train,19,gorilla
14877,validation,19,gorilla
14878,test,19,gorilla
14879,train,19,gorilla
14880,train,19,gorilla
14881,validation,19,gorilla
14882,test,19,gorilla
14883,test,19,gorilla
14884,test,19,gorilla
14885,test,19,gorilla
14886,test,19,gorilla
14887,train,19,gorilla
14888,train,19,gorilla
14889,test,19,gorilla
14890,train,19,gorilla
14891,validation,19,gorilla
14892,train,19,gorilla
14893,train,19,gorilla
14894,test,19,gorilla
14895,validation,19,gorilla
14896,test,19,gorilla
14897,train,19,gorilla
14898,validation,19,gorilla
14899,test,19,gorilla
14900,test,19,gorilla
14901,validation,19,gorilla
14902,train,19,gorilla
14903,validation,19,gorilla
14904,validation,19,gorilla
14905,validation,19,gorilla
14906,train,19,gorilla
14907,train,19,gorilla
14908,validation,19,gorilla
14909,train,19,gorilla
14910,train,19,gorilla
14911,validation,19,gorilla
14912,train,19,gorilla
14913,test,19,gorilla
14914,train,19,gorilla
14915,train,19,gorilla
14916,validation,19,gorilla
14917,train,19,gorilla
14918,train,19,gorilla
14919,train,19,gorilla
14920,test,19,gorilla
14921,validation,19,gorilla
14922,train,19,gorilla
14923,train,19,gorilla
14924,test,19,gorilla
14925,test,19,gorilla
14926,train,19,gorilla
14927,train,19,gorilla
14928,train,19,gorilla
14929,train,19,gorilla
14930,train,19,gorilla
14931,test,19,gorilla
14932,train,19,gorilla
14933,train,19,gorilla
14934,test,19,gorilla
14935,train,19,gorilla
14936,train,19,gorilla
14937,validation,19,gorilla
14938,train,19,gorilla
14939,test,19,gorilla
14940,train,19,gorilla
14941,train,19,gorilla
14942,test,19,gorilla
14943,train,19,gorilla
14944,train,19,gorilla
14945,train,19,gorilla
14946,test,19,gorilla
14947,train,19,gorilla
14948,validation,19,gorilla
14949,train,19,gorilla
14950,validation,19,gorilla
14951,test,19,gorilla
14952,test,19,gorilla
14953,train,19,gorilla
14954,train,19,gorilla
14955,train,19,gorilla
14956,train,19,gorilla
14957,test,19,gorilla
14958,train,19,gorilla
14959,train,19,gorilla
14960,train,19,gorilla
14961,train,19,gorilla
14962,train,19,gorilla
14963,train,19,gorilla
14964,validation,19,gorilla
14965,test,19,gorilla
14966,train,19,gorilla
14967,train,19,gorilla
14968,train,19,gorilla
14969,train,19,gorilla
14970,train,19,gorilla
14971,train,19,gorilla
14972,train,19,gorilla
14973,train,19,gorilla
14974,test,19,gorilla
14975,train,19,gorilla
14976,train,19,gorilla
14977,train,19,gorilla
14978,train,19,gorilla
14979,train,19,gorilla
14980,train,19,gorilla
14981,test,19,gorilla
14982,test,19,gorilla
14983,validation,19,gorilla
14984,validation,19,gorilla
14985,train,19,gorilla
14986,train,19,gorilla
14987,test,19,gorilla
14988,train,19,gorilla
14989,test,19,gorilla
14990,train,19,gorilla
14991,validation,19,gorilla
14992,train,19,gorilla
14993,validation,19,gorilla
14994,train,19,gorilla
14995,train,19,gorilla
14996,validation,19,gorilla
14997,train,19,gorilla
14998,train,19,gorilla
14999,test,19,gorilla
15000,test,19,gorilla
15001,validation,19,gorilla
15002,test,19,gorilla
15003,train,19,gorilla
15004,test,19,gorilla
15005,train,19,gorilla
15006,train,19,gorilla
15007,validation,19,gorilla
15008,validation,19,gorilla
15009,train,19,gorilla
15010,validation,19,gorilla
15011,train,19,gorilla
15012,test,19,gorilla
15013,train,19,gorilla
15014,train,19,gorilla
15015,train,19,gorilla
15016,validation,19,gorilla
15017,train,19,gorilla
15018,train,19,gorilla
15019,train,19,gorilla
15020,validation,19,gorilla
15021,validation,19,gorilla
15022,train,19,gorilla
15023,test,19,gorilla
15024,train,19,gorilla
15025,validation,19,gorilla
15026,train,19,gorilla
15027,validation,19,gorilla
15028,test,19,gorilla
15029,train,19,gorilla
15030,validation,19,gorilla
15031,train,19,gorilla
15032,test,19,gorilla
15033,train,19,gorilla
15034,test,19,gorilla
15035,train,19,gorilla
15036,train,19,gorilla
15037,train,19,gorilla
15038,validation,19,gorilla
15039,train,19,gorilla
15040,validation,19,gorilla
15041,validation,19,gorilla
15042,train,19,gorilla
15043,test,19,gorilla
15044,validation,19,gorilla
15045,train,19,gorilla
15046,train,19,gorilla
15047,train,19,gorilla
15048,train,19,gorilla
15049,test,19,gorilla
15050,train,19,gorilla
15051,train,19,gorilla
15052,train,19,gorilla
15053,train,19,gorilla
15054,train,19,gorilla
15055,train,19,gorilla
15056,train,19,gorilla
15057,train,19,gorilla
15058,validation,19,gorilla
15059,train,19,gorilla
15060,train,19,gorilla
15061,validation,19,gorilla
15062,train,19,gorilla
15063,test,19,gorilla
15064,train,19,gorilla
15065,test,19,gorilla
15066,validation,19,gorilla
15067,train,19,gorilla
15068,train,19,gorilla
15069,train,19,gorilla
15070,test,19,gorilla
15071,validation,19,gorilla
15072,train,19,gorilla
15073,train,19,gorilla
15074,test,19,gorilla
15075,test,19,gorilla
15076,train,19,gorilla
15077,train,19,gorilla
15078,validation,19,gorilla
15079,test,19,gorilla
15080,train,19,gorilla
15081,train,19,gorilla
15082,train,19,gorilla
15083,validation,19,gorilla
15084,train,19,gorilla
15085,test,19,gorilla
15086,train,19,gorilla
15087,train,19,gorilla
15088,train,19,gorilla
15089,train,19,gorilla
15090,train,19,gorilla
15091,test,19,gorilla
15092,train,19,gorilla
15093,validation,19,gorilla
15094,validation,19,gorilla
15095,test,19,gorilla
15096,train,19,gorilla
15097,train,19,gorilla
15098,train,19,gorilla
15099,train,19,gorilla
15100,test,19,gorilla
15101,train,19,gorilla
15102,train,19,gorilla
15103,train,19,gorilla
15104,train,19,gorilla
15105,train,19,gorilla
15106,test,19,gorilla
15107,validation,19,gorilla
15108,train,19,gorilla
15109,validation,19,gorilla
15110,train,19,gorilla
15111,test,19,gorilla
15112,train,19,gorilla
15113,train,19,gorilla
15114,test,19,gorilla
15115,train,19,gorilla
15116,train,19,gorilla
15117,train,19,gorilla
15118,validation,19,gorilla
15119,train,19,gorilla
15120,validation,19,gorilla
15121,train,19,gorilla
15122,test,19,gorilla
15123,test,19,gorilla
15124,train,19,gorilla
15125,train,19,gorilla
15126,train,19,gorilla
15127,validation,19,gorilla
15128,test,19,gorilla
15129,train,19,gorilla
15130,train,19,gorilla
15131,train,19,gorilla
15132,train,19,gorilla
15133,test,19,gorilla
15134,train,19,gorilla
15135,train,19,gorilla
15136,validation,19,gorilla
15137,test,19,gorilla
15138,train,19,gorilla
15139,train,19,gorilla
15140,validation,19,gorilla
15141,train,19,gorilla
15142,validation,19,gorilla
15143,train,19,gorilla
15144,train,19,gorilla
15145,test,19,gorilla
15146,train,19,gorilla
15147,train,19,gorilla
15148,train,19,gorilla
15149,validation,19,gorilla
15150,train,19,gorilla
15151,validation,19,gorilla
15152,test,19,gorilla
15153,test,19,gorilla
15154,train,19,gorilla
15155,train,19,gorilla
15156,test,19,gorilla
15157,train,19,gorilla
15158,test,19,gorilla
15159,train,19,gorilla
15160,train,19,gorilla
15161,train,19,gorilla
15162,test,19,gorilla
15163,validation,19,gorilla
15164,validation,19,gorilla
15165,train,19,gorilla
15166,train,19,gorilla
15167,train,19,gorilla
15168,train,19,gorilla
15169,train,19,gorilla
15170,train,19,gorilla
15171,validation,19,gorilla
15172,train,19,gorilla
15173,validation,19,gorilla
15174,train,19,gorilla
15175,validation,19,gorilla
15176,train,19,gorilla
15177,test,19,gorilla
15178,train,19,gorilla
15179,train,19,gorilla
15180,train,19,gorilla
15181,train,19,gorilla
15182,train,19,gorilla
15183,train,19,gorilla
15184,validation,19,gorilla
15185,train,19,gorilla
15186,train,19,gorilla
15187,test,19,gorilla
15188,train,19,gorilla
15189,train,19,gorilla
15190,train,19,gorilla
15191,validation,19,gorilla
15192,train,19,gorilla
15193,test,19,gorilla
15194,test,19,gorilla
15195,train,19,gorilla
15196,train,19,gorilla
15197,validation,19,gorilla
15198,train,19,gorilla
15199,validation,19,gorilla
15200,validation,19,gorilla
15201,train,19,gorilla
15202,test,19,gorilla
15203,train,19,gorilla
15204,test,19,gorilla
15205,validation,19,gorilla
15206,test,19,gorilla
15207,test,19,gorilla
15208,train,19,gorilla
15209,test,19,gorilla
15210,train,19,gorilla
15211,validation,19,gorilla
15212,train,19,gorilla
15213,test,19,gorilla
15214,train,19,gorilla
15215,train,19,gorilla
15216,train,19,gorilla
15217,test,19,gorilla
15218,train,19,gorilla
15219,validation,19,gorilla
15220,train,19,gorilla
15221,test,19,gorilla
15222,validation,19,gorilla
15223,test,19,gorilla
15224,train,19,gorilla
15225,train,19,gorilla
15226,validation,19,gorilla
15227,validation,19,gorilla
15228,test,19,gorilla
15229,validation,19,gorilla
15230,validation,19,gorilla
15231,train,19,gorilla
15232,validation,19,gorilla
15233,test,19,gorilla
15234,train,19,gorilla
15235,train,19,gorilla
15236,train,19,gorilla
15237,train,19,gorilla
15238,validation,19,gorilla
15239,validation,19,gorilla
15240,train,19,gorilla
15241,train,19,gorilla
15242,train,19,gorilla
15243,validation,19,gorilla
15244,validation,19,gorilla
15245,validation,19,gorilla
15246,validation,19,gorilla
15247,test,19,gorilla
15248,train,19,gorilla
15249,train,19,gorilla
15250,test,19,gorilla
15251,validation,19,gorilla
15252,validation,19,gorilla
15253,test,19,gorilla
15254,train,19,gorilla
15255,train,19,gorilla
15256,train,19,gorilla
15257,train,19,gorilla
15258,train,19,gorilla
15259,train,19,gorilla
15260,train,19,gorilla
15261,validation,19,gorilla
15262,train,19,gorilla
15263,train,19,gorilla
15264,train,19,gorilla
15265,validation,19,gorilla
15266,train,19,gorilla
15267,test,19,gorilla
15268,train,19,gorilla
15269,validation,19,gorilla
15270,test,19,gorilla
15271,validation,19,gorilla
15272,test,19,gorilla
15273,train,19,gorilla
15274,test,19,gorilla
15275,train,19,gorilla
15276,validation,19,gorilla
15277,validation,19,gorilla
15278,test,19,gorilla
15279,test,19,gorilla
15280,train,19,gorilla
15281,train,19,gorilla
15282,train,19,gorilla
15283,train,19,gorilla
15284,validation,19,gorilla
15285,validation,19,gorilla
15286,train,19,gorilla
15287,validation,19,gorilla
15288,train,19,gorilla
15289,train,19,gorilla
15290,train,19,gorilla
15291,validation,19,gorilla
15292,train,19,gorilla
15293,train,19,gorilla
15294,train,19,gorilla
15295,test,19,gorilla
15296,test,19,gorilla
15297,train,19,gorilla
15298,train,19,gorilla
15299,validation,19,gorilla
15300,train,19,gorilla
15301,train,19,gorilla
15302,train,19,gorilla
15303,train,19,gorilla
15304,test,19,gorilla
15305,train,19,gorilla
15306,train,19,gorilla
15307,test,19,gorilla
15308,train,19,gorilla
15309,validation,19,gorilla
15310,train,19,gorilla
15311,train,19,gorilla
15312,train,19,gorilla
15313,train,19,gorilla
15314,train,19,gorilla
15315,validation,19,gorilla
15316,validation,19,gorilla
15317,train,19,gorilla
15318,test,19,gorilla
15319,train,19,gorilla
15320,train,19,gorilla
15321,validation,19,gorilla
15322,train,19,gorilla
15323,train,19,gorilla
15324,train,19,gorilla
15325,train,19,gorilla
15326,train,19,gorilla
15327,train,19,gorilla
15328,train,19,gorilla
15329,train,19,gorilla
15330,train,19,gorilla
15331,test,19,gorilla
15332,test,19,gorilla
15333,train,19,gorilla
15334,validation,19,gorilla
15335,test,19,gorilla
15336,validation,19,gorilla
15337,train,19,gorilla
15338,train,19,gorilla
15339,test,19,gorilla
15340,train,19,gorilla
15341,test,19,gorilla
15342,train,19,gorilla
15343,train,19,gorilla
15344,train,19,gorilla
15345,train,19,gorilla
15346,validation,19,gorilla
15347,train,19,gorilla
15348,validation,19,gorilla
15349,validation,19,gorilla
15350,train,19,gorilla
15351,train,19,gorilla
15352,validation,19,gorilla
15353,train,19,gorilla
15354,train,19,gorilla
15355,validation,19,gorilla
15356,train,19,gorilla
15357,train,19,gorilla
15358,train,19,gorilla
15359,test,19,gorilla
15360,test,19,gorilla
15361,train,19,gorilla
15362,test,19,gorilla
15363,validation,19,gorilla
15364,train,19,gorilla
15365,test,19,gorilla
15366,validation,19,gorilla
15367,train,19,gorilla
15368,validation,19,gorilla
15369,train,19,gorilla
15370,train,19,gorilla
15371,validation,19,gorilla
15372,test,19,gorilla
15373,validation,19,gorilla
15374,train,19,gorilla
15375,train,19,gorilla
15376,validation,19,gorilla
15377,test,19,gorilla
15378,validation,19,gorilla
15379,train,19,gorilla
15380,validation,19,gorilla
15381,test,19,gorilla
15382,train,19,gorilla
15383,test,19,gorilla
15384,train,19,gorilla
15385,train,19,gorilla
15386,test,19,gorilla
15387,train,19,gorilla
15388,train,19,gorilla
15389,train,19,gorilla
15390,train,19,gorilla
15391,test,19,gorilla
15392,test,19,gorilla
15393,test,19,gorilla
15394,test,19,gorilla
15395,train,19,gorilla
15396,train,19,gorilla
15397,test,19,gorilla
15398,train,19,gorilla
15399,test,19,gorilla
15400,train,19,gorilla
15401,train,19,gorilla
15402,train,19,gorilla
15403,train,19,gorilla
15404,validation,19,gorilla
15405,train,19,gorilla
15406,validation,19,gorilla
15407,validation,19,gorilla
15408,train,19,gorilla
15409,train,19,gorilla
15410,test,19,gorilla
15411,validation,19,gorilla
15412,test,19,gorilla
15413,train,19,gorilla
15414,train,19,gorilla
15415,train,19,gorilla
15416,train,19,gorilla
15417,train,19,gorilla
15418,validation,19,gorilla
15419,train,19,gorilla
15420,test,19,gorilla
15421,test,19,gorilla
15422,test,19,gorilla
15423,train,19,gorilla
15424,train,19,gorilla
15425,train,19,gorilla
15426,train,19,gorilla
15427,train,19,gorilla
15428,train,19,gorilla
15429,validation,19,gorilla
15430,train,19,gorilla
15431,train,19,gorilla
15432,test,19,gorilla
15433,train,19,gorilla
15434,train,19,gorilla
15435,train,19,gorilla
15436,train,19,gorilla
15437,train,19,gorilla
15438,train,19,gorilla
15439,train,19,gorilla
15440,test,19,gorilla
15441,validation,19,gorilla
15442,test,19,gorilla
15443,train,19,gorilla
15444,test,19,gorilla
15445,test,19,gorilla
15446,train,19,gorilla
15447,train,19,gorilla
15448,train,19,gorilla
15449,validation,19,gorilla
15450,train,19,gorilla
15451,train,19,gorilla
15452,train,19,gorilla
15453,train,19,gorilla
15454,train,19,gorilla
15455,validation,19,gorilla
15456,train,19,gorilla
15457,train,19,gorilla
15458,validation,19,gorilla
15459,train,19,gorilla
15460,validation,19,gorilla
15461,validation,19,gorilla
15462,test,19,gorilla
15463,train,19,gorilla
15464,train,19,gorilla
15465,train,19,gorilla
15466,validation,19,gorilla
15467,train,19,gorilla
15468,train,19,gorilla
15469,validation,19,gorilla
15470,validation,19,gorilla
15471,validation,19,gorilla
15472,validation,19,gorilla
15473,train,19,gorilla
15474,test,19,gorilla
15475,validation,19,gorilla
15476,validation,19,gorilla
15477,validation,19,gorilla
15478,train,19,gorilla
15479,validation,19,gorilla
15480,validation,19,gorilla
15481,test,19,gorilla
15482,train,19,gorilla
15483,train,19,gorilla
15484,test,19,gorilla
15485,train,19,gorilla
15486,test,19,gorilla
15487,validation,19,gorilla
15488,train,19,gorilla
15489,test,19,gorilla
15490,test,19,gorilla
15491,train,19,gorilla
15492,validation,19,gorilla
15493,train,19,gorilla
15494,train,19,gorilla
15495,train,19,gorilla
15496,train,19,gorilla
15497,train,19,gorilla
15498,train,19,gorilla
15499,train,19,gorilla
15500,train,19,gorilla
15501,train,19,gorilla
15502,train,19,gorilla
15503,train,19,gorilla
15504,validation,1,grizzly bear
15505,train,1,grizzly bear
15506,train,1,grizzly bear
15507,validation,1,grizzly bear
15508,train,1,grizzly bear
15509,train,1,grizzly bear
15510,validation,1,grizzly bear
15511,validation,1,grizzly bear
15512,train,1,grizzly bear
15513,train,1,grizzly bear
15514,test,1,grizzly bear
15515,validation,1,grizzly bear
15516,train,1,grizzly bear
15517,train,1,grizzly bear
15518,test,1,grizzly bear
15519,train,1,grizzly bear
15520,test,1,grizzly bear
15521,validation,1,grizzly bear
15522,validation,1,grizzly bear
15523,train,1,grizzly bear
15524,train,1,grizzly bear
15525,train,1,grizzly bear
15526,validation,1,grizzly bear
15527,train,1,grizzly bear
15528,test,1,grizzly bear
15529,train,1,grizzly bear
15530,test,1,grizzly bear
15531,train,1,grizzly bear
15532,validation,1,grizzly bear
15533,train,1,grizzly bear
15534,train,1,grizzly bear
15535,validation,1,grizzly bear
15536,train,1,grizzly bear
15537,test,1,grizzly bear
15538,train,1,grizzly bear
15539,train,1,grizzly bear
15540,train,1,grizzly bear
15541,train,1,grizzly bear
15542,validation,1,grizzly bear
15543,train,1,grizzly bear
15544,validation,1,grizzly bear
15545,validation,1,grizzly bear
15546,train,1,grizzly bear
15547,test,1,grizzly bear
15548,train,1,grizzly bear
15549,train,1,grizzly bear
15550,test,1,grizzly bear
15551,train,1,grizzly bear
15552,test,1,grizzly bear
15553,train,1,grizzly bear
15554,test,1,grizzly bear
15555,train,1,grizzly bear
15556,test,1,grizzly bear
15557,test,1,grizzly bear
15558,test,1,grizzly bear
15559,train,1,grizzly bear
15560,train,1,grizzly bear
15561,train,1,grizzly bear
15562,test,1,grizzly bear
15563,train,1,grizzly bear
15564,validation,1,grizzly bear
15565,train,1,grizzly bear
15566,test,1,grizzly bear
15567,train,1,grizzly bear
15568,train,1,grizzly bear
15569,train,1,grizzly bear
15570,train,1,grizzly bear
15571,train,1,grizzly bear
15572,test,1,grizzly bear
15573,train,1,grizzly bear
15574,train,1,grizzly bear
15575,train,1,grizzly bear
15576,test,1,grizzly bear
15577,train,1,grizzly bear
15578,test,1,grizzly bear
15579,train,1,grizzly bear
15580,train,1,grizzly bear
15581,test,1,grizzly bear
15582,train,1,grizzly bear
15583,train,1,grizzly bear
15584,validation,1,grizzly bear
15585,test,1,grizzly bear
15586,train,1,grizzly bear
15587,test,1,grizzly bear
15588,validation,1,grizzly bear
15589,train,1,grizzly bear
15590,test,1,grizzly bear
15591,test,1,grizzly bear
15592,train,1,grizzly bear
15593,train,1,grizzly bear
15594,train,1,grizzly bear
15595,train,1,grizzly bear
15596,train,1,grizzly bear
15597,train,1,grizzly bear
15598,validation,1,grizzly bear
15599,validation,1,grizzly bear
15600,validation,1,grizzly bear
15601,test,1,grizzly bear
15602,train,1,grizzly bear
15603,train,1,grizzly bear
15604,train,1,grizzly bear
15605,test,1,grizzly bear
15606,train,1,grizzly bear
15607,test,1,grizzly bear
15608,train,1,grizzly bear
15609,validation,1,grizzly bear
15610,train,1,grizzly bear
15611,validation,1,grizzly bear
15612,validation,1,grizzly bear
15613,train,1,grizzly bear
15614,train,1,grizzly bear
15615,train,1,grizzly bear
15616,validation,1,grizzly bear
15617,test,1,grizzly bear
15618,validation,1,grizzly bear
15619,train,1,grizzly bear
15620,test,1,grizzly bear
15621,test,1,grizzly bear
15622,test,1,grizzly bear
15623,validation,1,grizzly bear
15624,train,1,grizzly bear
15625,train,1,grizzly bear
15626,train,1,grizzly bear
15627,train,1,grizzly bear
15628,train,1,grizzly bear
15629,train,1,grizzly bear
15630,validation,1,grizzly bear
15631,validation,1,grizzly bear
15632,train,1,grizzly bear
15633,test,1,grizzly bear
15634,test,1,grizzly bear
15635,train,1,grizzly bear
15636,test,1,grizzly bear
15637,test,1,grizzly bear
15638,train,1,grizzly bear
15639,train,1,grizzly bear
15640,test,1,grizzly bear
15641,train,1,grizzly bear
15642,train,1,grizzly bear
15643,train,1,grizzly bear
15644,validation,1,grizzly bear
15645,train,1,grizzly bear
15646,validation,1,grizzly bear
15647,validation,1,grizzly bear
15648,validation,1,grizzly bear
15649,test,1,grizzly bear
15650,validation,1,grizzly bear
15651,validation,1,grizzly bear
15652,validation,1,grizzly bear
15653,train,1,grizzly bear
15654,test,1,grizzly bear
15655,train,1,grizzly bear
15656,validation,1,grizzly bear
15657,validation,1,grizzly bear
15658,train,1,grizzly bear
15659,test,1,grizzly bear
15660,validation,1,grizzly bear
15661,test,1,grizzly bear
15662,test,1,grizzly bear
15663,train,1,grizzly bear
15664,test,1,grizzly bear
15665,validation,1,grizzly bear
15666,train,1,grizzly bear
15667,train,1,grizzly bear
15668,test,1,grizzly bear
15669,train,1,grizzly bear
15670,train,1,grizzly bear
15671,validation,1,grizzly bear
15672,train,1,grizzly bear
15673,train,1,grizzly bear
15674,train,1,grizzly bear
15675,test,1,grizzly bear
15676,train,1,grizzly bear
15677,train,1,grizzly bear
15678,test,1,grizzly bear
15679,train,1,grizzly bear
15680,test,1,grizzly bear
15681,test,1,grizzly bear
15682,test,1,grizzly bear
15683,test,1,grizzly bear
15684,train,1,grizzly bear
15685,test,1,grizzly bear
15686,train,1,grizzly bear
15687,train,1,grizzly bear
15688,train,1,grizzly bear
15689,train,1,grizzly bear
15690,test,1,grizzly bear
15691,train,1,grizzly bear
15692,train,1,grizzly bear
15693,train,1,grizzly bear
15694,train,1,grizzly bear
15695,train,1,grizzly bear
15696,train,1,grizzly bear
15697,test,1,grizzly bear
15698,train,1,grizzly bear
15699,validation,1,grizzly bear
15700,train,1,grizzly bear
15701,validation,1,grizzly bear
15702,train,1,grizzly bear
15703,test,1,grizzly bear
15704,validation,1,grizzly bear
15705,validation,1,grizzly bear
15706,train,1,grizzly bear
15707,train,1,grizzly bear
15708,train,1,grizzly bear
15709,train,1,grizzly bear
15710,train,1,grizzly bear
15711,train,1,grizzly bear
15712,validation,1,grizzly bear
15713,test,1,grizzly bear
15714,train,1,grizzly bear
15715,train,1,grizzly bear
15716,train,1,grizzly bear
15717,train,1,grizzly bear
15718,test,1,grizzly bear
15719,test,1,grizzly bear
15720,test,1,grizzly bear
15721,validation,1,grizzly bear
15722,train,1,grizzly bear
15723,train,1,grizzly bear
15724,train,1,grizzly bear
15725,validation,1,grizzly bear
15726,train,1,grizzly bear
15727,train,1,grizzly bear
15728,test,1,grizzly bear
15729,test,1,grizzly bear
15730,test,1,grizzly bear
15731,validation,1,grizzly bear
15732,test,1,grizzly bear
15733,train,1,grizzly bear
15734,validation,1,grizzly bear
15735,train,1,grizzly bear
15736,train,1,grizzly bear
15737,train,1,grizzly bear
15738,test,1,grizzly bear
15739,train,1,grizzly bear
15740,test,1,grizzly bear
15741,train,1,grizzly bear
15742,validation,1,grizzly bear
15743,train,1,grizzly bear
15744,train,1,grizzly bear
15745,train,1,grizzly bear
15746,train,1,grizzly bear
15747,validation,1,grizzly bear
15748,train,1,grizzly bear
15749,train,1,grizzly bear
15750,train,1,grizzly bear
15751,train,1,grizzly bear
15752,train,1,grizzly bear
15753,train,1,grizzly bear
15754,train,1,grizzly bear
15755,train,1,grizzly bear
15756,train,1,grizzly bear
15757,validation,1,grizzly bear
15758,train,1,grizzly bear
15759,validation,1,grizzly bear
15760,train,1,grizzly bear
15761,train,1,grizzly bear
15762,train,1,grizzly bear
15763,train,1,grizzly bear
15764,test,1,grizzly bear
15765,train,1,grizzly bear
15766,train,1,grizzly bear
15767,validation,1,grizzly bear
15768,train,1,grizzly bear
15769,train,1,grizzly bear
15770,train,1,grizzly bear
15771,validation,1,grizzly bear
15772,train,1,grizzly bear
15773,train,1,grizzly bear
15774,train,1,grizzly bear
15775,train,1,grizzly bear
15776,train,1,grizzly bear
15777,train,1,grizzly bear
15778,validation,1,grizzly bear
15779,train,1,grizzly bear
15780,train,1,grizzly bear
15781,test,1,grizzly bear
15782,train,1,grizzly bear
15783,test,1,grizzly bear
15784,validation,1,grizzly bear
15785,train,1,grizzly bear
15786,validation,1,grizzly bear
15787,train,1,grizzly bear
15788,test,1,grizzly bear
15789,test,1,grizzly bear
15790,validation,1,grizzly bear
15791,validation,1,grizzly bear
15792,test,1,grizzly bear
15793,train,1,grizzly bear
15794,train,1,grizzly bear
15795,validation,1,grizzly bear
15796,train,1,grizzly bear
15797,train,1,grizzly bear
15798,train,1,grizzly bear
15799,test,1,grizzly bear
15800,validation,1,grizzly bear
15801,train,1,grizzly bear
15802,train,1,grizzly bear
15803,train,1,grizzly bear
15804,train,1,grizzly bear
15805,validation,1,grizzly bear
15806,train,1,grizzly bear
15807,train,1,grizzly bear
15808,test,1,grizzly bear
15809,train,1,grizzly bear
15810,train,1,grizzly bear
15811,train,1,grizzly bear
15812,test,1,grizzly bear
15813,test,1,grizzly bear
15814,train,1,grizzly bear
15815,test,1,grizzly bear
15816,test,1,grizzly bear
15817,train,1,grizzly bear
15818,train,1,grizzly bear
15819,train,1,grizzly bear
15820,train,1,grizzly bear
15821,validation,1,grizzly bear
15822,train,1,grizzly bear
15823,train,1,grizzly bear
15824,train,1,grizzly bear
15825,train,1,grizzly bear
15826,train,1,grizzly bear
15827,test,1,grizzly bear
15828,train,1,grizzly bear
15829,train,1,grizzly bear
15830,validation,1,grizzly bear
15831,test,1,grizzly bear
15832,train,1,grizzly bear
15833,validation,1,grizzly bear
15834,train,1,grizzly bear
15835,train,1,grizzly bear
15836,train,1,grizzly bear
15837,train,1,grizzly bear
15838,train,1,grizzly bear
15839,train,1,grizzly bear
15840,train,1,grizzly bear
15841,train,1,grizzly bear
15842,test,1,grizzly bear
15843,train,1,grizzly bear
15844,train,1,grizzly bear
15845,validation,1,grizzly bear
15846,train,1,grizzly bear
15847,train,1,grizzly bear
15848,train,1,grizzly bear
15849,validation,1,grizzly bear
15850,test,1,grizzly bear
15851,train,1,grizzly bear
15852,test,1,grizzly bear
15853,train,1,grizzly bear
15854,train,1,grizzly bear
15855,train,1,grizzly bear
15856,train,1,grizzly bear
15857,train,1,grizzly bear
15858,train,1,grizzly bear
15859,validation,1,grizzly bear
15860,train,1,grizzly bear
15861,train,1,grizzly bear
15862,validation,1,grizzly bear
15863,test,1,grizzly bear
15864,test,1,grizzly bear
15865,train,1,grizzly bear
15866,test,1,grizzly bear
15867,validation,1,grizzly bear
15868,validation,1,grizzly bear
15869,train,1,grizzly bear
15870,train,1,grizzly bear
15871,train,1,grizzly bear
15872,train,1,grizzly bear
15873,train,1,grizzly bear
15874,validation,1,grizzly bear
15875,train,1,grizzly bear
15876,train,1,grizzly bear
15877,validation,1,grizzly bear
15878,train,1,grizzly bear
15879,train,1,grizzly bear
15880,train,1,grizzly bear
15881,validation,1,grizzly bear
15882,train,1,grizzly bear
15883,test,1,grizzly bear
15884,validation,1,grizzly bear
15885,train,1,grizzly bear
15886,train,1,grizzly bear
15887,train,1,grizzly bear
15888,train,1,grizzly bear
15889,test,1,grizzly bear
15890,train,1,grizzly bear
15891,train,1,grizzly bear
15892,train,1,grizzly bear
15893,train,1,grizzly bear
15894,test,1,grizzly bear
15895,train,1,grizzly bear
15896,train,1,grizzly bear
15897,train,1,grizzly bear
15898,train,1,grizzly bear
15899,test,1,grizzly bear
15900,train,1,grizzly bear
15901,train,1,grizzly bear
15902,train,1,grizzly bear
15903,train,1,grizzly bear
15904,test,1,grizzly bear
15905,train,1,grizzly bear
15906,train,1,grizzly bear
15907,train,1,grizzly bear
15908,validation,1,grizzly bear
15909,validation,1,grizzly bear
15910,validation,1,grizzly bear
15911,train,1,grizzly bear
15912,train,1,grizzly bear
15913,train,1,grizzly bear
15914,validation,1,grizzly bear
15915,train,1,grizzly bear
15916,train,1,grizzly bear
15917,train,1,grizzly bear
15918,train,1,grizzly bear
15919,train,1,grizzly bear
15920,train,1,grizzly bear
15921,test,1,grizzly bear
15922,train,1,grizzly bear
15923,validation,1,grizzly bear
15924,train,1,grizzly bear
15925,test,1,grizzly bear
15926,train,1,grizzly bear
15927,test,1,grizzly bear
15928,train,1,grizzly bear
15929,train,1,grizzly bear
15930,train,1,grizzly bear
15931,train,1,grizzly bear
15932,validation,1,grizzly bear
15933,train,1,grizzly bear
15934,test,1,grizzly bear
15935,train,1,grizzly bear
15936,train,1,grizzly bear
15937,train,1,grizzly bear
15938,test,1,grizzly bear
15939,validation,1,grizzly bear
15940,train,1,grizzly bear
15941,train,1,grizzly bear
15942,train,1,grizzly bear
15943,train,1,grizzly bear
15944,test,1,grizzly bear
15945,test,1,grizzly bear
15946,validation,1,grizzly bear
15947,train,1,grizzly bear
15948,train,1,grizzly bear
15949,train,1,grizzly bear
15950,train,1,grizzly bear
15951,validation,1,grizzly bear
15952,train,1,grizzly bear
15953,validation,1,grizzly bear
15954,train,1,grizzly bear
15955,test,1,grizzly bear
15956,train,1,grizzly bear
15957,train,1,grizzly bear
15958,test,1,grizzly bear
15959,train,1,grizzly bear
15960,train,1,grizzly bear
15961,validation,1,grizzly bear
15962,train,1,grizzly bear
15963,validation,1,grizzly bear
15964,train,1,grizzly bear
15965,validation,1,grizzly bear
15966,train,1,grizzly bear
15967,train,1,grizzly bear
15968,train,1,grizzly bear
15969,train,1,grizzly bear
15970,test,1,grizzly bear
15971,train,1,grizzly bear
15972,test,1,grizzly bear
15973,train,1,grizzly bear
15974,test,1,grizzly bear
15975,train,1,grizzly bear
15976,train,1,grizzly bear
15977,train,1,grizzly bear
15978,validation,1,grizzly bear
15979,validation,1,grizzly bear
15980,test,1,grizzly bear
15981,validation,1,grizzly bear
15982,train,1,grizzly bear
15983,train,1,grizzly bear
15984,train,1,grizzly bear
15985,test,1,grizzly bear
15986,train,1,grizzly bear
15987,train,1,grizzly bear
15988,test,1,grizzly bear
15989,train,1,grizzly bear
15990,train,1,grizzly bear
15991,train,1,grizzly bear
15992,train,1,grizzly bear
15993,train,1,grizzly bear
15994,test,1,grizzly bear
15995,train,1,grizzly bear
15996,train,1,grizzly bear
15997,validation,1,grizzly bear
15998,train,1,grizzly bear
15999,train,1,grizzly bear
16000,validation,1,grizzly bear
16001,test,1,grizzly bear
16002,train,1,grizzly bear
16003,validation,1,grizzly bear
16004,test,1,grizzly bear
16005,test,1,grizzly bear
16006,validation,1,grizzly bear
16007,train,1,grizzly bear
16008,train,1,grizzly bear
16009,validation,1,grizzly bear
16010,validation,1,grizzly bear
16011,train,1,grizzly bear
16012,train,1,grizzly bear
16013,train,1,grizzly bear
16014,train,1,grizzly bear
16015,validation,1,grizzly bear
16016,train,1,grizzly bear
16017,test,1,grizzly bear
16018,train,1,grizzly bear
16019,train,1,grizzly bear
16020,validation,1,grizzly bear
16021,train,1,grizzly bear
16022,train,1,grizzly bear
16023,train,1,grizzly bear
16024,validation,1,grizzly bear
16025,test,1,grizzly bear
16026,validation,1,grizzly bear
16027,test,1,grizzly bear
16028,train,1,grizzly bear
16029,test,1,grizzly bear
16030,train,1,grizzly bear
16031,train,1,grizzly bear
16032,validation,1,grizzly bear
16033,train,1,grizzly bear
16034,train,1,grizzly bear
16035,test,1,grizzly bear
16036,train,1,grizzly bear
16037,train,1,grizzly bear
16038,train,1,grizzly bear
16039,test,1,grizzly bear
16040,validation,1,grizzly bear
16041,train,1,grizzly bear
16042,train,1,grizzly bear
16043,test,1,grizzly bear
16044,train,1,grizzly bear
16045,train,1,grizzly bear
16046,train,1,grizzly bear
16047,train,1,grizzly bear
16048,train,1,grizzly bear
16049,train,1,grizzly bear
16050,train,1,grizzly bear
16051,validation,1,grizzly bear
16052,train,1,grizzly bear
16053,test,1,grizzly bear
16054,train,1,grizzly bear
16055,test,1,grizzly bear
16056,train,1,grizzly bear
16057,test,1,grizzly bear
16058,train,1,grizzly bear
16059,train,1,grizzly bear
16060,train,1,grizzly bear
16061,test,1,grizzly bear
16062,train,1,grizzly bear
16063,train,1,grizzly bear
16064,test,1,grizzly bear
16065,train,1,grizzly bear
16066,train,1,grizzly bear
16067,train,1,grizzly bear
16068,train,1,grizzly bear
16069,train,1,grizzly bear
16070,validation,1,grizzly bear
16071,train,1,grizzly bear
16072,train,1,grizzly bear
16073,train,1,grizzly bear
16074,train,1,grizzly bear
16075,train,1,grizzly bear
16076,train,1,grizzly bear
16077,train,1,grizzly bear
16078,test,1,grizzly bear
16079,train,1,grizzly bear
16080,train,1,grizzly bear
16081,train,1,grizzly bear
16082,validation,1,grizzly bear
16083,train,1,grizzly bear
16084,train,1,grizzly bear
16085,train,1,grizzly bear
16086,train,1,grizzly bear
16087,train,1,grizzly bear
16088,validation,1,grizzly bear
16089,train,1,grizzly bear
16090,train,1,grizzly bear
16091,train,1,grizzly bear
16092,validation,1,grizzly bear
16093,validation,1,grizzly bear
16094,train,1,grizzly bear
16095,train,1,grizzly bear
16096,test,1,grizzly bear
16097,test,1,grizzly bear
16098,train,1,grizzly bear
16099,train,1,grizzly bear
16100,train,1,grizzly bear
16101,validation,1,grizzly bear
16102,train,1,grizzly bear
16103,test,1,grizzly bear
16104,train,1,grizzly bear
16105,validation,1,grizzly bear
16106,train,1,grizzly bear
16107,test,1,grizzly bear
16108,train,1,grizzly bear
16109,train,1,grizzly bear
16110,train,1,grizzly bear
16111,train,1,grizzly bear
16112,test,1,grizzly bear
16113,train,1,grizzly bear
16114,train,1,grizzly bear
16115,train,1,grizzly bear
16116,validation,1,grizzly bear
16117,train,1,grizzly bear
16118,train,1,grizzly bear
16119,test,1,grizzly bear
16120,train,1,grizzly bear
16121,train,1,grizzly bear
16122,train,1,grizzly bear
16123,train,1,grizzly bear
16124,train,1,grizzly bear
16125,validation,1,grizzly bear
16126,validation,1,grizzly bear
16127,validation,1,grizzly bear
16128,train,1,grizzly bear
16129,train,1,grizzly bear
16130,test,1,grizzly bear
16131,train,1,grizzly bear
16132,train,1,grizzly bear
16133,test,1,grizzly bear
16134,train,1,grizzly bear
16135,train,1,grizzly bear
16136,train,1,grizzly bear
16137,train,1,grizzly bear
16138,validation,1,grizzly bear
16139,validation,1,grizzly bear
16140,validation,1,grizzly bear
16141,train,1,grizzly bear
16142,train,1,grizzly bear
16143,validation,1,grizzly bear
16144,test,1,grizzly bear
16145,train,1,grizzly bear
16146,validation,1,grizzly bear
16147,validation,1,grizzly bear
16148,train,1,grizzly bear
16149,test,1,grizzly bear
16150,train,1,grizzly bear
16151,test,1,grizzly bear
16152,train,1,grizzly bear
16153,train,1,grizzly bear
16154,train,1,grizzly bear
16155,validation,1,grizzly bear
16156,train,1,grizzly bear
16157,train,1,grizzly bear
16158,test,1,grizzly bear
16159,train,1,grizzly bear
16160,train,1,grizzly bear
16161,train,1,grizzly bear
16162,train,1,grizzly bear
16163,test,1,grizzly bear
16164,validation,1,grizzly bear
16165,validation,1,grizzly bear
16166,train,1,grizzly bear
16167,validation,1,grizzly bear
16168,validation,1,grizzly bear
16169,validation,1,grizzly bear
16170,train,1,grizzly bear
16171,train,1,grizzly bear
16172,test,1,grizzly bear
16173,test,1,grizzly bear
16174,validation,1,grizzly bear
16175,test,1,grizzly bear
16176,validation,1,grizzly bear
16177,train,1,grizzly bear
16178,train,1,grizzly bear
16179,train,1,grizzly bear
16180,validation,1,grizzly bear
16181,train,1,grizzly bear
16182,train,1,grizzly bear
16183,train,1,grizzly bear
16184,test,1,grizzly bear
16185,train,1,grizzly bear
16186,validation,1,grizzly bear
16187,train,1,grizzly bear
16188,test,1,grizzly bear
16189,train,1,grizzly bear
16190,train,1,grizzly bear
16191,train,1,grizzly bear
16192,test,1,grizzly bear
16193,train,1,grizzly bear
16194,test,1,grizzly bear
16195,train,1,grizzly bear
16196,train,1,grizzly bear
16197,test,1,grizzly bear
16198,test,1,grizzly bear
16199,validation,1,grizzly bear
16200,train,1,grizzly bear
16201,train,1,grizzly bear
16202,train,1,grizzly bear
16203,train,1,grizzly bear
16204,train,1,grizzly bear
16205,validation,1,grizzly bear
16206,test,1,grizzly bear
16207,test,1,grizzly bear
16208,validation,1,grizzly bear
16209,train,1,grizzly bear
16210,train,1,grizzly bear
16211,train,1,grizzly bear
16212,train,1,grizzly bear
16213,test,1,grizzly bear
16214,train,1,grizzly bear
16215,test,1,grizzly bear
16216,train,1,grizzly bear
16217,test,1,grizzly bear
16218,test,1,grizzly bear
16219,train,1,grizzly bear
16220,train,1,grizzly bear
16221,validation,1,grizzly bear
16222,validation,1,grizzly bear
16223,train,1,grizzly bear
16224,test,1,grizzly bear
16225,train,1,grizzly bear
16226,validation,1,grizzly bear
16227,train,1,grizzly bear
16228,train,1,grizzly bear
16229,validation,1,grizzly bear
16230,train,1,grizzly bear
16231,validation,1,grizzly bear
16232,train,1,grizzly bear
16233,train,1,grizzly bear
16234,validation,1,grizzly bear
16235,validation,1,grizzly bear
16236,train,1,grizzly bear
16237,train,1,grizzly bear
16238,validation,1,grizzly bear
16239,train,1,grizzly bear
16240,validation,1,grizzly bear
16241,train,1,grizzly bear
16242,test,1,grizzly bear
16243,train,1,grizzly bear
16244,train,1,grizzly bear
16245,train,1,grizzly bear
16246,train,1,grizzly bear
16247,train,1,grizzly bear
16248,train,1,grizzly bear
16249,test,1,grizzly bear
16250,validation,1,grizzly bear
16251,train,1,grizzly bear
16252,validation,1,grizzly bear
16253,train,1,grizzly bear
16254,train,1,grizzly bear
16255,train,1,grizzly bear
16256,train,1,grizzly bear
16257,train,1,grizzly bear
16258,test,1,grizzly bear
16259,train,1,grizzly bear
16260,train,1,grizzly bear
16261,validation,1,grizzly bear
16262,train,1,grizzly bear
16263,validation,1,grizzly bear
16264,test,1,grizzly bear
16265,test,1,grizzly bear
16266,validation,1,grizzly bear
16267,train,1,grizzly bear
16268,train,1,grizzly bear
16269,train,1,grizzly bear
16270,train,1,grizzly bear
16271,test,1,grizzly bear
16272,train,1,grizzly bear
16273,train,1,grizzly bear
16274,train,1,grizzly bear
16275,train,1,grizzly bear
16276,validation,1,grizzly bear
16277,test,1,grizzly bear
16278,test,1,grizzly bear
16279,train,1,grizzly bear
16280,validation,1,grizzly bear
16281,validation,1,grizzly bear
16282,train,1,grizzly bear
16283,validation,1,grizzly bear
16284,train,1,grizzly bear
16285,test,1,grizzly bear
16286,train,1,grizzly bear
16287,train,1,grizzly bear
16288,train,1,grizzly bear
16289,validation,1,grizzly bear
16290,train,1,grizzly bear
16291,validation,1,grizzly bear
16292,train,1,grizzly bear
16293,validation,1,grizzly bear
16294,train,1,grizzly bear
16295,train,1,grizzly bear
16296,train,1,grizzly bear
16297,train,1,grizzly bear
16298,test,1,grizzly bear
16299,train,1,grizzly bear
16300,validation,1,grizzly bear
16301,train,1,grizzly bear
16302,train,1,grizzly bear
16303,test,1,grizzly bear
16304,train,1,grizzly bear
16305,test,1,grizzly bear
16306,train,1,grizzly bear
16307,train,1,grizzly bear
16308,test,1,grizzly bear
16309,validation,1,grizzly bear
16310,train,1,grizzly bear
16311,train,1,grizzly bear
16312,train,1,grizzly bear
16313,train,1,grizzly bear
16314,train,1,grizzly bear
16315,train,1,grizzly bear
16316,train,1,grizzly bear
16317,train,1,grizzly bear
16318,test,1,grizzly bear
16319,test,1,grizzly bear
16320,validation,1,grizzly bear
16321,train,1,grizzly bear
16322,train,1,grizzly bear
16323,validation,1,grizzly bear
16324,validation,1,grizzly bear
16325,validation,1,grizzly bear
16326,train,1,grizzly bear
16327,validation,1,grizzly bear
16328,validation,1,grizzly bear
16329,train,1,grizzly bear
16330,validation,1,grizzly bear
16331,test,1,grizzly bear
16332,validation,1,grizzly bear
16333,train,1,grizzly bear
16334,train,1,grizzly bear
16335,test,1,grizzly bear
16336,test,1,grizzly bear
16337,test,1,grizzly bear
16338,train,1,grizzly bear
16339,train,1,grizzly bear
16340,test,1,grizzly bear
16341,train,1,grizzly bear
16342,test,1,grizzly bear
16343,validation,1,grizzly bear
16344,train,1,grizzly bear
16345,train,1,grizzly bear
16346,train,1,grizzly bear
16347,validation,1,grizzly bear
16348,train,1,grizzly bear
16349,test,1,grizzly bear
16350,validation,1,grizzly bear
16351,train,1,grizzly bear
16352,train,1,grizzly bear
16353,validation,1,grizzly bear
16354,validation,1,grizzly bear
16355,test,1,grizzly bear
16356,train,25,hamster
16357,validation,25,hamster
16358,test,25,hamster
16359,test,25,hamster
16360,train,25,hamster
16361,test,25,hamster
16362,train,25,hamster
16363,train,25,hamster
16364,train,25,hamster
16365,train,25,hamster
16366,train,25,hamster
16367,train,25,hamster
16368,train,25,hamster
16369,validation,25,hamster
16370,test,25,hamster
16371,train,25,hamster
16372,train,25,hamster
16373,train,25,hamster
16374,validation,25,hamster
16375,test,25,hamster
16376,test,25,hamster
16377,train,25,hamster
16378,validation,25,hamster
16379,validation,25,hamster
16380,train,25,hamster
16381,train,25,hamster
16382,test,25,hamster
16383,validation,25,hamster
16384,test,25,hamster
16385,test,25,hamster
16386,validation,25,hamster
16387,validation,25,hamster
16388,test,25,hamster
16389,test,25,hamster
16390,train,25,hamster
16391,train,25,hamster
16392,train,25,hamster
16393,train,25,hamster
16394,train,25,hamster
16395,train,25,hamster
16396,test,25,hamster
16397,train,25,hamster
16398,train,25,hamster
16399,validation,25,hamster
16400,train,25,hamster
16401,train,25,hamster
16402,validation,25,hamster
16403,test,25,hamster
16404,validation,25,hamster
16405,train,25,hamster
16406,validation,25,hamster
16407,train,25,hamster
16408,validation,25,hamster
16409,validation,25,hamster
16410,train,25,hamster
16411,train,25,hamster
16412,train,25,hamster
16413,train,25,hamster
16414,validation,25,hamster
16415,test,25,hamster
16416,train,25,hamster
16417,test,25,hamster
16418,test,25,hamster
16419,train,25,hamster
16420,train,25,hamster
16421,train,25,hamster
16422,validation,25,hamster
16423,train,25,hamster
16424,train,25,hamster
16425,test,25,hamster
16426,train,25,hamster
16427,test,25,hamster
16428,validation,25,hamster
16429,test,25,hamster
16430,train,25,hamster
16431,validation,25,hamster
16432,test,25,hamster
16433,train,25,hamster
16434,validation,25,hamster
16435,train,25,hamster
16436,train,25,hamster
16437,train,25,hamster
16438,train,25,hamster
16439,train,25,hamster
16440,train,25,hamster
16441,validation,25,hamster
16442,train,25,hamster
16443,test,25,hamster
16444,test,25,hamster
16445,test,25,hamster
16446,train,25,hamster
16447,validation,25,hamster
16448,train,25,hamster
16449,train,25,hamster
16450,train,25,hamster
16451,train,25,hamster
16452,test,25,hamster
16453,validation,25,hamster
16454,test,25,hamster
16455,train,25,hamster
16456,train,25,hamster
16457,test,25,hamster
16458,train,25,hamster
16459,train,25,hamster
16460,train,25,hamster
16461,train,25,hamster
16462,test,25,hamster
16463,validation,25,hamster
16464,train,25,hamster
16465,test,25,hamster
16466,train,25,hamster
16467,validation,25,hamster
16468,test,25,hamster
16469,test,25,hamster
16470,train,25,hamster
16471,test,25,hamster
16472,validation,25,hamster
16473,train,25,hamster
16474,validation,25,hamster
16475,test,25,hamster
16476,validation,25,hamster
16477,train,25,hamster
16478,test,25,hamster
16479,train,25,hamster
16480,train,25,hamster
16481,train,25,hamster
16482,test,25,hamster
16483,train,25,hamster
16484,train,25,hamster
16485,train,25,hamster
16486,validation,25,hamster
16487,train,25,hamster
16488,validation,25,hamster
16489,train,25,hamster
16490,test,25,hamster
16491,test,25,hamster
16492,test,25,hamster
16493,train,25,hamster
16494,train,25,hamster
16495,train,25,hamster
16496,train,25,hamster
16497,train,25,hamster
16498,validation,25,hamster
16499,train,25,hamster
16500,train,25,hamster
16501,validation,25,hamster
16502,train,25,hamster
16503,train,25,hamster
16504,train,25,hamster
16505,train,25,hamster
16506,validation,25,hamster
16507,validation,25,hamster
16508,train,25,hamster
16509,train,25,hamster
16510,validation,25,hamster
16511,validation,25,hamster
16512,train,25,hamster
16513,train,25,hamster
16514,validation,25,hamster
16515,train,25,hamster
16516,train,25,hamster
16517,train,25,hamster
16518,train,25,hamster
16519,test,25,hamster
16520,train,25,hamster
16521,train,25,hamster
16522,train,25,hamster
16523,train,25,hamster
16524,train,25,hamster
16525,train,25,hamster
16526,train,25,hamster
16527,validation,25,hamster
16528,validation,25,hamster
16529,test,25,hamster
16530,train,25,hamster
16531,validation,25,hamster
16532,validation,25,hamster
16533,validation,25,hamster
16534,test,25,hamster
16535,test,25,hamster
16536,test,25,hamster
16537,train,25,hamster
16538,train,25,hamster
16539,train,25,hamster
16540,test,25,hamster
16541,test,25,hamster
16542,train,25,hamster
16543,train,25,hamster
16544,train,25,hamster
16545,train,25,hamster
16546,validation,25,hamster
16547,train,25,hamster
16548,train,25,hamster
16549,validation,25,hamster
16550,validation,25,hamster
16551,train,25,hamster
16552,train,25,hamster
16553,train,25,hamster
16554,test,25,hamster
16555,train,25,hamster
16556,test,25,hamster
16557,validation,25,hamster
16558,train,25,hamster
16559,train,25,hamster
16560,test,25,hamster
16561,test,25,hamster
16562,validation,25,hamster
16563,test,25,hamster
16564,train,25,hamster
16565,train,25,hamster
16566,train,25,hamster
16567,test,25,hamster
16568,train,25,hamster
16569,train,25,hamster
16570,validation,25,hamster
16571,validation,25,hamster
16572,train,25,hamster
16573,train,25,hamster
16574,validation,25,hamster
16575,validation,25,hamster
16576,test,25,hamster
16577,train,25,hamster
16578,train,25,hamster
16579,validation,25,hamster
16580,train,25,hamster
16581,train,25,hamster
16582,train,25,hamster
16583,train,25,hamster
16584,train,25,hamster
16585,test,25,hamster
16586,test,25,hamster
16587,train,25,hamster
16588,train,25,hamster
16589,validation,25,hamster
16590,train,25,hamster
16591,test,25,hamster
16592,train,25,hamster
16593,train,25,hamster
16594,train,25,hamster
16595,train,25,hamster
16596,validation,25,hamster
16597,test,25,hamster
16598,train,25,hamster
16599,test,25,hamster
16600,train,25,hamster
16601,validation,25,hamster
16602,test,25,hamster
16603,train,25,hamster
16604,train,25,hamster
16605,validation,25,hamster
16606,validation,25,hamster
16607,train,25,hamster
16608,train,25,hamster
16609,train,25,hamster
16610,train,25,hamster
16611,train,25,hamster
16612,validation,25,hamster
16613,train,25,hamster
16614,validation,25,hamster
16615,test,25,hamster
16616,test,25,hamster
16617,train,25,hamster
16618,train,25,hamster
16619,train,25,hamster
16620,train,25,hamster
16621,train,25,hamster
16622,train,25,hamster
16623,train,25,hamster
16624,validation,25,hamster
16625,train,25,hamster
16626,validation,25,hamster
16627,train,25,hamster
16628,test,25,hamster
16629,train,25,hamster
16630,test,25,hamster
16631,train,25,hamster
16632,test,25,hamster
16633,test,25,hamster
16634,train,25,hamster
16635,train,25,hamster
16636,train,25,hamster
16637,train,25,hamster
16638,validation,25,hamster
16639,train,25,hamster
16640,train,25,hamster
16641,test,25,hamster
16642,test,25,hamster
16643,train,25,hamster
16644,train,25,hamster
16645,train,25,hamster
16646,train,25,hamster
16647,test,25,hamster
16648,test,25,hamster
16649,train,25,hamster
16650,train,25,hamster
16651,train,25,hamster
16652,train,25,hamster
16653,test,25,hamster
16654,test,25,hamster
16655,validation,25,hamster
16656,train,25,hamster
16657,train,25,hamster
16658,train,25,hamster
16659,test,25,hamster
16660,train,25,hamster
16661,test,25,hamster
16662,train,25,hamster
16663,test,25,hamster
16664,test,25,hamster
16665,test,25,hamster
16666,validation,25,hamster
16667,train,25,hamster
16668,validation,25,hamster
16669,validation,25,hamster
16670,train,25,hamster
16671,train,25,hamster
16672,train,25,hamster
16673,validation,25,hamster
16674,train,25,hamster
16675,test,25,hamster
16676,train,25,hamster
16677,train,25,hamster
16678,train,25,hamster
16679,train,25,hamster
16680,train,25,hamster
16681,train,25,hamster
16682,train,25,hamster
16683,validation,25,hamster
16684,train,25,hamster
16685,train,25,hamster
16686,test,25,hamster
16687,train,25,hamster
16688,train,25,hamster
16689,train,25,hamster
16690,train,25,hamster
16691,train,25,hamster
16692,train,25,hamster
16693,train,25,hamster
16694,train,25,hamster
16695,train,25,hamster
16696,train,25,hamster
16697,test,25,hamster
16698,validation,25,hamster
16699,validation,25,hamster
16700,train,25,hamster
16701,test,25,hamster
16702,train,25,hamster
16703,train,25,hamster
16704,train,25,hamster
16705,train,25,hamster
16706,train,25,hamster
16707,train,25,hamster
16708,train,25,hamster
16709,train,25,hamster
16710,train,25,hamster
16711,train,25,hamster
16712,train,25,hamster
16713,test,25,hamster
16714,validation,25,hamster
16715,train,25,hamster
16716,test,25,hamster
16717,train,25,hamster
16718,train,25,hamster
16719,train,25,hamster
16720,train,25,hamster
16721,validation,25,hamster
16722,train,25,hamster
16723,test,25,hamster
16724,train,25,hamster
16725,train,25,hamster
16726,train,25,hamster
16727,validation,25,hamster
16728,train,25,hamster
16729,train,25,hamster
16730,train,25,hamster
16731,validation,25,hamster
16732,train,25,hamster
16733,train,25,hamster
16734,validation,25,hamster
16735,test,25,hamster
16736,validation,25,hamster
16737,test,25,hamster
16738,train,25,hamster
16739,train,25,hamster
16740,train,25,hamster
16741,test,25,hamster
16742,train,25,hamster
16743,train,25,hamster
16744,validation,25,hamster
16745,validation,25,hamster
16746,train,25,hamster
16747,test,25,hamster
16748,train,25,hamster
16749,validation,25,hamster
16750,train,25,hamster
16751,train,25,hamster
16752,validation,25,hamster
16753,test,25,hamster
16754,validation,25,hamster
16755,train,25,hamster
16756,test,25,hamster
16757,train,25,hamster
16758,train,25,hamster
16759,validation,25,hamster
16760,train,25,hamster
16761,train,25,hamster
16762,validation,25,hamster
16763,train,25,hamster
16764,test,25,hamster
16765,train,25,hamster
16766,validation,25,hamster
16767,validation,25,hamster
16768,train,25,hamster
16769,train,25,hamster
16770,train,25,hamster
16771,validation,25,hamster
16772,train,25,hamster
16773,train,25,hamster
16774,train,25,hamster
16775,train,25,hamster
16776,train,25,hamster
16777,train,25,hamster
16778,train,25,hamster
16779,train,25,hamster
16780,train,25,hamster
16781,test,25,hamster
16782,validation,25,hamster
16783,test,25,hamster
16784,train,25,hamster
16785,train,25,hamster
16786,train,25,hamster
16787,train,25,hamster
16788,train,25,hamster
16789,train,25,hamster
16790,train,25,hamster
16791,test,25,hamster
16792,train,25,hamster
16793,test,25,hamster
16794,train,25,hamster
16795,validation,25,hamster
16796,validation,25,hamster
16797,test,25,hamster
16798,train,25,hamster
16799,train,25,hamster
16800,train,25,hamster
16801,validation,25,hamster
16802,train,25,hamster
16803,train,25,hamster
16804,validation,25,hamster
16805,validation,25,hamster
16806,validation,25,hamster
16807,train,25,hamster
16808,train,25,hamster
16809,train,25,hamster
16810,train,25,hamster
16811,train,25,hamster
16812,validation,25,hamster
16813,test,25,hamster
16814,train,25,hamster
16815,test,25,hamster
16816,train,25,hamster
16817,train,25,hamster
16818,validation,25,hamster
16819,train,25,hamster
16820,train,25,hamster
16821,train,25,hamster
16822,validation,25,hamster
16823,train,25,hamster
16824,train,25,hamster
16825,train,25,hamster
16826,train,25,hamster
16827,train,25,hamster
16828,test,25,hamster
16829,train,25,hamster
16830,test,25,hamster
16831,test,25,hamster
16832,validation,25,hamster
16833,test,25,hamster
16834,train,25,hamster
16835,test,25,hamster
16836,train,25,hamster
16837,train,25,hamster
16838,validation,25,hamster
16839,train,25,hamster
16840,train,25,hamster
16841,validation,25,hamster
16842,test,25,hamster
16843,test,25,hamster
16844,train,25,hamster
16845,test,25,hamster
16846,train,25,hamster
16847,train,25,hamster
16848,train,25,hamster
16849,train,25,hamster
16850,train,25,hamster
16851,test,25,hamster
16852,train,25,hamster
16853,validation,25,hamster
16854,validation,25,hamster
16855,train,25,hamster
16856,test,25,hamster
16857,test,25,hamster
16858,test,25,hamster
16859,train,25,hamster
16860,train,25,hamster
16861,train,25,hamster
16862,train,25,hamster
16863,train,25,hamster
16864,validation,25,hamster
16865,train,25,hamster
16866,train,25,hamster
16867,train,25,hamster
16868,train,25,hamster
16869,train,25,hamster
16870,validation,25,hamster
16871,test,25,hamster
16872,train,25,hamster
16873,train,25,hamster
16874,validation,25,hamster
16875,train,25,hamster
16876,test,25,hamster
16877,test,25,hamster
16878,train,25,hamster
16879,train,25,hamster
16880,train,25,hamster
16881,train,25,hamster
16882,test,25,hamster
16883,validation,25,hamster
16884,validation,25,hamster
16885,train,25,hamster
16886,train,25,hamster
16887,train,25,hamster
16888,test,25,hamster
16889,validation,25,hamster
16890,train,25,hamster
16891,train,25,hamster
16892,test,25,hamster
16893,test,25,hamster
16894,train,25,hamster
16895,train,25,hamster
16896,train,25,hamster
16897,train,25,hamster
16898,validation,25,hamster
16899,train,25,hamster
16900,train,25,hamster
16901,train,25,hamster
16902,test,25,hamster
16903,train,25,hamster
16904,train,25,hamster
16905,validation,25,hamster
16906,train,25,hamster
16907,validation,25,hamster
16908,test,25,hamster
16909,validation,25,hamster
16910,train,25,hamster
16911,validation,25,hamster
16912,test,25,hamster
16913,validation,25,hamster
16914,validation,25,hamster
16915,train,25,hamster
16916,test,25,hamster
16917,train,25,hamster
16918,train,25,hamster
16919,test,25,hamster
16920,train,25,hamster
16921,validation,25,hamster
16922,train,25,hamster
16923,validation,25,hamster
16924,train,25,hamster
16925,train,25,hamster
16926,train,25,hamster
16927,test,25,hamster
16928,validation,25,hamster
16929,test,25,hamster
16930,validation,25,hamster
16931,test,25,hamster
16932,validation,25,hamster
16933,train,25,hamster
16934,validation,25,hamster
16935,train,25,hamster
16936,train,25,hamster
16937,test,25,hamster
16938,train,25,hamster
16939,train,25,hamster
16940,test,25,hamster
16941,train,25,hamster
16942,train,25,hamster
16943,train,25,hamster
16944,train,25,hamster
16945,train,25,hamster
16946,train,25,hamster
16947,validation,25,hamster
16948,validation,25,hamster
16949,train,25,hamster
16950,train,25,hamster
16951,train,25,hamster
16952,train,25,hamster
16953,train,25,hamster
16954,train,25,hamster
16955,train,25,hamster
16956,train,25,hamster
16957,validation,25,hamster
16958,train,25,hamster
16959,train,25,hamster
16960,validation,25,hamster
16961,train,25,hamster
16962,validation,25,hamster
16963,train,25,hamster
16964,train,25,hamster
16965,train,25,hamster
16966,train,25,hamster
16967,train,25,hamster
16968,test,25,hamster
16969,test,25,hamster
16970,train,25,hamster
16971,test,25,hamster
16972,validation,25,hamster
16973,train,25,hamster
16974,train,25,hamster
16975,validation,25,hamster
16976,test,25,hamster
16977,train,25,hamster
16978,train,25,hamster
16979,validation,25,hamster
16980,train,25,hamster
16981,train,25,hamster
16982,validation,25,hamster
16983,validation,25,hamster
16984,train,25,hamster
16985,validation,25,hamster
16986,train,25,hamster
16987,train,25,hamster
16988,train,25,hamster
16989,train,25,hamster
16990,test,25,hamster
16991,train,25,hamster
16992,train,25,hamster
16993,train,25,hamster
16994,train,25,hamster
16995,train,25,hamster
16996,validation,25,hamster
16997,train,25,hamster
16998,train,25,hamster
16999,test,25,hamster
17000,train,25,hamster
17001,test,25,hamster
17002,test,25,hamster
17003,train,25,hamster
17004,train,25,hamster
17005,train,25,hamster
17006,train,25,hamster
17007,train,25,hamster
17008,train,25,hamster
17009,train,25,hamster
17010,test,25,hamster
17011,train,25,hamster
17012,test,25,hamster
17013,validation,25,hamster
17014,train,25,hamster
17015,train,25,hamster
17016,validation,25,hamster
17017,train,25,hamster
17018,train,25,hamster
17019,test,25,hamster
17020,train,25,hamster
17021,train,25,hamster
17022,train,25,hamster
17023,validation,25,hamster
17024,train,25,hamster
17025,train,25,hamster
17026,train,25,hamster
17027,train,25,hamster
17028,train,25,hamster
17029,train,25,hamster
17030,test,25,hamster
17031,validation,25,hamster
17032,train,25,hamster
17033,train,25,hamster
17034,train,25,hamster
17035,train,25,hamster
17036,train,25,hamster
17037,train,25,hamster
17038,validation,25,hamster
17039,validation,25,hamster
17040,test,25,hamster
17041,validation,25,hamster
17042,validation,25,hamster
17043,test,25,hamster
17044,train,25,hamster
17045,train,25,hamster
17046,validation,25,hamster
17047,train,25,hamster
17048,train,25,hamster
17049,test,25,hamster
17050,train,25,hamster
17051,validation,25,hamster
17052,train,25,hamster
17053,validation,25,hamster
17054,train,25,hamster
17055,train,25,hamster
17056,test,25,hamster
17057,test,25,hamster
17058,train,25,hamster
17059,train,25,hamster
17060,test,25,hamster
17061,train,25,hamster
17062,train,25,hamster
17063,validation,25,hamster
17064,train,25,hamster
17065,train,25,hamster
17066,validation,25,hamster
17067,train,25,hamster
17068,train,25,hamster
17069,train,25,hamster
17070,train,25,hamster
17071,train,25,hamster
17072,train,25,hamster
17073,train,25,hamster
17074,train,25,hamster
17075,test,25,hamster
17076,validation,25,hamster
17077,train,25,hamster
17078,train,25,hamster
17079,test,25,hamster
17080,train,25,hamster
17081,validation,25,hamster
17082,train,25,hamster
17083,test,25,hamster
17084,train,25,hamster
17085,train,25,hamster
17086,train,25,hamster
17087,test,25,hamster
17088,validation,25,hamster
17089,train,25,hamster
17090,train,25,hamster
17091,train,25,hamster
17092,test,25,hamster
17093,train,25,hamster
17094,test,25,hamster
17095,validation,25,hamster
17096,train,25,hamster
17097,test,25,hamster
17098,train,25,hamster
17099,train,25,hamster
17100,validation,25,hamster
17101,validation,25,hamster
17102,test,25,hamster
17103,train,25,hamster
17104,train,25,hamster
17105,train,25,hamster
17106,test,25,hamster
17107,test,25,hamster
17108,validation,25,hamster
17109,train,25,hamster
17110,train,25,hamster
17111,train,25,hamster
17112,train,25,hamster
17113,train,25,hamster
17114,test,25,hamster
17115,train,25,hamster
17116,train,25,hamster
17117,train,25,hamster
17118,validation,25,hamster
17119,train,25,hamster
17120,train,25,hamster
17121,test,25,hamster
17122,validation,25,hamster
17123,validation,25,hamster
17124,train,25,hamster
17125,train,25,hamster
17126,train,25,hamster
17127,train,25,hamster
17128,validation,25,hamster
17129,train,25,hamster
17130,train,25,hamster
17131,validation,25,hamster
17132,test,25,hamster
17133,train,25,hamster
17134,test,25,hamster
17135,train,13,hippopotamus
17136,test,13,hippopotamus
17137,train,13,hippopotamus
17138,train,13,hippopotamus
17139,train,13,hippopotamus
17140,train,13,hippopotamus
17141,test,13,hippopotamus
17142,train,13,hippopotamus
17143,train,13,hippopotamus
17144,train,13,hippopotamus
17145,validation,13,hippopotamus
17146,validation,13,hippopotamus
17147,validation,13,hippopotamus
17148,train,13,hippopotamus
17149,train,13,hippopotamus
17150,validation,13,hippopotamus
17151,test,13,hippopotamus
17152,validation,13,hippopotamus
17153,test,13,hippopotamus
17154,validation,13,hippopotamus
17155,validation,13,hippopotamus
17156,train,13,hippopotamus
17157,train,13,hippopotamus
17158,test,13,hippopotamus
17159,train,13,hippopotamus
17160,test,13,hippopotamus
17161,train,13,hippopotamus
17162,train,13,hippopotamus
17163,validation,13,hippopotamus
17164,train,13,hippopotamus
17165,test,13,hippopotamus
17166,train,13,hippopotamus
17167,train,13,hippopotamus
17168,test,13,hippopotamus
17169,train,13,hippopotamus
17170,train,13,hippopotamus
17171,train,13,hippopotamus
17172,test,13,hippopotamus
17173,train,13,hippopotamus
17174,train,13,hippopotamus
17175,train,13,hippopotamus
17176,train,13,hippopotamus
17177,train,13,hippopotamus
17178,train,13,hippopotamus
17179,train,13,hippopotamus
17180,train,13,hippopotamus
17181,train,13,hippopotamus
17182,train,13,hippopotamus
17183,train,13,hippopotamus
17184,train,13,hippopotamus
17185,test,13,hippopotamus
17186,test,13,hippopotamus
17187,train,13,hippopotamus
17188,train,13,hippopotamus
17189,validation,13,hippopotamus
17190,train,13,hippopotamus
17191,validation,13,hippopotamus
17192,test,13,hippopotamus
17193,train,13,hippopotamus
17194,test,13,hippopotamus
17195,train,13,hippopotamus
17196,train,13,hippopotamus
17197,train,13,hippopotamus
17198,test,13,hippopotamus
17199,train,13,hippopotamus
17200,test,13,hippopotamus
17201,train,13,hippopotamus
17202,train,13,hippopotamus
17203,test,13,hippopotamus
17204,validation,13,hippopotamus
17205,train,13,hippopotamus
17206,train,13,hippopotamus
17207,validation,13,hippopotamus
17208,train,13,hippopotamus
17209,train,13,hippopotamus
17210,validation,13,hippopotamus
17211,test,13,hippopotamus
17212,train,13,hippopotamus
17213,test,13,hippopotamus
17214,validation,13,hippopotamus
17215,train,13,hippopotamus
17216,train,13,hippopotamus
17217,train,13,hippopotamus
17218,validation,13,hippopotamus
17219,test,13,hippopotamus
17220,train,13,hippopotamus
17221,train,13,hippopotamus
17222,train,13,hippopotamus
17223,train,13,hippopotamus
17224,validation,13,hippopotamus
17225,validation,13,hippopotamus
17226,test,13,hippopotamus
17227,validation,13,hippopotamus
17228,train,13,hippopotamus
17229,train,13,hippopotamus
17230,train,13,hippopotamus
17231,train,13,hippopotamus
17232,train,13,hippopotamus
17233,validation,13,hippopotamus
17234,train,13,hippopotamus
17235,validation,13,hippopotamus
17236,train,13,hippopotamus
17237,test,13,hippopotamus
17238,validation,13,hippopotamus
17239,train,13,hippopotamus
17240,train,13,hippopotamus
17241,train,13,hippopotamus
17242,train,13,hippopotamus
17243,train,13,hippopotamus
17244,train,13,hippopotamus
17245,train,13,hippopotamus
17246,train,13,hippopotamus
17247,train,13,hippopotamus
17248,train,13,hippopotamus
17249,validation,13,hippopotamus
17250,train,13,hippopotamus
17251,train,13,hippopotamus
17252,train,13,hippopotamus
17253,train,13,hippopotamus
17254,test,13,hippopotamus
17255,test,13,hippopotamus
17256,train,13,hippopotamus
17257,train,13,hippopotamus
17258,train,13,hippopotamus
17259,train,13,hippopotamus
17260,train,13,hippopotamus
17261,train,13,hippopotamus
17262,train,13,hippopotamus
17263,validation,13,hippopotamus
17264,test,13,hippopotamus
17265,validation,13,hippopotamus
17266,train,13,hippopotamus
17267,validation,13,hippopotamus
17268,validation,13,hippopotamus
17269,train,13,hippopotamus
17270,train,13,hippopotamus
17271,test,13,hippopotamus
17272,train,13,hippopotamus
17273,test,13,hippopotamus
17274,train,13,hippopotamus
17275,train,13,hippopotamus
17276,train,13,hippopotamus
17277,train,13,hippopotamus
17278,train,13,hippopotamus
17279,train,13,hippopotamus
17280,test,13,hippopotamus
17281,train,13,hippopotamus
17282,train,13,hippopotamus
17283,test,13,hippopotamus
17284,validation,13,hippopotamus
17285,test,13,hippopotamus
17286,train,13,hippopotamus
17287,validation,13,hippopotamus
17288,train,13,hippopotamus
17289,train,13,hippopotamus
17290,train,13,hippopotamus
17291,train,13,hippopotamus
17292,test,13,hippopotamus
17293,train,13,hippopotamus
17294,train,13,hippopotamus
17295,validation,13,hippopotamus
17296,train,13,hippopotamus
17297,train,13,hippopotamus
17298,train,13,hippopotamus
17299,train,13,hippopotamus
17300,test,13,hippopotamus
17301,train,13,hippopotamus
17302,train,13,hippopotamus
17303,test,13,hippopotamus
17304,train,13,hippopotamus
17305,train,13,hippopotamus
17306,test,13,hippopotamus
17307,validation,13,hippopotamus
17308,test,13,hippopotamus
17309,train,13,hippopotamus
17310,train,13,hippopotamus
17311,train,13,hippopotamus
17312,test,13,hippopotamus
17313,train,13,hippopotamus
17314,train,13,hippopotamus
17315,validation,13,hippopotamus
17316,test,13,hippopotamus
17317,train,13,hippopotamus
17318,train,13,hippopotamus
17319,train,13,hippopotamus
17320,validation,13,hippopotamus
17321,train,13,hippopotamus
17322,train,13,hippopotamus
17323,validation,13,hippopotamus
17324,train,13,hippopotamus
17325,train,13,hippopotamus
17326,test,13,hippopotamus
17327,train,13,hippopotamus
17328,train,13,hippopotamus
17329,validation,13,hippopotamus
17330,test,13,hippopotamus
17331,train,13,hippopotamus
17332,validation,13,hippopotamus
17333,test,13,hippopotamus
17334,validation,13,hippopotamus
17335,train,13,hippopotamus
17336,test,13,hippopotamus
17337,train,13,hippopotamus
17338,train,13,hippopotamus
17339,test,13,hippopotamus
17340,train,13,hippopotamus
17341,train,13,hippopotamus
17342,test,13,hippopotamus
17343,train,13,hippopotamus
17344,test,13,hippopotamus
17345,train,13,hippopotamus
17346,test,13,hippopotamus
17347,train,13,hippopotamus
17348,validation,13,hippopotamus
17349,test,13,hippopotamus
17350,test,13,hippopotamus
17351,train,13,hippopotamus
17352,test,13,hippopotamus
17353,validation,13,hippopotamus
17354,validation,13,hippopotamus
17355,train,13,hippopotamus
17356,validation,13,hippopotamus
17357,train,13,hippopotamus
17358,train,13,hippopotamus
17359,train,13,hippopotamus
17360,validation,13,hippopotamus
17361,validation,13,hippopotamus
17362,validation,13,hippopotamus
17363,train,13,hippopotamus
17364,train,13,hippopotamus
17365,validation,13,hippopotamus
17366,validation,13,hippopotamus
17367,test,13,hippopotamus
17368,train,13,hippopotamus
17369,train,13,hippopotamus
17370,train,13,hippopotamus
17371,test,13,hippopotamus
17372,test,13,hippopotamus
17373,train,13,hippopotamus
17374,train,13,hippopotamus
17375,validation,13,hippopotamus
17376,train,13,hippopotamus
17377,train,13,hippopotamus
17378,train,13,hippopotamus
17379,validation,13,hippopotamus
17380,validation,13,hippopotamus
17381,train,13,hippopotamus
17382,validation,13,hippopotamus
17383,train,13,hippopotamus
17384,train,13,hippopotamus
17385,test,13,hippopotamus
17386,train,13,hippopotamus
17387,test,13,hippopotamus
17388,train,13,hippopotamus
17389,validation,13,hippopotamus
17390,test,13,hippopotamus
17391,validation,13,hippopotamus
17392,train,13,hippopotamus
17393,test,13,hippopotamus
17394,train,13,hippopotamus
17395,validation,13,hippopotamus
17396,train,13,hippopotamus
17397,train,13,hippopotamus
17398,train,13,hippopotamus
17399,train,13,hippopotamus
17400,train,13,hippopotamus
17401,validation,13,hippopotamus
17402,train,13,hippopotamus
17403,train,13,hippopotamus
17404,test,13,hippopotamus
17405,train,13,hippopotamus
17406,validation,13,hippopotamus
17407,test,13,hippopotamus
17408,train,13,hippopotamus
17409,test,13,hippopotamus
17410,validation,13,hippopotamus
17411,test,13,hippopotamus
17412,validation,13,hippopotamus
17413,validation,13,hippopotamus
17414,test,13,hippopotamus
17415,train,13,hippopotamus
17416,train,13,hippopotamus
17417,validation,13,hippopotamus
17418,train,13,hippopotamus
17419,train,13,hippopotamus
17420,train,13,hippopotamus
17421,train,13,hippopotamus
17422,validation,13,hippopotamus
17423,validation,13,hippopotamus
17424,train,13,hippopotamus
17425,test,13,hippopotamus
17426,train,13,hippopotamus
17427,test,13,hippopotamus
17428,train,13,hippopotamus
17429,train,13,hippopotamus
17430,train,13,hippopotamus
17431,validation,13,hippopotamus
17432,train,13,hippopotamus
17433,test,13,hippopotamus
17434,train,13,hippopotamus
17435,test,13,hippopotamus
17436,validation,13,hippopotamus
17437,train,13,hippopotamus
17438,test,13,hippopotamus
17439,test,13,hippopotamus
17440,train,13,hippopotamus
17441,train,13,hippopotamus
17442,train,13,hippopotamus
17443,train,13,hippopotamus
17444,train,13,hippopotamus
17445,validation,13,hippopotamus
17446,train,13,hippopotamus
17447,train,13,hippopotamus
17448,train,13,hippopotamus
17449,train,13,hippopotamus
17450,train,13,hippopotamus
17451,validation,13,hippopotamus
17452,train,13,hippopotamus
17453,train,13,hippopotamus
17454,train,13,hippopotamus
17455,train,13,hippopotamus
17456,train,13,hippopotamus
17457,validation,13,hippopotamus
17458,train,13,hippopotamus
17459,test,13,hippopotamus
17460,validation,13,hippopotamus
17461,train,13,hippopotamus
17462,train,13,hippopotamus
17463,validation,13,hippopotamus
17464,validation,13,hippopotamus
17465,train,13,hippopotamus
17466,test,13,hippopotamus
17467,test,13,hippopotamus
17468,validation,13,hippopotamus
17469,train,13,hippopotamus
17470,train,13,hippopotamus
17471,train,13,hippopotamus
17472,train,13,hippopotamus
17473,train,13,hippopotamus
17474,train,13,hippopotamus
17475,validation,13,hippopotamus
17476,train,13,hippopotamus
17477,test,13,hippopotamus
17478,test,13,hippopotamus
17479,train,13,hippopotamus
17480,train,13,hippopotamus
17481,validation,13,hippopotamus
17482,train,13,hippopotamus
17483,train,13,hippopotamus
17484,train,13,hippopotamus
17485,validation,13,hippopotamus
17486,train,13,hippopotamus
17487,train,13,hippopotamus
17488,train,13,hippopotamus
17489,train,13,hippopotamus
17490,validation,13,hippopotamus
17491,train,13,hippopotamus
17492,train,13,hippopotamus
17493,test,13,hippopotamus
17494,train,13,hippopotamus
17495,train,13,hippopotamus
17496,validation,13,hippopotamus
17497,train,13,hippopotamus
17498,train,13,hippopotamus
17499,train,13,hippopotamus
17500,train,13,hippopotamus
17501,train,13,hippopotamus
17502,train,13,hippopotamus
17503,validation,13,hippopotamus
17504,train,13,hippopotamus
17505,validation,13,hippopotamus
17506,test,13,hippopotamus
17507,train,13,hippopotamus
17508,train,13,hippopotamus
17509,train,13,hippopotamus
17510,train,13,hippopotamus
17511,test,13,hippopotamus
17512,train,13,hippopotamus
17513,validation,13,hippopotamus
17514,train,13,hippopotamus
17515,train,13,hippopotamus
17516,train,13,hippopotamus
17517,test,13,hippopotamus
17518,test,13,hippopotamus
17519,train,13,hippopotamus
17520,validation,13,hippopotamus
17521,validation,13,hippopotamus
17522,train,13,hippopotamus
17523,test,13,hippopotamus
17524,train,13,hippopotamus
17525,train,13,hippopotamus
17526,train,13,hippopotamus
17527,test,13,hippopotamus
17528,test,13,hippopotamus
17529,train,13,hippopotamus
17530,train,13,hippopotamus
17531,train,13,hippopotamus
17532,test,13,hippopotamus
17533,train,13,hippopotamus
17534,validation,13,hippopotamus
17535,validation,13,hippopotamus
17536,train,13,hippopotamus
17537,validation,13,hippopotamus
17538,test,13,hippopotamus
17539,validation,13,hippopotamus
17540,validation,13,hippopotamus
17541,train,13,hippopotamus
17542,train,13,hippopotamus
17543,test,13,hippopotamus
17544,train,13,hippopotamus
17545,train,13,hippopotamus
17546,train,13,hippopotamus
17547,train,13,hippopotamus
17548,train,13,hippopotamus
17549,test,13,hippopotamus
17550,test,13,hippopotamus
17551,validation,13,hippopotamus
17552,train,13,hippopotamus
17553,train,13,hippopotamus
17554,train,13,hippopotamus
17555,train,13,hippopotamus
17556,validation,13,hippopotamus
17557,test,13,hippopotamus
17558,validation,13,hippopotamus
17559,train,13,hippopotamus
17560,train,13,hippopotamus
17561,test,13,hippopotamus
17562,train,13,hippopotamus
17563,validation,13,hippopotamus
17564,train,13,hippopotamus
17565,train,13,hippopotamus
17566,validation,13,hippopotamus
17567,validation,13,hippopotamus
17568,train,13,hippopotamus
17569,train,13,hippopotamus
17570,train,13,hippopotamus
17571,test,13,hippopotamus
17572,test,13,hippopotamus
17573,train,13,hippopotamus
17574,test,13,hippopotamus
17575,train,13,hippopotamus
17576,train,13,hippopotamus
17577,validation,13,hippopotamus
17578,train,13,hippopotamus
17579,test,13,hippopotamus
17580,test,13,hippopotamus
17581,train,13,hippopotamus
17582,train,13,hippopotamus
17583,train,13,hippopotamus
17584,train,13,hippopotamus
17585,train,13,hippopotamus
17586,test,13,hippopotamus
17587,validation,13,hippopotamus
17588,test,13,hippopotamus
17589,validation,13,hippopotamus
17590,train,13,hippopotamus
17591,train,13,hippopotamus
17592,train,13,hippopotamus
17593,train,13,hippopotamus
17594,validation,13,hippopotamus
17595,train,13,hippopotamus
17596,train,13,hippopotamus
17597,train,13,hippopotamus
17598,train,13,hippopotamus
17599,test,13,hippopotamus
17600,test,13,hippopotamus
17601,train,13,hippopotamus
17602,test,13,hippopotamus
17603,train,13,hippopotamus
17604,train,13,hippopotamus
17605,test,13,hippopotamus
17606,test,13,hippopotamus
17607,train,13,hippopotamus
17608,validation,13,hippopotamus
17609,train,13,hippopotamus
17610,train,13,hippopotamus
17611,train,13,hippopotamus
17612,train,13,hippopotamus
17613,train,13,hippopotamus
17614,train,13,hippopotamus
17615,train,13,hippopotamus
17616,train,13,hippopotamus
17617,train,13,hippopotamus
17618,train,13,hippopotamus
17619,train,13,hippopotamus
17620,train,13,hippopotamus
17621,train,13,hippopotamus
17622,train,13,hippopotamus
17623,train,13,hippopotamus
17624,train,13,hippopotamus
17625,validation,13,hippopotamus
17626,train,13,hippopotamus
17627,train,13,hippopotamus
17628,test,13,hippopotamus
17629,train,13,hippopotamus
17630,validation,13,hippopotamus
17631,validation,13,hippopotamus
17632,test,13,hippopotamus
17633,train,13,hippopotamus
17634,train,13,hippopotamus
17635,validation,13,hippopotamus
17636,test,13,hippopotamus
17637,test,13,hippopotamus
17638,train,13,hippopotamus
17639,train,13,hippopotamus
17640,validation,13,hippopotamus
17641,validation,13,hippopotamus
17642,test,13,hippopotamus
17643,train,13,hippopotamus
17644,test,13,hippopotamus
17645,train,13,hippopotamus
17646,test,13,hippopotamus
17647,test,13,hippopotamus
17648,train,13,hippopotamus
17649,train,13,hippopotamus
17650,validation,13,hippopotamus
17651,train,13,hippopotamus
17652,train,13,hippopotamus
17653,train,13,hippopotamus
17654,train,13,hippopotamus
17655,validation,13,hippopotamus
17656,test,13,hippopotamus
17657,validation,13,hippopotamus
17658,validation,13,hippopotamus
17659,train,13,hippopotamus
17660,train,13,hippopotamus
17661,validation,13,hippopotamus
17662,train,13,hippopotamus
17663,train,13,hippopotamus
17664,train,13,hippopotamus
17665,train,13,hippopotamus
17666,train,13,hippopotamus
17667,test,13,hippopotamus
17668,train,13,hippopotamus
17669,validation,13,hippopotamus
17670,test,13,hippopotamus
17671,test,13,hippopotamus
17672,validation,13,hippopotamus
17673,test,13,hippopotamus
17674,test,13,hippopotamus
17675,test,13,hippopotamus
17676,train,13,hippopotamus
17677,validation,13,hippopotamus
17678,train,13,hippopotamus
17679,train,13,hippopotamus
17680,test,13,hippopotamus
17681,train,13,hippopotamus
17682,train,13,hippopotamus
17683,train,13,hippopotamus
17684,validation,13,hippopotamus
17685,test,13,hippopotamus
17686,train,13,hippopotamus
17687,train,13,hippopotamus
17688,test,13,hippopotamus
17689,train,13,hippopotamus
17690,validation,13,hippopotamus
17691,validation,13,hippopotamus
17692,train,13,hippopotamus
17693,validation,13,hippopotamus
17694,train,13,hippopotamus
17695,validation,13,hippopotamus
17696,train,13,hippopotamus
17697,test,13,hippopotamus
17698,test,13,hippopotamus
17699,train,13,hippopotamus
17700,train,13,hippopotamus
17701,train,13,hippopotamus
17702,test,13,hippopotamus
17703,train,13,hippopotamus
17704,train,13,hippopotamus
17705,train,13,hippopotamus
17706,train,13,hippopotamus
17707,train,13,hippopotamus
17708,train,13,hippopotamus
17709,test,13,hippopotamus
17710,train,13,hippopotamus
17711,train,13,hippopotamus
17712,train,13,hippopotamus
17713,train,13,hippopotamus
17714,test,13,hippopotamus
17715,validation,13,hippopotamus
17716,train,13,hippopotamus
17717,train,13,hippopotamus
17718,train,13,hippopotamus
17719,test,13,hippopotamus
17720,validation,13,hippopotamus
17721,train,13,hippopotamus
17722,validation,13,hippopotamus
17723,train,13,hippopotamus
17724,validation,13,hippopotamus
17725,train,13,hippopotamus
17726,train,13,hippopotamus
17727,train,13,hippopotamus
17728,test,13,hippopotamus
17729,train,13,hippopotamus
17730,train,13,hippopotamus
17731,train,13,hippopotamus
17732,train,13,hippopotamus
17733,test,13,hippopotamus
17734,validation,13,hippopotamus
17735,test,13,hippopotamus
17736,validation,13,hippopotamus
17737,train,13,hippopotamus
17738,validation,13,hippopotamus
17739,validation,13,hippopotamus
17740,test,13,hippopotamus
17741,validation,13,hippopotamus
17742,validation,13,hippopotamus
17743,train,13,hippopotamus
17744,train,13,hippopotamus
17745,train,13,hippopotamus
17746,validation,13,hippopotamus
17747,train,13,hippopotamus
17748,train,13,hippopotamus
17749,test,13,hippopotamus
17750,train,13,hippopotamus
17751,train,13,hippopotamus
17752,validation,13,hippopotamus
17753,train,13,hippopotamus
17754,train,13,hippopotamus
17755,train,13,hippopotamus
17756,validation,13,hippopotamus
17757,train,13,hippopotamus
17758,train,13,hippopotamus
17759,test,13,hippopotamus
17760,test,13,hippopotamus
17761,validation,13,hippopotamus
17762,train,13,hippopotamus
17763,validation,13,hippopotamus
17764,train,13,hippopotamus
17765,train,13,hippopotamus
17766,validation,13,hippopotamus
17767,train,13,hippopotamus
17768,train,13,hippopotamus
17769,test,13,hippopotamus
17770,test,13,hippopotamus
17771,train,13,hippopotamus
17772,train,13,hippopotamus
17773,test,13,hippopotamus
17774,train,13,hippopotamus
17775,train,13,hippopotamus
17776,train,13,hippopotamus
17777,train,13,hippopotamus
17778,train,13,hippopotamus
17779,test,13,hippopotamus
17780,test,13,hippopotamus
17781,train,13,hippopotamus
17782,train,13,hippopotamus
17783,train,13,hippopotamus
17784,train,13,hippopotamus
17785,train,13,hippopotamus
17786,validation,13,hippopotamus
17787,test,13,hippopotamus
17788,train,13,hippopotamus
17789,train,13,hippopotamus
17790,train,13,hippopotamus
17791,train,13,hippopotamus
17792,train,13,hippopotamus
17793,train,13,hippopotamus
17794,validation,13,hippopotamus
17795,test,13,hippopotamus
17796,train,13,hippopotamus
17797,validation,13,hippopotamus
17798,train,13,hippopotamus
17799,test,13,hippopotamus
17800,train,13,hippopotamus
17801,train,13,hippopotamus
17802,train,13,hippopotamus
17803,train,13,hippopotamus
17804,train,13,hippopotamus
17805,validation,13,hippopotamus
17806,train,13,hippopotamus
17807,validation,13,hippopotamus
17808,train,13,hippopotamus
17809,validation,13,hippopotamus
17810,train,13,hippopotamus
17811,train,13,hippopotamus
17812,validation,13,hippopotamus
17813,train,13,hippopotamus
17814,train,13,hippopotamus
17815,train,13,hippopotamus
17816,train,13,hippopotamus
17817,train,13,hippopotamus
17818,test,13,hippopotamus
17819,train,6,horse
17820,train,6,horse
17821,test,6,horse
17822,train,6,horse
17823,validation,6,horse
17824,train,6,horse
17825,train,6,horse
17826,test,6,horse
17827,train,6,horse
17828,validation,6,horse
17829,train,6,horse
17830,validation,6,horse
17831,train,6,horse
17832,train,6,horse
17833,validation,6,horse
17834,train,6,horse
17835,validation,6,horse
17836,train,6,horse
17837,validation,6,horse
17838,validation,6,horse
17839,train,6,horse
17840,test,6,horse
17841,train,6,horse
17842,train,6,horse
17843,validation,6,horse
17844,test,6,horse
17845,train,6,horse
17846,train,6,horse
17847,train,6,horse
17848,train,6,horse
17849,test,6,horse
17850,validation,6,horse
17851,test,6,horse
17852,train,6,horse
17853,train,6,horse
17854,train,6,horse
17855,train,6,horse
17856,train,6,horse
17857,test,6,horse
17858,test,6,horse
17859,train,6,horse
17860,train,6,horse
17861,validation,6,horse
17862,train,6,horse
17863,train,6,horse
17864,test,6,horse
17865,train,6,horse
17866,train,6,horse
17867,test,6,horse
17868,validation,6,horse
17869,train,6,horse
17870,train,6,horse
17871,test,6,horse
17872,test,6,horse
17873,test,6,horse
17874,train,6,horse
17875,train,6,horse
17876,train,6,horse
17877,train,6,horse
17878,train,6,horse
17879,validation,6,horse
17880,train,6,horse
17881,test,6,horse
17882,train,6,horse
17883,test,6,horse
17884,train,6,horse
17885,train,6,horse
17886,train,6,horse
17887,validation,6,horse
17888,train,6,horse
17889,train,6,horse
17890,train,6,horse
17891,validation,6,horse
17892,validation,6,horse
17893,train,6,horse
17894,train,6,horse
17895,train,6,horse
17896,test,6,horse
17897,train,6,horse
17898,train,6,horse
17899,train,6,horse
17900,train,6,horse
17901,test,6,horse
17902,validation,6,horse
17903,train,6,horse
17904,test,6,horse
17905,train,6,horse
17906,train,6,horse
17907,train,6,horse
17908,train,6,horse
17909,train,6,horse
17910,validation,6,horse
17911,validation,6,horse
17912,train,6,horse
17913,train,6,horse
17914,train,6,horse
17915,train,6,horse
17916,test,6,horse
17917,test,6,horse
17918,validation,6,horse
17919,train,6,horse
17920,train,6,horse
17921,train,6,horse
17922,validation,6,horse
17923,validation,6,horse
17924,train,6,horse
17925,train,6,horse
17926,train,6,horse
17927,validation,6,horse
17928,train,6,horse
17929,test,6,horse
17930,test,6,horse
17931,validation,6,horse
17932,test,6,horse
17933,train,6,horse
17934,validation,6,horse
17935,train,6,horse
17936,validation,6,horse
17937,test,6,horse
17938,train,6,horse
17939,train,6,horse
17940,train,6,horse
17941,test,6,horse
17942,train,6,horse
17943,test,6,horse
17944,train,6,horse
17945,train,6,horse
17946,test,6,horse
17947,test,6,horse
17948,train,6,horse
17949,train,6,horse
17950,test,6,horse
17951,train,6,horse
17952,train,6,horse
17953,train,6,horse
17954,train,6,horse
17955,validation,6,horse
17956,train,6,horse
17957,test,6,horse
17958,test,6,horse
17959,train,6,horse
17960,train,6,horse
17961,train,6,horse
17962,train,6,horse
17963,train,6,horse
17964,train,6,horse
17965,train,6,horse
17966,validation,6,horse
17967,train,6,horse
17968,train,6,horse
17969,test,6,horse
17970,train,6,horse
17971,validation,6,horse
17972,test,6,horse
17973,train,6,horse
17974,train,6,horse
17975,validation,6,horse
17976,train,6,horse
17977,validation,6,horse
17978,test,6,horse
17979,train,6,horse
17980,test,6,horse
17981,train,6,horse
17982,train,6,horse
17983,train,6,horse
17984,validation,6,horse
17985,validation,6,horse
17986,train,6,horse
17987,train,6,horse
17988,validation,6,horse
17989,test,6,horse
17990,train,6,horse
17991,train,6,horse
17992,train,6,horse
17993,test,6,horse
17994,validation,6,horse
17995,train,6,horse
17996,train,6,horse
17997,train,6,horse
17998,train,6,horse
17999,validation,6,horse
18000,train,6,horse
18001,test,6,horse
18002,train,6,horse
18003,test,6,horse
18004,train,6,horse
18005,test,6,horse
18006,validation,6,horse
18007,validation,6,horse
18008,train,6,horse
18009,train,6,horse
18010,validation,6,horse
18011,test,6,horse
18012,train,6,horse
18013,validation,6,horse
18014,train,6,horse
18015,validation,6,horse
18016,train,6,horse
18017,test,6,horse
18018,train,6,horse
18019,train,6,horse
18020,test,6,horse
18021,validation,6,horse
18022,train,6,horse
18023,test,6,horse
18024,validation,6,horse
18025,train,6,horse
18026,validation,6,horse
18027,train,6,horse
18028,validation,6,horse
18029,train,6,horse
18030,validation,6,horse
18031,validation,6,horse
18032,validation,6,horse
18033,validation,6,horse
18034,validation,6,horse
18035,train,6,horse
18036,test,6,horse
18037,validation,6,horse
18038,train,6,horse
18039,test,6,horse
18040,train,6,horse
18041,train,6,horse
18042,train,6,horse
18043,validation,6,horse
18044,train,6,horse
18045,validation,6,horse
18046,train,6,horse
18047,train,6,horse
18048,validation,6,horse
18049,train,6,horse
18050,train,6,horse
18051,test,6,horse
18052,train,6,horse
18053,validation,6,horse
18054,train,6,horse
18055,train,6,horse
18056,train,6,horse
18057,train,6,horse
18058,train,6,horse
18059,train,6,horse
18060,train,6,horse
18061,train,6,horse
18062,train,6,horse
18063,validation,6,horse
18064,train,6,horse
18065,train,6,horse
18066,test,6,horse
18067,train,6,horse
18068,train,6,horse
18069,train,6,horse
18070,validation,6,horse
18071,train,6,horse
18072,test,6,horse
18073,train,6,horse
18074,train,6,horse
18075,train,6,horse
18076,validation,6,horse
18077,train,6,horse
18078,train,6,horse
18079,train,6,horse
18080,validation,6,horse
18081,train,6,horse
18082,train,6,horse
18083,train,6,horse
18084,validation,6,horse
18085,test,6,horse
18086,train,6,horse
18087,train,6,horse
18088,train,6,horse
18089,test,6,horse
18090,validation,6,horse
18091,train,6,horse
18092,validation,6,horse
18093,validation,6,horse
18094,train,6,horse
18095,test,6,horse
18096,validation,6,horse
18097,validation,6,horse
18098,train,6,horse
18099,train,6,horse
18100,test,6,horse
18101,test,6,horse
18102,validation,6,horse
18103,train,6,horse
18104,train,6,horse
18105,train,6,horse
18106,train,6,horse
18107,test,6,horse
18108,validation,6,horse
18109,train,6,horse
18110,train,6,horse
18111,train,6,horse
18112,train,6,horse
18113,validation,6,horse
18114,test,6,horse
18115,train,6,horse
18116,train,6,horse
18117,validation,6,horse
18118,train,6,horse
18119,test,6,horse
18120,test,6,horse
18121,train,6,horse
18122,train,6,horse
18123,train,6,horse
18124,validation,6,horse
18125,validation,6,horse
18126,train,6,horse
18127,train,6,horse
18128,validation,6,horse
18129,validation,6,horse
18130,train,6,horse
18131,test,6,horse
18132,train,6,horse
18133,test,6,horse
18134,train,6,horse
18135,train,6,horse
18136,train,6,horse
18137,validation,6,horse
18138,train,6,horse
18139,train,6,horse
18140,test,6,horse
18141,train,6,horse
18142,test,6,horse
18143,train,6,horse
18144,test,6,horse
18145,validation,6,horse
18146,train,6,horse
18147,test,6,horse
18148,train,6,horse
18149,test,6,horse
18150,train,6,horse
18151,validation,6,horse
18152,train,6,horse
18153,test,6,horse
18154,train,6,horse
18155,train,6,horse
18156,test,6,horse
18157,validation,6,horse
18158,train,6,horse
18159,train,6,horse
18160,validation,6,horse
18161,train,6,horse
18162,train,6,horse
18163,train,6,horse
18164,train,6,horse
18165,train,6,horse
18166,train,6,horse
18167,validation,6,horse
18168,train,6,horse
18169,train,6,horse
18170,train,6,horse
18171,train,6,horse
18172,validation,6,horse
18173,train,6,horse
18174,test,6,horse
18175,test,6,horse
18176,train,6,horse
18177,train,6,horse
18178,train,6,horse
18179,validation,6,horse
18180,validation,6,horse
18181,test,6,horse
18182,train,6,horse
18183,train,6,horse
18184,train,6,horse
18185,test,6,horse
18186,train,6,horse
18187,test,6,horse
18188,test,6,horse
18189,train,6,horse
18190,train,6,horse
18191,test,6,horse
18192,train,6,horse
18193,validation,6,horse
18194,train,6,horse
18195,test,6,horse
18196,train,6,horse
18197,validation,6,horse
18198,train,6,horse
18199,train,6,horse
18200,train,6,horse
18201,train,6,horse
18202,test,6,horse
18203,train,6,horse
18204,train,6,horse
18205,validation,6,horse
18206,train,6,horse
18207,train,6,horse
18208,test,6,horse
18209,test,6,horse
18210,train,6,horse
18211,validation,6,horse
18212,train,6,horse
18213,train,6,horse
18214,train,6,horse
18215,test,6,horse
18216,test,6,horse
18217,train,6,horse
18218,train,6,horse
18219,train,6,horse
18220,train,6,horse
18221,test,6,horse
18222,test,6,horse
18223,validation,6,horse
18224,train,6,horse
18225,validation,6,horse
18226,train,6,horse
18227,test,6,horse
18228,train,6,horse
18229,train,6,horse
18230,test,6,horse
18231,test,6,horse
18232,validation,6,horse
18233,train,6,horse
18234,train,6,horse
18235,train,6,horse
18236,train,6,horse
18237,train,6,horse
18238,validation,6,horse
18239,validation,6,horse
18240,validation,6,horse
18241,train,6,horse
18242,train,6,horse
18243,test,6,horse
18244,train,6,horse
18245,train,6,horse
18246,validation,6,horse
18247,train,6,horse
18248,train,6,horse
18249,train,6,horse
18250,train,6,horse
18251,validation,6,horse
18252,test,6,horse
18253,train,6,horse
18254,test,6,horse
18255,train,6,horse
18256,train,6,horse
18257,train,6,horse
18258,train,6,horse
18259,train,6,horse
18260,train,6,horse
18261,validation,6,horse
18262,train,6,horse
18263,test,6,horse
18264,validation,6,horse
18265,train,6,horse
18266,train,6,horse
18267,train,6,horse
18268,validation,6,horse
18269,test,6,horse
18270,validation,6,horse
18271,validation,6,horse
18272,train,6,horse
18273,train,6,horse
18274,test,6,horse
18275,validation,6,horse
18276,train,6,horse
18277,test,6,horse
18278,train,6,horse
18279,validation,6,horse
18280,test,6,horse
18281,train,6,horse
18282,validation,6,horse
18283,validation,6,horse
18284,train,6,horse
18285,train,6,horse
18286,train,6,horse
18287,train,6,horse
18288,train,6,horse
18289,validation,6,horse
18290,train,6,horse
18291,train,6,horse
18292,train,6,horse
18293,validation,6,horse
18294,train,6,horse
18295,validation,6,horse
18296,validation,6,horse
18297,train,6,horse
18298,train,6,horse
18299,validation,6,horse
18300,train,6,horse
18301,train,6,horse
18302,test,6,horse
18303,train,6,horse
18304,train,6,horse
18305,train,6,horse
18306,test,6,horse
18307,test,6,horse
18308,test,6,horse
18309,validation,6,horse
18310,train,6,horse
18311,validation,6,horse
18312,validation,6,horse
18313,validation,6,horse
18314,test,6,horse
18315,train,6,horse
18316,train,6,horse
18317,train,6,horse
18318,test,6,horse
18319,train,6,horse
18320,train,6,horse
18321,train,6,horse
18322,test,6,horse
18323,test,6,horse
18324,train,6,horse
18325,validation,6,horse
18326,test,6,horse
18327,test,6,horse
18328,train,6,horse
18329,train,6,horse
18330,test,6,horse
18331,train,6,horse
18332,train,6,horse
18333,train,6,horse
18334,test,6,horse
18335,test,6,horse
18336,test,6,horse
18337,validation,6,horse
18338,validation,6,horse
18339,validation,6,horse
18340,train,6,horse
18341,train,6,horse
18342,train,6,horse
18343,validation,6,horse
18344,train,6,horse
18345,train,6,horse
18346,train,6,horse
18347,train,6,horse
18348,test,6,horse
18349,train,6,horse
18350,train,6,horse
18351,train,6,horse
18352,train,6,horse
18353,train,6,horse
18354,validation,6,horse
18355,test,6,horse
18356,train,6,horse
18357,train,6,horse
18358,validation,6,horse
18359,validation,6,horse
18360,train,6,horse
18361,train,6,horse
18362,train,6,horse
18363,train,6,horse
18364,validation,6,horse
18365,train,6,horse
18366,train,6,horse
18367,test,6,horse
18368,train,6,horse
18369,train,6,horse
18370,test,6,horse
18371,validation,6,horse
18372,train,6,horse
18373,test,6,horse
18374,train,6,horse
18375,train,6,horse
18376,test,6,horse
18377,test,6,horse
18378,validation,6,horse
18379,test,6,horse
18380,train,6,horse
18381,test,6,horse
18382,test,6,horse
18383,test,6,horse
18384,test,6,horse
18385,train,6,horse
18386,test,6,horse
18387,validation,6,horse
18388,test,6,horse
18389,train,6,horse
18390,train,6,horse
18391,train,6,horse
18392,train,6,horse
18393,train,6,horse
18394,train,6,horse
18395,train,6,horse
18396,train,6,horse
18397,train,6,horse
18398,test,6,horse
18399,test,6,horse
18400,validation,6,horse
18401,train,6,horse
18402,train,6,horse
18403,train,6,horse
18404,test,6,horse
18405,train,6,horse
18406,validation,6,horse
18407,test,6,horse
18408,train,6,horse
18409,train,6,horse
18410,train,6,horse
18411,test,6,horse
18412,train,6,horse
18413,test,6,horse
18414,validation,6,horse
18415,train,6,horse
18416,test,6,horse
18417,train,6,horse
18418,train,6,horse
18419,test,6,horse
18420,train,6,horse
18421,validation,6,horse
18422,train,6,horse
18423,test,6,horse
18424,train,6,horse
18425,train,6,horse
18426,test,6,horse
18427,train,6,horse
18428,validation,6,horse
18429,train,6,horse
18430,train,6,horse
18431,validation,6,horse
18432,test,6,horse
18433,test,6,horse
18434,validation,6,horse
18435,train,6,horse
18436,test,6,horse
18437,validation,6,horse
18438,validation,6,horse
18439,test,6,horse
18440,train,6,horse
18441,test,6,horse
18442,train,6,horse
18443,train,6,horse
18444,validation,6,horse
18445,train,6,horse
18446,test,6,horse
18447,test,6,horse
18448,train,6,horse
18449,validation,6,horse
18450,train,6,horse
18451,train,6,horse
18452,train,6,horse
18453,train,6,horse
18454,train,6,horse
18455,train,6,horse
18456,train,6,horse
18457,test,6,horse
18458,train,6,horse
18459,train,6,horse
18460,train,6,horse
18461,train,6,horse
18462,test,6,horse
18463,train,6,horse
18464,train,6,horse
18465,train,6,horse
18466,train,6,horse
18467,test,6,horse
18468,train,6,horse
18469,validation,6,horse
18470,train,6,horse
18471,train,6,horse
18472,train,6,horse
18473,train,6,horse
18474,train,6,horse
18475,test,6,horse
18476,train,6,horse
18477,test,6,horse
18478,train,6,horse
18479,validation,6,horse
18480,validation,6,horse
18481,train,6,horse
18482,train,6,horse
18483,validation,6,horse
18484,train,6,horse
18485,test,6,horse
18486,train,6,horse
18487,validation,6,horse
18488,train,6,horse
18489,train,6,horse
18490,train,6,horse
18491,train,6,horse
18492,validation,6,horse
18493,test,6,horse
18494,train,6,horse
18495,train,6,horse
18496,train,6,horse
18497,train,6,horse
18498,test,6,horse
18499,validation,6,horse
18500,train,6,horse
18501,train,6,horse
18502,train,6,horse
18503,validation,6,horse
18504,test,6,horse
18505,train,6,horse
18506,train,6,horse
18507,train,6,horse
18508,validation,6,horse
18509,test,6,horse
18510,train,6,horse
18511,test,6,horse
18512,test,6,horse
18513,train,6,horse
18514,validation,6,horse
18515,train,6,horse
18516,validation,6,horse
18517,train,6,horse
18518,test,6,horse
18519,test,6,horse
18520,validation,6,horse
18521,train,6,horse
18522,train,6,horse
18523,train,6,horse
18524,train,6,horse
18525,test,6,horse
18526,train,6,horse
18527,validation,6,horse
18528,train,6,horse
18529,train,6,horse
18530,train,6,horse
18531,train,6,horse
18532,test,6,horse
18533,train,6,horse
18534,validation,6,horse
18535,train,6,horse
18536,validation,6,horse
18537,train,6,horse
18538,test,6,horse
18539,test,6,horse
18540,train,6,horse
18541,train,6,horse
18542,train,6,horse
18543,train,6,horse
18544,validation,6,horse
18545,train,6,horse
18546,validation,6,horse
18547,test,6,horse
18548,train,6,horse
18549,train,6,horse
18550,train,6,horse
18551,validation,6,horse
18552,train,6,horse
18553,train,6,horse
18554,test,6,horse
18555,test,6,horse
18556,train,6,horse
18557,train,6,horse
18558,validation,6,horse
18559,validation,6,horse
18560,validation,6,horse
18561,train,6,horse
18562,train,6,horse
18563,validation,6,horse
18564,train,6,horse
18565,train,6,horse
18566,train,6,horse
18567,train,6,horse
18568,train,6,horse
18569,validation,6,horse
18570,train,6,horse
18571,validation,6,horse
18572,validation,6,horse
18573,train,6,horse
18574,test,6,horse
18575,test,6,horse
18576,train,6,horse
18577,validation,6,horse
18578,test,6,horse
18579,train,6,horse
18580,train,6,horse
18581,validation,6,horse
18582,train,6,horse
18583,train,6,horse
18584,train,6,horse
18585,test,6,horse
18586,train,6,horse
18587,train,6,horse
18588,validation,6,horse
18589,train,6,horse
18590,validation,6,horse
18591,train,6,horse
18592,train,6,horse
18593,train,6,horse
18594,test,6,horse
18595,train,6,horse
18596,test,6,horse
18597,train,6,horse
18598,train,6,horse
18599,train,6,horse
18600,train,6,horse
18601,train,6,horse
18602,validation,6,horse
18603,validation,6,horse
18604,train,6,horse
18605,train,6,horse
18606,train,6,horse
18607,train,6,horse
18608,test,6,horse
18609,validation,6,horse
18610,train,6,horse
18611,train,6,horse
18612,validation,6,horse
18613,train,6,horse
18614,validation,6,horse
18615,test,6,horse
18616,train,6,horse
18617,train,6,horse
18618,train,6,horse
18619,train,6,horse
18620,validation,6,horse
18621,train,6,horse
18622,train,6,horse
18623,train,6,horse
18624,train,6,horse
18625,train,6,horse
18626,train,6,horse
18627,train,6,horse
18628,train,6,horse
18629,train,6,horse
18630,train,6,horse
18631,train,6,horse
18632,train,6,horse
18633,train,6,horse
18634,train,6,horse
18635,validation,6,horse
18636,train,6,horse
18637,train,6,horse
18638,train,6,horse
18639,test,6,horse
18640,validation,6,horse
18641,train,6,horse
18642,test,6,horse
18643,validation,6,horse
18644,test,6,horse
18645,train,6,horse
18646,train,6,horse
18647,train,6,horse
18648,train,6,horse
18649,validation,6,horse
18650,train,6,horse
18651,test,6,horse
18652,train,6,horse
18653,train,6,horse
18654,test,6,horse
18655,train,6,horse
18656,train,6,horse
18657,train,6,horse
18658,validation,6,horse
18659,train,6,horse
18660,validation,6,horse
18661,train,6,horse
18662,test,6,horse
18663,train,6,horse
18664,test,6,horse
18665,train,6,horse
18666,test,6,horse
18667,train,6,horse
18668,validation,6,horse
18669,test,6,horse
18670,train,6,horse
18671,validation,6,horse
18672,train,6,horse
18673,train,6,horse
18674,train,6,horse
18675,train,6,horse
18676,validation,6,horse
18677,train,6,horse
18678,test,6,horse
18679,validation,6,horse
18680,train,6,horse
18681,validation,6,horse
18682,test,6,horse
18683,test,6,horse
18684,test,6,horse
18685,train,6,horse
18686,test,6,horse
18687,validation,6,horse
18688,validation,6,horse
18689,train,6,horse
18690,validation,6,horse
18691,train,6,horse
18692,validation,6,horse
18693,train,6,horse
18694,train,6,horse
18695,validation,6,horse
18696,train,6,horse
18697,train,6,horse
18698,train,6,horse
18699,test,6,horse
18700,train,6,horse
18701,test,6,horse
18702,test,6,horse
18703,train,6,horse
18704,validation,6,horse
18705,train,6,horse
18706,test,6,horse
18707,test,6,horse
18708,train,6,horse
18709,test,6,horse
18710,train,6,horse
18711,train,6,horse
18712,train,6,horse
18713,validation,6,horse
18714,train,6,horse
18715,train,6,horse
18716,test,6,horse
18717,train,6,horse
18718,train,6,horse
18719,train,6,horse
18720,validation,6,horse
18721,train,6,horse
18722,train,6,horse
18723,train,6,horse
18724,train,6,horse
18725,train,6,horse
18726,train,6,horse
18727,train,6,horse
18728,train,6,horse
18729,train,6,horse
18730,train,6,horse
18731,train,6,horse
18732,train,6,horse
18733,validation,6,horse
18734,train,6,horse
18735,validation,6,horse
18736,validation,6,horse
18737,train,6,horse
18738,train,6,horse
18739,train,6,horse
18740,train,6,horse
18741,train,6,horse
18742,test,6,horse
18743,test,6,horse
18744,train,6,horse
18745,train,6,horse
18746,test,6,horse
18747,train,6,horse
18748,test,6,horse
18749,train,6,horse
18750,train,6,horse
18751,train,6,horse
18752,train,6,horse
18753,train,6,horse
18754,train,6,horse
18755,train,6,horse
18756,test,6,horse
18757,train,6,horse
18758,test,6,horse
18759,train,6,horse
18760,train,6,horse
18761,train,6,horse
18762,validation,6,horse
18763,train,6,horse
18764,test,6,horse
18765,test,6,horse
18766,train,6,horse
18767,train,6,horse
18768,validation,6,horse
18769,train,6,horse
18770,validation,6,horse
18771,train,6,horse
18772,train,6,horse
18773,train,6,horse
18774,test,6,horse
18775,train,6,horse
18776,train,6,horse
18777,train,6,horse
18778,train,6,horse
18779,validation,6,horse
18780,train,6,horse
18781,validation,6,horse
18782,train,6,horse
18783,train,6,horse
18784,train,6,horse
18785,train,6,horse
18786,train,6,horse
18787,train,6,horse
18788,train,6,horse
18789,train,6,horse
18790,train,6,horse
18791,validation,6,horse
18792,train,6,horse
18793,train,6,horse
18794,train,6,horse
18795,validation,6,horse
18796,train,6,horse
18797,train,6,horse
18798,validation,6,horse
18799,train,6,horse
18800,train,6,horse
18801,test,6,horse
18802,train,6,horse
18803,train,6,horse
18804,train,6,horse
18805,train,6,horse
18806,train,6,horse
18807,train,6,horse
18808,test,6,horse
18809,train,6,horse
18810,train,6,horse
18811,test,6,horse
18812,validation,6,horse
18813,train,6,horse
18814,train,6,horse
18815,train,6,horse
18816,train,6,horse
18817,train,6,horse
18818,validation,6,horse
18819,train,6,horse
18820,train,6,horse
18821,train,6,horse
18822,train,6,horse
18823,train,6,horse
18824,train,6,horse
18825,validation,6,horse
18826,train,6,horse
18827,train,6,horse
18828,train,6,horse
18829,train,6,horse
18830,train,6,horse
18831,train,6,horse
18832,train,6,horse
18833,test,6,horse
18834,validation,6,horse
18835,validation,6,horse
18836,train,6,horse
18837,test,6,horse
18838,train,6,horse
18839,train,6,horse
18840,train,6,horse
18841,train,6,horse
18842,validation,6,horse
18843,test,6,horse
18844,train,6,horse
18845,validation,6,horse
18846,test,6,horse
18847,train,6,horse
18848,train,6,horse
18849,validation,6,horse
18850,train,6,horse
18851,train,6,horse
18852,train,6,horse
18853,train,6,horse
18854,validation,6,horse
18855,validation,6,horse
18856,train,6,horse
18857,train,6,horse
18858,train,6,horse
18859,test,6,horse
18860,train,6,horse
18861,validation,6,horse
18862,train,6,horse
18863,train,6,horse
18864,validation,6,horse
18865,train,6,horse
18866,train,6,horse
18867,test,6,horse
18868,train,6,horse
18869,train,6,horse
18870,test,6,horse
18871,test,6,horse
18872,train,6,horse
18873,train,6,horse
18874,train,6,horse
18875,validation,6,horse
18876,train,6,horse
18877,train,6,horse
18878,train,6,horse
18879,train,6,horse
18880,validation,6,horse
18881,validation,6,horse
18882,train,6,horse
18883,validation,6,horse
18884,train,6,horse
18885,train,6,horse
18886,test,6,horse
18887,validation,6,horse
18888,train,6,horse
18889,test,6,horse
18890,train,6,horse
18891,test,6,horse
18892,train,6,horse
18893,train,6,horse
18894,train,6,horse
18895,train,6,horse
18896,train,6,horse
18897,train,6,horse
18898,train,6,horse
18899,train,6,horse
18900,test,6,horse
18901,validation,6,horse
18902,train,6,horse
18903,train,6,horse
18904,train,6,horse
18905,train,6,horse
18906,train,6,horse
18907,validation,6,horse
18908,train,6,horse
18909,train,6,horse
18910,validation,6,horse
18911,test,6,horse
18912,train,6,horse
18913,train,6,horse
18914,train,6,horse
18915,train,6,horse
18916,train,6,horse
18917,train,6,horse
18918,test,6,horse
18919,train,6,horse
18920,train,6,horse
18921,test,6,horse
18922,test,6,horse
18923,validation,6,horse
18924,validation,6,horse
18925,train,6,horse
18926,test,6,horse
18927,test,6,horse
18928,train,6,horse
18929,train,6,horse
18930,test,6,horse
18931,validation,6,horse
18932,test,6,horse
18933,test,6,horse
18934,train,6,horse
18935,validation,6,horse
18936,train,6,horse
18937,test,6,horse
18938,test,6,horse
18939,validation,6,horse
18940,train,6,horse
18941,train,6,horse
18942,test,6,horse
18943,train,6,horse
18944,test,6,horse
18945,validation,6,horse
18946,test,6,horse
18947,test,6,horse
18948,train,6,horse
18949,train,6,horse
18950,train,6,horse
18951,test,6,horse
18952,train,6,horse
18953,test,6,horse
18954,validation,6,horse
18955,train,6,horse
18956,train,6,horse
18957,train,6,horse
18958,validation,6,horse
18959,train,6,horse
18960,train,6,horse
18961,train,6,horse
18962,train,6,horse
18963,train,6,horse
18964,test,6,horse
18965,train,6,horse
18966,test,6,horse
18967,train,6,horse
18968,test,6,horse
18969,train,6,horse
18970,validation,6,horse
18971,train,6,horse
18972,train,6,horse
18973,train,6,horse
18974,validation,6,horse
18975,validation,6,horse
18976,validation,6,horse
18977,train,6,horse
18978,test,6,horse
18979,train,6,horse
18980,test,6,horse
18981,validation,6,horse
18982,train,6,horse
18983,test,6,horse
18984,train,6,horse
18985,validation,6,horse
18986,train,6,horse
18987,train,6,horse
18988,train,6,horse
18989,test,6,horse
18990,train,6,horse
18991,test,6,horse
18992,validation,6,horse
18993,validation,6,horse
18994,train,6,horse
18995,train,6,horse
18996,train,6,horse
18997,test,6,horse
18998,validation,6,horse
18999,train,6,horse
19000,train,6,horse
19001,validation,6,horse
19002,train,6,horse
19003,test,6,horse
19004,train,6,horse
19005,train,6,horse
19006,test,6,horse
19007,train,6,horse
19008,validation,6,horse
19009,train,6,horse
19010,test,6,horse
19011,test,6,horse
19012,train,6,horse
19013,train,6,horse
19014,train,6,horse
19015,validation,6,horse
19016,train,6,horse
19017,train,6,horse
19018,validation,6,horse
19019,train,6,horse
19020,train,6,horse
19021,train,6,horse
19022,train,6,horse
19023,validation,6,horse
19024,validation,6,horse
19025,train,6,horse
19026,train,6,horse
19027,test,6,horse
19028,train,6,horse
19029,validation,6,horse
19030,test,6,horse
19031,train,6,horse
19032,train,6,horse
19033,test,6,horse
19034,train,6,horse
19035,validation,6,horse
19036,validation,6,horse
19037,train,6,horse
19038,train,6,horse
19039,train,6,horse
19040,test,6,horse
19041,validation,6,horse
19042,validation,6,horse
19043,train,6,horse
19044,validation,6,horse
19045,validation,6,horse
19046,train,6,horse
19047,validation,6,horse
19048,train,6,horse
19049,validation,6,horse
19050,test,6,horse
19051,train,6,horse
19052,train,6,horse
19053,train,6,horse
19054,train,6,horse
19055,train,6,horse
19056,test,6,horse
19057,train,6,horse
19058,train,6,horse
19059,train,6,horse
19060,test,6,horse
19061,train,6,horse
19062,train,6,horse
19063,train,6,horse
19064,test,6,horse
19065,test,6,horse
19066,test,6,horse
19067,train,6,horse
19068,validation,6,horse
19069,train,6,horse
19070,validation,6,horse
19071,train,6,horse
19072,train,6,horse
19073,train,6,horse
19074,validation,6,horse
19075,train,6,horse
19076,train,6,horse
19077,test,6,horse
19078,train,6,horse
19079,train,6,horse
19080,train,6,horse
19081,train,6,horse
19082,train,6,horse
19083,train,6,horse
19084,test,6,horse
19085,train,6,horse
19086,test,6,horse
19087,train,6,horse
19088,train,6,horse
19089,test,6,horse
19090,test,6,horse
19091,test,6,horse
19092,train,6,horse
19093,train,6,horse
19094,validation,6,horse
19095,train,6,horse
19096,train,6,horse
19097,test,6,horse
19098,validation,6,horse
19099,train,6,horse
19100,train,6,horse
19101,test,6,horse
19102,test,6,horse
19103,validation,6,horse
19104,train,6,horse
19105,validation,6,horse
19106,train,6,horse
19107,validation,6,horse
19108,test,6,horse
19109,validation,6,horse
19110,validation,6,horse
19111,test,6,horse
19112,train,6,horse
19113,train,6,horse
19114,train,6,horse
19115,test,6,horse
19116,train,6,horse
19117,validation,6,horse
19118,train,6,horse
19119,train,6,horse
19120,validation,6,horse
19121,train,6,horse
19122,test,6,horse
19123,test,6,horse
19124,train,6,horse
19125,test,6,horse
19126,train,6,horse
19127,train,6,horse
19128,train,6,horse
19129,train,6,horse
19130,train,6,horse
19131,test,6,horse
19132,train,6,horse
19133,train,6,horse
19134,train,6,horse
19135,train,6,horse
19136,validation,6,horse
19137,train,6,horse
19138,train,6,horse
19139,train,6,horse
19140,train,6,horse
19141,train,6,horse
19142,train,6,horse
19143,validation,6,horse
19144,test,6,horse
19145,validation,6,horse
19146,train,6,horse
19147,train,6,horse
19148,validation,6,horse
19149,train,6,horse
19150,train,6,horse
19151,train,6,horse
19152,train,6,horse
19153,train,6,horse
19154,train,6,horse
19155,validation,6,horse
19156,train,6,horse
19157,test,6,horse
19158,train,6,horse
19159,validation,6,horse
19160,train,6,horse
19161,test,6,horse
19162,test,6,horse
19163,test,6,horse
19164,train,6,horse
19165,train,6,horse
19166,train,6,horse
19167,test,6,horse
19168,validation,6,horse
19169,train,6,horse
19170,train,6,horse
19171,validation,6,horse
19172,train,6,horse
19173,validation,6,horse
19174,test,6,horse
19175,train,6,horse
19176,train,6,horse
19177,train,6,horse
19178,train,6,horse
19179,train,6,horse
19180,train,6,horse
19181,validation,6,horse
19182,validation,6,horse
19183,train,6,horse
19184,train,6,horse
19185,train,6,horse
19186,train,6,horse
19187,test,6,horse
19188,train,6,horse
19189,train,6,horse
19190,train,6,horse
19191,train,6,horse
19192,train,6,horse
19193,train,6,horse
19194,test,6,horse
19195,train,6,horse
19196,validation,6,horse
19197,validation,6,horse
19198,train,6,horse
19199,validation,6,horse
19200,train,6,horse
19201,train,6,horse
19202,validation,6,horse
19203,train,6,horse
19204,train,6,horse
19205,train,6,horse
19206,train,6,horse
19207,train,6,horse
19208,validation,6,horse
19209,train,6,horse
19210,train,6,horse
19211,test,6,horse
19212,train,6,horse
19213,train,6,horse
19214,train,6,horse
19215,test,6,horse
19216,train,6,horse
19217,validation,6,horse
19218,train,6,horse
19219,validation,6,horse
19220,validation,6,horse
19221,train,6,horse
19222,train,6,horse
19223,train,6,horse
19224,test,6,horse
19225,train,6,horse
19226,train,6,horse
19227,train,6,horse
19228,train,6,horse
19229,test,6,horse
19230,validation,6,horse
19231,train,6,horse
19232,test,6,horse
19233,test,6,horse
19234,train,6,horse
19235,train,6,horse
19236,validation,6,horse
19237,train,6,horse
19238,train,6,horse
19239,test,6,horse
19240,train,6,horse
19241,test,6,horse
19242,train,6,horse
19243,train,6,horse
19244,train,6,horse
19245,test,6,horse
19246,validation,6,horse
19247,validation,6,horse
19248,train,6,horse
19249,train,6,horse
19250,train,6,horse
19251,test,6,horse
19252,train,6,horse
19253,train,6,horse
19254,test,6,horse
19255,test,6,horse
19256,train,6,horse
19257,test,6,horse
19258,train,6,horse
19259,train,6,horse
19260,validation,6,horse
19261,train,6,horse
19262,train,6,horse
19263,validation,6,horse
19264,train,6,horse
19265,train,6,horse
19266,train,6,horse
19267,train,6,horse
19268,test,6,horse
19269,test,6,horse
19270,test,6,horse
19271,test,6,horse
19272,validation,6,horse
19273,validation,6,horse
19274,train,6,horse
19275,validation,6,horse
19276,test,6,horse
19277,validation,6,horse
19278,train,6,horse
19279,train,6,horse
19280,validation,6,horse
19281,validation,6,horse
19282,train,6,horse
19283,validation,6,horse
19284,train,6,horse
19285,train,6,horse
19286,train,6,horse
19287,validation,6,horse
19288,train,6,horse
19289,validation,6,horse
19290,train,6,horse
19291,train,6,horse
19292,validation,6,horse
19293,train,6,horse
19294,train,6,horse
19295,test,6,horse
19296,train,6,horse
19297,train,6,horse
19298,test,6,horse
19299,test,6,horse
19300,train,6,horse
19301,test,6,horse
19302,test,6,horse
19303,train,6,horse
19304,train,6,horse
19305,train,6,horse
19306,train,6,horse
19307,test,6,horse
19308,train,6,horse
19309,validation,6,horse
19310,train,6,horse
19311,train,6,horse
19312,validation,6,horse
19313,train,6,horse
19314,train,6,horse
19315,train,6,horse
19316,train,6,horse
19317,test,6,horse
19318,validation,6,horse
19319,train,6,horse
19320,train,6,horse
19321,test,6,horse
19322,train,6,horse
19323,train,6,horse
19324,test,6,horse
19325,train,6,horse
19326,train,6,horse
19327,train,6,horse
19328,train,6,horse
19329,train,6,horse
19330,train,6,horse
19331,validation,6,horse
19332,train,6,horse
19333,test,6,horse
19334,train,6,horse
19335,train,6,horse
19336,train,6,horse
19337,test,6,horse
19338,train,6,horse
19339,train,6,horse
19340,validation,6,horse
19341,train,6,horse
19342,train,6,horse
19343,validation,6,horse
19344,validation,6,horse
19345,train,6,horse
19346,test,6,horse
19347,test,6,horse
19348,test,6,horse
19349,train,6,horse
19350,test,6,horse
19351,train,6,horse
19352,validation,6,horse
19353,validation,6,horse
19354,train,6,horse
19355,validation,6,horse
19356,train,6,horse
19357,train,6,horse
19358,validation,6,horse
19359,validation,6,horse
19360,train,6,horse
19361,train,6,horse
19362,train,6,horse
19363,train,6,horse
19364,train,6,horse
19365,train,6,horse
19366,train,6,horse
19367,validation,6,horse
19368,test,6,horse
19369,train,6,horse
19370,test,6,horse
19371,train,6,horse
19372,train,6,horse
19373,train,6,horse
19374,train,6,horse
19375,validation,6,horse
19376,train,6,horse
19377,train,6,horse
19378,test,6,horse
19379,train,6,horse
19380,train,6,horse
19381,train,6,horse
19382,test,6,horse
19383,train,6,horse
19384,train,6,horse
19385,train,6,horse
19386,train,6,horse
19387,validation,6,horse
19388,train,6,horse
19389,train,6,horse
19390,validation,6,horse
19391,test,6,horse
19392,train,6,horse
19393,test,6,horse
19394,validation,6,horse
19395,train,6,horse
19396,train,6,horse
19397,validation,6,horse
19398,train,6,horse
19399,test,6,horse
19400,train,6,horse
19401,train,6,horse
19402,train,6,horse
19403,test,6,horse
19404,train,6,horse
19405,test,6,horse
19406,train,6,horse
19407,train,6,horse
19408,train,6,horse
19409,train,6,horse
19410,test,6,horse
19411,train,6,horse
19412,train,6,horse
19413,test,6,horse
19414,train,6,horse
19415,validation,6,horse
19416,train,6,horse
19417,validation,6,horse
19418,validation,6,horse
19419,train,6,horse
19420,train,6,horse
19421,train,6,horse
19422,validation,6,horse
19423,train,6,horse
19424,validation,6,horse
19425,validation,6,horse
19426,train,6,horse
19427,train,6,horse
19428,validation,6,horse
19429,train,6,horse
19430,train,6,horse
19431,validation,6,horse
19432,train,6,horse
19433,train,6,horse
19434,validation,6,horse
19435,validation,6,horse
19436,train,6,horse
19437,validation,6,horse
19438,test,6,horse
19439,train,6,horse
19440,train,6,horse
19441,train,6,horse
19442,train,6,horse
19443,train,6,horse
19444,test,6,horse
19445,train,6,horse
19446,validation,6,horse
19447,test,6,horse
19448,test,6,horse
19449,train,6,horse
19450,test,6,horse
19451,train,6,horse
19452,train,6,horse
19453,train,6,horse
19454,train,6,horse
19455,validation,6,horse
19456,test,6,horse
19457,train,6,horse
19458,train,6,horse
19459,test,6,horse
19460,train,6,horse
19461,train,6,horse
19462,test,6,horse
19463,train,6,horse
19464,validation,17,humpback whale
19465,train,17,humpback whale
19466,train,17,humpback whale
19467,train,17,humpback whale
19468,train,17,humpback whale
19469,train,17,humpback whale
19470,test,17,humpback whale
19471,train,17,humpback whale
19472,test,17,humpback whale
19473,train,17,humpback whale
19474,train,17,humpback whale
19475,train,17,humpback whale
19476,test,17,humpback whale
19477,train,17,humpback whale
19478,validation,17,humpback whale
19479,train,17,humpback whale
19480,train,17,humpback whale
19481,validation,17,humpback whale
19482,validation,17,humpback whale
19483,train,17,humpback whale
19484,train,17,humpback whale
19485,test,17,humpback whale
19486,validation,17,humpback whale
19487,validation,17,humpback whale
19488,validation,17,humpback whale
19489,train,17,humpback whale
19490,validation,17,humpback whale
19491,train,17,humpback whale
19492,train,17,humpback whale
19493,train,17,humpback whale
19494,test,17,humpback whale
19495,train,17,humpback whale
19496,test,17,humpback whale
19497,train,17,humpback whale
19498,test,17,humpback whale
19499,train,17,humpback whale
19500,train,17,humpback whale
19501,train,17,humpback whale
19502,train,17,humpback whale
19503,test,17,humpback whale
19504,validation,17,humpback whale
19505,train,17,humpback whale
19506,validation,17,humpback whale
19507,test,17,humpback whale
19508,train,17,humpback whale
19509,train,17,humpback whale
19510,validation,17,humpback whale
19511,validation,17,humpback whale
19512,train,17,humpback whale
19513,train,17,humpback whale
19514,train,17,humpback whale
19515,train,17,humpback whale
19516,test,17,humpback whale
19517,test,17,humpback whale
19518,train,17,humpback whale
19519,test,17,humpback whale
19520,train,17,humpback whale
19521,train,17,humpback whale
19522,validation,17,humpback whale
19523,train,17,humpback whale
19524,train,17,humpback whale
19525,test,17,humpback whale
19526,train,17,humpback whale
19527,train,17,humpback whale
19528,train,17,humpback whale
19529,train,17,humpback whale
19530,train,17,humpback whale
19531,train,17,humpback whale
19532,validation,17,humpback whale
19533,validation,17,humpback whale
19534,validation,17,humpback whale
19535,validation,17,humpback whale
19536,train,17,humpback whale
19537,train,17,humpback whale
19538,train,17,humpback whale
19539,test,17,humpback whale
19540,test,17,humpback whale
19541,train,17,humpback whale
19542,train,17,humpback whale
19543,train,17,humpback whale
19544,validation,17,humpback whale
19545,train,17,humpback whale
19546,train,17,humpback whale
19547,test,17,humpback whale
19548,train,17,humpback whale
19549,validation,17,humpback whale
19550,test,17,humpback whale
19551,train,17,humpback whale
19552,validation,17,humpback whale
19553,test,17,humpback whale
19554,train,17,humpback whale
19555,train,17,humpback whale
19556,train,17,humpback whale
19557,train,17,humpback whale
19558,test,17,humpback whale
19559,train,17,humpback whale
19560,train,17,humpback whale
19561,train,17,humpback whale
19562,train,17,humpback whale
19563,train,17,humpback whale
19564,validation,17,humpback whale
19565,train,17,humpback whale
19566,train,17,humpback whale
19567,validation,17,humpback whale
19568,test,17,humpback whale
19569,train,17,humpback whale
19570,test,17,humpback whale
19571,train,17,humpback whale
19572,train,17,humpback whale
19573,train,17,humpback whale
19574,train,17,humpback whale
19575,train,17,humpback whale
19576,train,17,humpback whale
19577,test,17,humpback whale
19578,train,17,humpback whale
19579,train,17,humpback whale
19580,train,17,humpback whale
19581,train,17,humpback whale
19582,train,17,humpback whale
19583,train,17,humpback whale
19584,test,17,humpback whale
19585,train,17,humpback whale
19586,test,17,humpback whale
19587,test,17,humpback whale
19588,validation,17,humpback whale
19589,train,17,humpback whale
19590,train,17,humpback whale
19591,train,17,humpback whale
19592,train,17,humpback whale
19593,train,17,humpback whale
19594,validation,17,humpback whale
19595,train,17,humpback whale
19596,train,17,humpback whale
19597,train,17,humpback whale
19598,train,17,humpback whale
19599,train,17,humpback whale
19600,test,17,humpback whale
19601,test,17,humpback whale
19602,train,17,humpback whale
19603,train,17,humpback whale
19604,test,17,humpback whale
19605,train,17,humpback whale
19606,validation,17,humpback whale
19607,test,17,humpback whale
19608,train,17,humpback whale
19609,train,17,humpback whale
19610,test,17,humpback whale
19611,train,17,humpback whale
19612,train,17,humpback whale
19613,train,17,humpback whale
19614,train,17,humpback whale
19615,train,17,humpback whale
19616,train,17,humpback whale
19617,validation,17,humpback whale
19618,test,17,humpback whale
19619,train,17,humpback whale
19620,validation,17,humpback whale
19621,train,17,humpback whale
19622,validation,17,humpback whale
19623,validation,17,humpback whale
19624,train,17,humpback whale
19625,train,17,humpback whale
19626,test,17,humpback whale
19627,test,17,humpback whale
19628,validation,17,humpback whale
19629,validation,17,humpback whale
19630,test,17,humpback whale
19631,train,17,humpback whale
19632,train,17,humpback whale
19633,validation,17,humpback whale
19634,test,17,humpback whale
19635,train,17,humpback whale
19636,train,17,humpback whale
19637,test,17,humpback whale
19638,test,17,humpback whale
19639,train,17,humpback whale
19640,train,17,humpback whale
19641,validation,17,humpback whale
19642,validation,17,humpback whale
19643,train,17,humpback whale
19644,train,17,humpback whale
19645,train,17,humpback whale
19646,validation,17,humpback whale
19647,train,17,humpback whale
19648,train,17,humpback whale
19649,train,17,humpback whale
19650,train,17,humpback whale
19651,validation,17,humpback whale
19652,validation,17,humpback whale
19653,train,17,humpback whale
19654,test,17,humpback whale
19655,train,17,humpback whale
19656,train,17,humpback whale
19657,train,17,humpback whale
19658,validation,17,humpback whale
19659,train,17,humpback whale
19660,train,17,humpback whale
19661,train,17,humpback whale
19662,train,17,humpback whale
19663,validation,17,humpback whale
19664,validation,17,humpback whale
19665,train,17,humpback whale
19666,train,17,humpback whale
19667,train,17,humpback whale
19668,train,17,humpback whale
19669,validation,17,humpback whale
19670,validation,17,humpback whale
19671,validation,17,humpback whale
19672,train,17,humpback whale
19673,test,17,humpback whale
19674,validation,17,humpback whale
19675,train,17,humpback whale
19676,test,17,humpback whale
19677,train,17,humpback whale
19678,train,17,humpback whale
19679,train,17,humpback whale
19680,test,17,humpback whale
19681,validation,17,humpback whale
19682,train,17,humpback whale
19683,train,17,humpback whale
19684,train,17,humpback whale
19685,train,17,humpback whale
19686,test,17,humpback whale
19687,train,17,humpback whale
19688,test,17,humpback whale
19689,test,17,humpback whale
19690,train,17,humpback whale
19691,validation,17,humpback whale
19692,validation,17,humpback whale
19693,train,17,humpback whale
19694,test,17,humpback whale
19695,validation,17,humpback whale
19696,train,17,humpback whale
19697,validation,17,humpback whale
19698,test,17,humpback whale
19699,train,17,humpback whale
19700,test,17,humpback whale
19701,train,17,humpback whale
19702,train,17,humpback whale
19703,train,17,humpback whale
19704,train,17,humpback whale
19705,train,17,humpback whale
19706,train,17,humpback whale
19707,train,17,humpback whale
19708,test,17,humpback whale
19709,train,17,humpback whale
19710,train,17,humpback whale
19711,train,17,humpback whale
19712,test,17,humpback whale
19713,validation,17,humpback whale
19714,train,17,humpback whale
19715,train,17,humpback whale
19716,test,17,humpback whale
19717,test,17,humpback whale
19718,test,17,humpback whale
19719,train,17,humpback whale
19720,test,17,humpback whale
19721,test,17,humpback whale
19722,validation,17,humpback whale
19723,validation,17,humpback whale
19724,validation,17,humpback whale
19725,validation,17,humpback whale
19726,train,17,humpback whale
19727,train,17,humpback whale
19728,train,17,humpback whale
19729,validation,17,humpback whale
19730,test,17,humpback whale
19731,train,17,humpback whale
19732,test,17,humpback whale
19733,train,17,humpback whale
19734,train,17,humpback whale
19735,train,17,humpback whale
19736,train,17,humpback whale
19737,train,17,humpback whale
19738,train,17,humpback whale
19739,train,17,humpback whale
19740,train,17,humpback whale
19741,train,17,humpback whale
19742,test,17,humpback whale
19743,train,17,humpback whale
19744,test,17,humpback whale
19745,train,17,humpback whale
19746,train,17,humpback whale
19747,train,17,humpback whale
19748,train,17,humpback whale
19749,validation,17,humpback whale
19750,train,17,humpback whale
19751,test,17,humpback whale
19752,train,17,humpback whale
19753,train,17,humpback whale
19754,validation,17,humpback whale
19755,validation,17,humpback whale
19756,validation,17,humpback whale
19757,train,17,humpback whale
19758,train,17,humpback whale
19759,test,17,humpback whale
19760,train,17,humpback whale
19761,train,17,humpback whale
19762,train,17,humpback whale
19763,test,17,humpback whale
19764,train,17,humpback whale
19765,validation,17,humpback whale
19766,validation,17,humpback whale
19767,train,17,humpback whale
19768,train,17,humpback whale
19769,test,17,humpback whale
19770,train,17,humpback whale
19771,test,17,humpback whale
19772,train,17,humpback whale
19773,train,17,humpback whale
19774,train,17,humpback whale
19775,train,17,humpback whale
19776,validation,17,humpback whale
19777,train,17,humpback whale
19778,train,17,humpback whale
19779,validation,17,humpback whale
19780,validation,17,humpback whale
19781,validation,17,humpback whale
19782,train,17,humpback whale
19783,validation,17,humpback whale
19784,train,17,humpback whale
19785,train,17,humpback whale
19786,train,17,humpback whale
19787,test,17,humpback whale
19788,validation,17,humpback whale
19789,train,17,humpback whale
19790,train,17,humpback whale
19791,train,17,humpback whale
19792,train,17,humpback whale
19793,validation,17,humpback whale
19794,test,17,humpback whale
19795,validation,17,humpback whale
19796,validation,17,humpback whale
19797,train,17,humpback whale
19798,train,17,humpback whale
19799,test,17,humpback whale
19800,train,17,humpback whale
19801,test,17,humpback whale
19802,test,17,humpback whale
19803,train,17,humpback whale
19804,train,17,humpback whale
19805,test,17,humpback whale
19806,train,17,humpback whale
19807,train,17,humpback whale
19808,validation,17,humpback whale
19809,train,17,humpback whale
19810,train,17,humpback whale
19811,test,17,humpback whale
19812,train,17,humpback whale
19813,validation,17,humpback whale
19814,train,17,humpback whale
19815,train,17,humpback whale
19816,validation,17,humpback whale
19817,train,17,humpback whale
19818,test,17,humpback whale
19819,train,17,humpback whale
19820,validation,17,humpback whale
19821,train,17,humpback whale
19822,validation,17,humpback whale
19823,train,17,humpback whale
19824,train,17,humpback whale
19825,test,17,humpback whale
19826,train,17,humpback whale
19827,test,17,humpback whale
19828,validation,17,humpback whale
19829,train,17,humpback whale
19830,train,17,humpback whale
19831,train,17,humpback whale
19832,train,17,humpback whale
19833,train,17,humpback whale
19834,test,17,humpback whale
19835,train,17,humpback whale
19836,test,17,humpback whale
19837,train,17,humpback whale
19838,train,17,humpback whale
19839,train,17,humpback whale
19840,test,17,humpback whale
19841,train,17,humpback whale
19842,train,17,humpback whale
19843,test,17,humpback whale
19844,test,17,humpback whale
19845,test,17,humpback whale
19846,train,17,humpback whale
19847,train,17,humpback whale
19848,train,17,humpback whale
19849,validation,17,humpback whale
19850,test,17,humpback whale
19851,validation,17,humpback whale
19852,train,17,humpback whale
19853,train,17,humpback whale
19854,train,17,humpback whale
19855,train,17,humpback whale
19856,train,17,humpback whale
19857,train,17,humpback whale
19858,train,17,humpback whale
19859,train,17,humpback whale
19860,test,17,humpback whale
19861,train,17,humpback whale
19862,train,17,humpback whale
19863,train,17,humpback whale
19864,test,17,humpback whale
19865,test,17,humpback whale
19866,test,17,humpback whale
19867,train,17,humpback whale
19868,train,17,humpback whale
19869,train,17,humpback whale
19870,train,17,humpback whale
19871,train,17,humpback whale
19872,train,17,humpback whale
19873,test,17,humpback whale
19874,train,17,humpback whale
19875,train,17,humpback whale
19876,test,17,humpback whale
19877,train,17,humpback whale
19878,validation,17,humpback whale
19879,train,17,humpback whale
19880,test,17,humpback whale
19881,train,17,humpback whale
19882,train,17,humpback whale
19883,test,17,humpback whale
19884,train,17,humpback whale
19885,train,17,humpback whale
19886,test,17,humpback whale
19887,train,17,humpback whale
19888,validation,17,humpback whale
19889,train,17,humpback whale
19890,test,17,humpback whale
19891,train,17,humpback whale
19892,train,17,humpback whale
19893,train,17,humpback whale
19894,test,17,humpback whale
19895,test,17,humpback whale
19896,train,17,humpback whale
19897,validation,17,humpback whale
19898,validation,17,humpback whale
19899,train,17,humpback whale
19900,train,17,humpback whale
19901,validation,17,humpback whale
19902,test,17,humpback whale
19903,train,17,humpback whale
19904,validation,17,humpback whale
19905,train,17,humpback whale
19906,train,17,humpback whale
19907,validation,17,humpback whale
19908,validation,17,humpback whale
19909,train,17,humpback whale
19910,train,17,humpback whale
19911,train,17,humpback whale
19912,test,17,humpback whale
19913,validation,17,humpback whale
19914,train,17,humpback whale
19915,validation,17,humpback whale
19916,validation,17,humpback whale
19917,test,17,humpback whale
19918,test,17,humpback whale
19919,test,17,humpback whale
19920,train,17,humpback whale
19921,train,17,humpback whale
19922,train,17,humpback whale
19923,train,17,humpback whale
19924,train,17,humpback whale
19925,train,17,humpback whale
19926,train,17,humpback whale
19927,train,17,humpback whale
19928,test,17,humpback whale
19929,test,17,humpback whale
19930,test,17,humpback whale
19931,validation,17,humpback whale
19932,validation,17,humpback whale
19933,test,17,humpback whale
19934,validation,17,humpback whale
19935,train,17,humpback whale
19936,validation,17,humpback whale
19937,train,17,humpback whale
19938,train,17,humpback whale
19939,validation,17,humpback whale
19940,train,17,humpback whale
19941,validation,17,humpback whale
19942,train,17,humpback whale
19943,validation,17,humpback whale
19944,test,17,humpback whale
19945,train,17,humpback whale
19946,train,17,humpback whale
19947,train,17,humpback whale
19948,test,17,humpback whale
19949,test,17,humpback whale
19950,validation,17,humpback whale
19951,validation,17,humpback whale
19952,train,17,humpback whale
19953,train,17,humpback whale
19954,validation,17,humpback whale
19955,test,17,humpback whale
19956,train,17,humpback whale
19957,test,17,humpback whale
19958,train,17,humpback whale
19959,validation,17,humpback whale
19960,test,17,humpback whale
19961,train,17,humpback whale
19962,validation,17,humpback whale
19963,train,17,humpback whale
19964,train,17,humpback whale
19965,train,17,humpback whale
19966,test,17,humpback whale
19967,train,17,humpback whale
19968,train,17,humpback whale
19969,train,17,humpback whale
19970,train,17,humpback whale
19971,train,17,humpback whale
19972,train,17,humpback whale
19973,train,17,humpback whale
19974,validation,17,humpback whale
19975,train,17,humpback whale
19976,train,17,humpback whale
19977,train,17,humpback whale
19978,validation,17,humpback whale
19979,test,17,humpback whale
19980,validation,17,humpback whale
19981,train,17,humpback whale
19982,validation,17,humpback whale
19983,train,17,humpback whale
19984,train,17,humpback whale
19985,validation,17,humpback whale
19986,validation,17,humpback whale
19987,train,17,humpback whale
19988,train,17,humpback whale
19989,train,17,humpback whale
19990,validation,17,humpback whale
19991,train,17,humpback whale
19992,validation,17,humpback whale
19993,train,17,humpback whale
19994,train,17,humpback whale
19995,train,17,humpback whale
19996,train,17,humpback whale
19997,train,17,humpback whale
19998,train,17,humpback whale
19999,train,17,humpback whale
20000,train,17,humpback whale
20001,train,17,humpback whale
20002,train,17,humpback whale
20003,test,17,humpback whale
20004,train,17,humpback whale
20005,test,17,humpback whale
20006,train,17,humpback whale
20007,train,17,humpback whale
20008,train,17,humpback whale
20009,train,17,humpback whale
20010,train,17,humpback whale
20011,train,17,humpback whale
20012,train,17,humpback whale
20013,test,17,humpback whale
20014,validation,17,humpback whale
20015,test,17,humpback whale
20016,test,17,humpback whale
20017,train,17,humpback whale
20018,train,17,humpback whale
20019,train,17,humpback whale
20020,test,17,humpback whale
20021,train,17,humpback whale
20022,train,17,humpback whale
20023,train,17,humpback whale
20024,validation,17,humpback whale
20025,train,17,humpback whale
20026,train,17,humpback whale
20027,train,17,humpback whale
20028,train,17,humpback whale
20029,test,17,humpback whale
20030,train,17,humpback whale
20031,test,17,humpback whale
20032,train,17,humpback whale
20033,test,17,humpback whale
20034,test,17,humpback whale
20035,train,17,humpback whale
20036,validation,17,humpback whale
20037,train,17,humpback whale
20038,train,17,humpback whale
20039,train,17,humpback whale
20040,validation,17,humpback whale
20041,train,17,humpback whale
20042,validation,17,humpback whale
20043,train,17,humpback whale
20044,test,17,humpback whale
20045,validation,17,humpback whale
20046,test,17,humpback whale
20047,validation,17,humpback whale
20048,validation,17,humpback whale
20049,train,17,humpback whale
20050,train,17,humpback whale
20051,train,17,humpback whale
20052,test,17,humpback whale
20053,test,17,humpback whale
20054,validation,17,humpback whale
20055,train,17,humpback whale
20056,train,17,humpback whale
20057,train,17,humpback whale
20058,train,17,humpback whale
20059,train,17,humpback whale
20060,train,17,humpback whale
20061,test,17,humpback whale
20062,validation,17,humpback whale
20063,train,17,humpback whale
20064,train,17,humpback whale
20065,train,17,humpback whale
20066,validation,17,humpback whale
20067,test,17,humpback whale
20068,train,17,humpback whale
20069,validation,17,humpback whale
20070,validation,17,humpback whale
20071,test,17,humpback whale
20072,train,17,humpback whale
20073,validation,17,humpback whale
20074,train,17,humpback whale
20075,validation,17,humpback whale
20076,train,17,humpback whale
20077,train,17,humpback whale
20078,train,17,humpback whale
20079,validation,17,humpback whale
20080,test,17,humpback whale
20081,validation,17,humpback whale
20082,test,17,humpback whale
20083,validation,17,humpback whale
20084,validation,17,humpback whale
20085,validation,17,humpback whale
20086,test,17,humpback whale
20087,test,17,humpback whale
20088,train,17,humpback whale
20089,validation,17,humpback whale
20090,train,17,humpback whale
20091,train,17,humpback whale
20092,train,17,humpback whale
20093,train,17,humpback whale
20094,train,17,humpback whale
20095,train,17,humpback whale
20096,train,17,humpback whale
20097,train,17,humpback whale
20098,train,17,humpback whale
20099,train,17,humpback whale
20100,train,17,humpback whale
20101,train,17,humpback whale
20102,test,17,humpback whale
20103,validation,17,humpback whale
20104,train,17,humpback whale
20105,train,17,humpback whale
20106,test,17,humpback whale
20107,train,17,humpback whale
20108,train,17,humpback whale
20109,train,17,humpback whale
20110,train,17,humpback whale
20111,validation,17,humpback whale
20112,train,17,humpback whale
20113,train,17,humpback whale
20114,validation,17,humpback whale
20115,train,17,humpback whale
20116,train,17,humpback whale
20117,train,17,humpback whale
20118,validation,17,humpback whale
20119,train,17,humpback whale
20120,validation,17,humpback whale
20121,train,17,humpback whale
20122,test,17,humpback whale
20123,train,17,humpback whale
20124,validation,17,humpback whale
20125,test,17,humpback whale
20126,validation,17,humpback whale
20127,train,17,humpback whale
20128,train,17,humpback whale
20129,train,17,humpback whale
20130,train,17,humpback whale
20131,train,17,humpback whale
20132,train,17,humpback whale
20133,train,17,humpback whale
20134,train,17,humpback whale
20135,test,17,humpback whale
20136,train,17,humpback whale
20137,train,17,humpback whale
20138,validation,17,humpback whale
20139,train,17,humpback whale
20140,validation,17,humpback whale
20141,train,17,humpback whale
20142,test,17,humpback whale
20143,train,17,humpback whale
20144,train,17,humpback whale
20145,train,17,humpback whale
20146,train,17,humpback whale
20147,validation,17,humpback whale
20148,train,17,humpback whale
20149,validation,17,humpback whale
20150,test,17,humpback whale
20151,train,17,humpback whale
20152,train,17,humpback whale
20153,train,17,humpback whale
20154,train,17,humpback whale
20155,train,17,humpback whale
20156,train,17,humpback whale
20157,train,17,humpback whale
20158,test,17,humpback whale
20159,train,17,humpback whale
20160,train,17,humpback whale
20161,validation,17,humpback whale
20162,test,17,humpback whale
20163,train,17,humpback whale
20164,train,17,humpback whale
20165,train,17,humpback whale
20166,test,17,humpback whale
20167,train,17,humpback whale
20168,test,17,humpback whale
20169,test,17,humpback whale
20170,train,17,humpback whale
20171,train,17,humpback whale
20172,train,17,humpback whale
20173,test,2,killer whale
20174,validation,2,killer whale
20175,train,2,killer whale
20176,train,2,killer whale
20177,validation,2,killer whale
20178,train,2,killer whale
20179,train,2,killer whale
20180,test,2,killer whale
20181,train,2,killer whale
20182,test,2,killer whale
20183,train,2,killer whale
20184,test,2,killer whale
20185,train,2,killer whale
20186,test,2,killer whale
20187,train,2,killer whale
20188,train,2,killer whale
20189,train,2,killer whale
20190,test,2,killer whale
20191,train,2,killer whale
20192,validation,2,killer whale
20193,test,2,killer whale
20194,train,2,killer whale
20195,train,2,killer whale
20196,train,2,killer whale
20197,train,2,killer whale
20198,validation,2,killer whale
20199,train,2,killer whale
20200,validation,2,killer whale
20201,test,2,killer whale
20202,train,2,killer whale
20203,train,2,killer whale
20204,train,2,killer whale
20205,train,2,killer whale
20206,test,2,killer whale
20207,test,2,killer whale
20208,train,2,killer whale
20209,validation,2,killer whale
20210,test,2,killer whale
20211,test,2,killer whale
20212,validation,2,killer whale
20213,validation,2,killer whale
20214,train,2,killer whale
20215,validation,2,killer whale
20216,validation,2,killer whale
20217,test,2,killer whale
20218,train,2,killer whale
20219,train,2,killer whale
20220,train,2,killer whale
20221,test,2,killer whale
20222,validation,2,killer whale
20223,train,2,killer whale
20224,test,2,killer whale
20225,train,2,killer whale
20226,train,2,killer whale
20227,train,2,killer whale
20228,test,2,killer whale
20229,test,2,killer whale
20230,train,2,killer whale
20231,test,2,killer whale
20232,train,2,killer whale
20233,train,2,killer whale
20234,train,2,killer whale
20235,train,2,killer whale
20236,validation,2,killer whale
20237,train,2,killer whale
20238,test,2,killer whale
20239,train,2,killer whale
20240,train,2,killer whale
20241,test,2,killer whale
20242,train,2,killer whale
20243,train,2,killer whale
20244,train,2,killer whale
20245,train,2,killer whale
20246,train,2,killer whale
20247,train,2,killer whale
20248,train,2,killer whale
20249,train,2,killer whale
20250,validation,2,killer whale
20251,train,2,killer whale
20252,test,2,killer whale
20253,train,2,killer whale
20254,train,2,killer whale
20255,train,2,killer whale
20256,validation,2,killer whale
20257,test,2,killer whale
20258,validation,2,killer whale
20259,validation,2,killer whale
20260,train,2,killer whale
20261,train,2,killer whale
20262,train,2,killer whale
20263,train,2,killer whale
20264,train,2,killer whale
20265,test,2,killer whale
20266,train,2,killer whale
20267,train,2,killer whale
20268,test,2,killer whale
20269,train,2,killer whale
20270,train,2,killer whale
20271,train,2,killer whale
20272,validation,2,killer whale
20273,train,2,killer whale
20274,validation,2,killer whale
20275,train,2,killer whale
20276,train,2,killer whale
20277,train,2,killer whale
20278,train,2,killer whale
20279,validation,2,killer whale
20280,validation,2,killer whale
20281,train,2,killer whale
20282,train,2,killer whale
20283,test,2,killer whale
20284,train,2,killer whale
20285,train,2,killer whale
20286,test,2,killer whale
20287,train,2,killer whale
20288,train,2,killer whale
20289,train,2,killer whale
20290,test,2,killer whale
20291,test,2,killer whale
20292,validation,2,killer whale
20293,test,2,killer whale
20294,train,2,killer whale
20295,train,2,killer whale
20296,validation,2,killer whale
20297,train,2,killer whale
20298,test,2,killer whale
20299,train,2,killer whale
20300,validation,2,killer whale
20301,validation,2,killer whale
20302,test,2,killer whale
20303,test,2,killer whale
20304,train,2,killer whale
20305,validation,2,killer whale
20306,validation,2,killer whale
20307,train,2,killer whale
20308,train,2,killer whale
20309,train,2,killer whale
20310,train,2,killer whale
20311,train,2,killer whale
20312,train,2,killer whale
20313,train,2,killer whale
20314,train,2,killer whale
20315,train,2,killer whale
20316,train,2,killer whale
20317,test,2,killer whale
20318,train,2,killer whale
20319,train,2,killer whale
20320,test,2,killer whale
20321,train,2,killer whale
20322,train,2,killer whale
20323,validation,2,killer whale
20324,train,2,killer whale
20325,train,2,killer whale
20326,train,2,killer whale
20327,train,2,killer whale
20328,validation,2,killer whale
20329,validation,2,killer whale
20330,train,2,killer whale
20331,train,2,killer whale
20332,train,2,killer whale
20333,test,2,killer whale
20334,train,2,killer whale
20335,validation,2,killer whale
20336,test,2,killer whale
20337,validation,2,killer whale
20338,train,2,killer whale
20339,train,2,killer whale
20340,train,2,killer whale
20341,train,2,killer whale
20342,train,2,killer whale
20343,test,2,killer whale
20344,validation,2,killer whale
20345,train,2,killer whale
20346,train,2,killer whale
20347,validation,2,killer whale
20348,train,2,killer whale
20349,train,2,killer whale
20350,test,2,killer whale
20351,test,2,killer whale
20352,train,2,killer whale
20353,validation,2,killer whale
20354,train,2,killer whale
20355,train,2,killer whale
20356,validation,2,killer whale
20357,test,2,killer whale
20358,validation,2,killer whale
20359,train,2,killer whale
20360,train,2,killer whale
20361,validation,2,killer whale
20362,train,2,killer whale
20363,train,2,killer whale
20364,train,2,killer whale
20365,train,2,killer whale
20366,train,2,killer whale
20367,validation,2,killer whale
20368,train,2,killer whale
20369,train,2,killer whale
20370,test,2,killer whale
20371,validation,2,killer whale
20372,test,2,killer whale
20373,validation,2,killer whale
20374,train,2,killer whale
20375,train,2,killer whale
20376,test,2,killer whale
20377,train,2,killer whale
20378,validation,2,killer whale
20379,test,2,killer whale
20380,train,2,killer whale
20381,train,2,killer whale
20382,train,2,killer whale
20383,train,2,killer whale
20384,test,2,killer whale
20385,train,2,killer whale
20386,train,2,killer whale
20387,train,2,killer whale
20388,train,2,killer whale
20389,train,2,killer whale
20390,train,2,killer whale
20391,validation,2,killer whale
20392,train,2,killer whale
20393,test,2,killer whale
20394,train,2,killer whale
20395,test,2,killer whale
20396,train,2,killer whale
20397,validation,2,killer whale
20398,train,2,killer whale
20399,train,2,killer whale
20400,train,2,killer whale
20401,validation,2,killer whale
20402,train,2,killer whale
20403,test,2,killer whale
20404,train,2,killer whale
20405,validation,2,killer whale
20406,train,2,killer whale
20407,train,2,killer whale
20408,train,2,killer whale
20409,test,2,killer whale
20410,train,2,killer whale
20411,train,2,killer whale
20412,test,2,killer whale
20413,train,2,killer whale
20414,train,2,killer whale
20415,test,2,killer whale
20416,test,2,killer whale
20417,train,2,killer whale
20418,train,2,killer whale
20419,train,2,killer whale
20420,train,2,killer whale
20421,train,2,killer whale
20422,train,2,killer whale
20423,train,2,killer whale
20424,test,2,killer whale
20425,validation,2,killer whale
20426,validation,2,killer whale
20427,validation,2,killer whale
20428,validation,2,killer whale
20429,test,2,killer whale
20430,train,2,killer whale
20431,train,2,killer whale
20432,validation,2,killer whale
20433,validation,2,killer whale
20434,train,2,killer whale
20435,train,2,killer whale
20436,train,2,killer whale
20437,validation,2,killer whale
20438,validation,2,killer whale
20439,train,2,killer whale
20440,test,2,killer whale
20441,test,2,killer whale
20442,train,2,killer whale
20443,train,2,killer whale
20444,validation,2,killer whale
20445,test,2,killer whale
20446,validation,2,killer whale
20447,train,2,killer whale
20448,validation,2,killer whale
20449,train,2,killer whale
20450,train,2,killer whale
20451,validation,2,killer whale
20452,train,2,killer whale
20453,train,2,killer whale
20454,validation,2,killer whale
20455,test,2,killer whale
20456,train,2,killer whale
20457,train,2,killer whale
20458,train,2,killer whale
20459,train,2,killer whale
20460,train,2,killer whale
20461,train,2,killer whale
20462,train,2,killer whale
20463,train,2,killer whale
20464,train,14,leopard
20465,train,14,leopard
20466,train,14,leopard
20467,train,14,leopard
20468,train,14,leopard
20469,test,14,leopard
20470,train,14,leopard
20471,train,14,leopard
20472,train,14,leopard
20473,test,14,leopard
20474,validation,14,leopard
20475,test,14,leopard
20476,train,14,leopard
20477,train,14,leopard
20478,train,14,leopard
20479,validation,14,leopard
20480,train,14,leopard
20481,train,14,leopard
20482,train,14,leopard
20483,train,14,leopard
20484,train,14,leopard
20485,validation,14,leopard
20486,test,14,leopard
20487,train,14,leopard
20488,train,14,leopard
20489,train,14,leopard
20490,train,14,leopard
20491,train,14,leopard
20492,test,14,leopard
20493,train,14,leopard
20494,train,14,leopard
20495,train,14,leopard
20496,train,14,leopard
20497,validation,14,leopard
20498,test,14,leopard
20499,test,14,leopard
20500,train,14,leopard
20501,train,14,leopard
20502,validation,14,leopard
20503,train,14,leopard
20504,train,14,leopard
20505,train,14,leopard
20506,test,14,leopard
20507,test,14,leopard
20508,test,14,leopard
20509,validation,14,leopard
20510,train,14,leopard
20511,train,14,leopard
20512,test,14,leopard
20513,train,14,leopard
20514,test,14,leopard
20515,test,14,leopard
20516,train,14,leopard
20517,test,14,leopard
20518,train,14,leopard
20519,test,14,leopard
20520,validation,14,leopard
20521,train,14,leopard
20522,train,14,leopard
20523,train,14,leopard
20524,train,14,leopard
20525,train,14,leopard
20526,train,14,leopard
20527,train,14,leopard
20528,train,14,leopard
20529,validation,14,leopard
20530,train,14,leopard
20531,train,14,leopard
20532,train,14,leopard
20533,train,14,leopard
20534,train,14,leopard
20535,train,14,leopard
20536,train,14,leopard
20537,train,14,leopard
20538,test,14,leopard
20539,train,14,leopard
20540,test,14,leopard
20541,train,14,leopard
20542,validation,14,leopard
20543,test,14,leopard
20544,train,14,leopard
20545,train,14,leopard
20546,test,14,leopard
20547,train,14,leopard
20548,train,14,leopard
20549,test,14,leopard
20550,train,14,leopard
20551,test,14,leopard
20552,train,14,leopard
20553,train,14,leopard
20554,validation,14,leopard
20555,validation,14,leopard
20556,train,14,leopard
20557,test,14,leopard
20558,train,14,leopard
20559,validation,14,leopard
20560,train,14,leopard
20561,train,14,leopard
20562,train,14,leopard
20563,train,14,leopard
20564,train,14,leopard
20565,train,14,leopard
20566,test,14,leopard
20567,validation,14,leopard
20568,train,14,leopard
20569,validation,14,leopard
20570,train,14,leopard
20571,test,14,leopard
20572,train,14,leopard
20573,train,14,leopard
20574,train,14,leopard
20575,train,14,leopard
20576,test,14,leopard
20577,train,14,leopard
20578,train,14,leopard
20579,validation,14,leopard
20580,train,14,leopard
20581,validation,14,leopard
20582,train,14,leopard
20583,train,14,leopard
20584,validation,14,leopard
20585,train,14,leopard
20586,train,14,leopard
20587,train,14,leopard
20588,validation,14,leopard
20589,train,14,leopard
20590,test,14,leopard
20591,test,14,leopard
20592,validation,14,leopard
20593,train,14,leopard
20594,train,14,leopard
20595,train,14,leopard
20596,validation,14,leopard
20597,validation,14,leopard
20598,train,14,leopard
20599,train,14,leopard
20600,train,14,leopard
20601,validation,14,leopard
20602,validation,14,leopard
20603,train,14,leopard
20604,validation,14,leopard
20605,train,14,leopard
20606,train,14,leopard
20607,test,14,leopard
20608,train,14,leopard
20609,validation,14,leopard
20610,train,14,leopard
20611,train,14,leopard
20612,validation,14,leopard
20613,train,14,leopard
20614,train,14,leopard
20615,validation,14,leopard
20616,test,14,leopard
20617,train,14,leopard
20618,validation,14,leopard
20619,test,14,leopard
20620,train,14,leopard
20621,test,14,leopard
20622,train,14,leopard
20623,train,14,leopard
20624,test,14,leopard
20625,validation,14,leopard
20626,test,14,leopard
20627,train,14,leopard
20628,validation,14,leopard
20629,train,14,leopard
20630,train,14,leopard
20631,train,14,leopard
20632,train,14,leopard
20633,test,14,leopard
20634,train,14,leopard
20635,train,14,leopard
20636,train,14,leopard
20637,train,14,leopard
20638,train,14,leopard
20639,validation,14,leopard
20640,validation,14,leopard
20641,train,14,leopard
20642,train,14,leopard
20643,train,14,leopard
20644,test,14,leopard
20645,test,14,leopard
20646,train,14,leopard
20647,validation,14,leopard
20648,validation,14,leopard
20649,test,14,leopard
20650,train,14,leopard
20651,validation,14,leopard
20652,train,14,leopard
20653,train,14,leopard
20654,train,14,leopard
20655,validation,14,leopard
20656,validation,14,leopard
20657,train,14,leopard
20658,train,14,leopard
20659,validation,14,leopard
20660,train,14,leopard
20661,train,14,leopard
20662,train,14,leopard
20663,validation,14,leopard
20664,test,14,leopard
20665,validation,14,leopard
20666,test,14,leopard
20667,test,14,leopard
20668,train,14,leopard
20669,train,14,leopard
20670,train,14,leopard
20671,train,14,leopard
20672,test,14,leopard
20673,validation,14,leopard
20674,train,14,leopard
20675,validation,14,leopard
20676,validation,14,leopard
20677,train,14,leopard
20678,train,14,leopard
20679,test,14,leopard
20680,train,14,leopard
20681,train,14,leopard
20682,validation,14,leopard
20683,validation,14,leopard
20684,test,14,leopard
20685,train,14,leopard
20686,train,14,leopard
20687,test,14,leopard
20688,test,14,leopard
20689,validation,14,leopard
20690,test,14,leopard
20691,test,14,leopard
20692,test,14,leopard
20693,validation,14,leopard
20694,train,14,leopard
20695,train,14,leopard
20696,train,14,leopard
20697,test,14,leopard
20698,train,14,leopard
20699,test,14,leopard
20700,test,14,leopard
20701,train,14,leopard
20702,train,14,leopard
20703,test,14,leopard
20704,train,14,leopard
20705,test,14,leopard
20706,train,14,leopard
20707,train,14,leopard
20708,train,14,leopard
20709,test,14,leopard
20710,train,14,leopard
20711,train,14,leopard
20712,test,14,leopard
20713,train,14,leopard
20714,train,14,leopard
20715,train,14,leopard
20716,test,14,leopard
20717,train,14,leopard
20718,train,14,leopard
20719,train,14,leopard
20720,train,14,leopard
20721,train,14,leopard
20722,test,14,leopard
20723,train,14,leopard
20724,train,14,leopard
20725,test,14,leopard
20726,train,14,leopard
20727,train,14,leopard
20728,train,14,leopard
20729,test,14,leopard
20730,test,14,leopard
20731,test,14,leopard
20732,train,14,leopard
20733,test,14,leopard
20734,validation,14,leopard
20735,train,14,leopard
20736,train,14,leopard
20737,train,14,leopard
20738,validation,14,leopard
20739,train,14,leopard
20740,train,14,leopard
20741,train,14,leopard
20742,train,14,leopard
20743,train,14,leopard
20744,train,14,leopard
20745,train,14,leopard
20746,train,14,leopard
20747,train,14,leopard
20748,train,14,leopard
20749,train,14,leopard
20750,validation,14,leopard
20751,train,14,leopard
20752,validation,14,leopard
20753,validation,14,leopard
20754,train,14,leopard
20755,validation,14,leopard
20756,validation,14,leopard
20757,train,14,leopard
20758,test,14,leopard
20759,train,14,leopard
20760,validation,14,leopard
20761,train,14,leopard
20762,train,14,leopard
20763,train,14,leopard
20764,train,14,leopard
20765,validation,14,leopard
20766,validation,14,leopard
20767,train,14,leopard
20768,train,14,leopard
20769,train,14,leopard
20770,train,14,leopard
20771,train,14,leopard
20772,train,14,leopard
20773,train,14,leopard
20774,validation,14,leopard
20775,train,14,leopard
20776,test,14,leopard
20777,validation,14,leopard
20778,test,14,leopard
20779,test,14,leopard
20780,train,14,leopard
20781,test,14,leopard
20782,validation,14,leopard
20783,validation,14,leopard
20784,validation,14,leopard
20785,train,14,leopard
20786,validation,14,leopard
20787,validation,14,leopard
20788,train,14,leopard
20789,test,14,leopard
20790,validation,14,leopard
20791,train,14,leopard
20792,validation,14,leopard
20793,test,14,leopard
20794,validation,14,leopard
20795,train,14,leopard
20796,validation,14,leopard
20797,validation,14,leopard
20798,train,14,leopard
20799,train,14,leopard
20800,train,14,leopard
20801,train,14,leopard
20802,train,14,leopard
20803,validation,14,leopard
20804,test,14,leopard
20805,train,14,leopard
20806,test,14,leopard
20807,validation,14,leopard
20808,train,14,leopard
20809,validation,14,leopard
20810,train,14,leopard
20811,train,14,leopard
20812,train,14,leopard
20813,train,14,leopard
20814,train,14,leopard
20815,train,14,leopard
20816,validation,14,leopard
20817,train,14,leopard
20818,train,14,leopard
20819,validation,14,leopard
20820,test,14,leopard
20821,test,14,leopard
20822,test,14,leopard
20823,train,14,leopard
20824,validation,14,leopard
20825,train,14,leopard
20826,test,14,leopard
20827,train,14,leopard
20828,train,14,leopard
20829,train,14,leopard
20830,train,14,leopard
20831,train,14,leopard
20832,test,14,leopard
20833,train,14,leopard
20834,train,14,leopard
20835,train,14,leopard
20836,train,14,leopard
20837,train,14,leopard
20838,validation,14,leopard
20839,train,14,leopard
20840,validation,14,leopard
20841,train,14,leopard
20842,test,14,leopard
20843,validation,14,leopard
20844,train,14,leopard
20845,train,14,leopard
20846,train,14,leopard
20847,test,14,leopard
20848,train,14,leopard
20849,validation,14,leopard
20850,test,14,leopard
20851,train,14,leopard
20852,train,14,leopard
20853,validation,14,leopard
20854,train,14,leopard
20855,test,14,leopard
20856,train,14,leopard
20857,test,14,leopard
20858,train,14,leopard
20859,validation,14,leopard
20860,train,14,leopard
20861,train,14,leopard
20862,train,14,leopard
20863,train,14,leopard
20864,validation,14,leopard
20865,validation,14,leopard
20866,train,14,leopard
20867,train,14,leopard
20868,test,14,leopard
20869,train,14,leopard
20870,train,14,leopard
20871,train,14,leopard
20872,train,14,leopard
20873,train,14,leopard
20874,validation,14,leopard
20875,train,14,leopard
20876,validation,14,leopard
20877,train,14,leopard
20878,validation,14,leopard
20879,train,14,leopard
20880,train,14,leopard
20881,test,14,leopard
20882,train,14,leopard
20883,train,14,leopard
20884,train,14,leopard
20885,test,14,leopard
20886,validation,14,leopard
20887,train,14,leopard
20888,validation,14,leopard
20889,train,14,leopard
20890,validation,14,leopard
20891,train,14,leopard
20892,train,14,leopard
20893,train,14,leopard
20894,train,14,leopard
20895,train,14,leopard
20896,train,14,leopard
20897,validation,14,leopard
20898,train,14,leopard
20899,train,14,leopard
20900,train,14,leopard
20901,validation,14,leopard
20902,validation,14,leopard
20903,train,14,leopard
20904,test,14,leopard
20905,test,14,leopard
20906,validation,14,leopard
20907,train,14,leopard
20908,train,14,leopard
20909,train,14,leopard
20910,test,14,leopard
20911,test,14,leopard
20912,test,14,leopard
20913,train,14,leopard
20914,test,14,leopard
20915,validation,14,leopard
20916,train,14,leopard
20917,validation,14,leopard
20918,test,14,leopard
20919,validation,14,leopard
20920,train,14,leopard
20921,train,14,leopard
20922,train,14,leopard
20923,validation,14,leopard
20924,train,14,leopard
20925,test,14,leopard
20926,train,14,leopard
20927,train,14,leopard
20928,train,14,leopard
20929,validation,14,leopard
20930,train,14,leopard
20931,test,14,leopard
20932,train,14,leopard
20933,train,14,leopard
20934,test,14,leopard
20935,train,14,leopard
20936,test,14,leopard
20937,train,14,leopard
20938,validation,14,leopard
20939,train,14,leopard
20940,test,14,leopard
20941,train,14,leopard
20942,train,14,leopard
20943,train,14,leopard
20944,test,14,leopard
20945,train,14,leopard
20946,train,14,leopard
20947,train,14,leopard
20948,validation,14,leopard
20949,train,14,leopard
20950,train,14,leopard
20951,train,14,leopard
20952,test,14,leopard
20953,train,14,leopard
20954,train,14,leopard
20955,train,14,leopard
20956,train,14,leopard
20957,train,14,leopard
20958,train,14,leopard
20959,train,14,leopard
20960,validation,14,leopard
20961,train,14,leopard
20962,validation,14,leopard
20963,validation,14,leopard
20964,test,14,leopard
20965,train,14,leopard
20966,test,14,leopard
20967,train,14,leopard
20968,train,14,leopard
20969,train,14,leopard
20970,train,14,leopard
20971,train,14,leopard
20972,test,14,leopard
20973,validation,14,leopard
20974,train,14,leopard
20975,validation,14,leopard
20976,train,14,leopard
20977,test,14,leopard
20978,train,14,leopard
20979,train,14,leopard
20980,train,14,leopard
20981,validation,14,leopard
20982,train,14,leopard
20983,validation,14,leopard
20984,test,14,leopard
20985,train,14,leopard
20986,train,14,leopard
20987,train,14,leopard
20988,validation,14,leopard
20989,test,14,leopard
20990,test,14,leopard
20991,train,14,leopard
20992,test,14,leopard
20993,test,14,leopard
20994,validation,14,leopard
20995,train,14,leopard
20996,train,14,leopard
20997,train,14,leopard
20998,test,14,leopard
20999,validation,14,leopard
21000,test,14,leopard
21001,validation,14,leopard
21002,validation,14,leopard
21003,train,14,leopard
21004,train,14,leopard
21005,train,14,leopard
21006,validation,14,leopard
21007,train,14,leopard
21008,train,14,leopard
21009,test,14,leopard
21010,train,14,leopard
21011,train,14,leopard
21012,train,14,leopard
21013,train,14,leopard
21014,train,14,leopard
21015,test,14,leopard
21016,train,14,leopard
21017,validation,14,leopard
21018,train,14,leopard
21019,train,14,leopard
21020,test,14,leopard
21021,validation,14,leopard
21022,train,14,leopard
21023,test,14,leopard
21024,validation,14,leopard
21025,train,14,leopard
21026,train,14,leopard
21027,train,14,leopard
21028,test,14,leopard
21029,train,14,leopard
21030,train,14,leopard
21031,validation,14,leopard
21032,test,14,leopard
21033,train,14,leopard
21034,validation,14,leopard
21035,validation,14,leopard
21036,test,14,leopard
21037,train,14,leopard
21038,train,14,leopard
21039,train,14,leopard
21040,test,14,leopard
21041,validation,14,leopard
21042,train,14,leopard
21043,train,14,leopard
21044,train,14,leopard
21045,test,14,leopard
21046,train,14,leopard
21047,train,14,leopard
21048,test,14,leopard
21049,train,14,leopard
21050,train,14,leopard
21051,train,14,leopard
21052,train,14,leopard
21053,train,14,leopard
21054,train,14,leopard
21055,train,14,leopard
21056,train,14,leopard
21057,test,14,leopard
21058,validation,14,leopard
21059,train,14,leopard
21060,test,14,leopard
21061,test,14,leopard
21062,train,14,leopard
21063,train,14,leopard
21064,validation,14,leopard
21065,train,14,leopard
21066,validation,14,leopard
21067,validation,14,leopard
21068,validation,14,leopard
21069,train,14,leopard
21070,train,14,leopard
21071,validation,14,leopard
21072,train,14,leopard
21073,train,14,leopard
21074,train,14,leopard
21075,test,14,leopard
21076,train,14,leopard
21077,train,14,leopard
21078,train,14,leopard
21079,train,14,leopard
21080,train,14,leopard
21081,test,14,leopard
21082,train,14,leopard
21083,train,14,leopard
21084,train,14,leopard
21085,validation,14,leopard
21086,train,14,leopard
21087,test,14,leopard
21088,train,14,leopard
21089,train,14,leopard
21090,train,14,leopard
21091,test,14,leopard
21092,train,14,leopard
21093,train,14,leopard
21094,train,14,leopard
21095,train,14,leopard
21096,validation,14,leopard
21097,validation,14,leopard
21098,test,14,leopard
21099,train,14,leopard
21100,validation,14,leopard
21101,train,14,leopard
21102,train,14,leopard
21103,train,14,leopard
21104,train,14,leopard
21105,train,14,leopard
21106,validation,14,leopard
21107,train,14,leopard
21108,validation,14,leopard
21109,train,14,leopard
21110,test,14,leopard
21111,validation,14,leopard
21112,test,14,leopard
21113,test,14,leopard
21114,train,14,leopard
21115,train,14,leopard
21116,train,14,leopard
21117,train,14,leopard
21118,train,14,leopard
21119,test,14,leopard
21120,train,14,leopard
21121,train,14,leopard
21122,test,14,leopard
21123,train,14,leopard
21124,validation,14,leopard
21125,train,14,leopard
21126,train,14,leopard
21127,test,14,leopard
21128,validation,14,leopard
21129,train,14,leopard
21130,train,14,leopard
21131,validation,14,leopard
21132,train,14,leopard
21133,test,14,leopard
21134,train,14,leopard
21135,train,14,leopard
21136,train,14,leopard
21137,train,14,leopard
21138,validation,14,leopard
21139,train,14,leopard
21140,train,14,leopard
21141,train,14,leopard
21142,test,14,leopard
21143,test,14,leopard
21144,train,14,leopard
21145,test,14,leopard
21146,test,14,leopard
21147,train,14,leopard
21148,validation,14,leopard
21149,train,14,leopard
21150,train,14,leopard
21151,test,14,leopard
21152,test,14,leopard
21153,train,14,leopard
21154,train,14,leopard
21155,validation,14,leopard
21156,train,14,leopard
21157,train,14,leopard
21158,validation,14,leopard
21159,train,14,leopard
21160,train,14,leopard
21161,train,14,leopard
21162,train,14,leopard
21163,validation,14,leopard
21164,train,14,leopard
21165,validation,14,leopard
21166,validation,14,leopard
21167,train,14,leopard
21168,test,14,leopard
21169,test,14,leopard
21170,train,14,leopard
21171,train,14,leopard
21172,train,14,leopard
21173,train,14,leopard
21174,train,14,leopard
21175,train,14,leopard
21176,train,14,leopard
21177,train,14,leopard
21178,train,14,leopard
21179,train,14,leopard
21180,test,14,leopard
21181,test,14,leopard
21182,train,14,leopard
21183,validation,14,leopard
21184,train,42,lion
21185,train,42,lion
21186,validation,42,lion
21187,train,42,lion
21188,validation,42,lion
21189,train,42,lion
21190,train,42,lion
21191,train,42,lion
21192,train,42,lion
21193,validation,42,lion
21194,test,42,lion
21195,train,42,lion
21196,test,42,lion
21197,test,42,lion
21198,train,42,lion
21199,validation,42,lion
21200,test,42,lion
21201,train,42,lion
21202,train,42,lion
21203,validation,42,lion
21204,train,42,lion
21205,validation,42,lion
21206,train,42,lion
21207,train,42,lion
21208,test,42,lion
21209,test,42,lion
21210,test,42,lion
21211,train,42,lion
21212,validation,42,lion
21213,train,42,lion
21214,test,42,lion
21215,validation,42,lion
21216,train,42,lion
21217,validation,42,lion
21218,train,42,lion
21219,train,42,lion
21220,test,42,lion
21221,train,42,lion
21222,train,42,lion
21223,train,42,lion
21224,train,42,lion
21225,train,42,lion
21226,train,42,lion
21227,test,42,lion
21228,train,42,lion
21229,train,42,lion
21230,train,42,lion
21231,train,42,lion
21232,validation,42,lion
21233,train,42,lion
21234,validation,42,lion
21235,train,42,lion
21236,train,42,lion
21237,validation,42,lion
21238,train,42,lion
21239,test,42,lion
21240,train,42,lion
21241,train,42,lion
21242,train,42,lion
21243,train,42,lion
21244,validation,42,lion
21245,validation,42,lion
21246,test,42,lion
21247,test,42,lion
21248,validation,42,lion
21249,train,42,lion
21250,train,42,lion
21251,train,42,lion
21252,train,42,lion
21253,test,42,lion
21254,train,42,lion
21255,train,42,lion
21256,train,42,lion
21257,test,42,lion
21258,train,42,lion
21259,validation,42,lion
21260,test,42,lion
21261,train,42,lion
21262,train,42,lion
21263,train,42,lion
21264,train,42,lion
21265,train,42,lion
21266,test,42,lion
21267,validation,42,lion
21268,test,42,lion
21269,train,42,lion
21270,train,42,lion
21271,test,42,lion
21272,train,42,lion
21273,test,42,lion
21274,train,42,lion
21275,train,42,lion
21276,test,42,lion
21277,train,42,lion
21278,train,42,lion
21279,train,42,lion
21280,train,42,lion
21281,train,42,lion
21282,validation,42,lion
21283,train,42,lion
21284,validation,42,lion
21285,train,42,lion
21286,validation,42,lion
21287,test,42,lion
21288,train,42,lion
21289,validation,42,lion
21290,train,42,lion
21291,train,42,lion
21292,train,42,lion
21293,train,42,lion
21294,validation,42,lion
21295,train,42,lion
21296,train,42,lion
21297,test,42,lion
21298,train,42,lion
21299,train,42,lion
21300,train,42,lion
21301,train,42,lion
21302,test,42,lion
21303,test,42,lion
21304,test,42,lion
21305,train,42,lion
21306,train,42,lion
21307,validation,42,lion
21308,validation,42,lion
21309,train,42,lion
21310,train,42,lion
21311,test,42,lion
21312,validation,42,lion
21313,train,42,lion
21314,train,42,lion
21315,train,42,lion
21316,validation,42,lion
21317,validation,42,lion
21318,train,42,lion
21319,train,42,lion
21320,train,42,lion
21321,train,42,lion
21322,test,42,lion
21323,validation,42,lion
21324,validation,42,lion
21325,train,42,lion
21326,train,42,lion
21327,train,42,lion
21328,validation,42,lion
21329,train,42,lion
21330,test,42,lion
21331,train,42,lion
21332,test,42,lion
21333,train,42,lion
21334,train,42,lion
21335,train,42,lion
21336,train,42,lion
21337,validation,42,lion
21338,train,42,lion
21339,train,42,lion
21340,train,42,lion
21341,train,42,lion
21342,train,42,lion
21343,test,42,lion
21344,validation,42,lion
21345,train,42,lion
21346,validation,42,lion
21347,train,42,lion
21348,train,42,lion
21349,train,42,lion
21350,validation,42,lion
21351,train,42,lion
21352,train,42,lion
21353,train,42,lion
21354,train,42,lion
21355,train,42,lion
21356,test,42,lion
21357,validation,42,lion
21358,validation,42,lion
21359,train,42,lion
21360,train,42,lion
21361,train,42,lion
21362,validation,42,lion
21363,train,42,lion
21364,validation,42,lion
21365,test,42,lion
21366,train,42,lion
21367,train,42,lion
21368,train,42,lion
21369,train,42,lion
21370,train,42,lion
21371,train,42,lion
21372,train,42,lion
21373,train,42,lion
21374,validation,42,lion
21375,validation,42,lion
21376,train,42,lion
21377,train,42,lion
21378,train,42,lion
21379,train,42,lion
21380,validation,42,lion
21381,train,42,lion
21382,train,42,lion
21383,validation,42,lion
21384,train,42,lion
21385,train,42,lion
21386,train,42,lion
21387,test,42,lion
21388,test,42,lion
21389,train,42,lion
21390,train,42,lion
21391,test,42,lion
21392,test,42,lion
21393,train,42,lion
21394,train,42,lion
21395,validation,42,lion
21396,validation,42,lion
21397,train,42,lion
21398,test,42,lion
21399,validation,42,lion
21400,validation,42,lion
21401,validation,42,lion
21402,validation,42,lion
21403,test,42,lion
21404,train,42,lion
21405,validation,42,lion
21406,test,42,lion
21407,test,42,lion
21408,train,42,lion
21409,validation,42,lion
21410,train,42,lion
21411,train,42,lion
21412,train,42,lion
21413,train,42,lion
21414,validation,42,lion
21415,validation,42,lion
21416,validation,42,lion
21417,train,42,lion
21418,train,42,lion
21419,test,42,lion
21420,train,42,lion
21421,train,42,lion
21422,train,42,lion
21423,train,42,lion
21424,validation,42,lion
21425,validation,42,lion
21426,train,42,lion
21427,train,42,lion
21428,validation,42,lion
21429,validation,42,lion
21430,test,42,lion
21431,test,42,lion
21432,train,42,lion
21433,train,42,lion
21434,train,42,lion
21435,validation,42,lion
21436,train,42,lion
21437,validation,42,lion
21438,test,42,lion
21439,train,42,lion
21440,train,42,lion
21441,train,42,lion
21442,test,42,lion
21443,train,42,lion
21444,validation,42,lion
21445,train,42,lion
21446,train,42,lion
21447,test,42,lion
21448,train,42,lion
21449,train,42,lion
21450,test,42,lion
21451,train,42,lion
21452,validation,42,lion
21453,train,42,lion
21454,test,42,lion
21455,validation,42,lion
21456,test,42,lion
21457,train,42,lion
21458,validation,42,lion
21459,train,42,lion
21460,train,42,lion
21461,test,42,lion
21462,test,42,lion
21463,validation,42,lion
21464,test,42,lion
21465,train,42,lion
21466,train,42,lion
21467,train,42,lion
21468,train,42,lion
21469,train,42,lion
21470,train,42,lion
21471,train,42,lion
21472,train,42,lion
21473,validation,42,lion
21474,train,42,lion
21475,validation,42,lion
21476,train,42,lion
21477,train,42,lion
21478,train,42,lion
21479,train,42,lion
21480,train,42,lion
21481,train,42,lion
21482,train,42,lion
21483,validation,42,lion
21484,train,42,lion
21485,train,42,lion
21486,train,42,lion
21487,train,42,lion
21488,validation,42,lion
21489,test,42,lion
21490,train,42,lion
21491,train,42,lion
21492,validation,42,lion
21493,validation,42,lion
21494,train,42,lion
21495,train,42,lion
21496,test,42,lion
21497,test,42,lion
21498,train,42,lion
21499,test,42,lion
21500,validation,42,lion
21501,validation,42,lion
21502,test,42,lion
21503,validation,42,lion
21504,validation,42,lion
21505,train,42,lion
21506,validation,42,lion
21507,train,42,lion
21508,train,42,lion
21509,validation,42,lion
21510,test,42,lion
21511,train,42,lion
21512,test,42,lion
21513,train,42,lion
21514,validation,42,lion
21515,train,42,lion
21516,train,42,lion
21517,train,42,lion
21518,test,42,lion
21519,train,42,lion
21520,train,42,lion
21521,train,42,lion
21522,validation,42,lion
21523,train,42,lion
21524,test,42,lion
21525,train,42,lion
21526,validation,42,lion
21527,validation,42,lion
21528,train,42,lion
21529,test,42,lion
21530,test,42,lion
21531,train,42,lion
21532,train,42,lion
21533,test,42,lion
21534,train,42,lion
21535,train,42,lion
21536,train,42,lion
21537,train,42,lion
21538,test,42,lion
21539,test,42,lion
21540,test,42,lion
21541,test,42,lion
21542,train,42,lion
21543,validation,42,lion
21544,train,42,lion
21545,train,42,lion
21546,validation,42,lion
21547,train,42,lion
21548,train,42,lion
21549,train,42,lion
21550,validation,42,lion
21551,train,42,lion
21552,test,42,lion
21553,test,42,lion
21554,train,42,lion
21555,train,42,lion
21556,test,42,lion
21557,train,42,lion
21558,train,42,lion
21559,train,42,lion
21560,test,42,lion
21561,train,42,lion
21562,test,42,lion
21563,test,42,lion
21564,train,42,lion
21565,train,42,lion
21566,validation,42,lion
21567,train,42,lion
21568,validation,42,lion
21569,validation,42,lion
21570,train,42,lion
21571,validation,42,lion
21572,train,42,lion
21573,train,42,lion
21574,train,42,lion
21575,test,42,lion
21576,train,42,lion
21577,test,42,lion
21578,train,42,lion
21579,train,42,lion
21580,train,42,lion
21581,train,42,lion
21582,test,42,lion
21583,train,42,lion
21584,train,42,lion
21585,train,42,lion
21586,train,42,lion
21587,train,42,lion
21588,train,42,lion
21589,train,42,lion
21590,test,42,lion
21591,train,42,lion
21592,test,42,lion
21593,train,42,lion
21594,train,42,lion
21595,test,42,lion
21596,train,42,lion
21597,validation,42,lion
21598,train,42,lion
21599,validation,42,lion
21600,train,42,lion
21601,train,42,lion
21602,train,42,lion
21603,test,42,lion
21604,test,42,lion
21605,train,42,lion
21606,train,42,lion
21607,test,42,lion
21608,train,42,lion
21609,train,42,lion
21610,train,42,lion
21611,train,42,lion
21612,train,42,lion
21613,train,42,lion
21614,train,42,lion
21615,train,42,lion
21616,validation,42,lion
21617,validation,42,lion
21618,train,42,lion
21619,train,42,lion
21620,train,42,lion
21621,validation,42,lion
21622,test,42,lion
21623,train,42,lion
21624,train,42,lion
21625,train,42,lion
21626,validation,42,lion
21627,test,42,lion
21628,test,42,lion
21629,train,42,lion
21630,train,42,lion
21631,train,42,lion
21632,train,42,lion
21633,train,42,lion
21634,test,42,lion
21635,train,42,lion
21636,train,42,lion
21637,train,42,lion
21638,train,42,lion
21639,test,42,lion
21640,test,42,lion
21641,train,42,lion
21642,train,42,lion
21643,validation,42,lion
21644,validation,42,lion
21645,train,42,lion
21646,train,42,lion
21647,test,42,lion
21648,train,42,lion
21649,train,42,lion
21650,train,42,lion
21651,train,42,lion
21652,train,42,lion
21653,train,42,lion
21654,train,42,lion
21655,train,42,lion
21656,train,42,lion
21657,train,42,lion
21658,train,42,lion
21659,test,42,lion
21660,test,42,lion
21661,train,42,lion
21662,train,42,lion
21663,test,42,lion
21664,train,42,lion
21665,train,42,lion
21666,train,42,lion
21667,train,42,lion
21668,train,42,lion
21669,validation,42,lion
21670,train,42,lion
21671,validation,42,lion
21672,train,42,lion
21673,train,42,lion
21674,validation,42,lion
21675,train,42,lion
21676,train,42,lion
21677,train,42,lion
21678,train,42,lion
21679,train,42,lion
21680,validation,42,lion
21681,train,42,lion
21682,train,42,lion
21683,train,42,lion
21684,train,42,lion
21685,validation,42,lion
21686,validation,42,lion
21687,train,42,lion
21688,test,42,lion
21689,validation,42,lion
21690,train,42,lion
21691,test,42,lion
21692,test,42,lion
21693,validation,42,lion
21694,validation,42,lion
21695,train,42,lion
21696,validation,42,lion
21697,train,42,lion
21698,train,42,lion
21699,train,42,lion
21700,validation,42,lion
21701,train,42,lion
21702,train,42,lion
21703,train,42,lion
21704,train,42,lion
21705,train,42,lion
21706,train,42,lion
21707,train,42,lion
21708,train,42,lion
21709,train,42,lion
21710,train,42,lion
21711,test,42,lion
21712,train,42,lion
21713,test,42,lion
21714,test,42,lion
21715,test,42,lion
21716,validation,42,lion
21717,train,42,lion
21718,train,42,lion
21719,train,42,lion
21720,train,42,lion
21721,train,42,lion
21722,validation,42,lion
21723,train,42,lion
21724,test,42,lion
21725,train,42,lion
21726,train,42,lion
21727,validation,42,lion
21728,train,42,lion
21729,test,42,lion
21730,test,42,lion
21731,validation,42,lion
21732,train,42,lion
21733,test,42,lion
21734,train,42,lion
21735,test,42,lion
21736,train,42,lion
21737,train,42,lion
21738,test,42,lion
21739,train,42,lion
21740,train,42,lion
21741,train,42,lion
21742,train,42,lion
21743,validation,42,lion
21744,validation,42,lion
21745,train,42,lion
21746,train,42,lion
21747,train,42,lion
21748,train,42,lion
21749,train,42,lion
21750,train,42,lion
21751,train,42,lion
21752,train,42,lion
21753,validation,42,lion
21754,test,42,lion
21755,train,42,lion
21756,validation,42,lion
21757,train,42,lion
21758,train,42,lion
21759,test,42,lion
21760,train,42,lion
21761,train,42,lion
21762,test,42,lion
21763,test,42,lion
21764,validation,42,lion
21765,test,42,lion
21766,validation,42,lion
21767,validation,42,lion
21768,train,42,lion
21769,validation,42,lion
21770,train,42,lion
21771,train,42,lion
21772,train,42,lion
21773,train,42,lion
21774,test,42,lion
21775,validation,42,lion
21776,train,42,lion
21777,train,42,lion
21778,train,42,lion
21779,validation,42,lion
21780,train,42,lion
21781,test,42,lion
21782,test,42,lion
21783,train,42,lion
21784,train,42,lion
21785,train,42,lion
21786,validation,42,lion
21787,test,42,lion
21788,train,42,lion
21789,train,42,lion
21790,train,42,lion
21791,validation,42,lion
21792,test,42,lion
21793,train,42,lion
21794,validation,42,lion
21795,train,42,lion
21796,validation,42,lion
21797,train,42,lion
21798,train,42,lion
21799,train,42,lion
21800,train,42,lion
21801,validation,42,lion
21802,train,42,lion
21803,train,42,lion
21804,train,42,lion
21805,train,42,lion
21806,test,42,lion
21807,validation,42,lion
21808,train,42,lion
21809,validation,42,lion
21810,train,42,lion
21811,train,42,lion
21812,test,42,lion
21813,train,42,lion
21814,train,42,lion
21815,test,42,lion
21816,train,42,lion
21817,train,42,lion
21818,test,42,lion
21819,train,42,lion
21820,train,42,lion
21821,train,42,lion
21822,train,42,lion
21823,validation,42,lion
21824,train,42,lion
21825,train,42,lion
21826,validation,42,lion
21827,validation,42,lion
21828,train,42,lion
21829,train,42,lion
21830,train,42,lion
21831,train,42,lion
21832,test,42,lion
21833,train,42,lion
21834,train,42,lion
21835,train,42,lion
21836,test,42,lion
21837,train,42,lion
21838,train,42,lion
21839,train,42,lion
21840,test,42,lion
21841,train,42,lion
21842,train,42,lion
21843,train,42,lion
21844,test,42,lion
21845,train,42,lion
21846,train,42,lion
21847,test,42,lion
21848,train,42,lion
21849,train,42,lion
21850,train,42,lion
21851,train,42,lion
21852,validation,42,lion
21853,train,42,lion
21854,test,42,lion
21855,train,42,lion
21856,train,42,lion
21857,train,42,lion
21858,train,42,lion
21859,test,42,lion
21860,train,42,lion
21861,validation,42,lion
21862,test,42,lion
21863,validation,42,lion
21864,train,42,lion
21865,test,42,lion
21866,validation,42,lion
21867,train,42,lion
21868,validation,42,lion
21869,test,42,lion
21870,train,42,lion
21871,train,42,lion
21872,train,42,lion
21873,train,42,lion
21874,test,42,lion
21875,train,42,lion
21876,train,42,lion
21877,validation,42,lion
21878,test,42,lion
21879,train,42,lion
21880,validation,42,lion
21881,validation,42,lion
21882,train,42,lion
21883,validation,42,lion
21884,train,42,lion
21885,train,42,lion
21886,train,42,lion
21887,validation,42,lion
21888,train,42,lion
21889,test,42,lion
21890,train,42,lion
21891,test,42,lion
21892,train,42,lion
21893,train,42,lion
21894,test,42,lion
21895,train,42,lion
21896,test,42,lion
21897,test,42,lion
21898,validation,42,lion
21899,train,42,lion
21900,validation,42,lion
21901,test,42,lion
21902,train,42,lion
21903,train,42,lion
21904,validation,42,lion
21905,validation,42,lion
21906,validation,42,lion
21907,test,42,lion
21908,train,42,lion
21909,test,42,lion
21910,train,42,lion
21911,validation,42,lion
21912,train,42,lion
21913,train,42,lion
21914,train,42,lion
21915,validation,42,lion
21916,test,42,lion
21917,test,42,lion
21918,train,42,lion
21919,train,42,lion
21920,validation,42,lion
21921,test,42,lion
21922,train,42,lion
21923,validation,42,lion
21924,train,42,lion
21925,test,42,lion
21926,test,42,lion
21927,validation,42,lion
21928,train,42,lion
21929,train,42,lion
21930,train,42,lion
21931,train,42,lion
21932,train,42,lion
21933,validation,42,lion
21934,train,42,lion
21935,validation,42,lion
21936,train,42,lion
21937,train,42,lion
21938,train,42,lion
21939,test,42,lion
21940,train,42,lion
21941,validation,42,lion
21942,train,42,lion
21943,train,42,lion
21944,test,42,lion
21945,test,42,lion
21946,test,42,lion
21947,train,42,lion
21948,test,42,lion
21949,test,42,lion
21950,test,42,lion
21951,train,42,lion
21952,train,42,lion
21953,train,42,lion
21954,train,42,lion
21955,train,42,lion
21956,test,42,lion
21957,train,42,lion
21958,test,42,lion
21959,train,42,lion
21960,train,42,lion
21961,train,42,lion
21962,test,42,lion
21963,test,42,lion
21964,train,42,lion
21965,train,42,lion
21966,train,42,lion
21967,test,42,lion
21968,train,42,lion
21969,train,42,lion
21970,train,42,lion
21971,train,42,lion
21972,train,42,lion
21973,train,42,lion
21974,train,42,lion
21975,validation,42,lion
21976,train,42,lion
21977,train,42,lion
21978,train,42,lion
21979,validation,42,lion
21980,train,42,lion
21981,validation,42,lion
21982,validation,42,lion
21983,train,42,lion
21984,test,42,lion
21985,train,42,lion
21986,train,42,lion
21987,train,42,lion
21988,test,42,lion
21989,test,42,lion
21990,test,42,lion
21991,train,42,lion
21992,train,42,lion
21993,validation,42,lion
21994,train,42,lion
21995,train,42,lion
21996,test,42,lion
21997,train,42,lion
21998,train,42,lion
21999,validation,42,lion
22000,test,42,lion
22001,train,42,lion
22002,test,42,lion
22003,train,42,lion
22004,train,42,lion
22005,train,42,lion
22006,train,42,lion
22007,train,42,lion
22008,train,42,lion
22009,test,42,lion
22010,train,42,lion
22011,test,42,lion
22012,train,42,lion
22013,train,42,lion
22014,train,42,lion
22015,train,42,lion
22016,train,42,lion
22017,train,42,lion
22018,train,42,lion
22019,train,42,lion
22020,validation,42,lion
22021,train,42,lion
22022,validation,42,lion
22023,train,42,lion
22024,train,42,lion
22025,validation,42,lion
22026,train,42,lion
22027,train,42,lion
22028,train,42,lion
22029,train,42,lion
22030,validation,42,lion
22031,train,42,lion
22032,train,42,lion
22033,train,42,lion
22034,validation,42,lion
22035,validation,42,lion
22036,train,42,lion
22037,train,42,lion
22038,validation,42,lion
22039,validation,42,lion
22040,train,42,lion
22041,validation,42,lion
22042,train,42,lion
22043,train,42,lion
22044,train,42,lion
22045,train,42,lion
22046,test,42,lion
22047,validation,42,lion
22048,train,42,lion
22049,validation,42,lion
22050,train,42,lion
22051,train,42,lion
22052,test,42,lion
22053,train,42,lion
22054,train,42,lion
22055,test,42,lion
22056,validation,42,lion
22057,test,42,lion
22058,test,42,lion
22059,train,42,lion
22060,train,42,lion
22061,validation,42,lion
22062,train,42,lion
22063,train,42,lion
22064,validation,42,lion
22065,train,42,lion
22066,validation,42,lion
22067,validation,42,lion
22068,train,42,lion
22069,train,42,lion
22070,train,42,lion
22071,test,42,lion
22072,train,42,lion
22073,train,42,lion
22074,validation,42,lion
22075,train,42,lion
22076,train,42,lion
22077,test,42,lion
22078,test,42,lion
22079,train,42,lion
22080,test,42,lion
22081,validation,42,lion
22082,train,42,lion
22083,train,42,lion
22084,train,42,lion
22085,train,42,lion
22086,train,42,lion
22087,train,42,lion
22088,train,42,lion
22089,train,42,lion
22090,train,42,lion
22091,train,42,lion
22092,train,42,lion
22093,train,42,lion
22094,test,42,lion
22095,test,42,lion
22096,train,42,lion
22097,test,42,lion
22098,validation,42,lion
22099,test,42,lion
22100,validation,42,lion
22101,test,42,lion
22102,train,42,lion
22103,train,42,lion
22104,test,42,lion
22105,validation,42,lion
22106,train,42,lion
22107,validation,42,lion
22108,validation,42,lion
22109,test,42,lion
22110,validation,42,lion
22111,train,42,lion
22112,validation,42,lion
22113,train,42,lion
22114,test,42,lion
22115,validation,42,lion
22116,test,42,lion
22117,validation,42,lion
22118,test,42,lion
22119,train,42,lion
22120,validation,42,lion
22121,train,42,lion
22122,test,42,lion
22123,train,42,lion
22124,validation,42,lion
22125,train,42,lion
22126,test,42,lion
22127,validation,42,lion
22128,train,42,lion
22129,validation,42,lion
22130,train,42,lion
22131,validation,42,lion
22132,validation,42,lion
22133,train,42,lion
22134,test,42,lion
22135,train,42,lion
22136,train,42,lion
22137,train,42,lion
22138,test,42,lion
22139,train,42,lion
22140,test,42,lion
22141,test,42,lion
22142,test,42,lion
22143,train,42,lion
22144,validation,42,lion
22145,validation,42,lion
22146,test,42,lion
22147,train,42,lion
22148,train,42,lion
22149,train,42,lion
22150,test,42,lion
22151,validation,42,lion
22152,train,42,lion
22153,train,42,lion
22154,test,42,lion
22155,train,42,lion
22156,train,42,lion
22157,test,42,lion
22158,train,42,lion
22159,test,42,lion
22160,validation,42,lion
22161,train,42,lion
22162,test,42,lion
22163,train,42,lion
22164,train,42,lion
22165,train,42,lion
22166,train,42,lion
22167,validation,42,lion
22168,train,42,lion
22169,train,42,lion
22170,train,42,lion
22171,train,42,lion
22172,test,42,lion
22173,train,42,lion
22174,train,42,lion
22175,validation,42,lion
22176,train,42,lion
22177,validation,42,lion
22178,validation,42,lion
22179,test,42,lion
22180,train,42,lion
22181,train,42,lion
22182,train,42,lion
22183,train,42,lion
22184,train,42,lion
22185,train,42,lion
22186,validation,42,lion
22187,train,42,lion
22188,validation,42,lion
22189,train,42,lion
22190,train,42,lion
22191,train,42,lion
22192,train,42,lion
22193,train,42,lion
22194,test,42,lion
22195,validation,42,lion
22196,test,42,lion
22197,train,42,lion
22198,train,42,lion
22199,train,42,lion
22200,train,42,lion
22201,validation,42,lion
22202,test,42,lion
22203,test,11,mole
22204,train,11,mole
22205,train,11,mole
22206,test,11,mole
22207,test,11,mole
22208,train,11,mole
22209,train,11,mole
22210,train,11,mole
22211,validation,11,mole
22212,validation,11,mole
22213,train,11,mole
22214,test,11,mole
22215,train,11,mole
22216,train,11,mole
22217,test,11,mole
22218,train,11,mole
22219,validation,11,mole
22220,validation,11,mole
22221,train,11,mole
22222,train,11,mole
22223,train,11,mole
22224,train,11,mole
22225,train,11,mole
22226,train,11,mole
22227,validation,11,mole
22228,validation,11,mole
22229,train,11,mole
22230,validation,11,mole
22231,train,11,mole
22232,train,11,mole
22233,train,11,mole
22234,train,11,mole
22235,train,11,mole
22236,train,11,mole
22237,test,11,mole
22238,test,11,mole
22239,train,11,mole
22240,test,11,mole
22241,validation,11,mole
22242,train,11,mole
22243,test,11,mole
22244,test,11,mole
22245,test,11,mole
22246,train,11,mole
22247,validation,11,mole
22248,validation,11,mole
22249,train,11,mole
22250,train,11,mole
22251,train,11,mole
22252,validation,11,mole
22253,validation,11,mole
22254,train,11,mole
22255,validation,11,mole
22256,test,11,mole
22257,train,11,mole
22258,train,11,mole
22259,train,11,mole
22260,train,11,mole
22261,train,11,mole
22262,train,11,mole
22263,test,11,mole
22264,train,11,mole
22265,validation,11,mole
22266,train,11,mole
22267,train,11,mole
22268,train,11,mole
22269,validation,11,mole
22270,test,11,mole
22271,validation,11,mole
22272,train,11,mole
22273,validation,11,mole
22274,train,11,mole
22275,train,11,mole
22276,train,11,mole
22277,train,11,mole
22278,test,11,mole
22279,train,11,mole
22280,validation,11,mole
22281,train,11,mole
22282,test,11,mole
22283,train,11,mole
22284,train,11,mole
22285,test,11,mole
22286,train,11,mole
22287,train,11,mole
22288,train,11,mole
22289,train,11,mole
22290,validation,11,mole
22291,train,11,mole
22292,test,11,mole
22293,validation,11,mole
22294,train,11,mole
22295,test,11,mole
22296,train,11,mole
22297,test,11,mole
22298,train,11,mole
22299,train,11,mole
22300,train,11,mole
22301,train,11,mole
22302,train,11,mole
22303,train,15,moose
22304,train,15,moose
22305,test,15,moose
22306,train,15,moose
22307,train,15,moose
22308,train,15,moose
22309,train,15,moose
22310,train,15,moose
22311,validation,15,moose
22312,test,15,moose
22313,test,15,moose
22314,train,15,moose
22315,test,15,moose
22316,validation,15,moose
22317,test,15,moose
22318,test,15,moose
22319,test,15,moose
22320,train,15,moose
22321,train,15,moose
22322,test,15,moose
22323,train,15,moose
22324,train,15,moose
22325,test,15,moose
22326,train,15,moose
22327,train,15,moose
22328,train,15,moose
22329,train,15,moose
22330,test,15,moose
22331,train,15,moose
22332,test,15,moose
22333,test,15,moose
22334,train,15,moose
22335,validation,15,moose
22336,train,15,moose
22337,train,15,moose
22338,train,15,moose
22339,validation,15,moose
22340,train,15,moose
22341,train,15,moose
22342,train,15,moose
22343,test,15,moose
22344,train,15,moose
22345,validation,15,moose
22346,train,15,moose
22347,train,15,moose
22348,train,15,moose
22349,train,15,moose
22350,train,15,moose
22351,test,15,moose
22352,train,15,moose
22353,validation,15,moose
22354,validation,15,moose
22355,validation,15,moose
22356,validation,15,moose
22357,test,15,moose
22358,validation,15,moose
22359,validation,15,moose
22360,test,15,moose
22361,test,15,moose
22362,train,15,moose
22363,test,15,moose
22364,test,15,moose
22365,test,15,moose
22366,validation,15,moose
22367,validation,15,moose
22368,test,15,moose
22369,validation,15,moose
22370,train,15,moose
22371,train,15,moose
22372,test,15,moose
22373,train,15,moose
22374,validation,15,moose
22375,validation,15,moose
22376,test,15,moose
22377,train,15,moose
22378,test,15,moose
22379,validation,15,moose
22380,train,15,moose
22381,train,15,moose
22382,train,15,moose
22383,train,15,moose
22384,train,15,moose
22385,validation,15,moose
22386,test,15,moose
22387,train,15,moose
22388,validation,15,moose
22389,train,15,moose
22390,validation,15,moose
22391,validation,15,moose
22392,test,15,moose
22393,train,15,moose
22394,validation,15,moose
22395,test,15,moose
22396,train,15,moose
22397,train,15,moose
22398,train,15,moose
22399,train,15,moose
22400,train,15,moose
22401,train,15,moose
22402,train,15,moose
22403,validation,15,moose
22404,test,15,moose
22405,test,15,moose
22406,validation,15,moose
22407,test,15,moose
22408,train,15,moose
22409,train,15,moose
22410,train,15,moose
22411,validation,15,moose
22412,train,15,moose
22413,validation,15,moose
22414,train,15,moose
22415,train,15,moose
22416,train,15,moose
22417,train,15,moose
22418,train,15,moose
22419,train,15,moose
22420,train,15,moose
22421,test,15,moose
22422,train,15,moose
22423,train,15,moose
22424,validation,15,moose
22425,train,15,moose
22426,train,15,moose
22427,train,15,moose
22428,test,15,moose
22429,train,15,moose
22430,validation,15,moose
22431,train,15,moose
22432,train,15,moose
22433,test,15,moose
22434,train,15,moose
22435,validation,15,moose
22436,train,15,moose
22437,validation,15,moose
22438,train,15,moose
22439,train,15,moose
22440,test,15,moose
22441,train,15,moose
22442,train,15,moose
22443,train,15,moose
22444,validation,15,moose
22445,validation,15,moose
22446,test,15,moose
22447,train,15,moose
22448,train,15,moose
22449,validation,15,moose
22450,test,15,moose
22451,train,15,moose
22452,train,15,moose
22453,train,15,moose
22454,validation,15,moose
22455,train,15,moose
22456,train,15,moose
22457,train,15,moose
22458,test,15,moose
22459,validation,15,moose
22460,test,15,moose
22461,train,15,moose
22462,train,15,moose
22463,validation,15,moose
22464,train,15,moose
22465,train,15,moose
22466,train,15,moose
22467,train,15,moose
22468,train,15,moose
22469,validation,15,moose
22470,test,15,moose
22471,train,15,moose
22472,train,15,moose
22473,train,15,moose
22474,test,15,moose
22475,train,15,moose
22476,train,15,moose
22477,train,15,moose
22478,test,15,moose
22479,test,15,moose
22480,train,15,moose
22481,train,15,moose
22482,train,15,moose
22483,train,15,moose
22484,train,15,moose
22485,validation,15,moose
22486,train,15,moose
22487,train,15,moose
22488,train,15,moose
22489,test,15,moose
22490,train,15,moose
22491,train,15,moose
22492,train,15,moose
22493,test,15,moose
22494,validation,15,moose
22495,train,15,moose
22496,validation,15,moose
22497,train,15,moose
22498,validation,15,moose
22499,train,15,moose
22500,train,15,moose
22501,validation,15,moose
22502,train,15,moose
22503,train,15,moose
22504,train,15,moose
22505,train,15,moose
22506,test,15,moose
22507,train,15,moose
22508,train,15,moose
22509,test,15,moose
22510,train,15,moose
22511,validation,15,moose
22512,test,15,moose
22513,train,15,moose
22514,train,15,moose
22515,validation,15,moose
22516,train,15,moose
22517,validation,15,moose
22518,train,15,moose
22519,train,15,moose
22520,test,15,moose
22521,train,15,moose
22522,train,15,moose
22523,validation,15,moose
22524,test,15,moose
22525,train,15,moose
22526,test,15,moose
22527,train,15,moose
22528,train,15,moose
22529,train,15,moose
22530,train,15,moose
22531,validation,15,moose
22532,test,15,moose
22533,test,15,moose
22534,train,15,moose
22535,train,15,moose
22536,validation,15,moose
22537,validation,15,moose
22538,train,15,moose
22539,train,15,moose
22540,train,15,moose
22541,test,15,moose
22542,train,15,moose
22543,validation,15,moose
22544,validation,15,moose
22545,train,15,moose
22546,train,15,moose
22547,validation,15,moose
22548,test,15,moose
22549,train,15,moose
22550,train,15,moose
22551,test,15,moose
22552,train,15,moose
22553,train,15,moose
22554,train,15,moose
22555,test,15,moose
22556,test,15,moose
22557,test,15,moose
22558,train,15,moose
22559,validation,15,moose
22560,train,15,moose
22561,train,15,moose
22562,train,15,moose
22563,train,15,moose
22564,train,15,moose
22565,train,15,moose
22566,validation,15,moose
22567,validation,15,moose
22568,validation,15,moose
22569,train,15,moose
22570,test,15,moose
22571,train,15,moose
22572,validation,15,moose
22573,test,15,moose
22574,validation,15,moose
22575,train,15,moose
22576,train,15,moose
22577,train,15,moose
22578,test,15,moose
22579,train,15,moose
22580,validation,15,moose
22581,test,15,moose
22582,train,15,moose
22583,validation,15,moose
22584,train,15,moose
22585,validation,15,moose
22586,train,15,moose
22587,train,15,moose
22588,train,15,moose
22589,train,15,moose
22590,test,15,moose
22591,test,15,moose
22592,train,15,moose
22593,train,15,moose
22594,validation,15,moose
22595,train,15,moose
22596,validation,15,moose
22597,test,15,moose
22598,train,15,moose
22599,validation,15,moose
22600,train,15,moose
22601,validation,15,moose
22602,validation,15,moose
22603,train,15,moose
22604,train,15,moose
22605,test,15,moose
22606,train,15,moose
22607,train,15,moose
22608,test,15,moose
22609,validation,15,moose
22610,validation,15,moose
22611,train,15,moose
22612,validation,15,moose
22613,train,15,moose
22614,train,15,moose
22615,validation,15,moose
22616,train,15,moose
22617,train,15,moose
22618,train,15,moose
22619,test,15,moose
22620,train,15,moose
22621,test,15,moose
22622,test,15,moose
22623,validation,15,moose
22624,train,15,moose
22625,train,15,moose
22626,validation,15,moose
22627,train,15,moose
22628,test,15,moose
22629,test,15,moose
22630,validation,15,moose
22631,validation,15,moose
22632,validation,15,moose
22633,train,15,moose
22634,validation,15,moose
22635,train,15,moose
22636,validation,15,moose
22637,validation,15,moose
22638,train,15,moose
22639,train,15,moose
22640,validation,15,moose
22641,train,15,moose
22642,train,15,moose
22643,train,15,moose
22644,train,15,moose
22645,test,15,moose
22646,train,15,moose
22647,validation,15,moose
22648,test,15,moose
22649,train,15,moose
22650,train,15,moose
22651,test,15,moose
22652,train,15,moose
22653,validation,15,moose
22654,validation,15,moose
22655,train,15,moose
22656,train,15,moose
22657,test,15,moose
22658,validation,15,moose
22659,train,15,moose
22660,train,15,moose
22661,validation,15,moose
22662,train,15,moose
22663,validation,15,moose
22664,test,15,moose
22665,validation,15,moose
22666,validation,15,moose
22667,test,15,moose
22668,train,15,moose
22669,train,15,moose
22670,test,15,moose
22671,train,15,moose
22672,train,15,moose
22673,train,15,moose
22674,train,15,moose
22675,test,15,moose
22676,train,15,moose
22677,validation,15,moose
22678,validation,15,moose
22679,train,15,moose
22680,train,15,moose
22681,train,15,moose
22682,validation,15,moose
22683,test,15,moose
22684,validation,15,moose
22685,train,15,moose
22686,test,15,moose
22687,train,15,moose
22688,test,15,moose
22689,train,15,moose
22690,train,15,moose
22691,validation,15,moose
22692,train,15,moose
22693,train,15,moose
22694,train,15,moose
22695,validation,15,moose
22696,train,15,moose
22697,train,15,moose
22698,train,15,moose
22699,train,15,moose
22700,train,15,moose
22701,test,15,moose
22702,validation,15,moose
22703,train,15,moose
22704,validation,15,moose
22705,validation,15,moose
22706,train,15,moose
22707,validation,15,moose
22708,train,15,moose
22709,validation,15,moose
22710,test,15,moose
22711,train,15,moose
22712,train,15,moose
22713,test,15,moose
22714,train,15,moose
22715,train,15,moose
22716,train,15,moose
22717,train,15,moose
22718,train,15,moose
22719,test,15,moose
22720,validation,15,moose
22721,train,15,moose
22722,validation,15,moose
22723,train,15,moose
22724,train,15,moose
22725,train,15,moose
22726,train,15,moose
22727,train,15,moose
22728,train,15,moose
22729,train,15,moose
22730,test,15,moose
22731,train,15,moose
22732,train,15,moose
22733,validation,15,moose
22734,train,15,moose
22735,train,15,moose
22736,test,15,moose
22737,test,15,moose
22738,train,15,moose
22739,train,15,moose
22740,train,15,moose
22741,train,15,moose
22742,train,15,moose
22743,train,15,moose
22744,test,15,moose
22745,validation,15,moose
22746,test,15,moose
22747,train,15,moose
22748,test,15,moose
22749,validation,15,moose
22750,train,15,moose
22751,train,15,moose
22752,test,15,moose
22753,train,15,moose
22754,train,15,moose
22755,train,15,moose
22756,train,15,moose
22757,train,15,moose
22758,train,15,moose
22759,train,15,moose
22760,train,15,moose
22761,train,15,moose
22762,train,15,moose
22763,train,15,moose
22764,validation,15,moose
22765,validation,15,moose
22766,test,15,moose
22767,train,15,moose
22768,train,15,moose
22769,train,15,moose
22770,train,15,moose
22771,test,15,moose
22772,train,15,moose
22773,train,15,moose
22774,train,15,moose
22775,train,15,moose
22776,train,15,moose
22777,train,15,moose
22778,train,15,moose
22779,validation,15,moose
22780,train,15,moose
22781,train,15,moose
22782,train,15,moose
22783,train,15,moose
22784,train,15,moose
22785,test,15,moose
22786,train,15,moose
22787,train,15,moose
22788,train,15,moose
22789,validation,15,moose
22790,train,15,moose
22791,train,15,moose
22792,train,15,moose
22793,train,15,moose
22794,test,15,moose
22795,train,15,moose
22796,train,15,moose
22797,test,15,moose
22798,train,15,moose
22799,validation,15,moose
22800,train,15,moose
22801,train,15,moose
22802,train,15,moose
22803,train,15,moose
22804,train,15,moose
22805,train,15,moose
22806,validation,15,moose
22807,train,15,moose
22808,train,15,moose
22809,train,15,moose
22810,train,15,moose
22811,train,15,moose
22812,test,15,moose
22813,test,15,moose
22814,train,15,moose
22815,train,15,moose
22816,train,15,moose
22817,train,15,moose
22818,train,15,moose
22819,train,15,moose
22820,train,15,moose
22821,train,15,moose
22822,test,15,moose
22823,test,15,moose
22824,test,15,moose
22825,train,15,moose
22826,train,15,moose
22827,train,15,moose
22828,validation,15,moose
22829,test,15,moose
22830,train,15,moose
22831,validation,15,moose
22832,train,15,moose
22833,validation,15,moose
22834,validation,15,moose
22835,train,15,moose
22836,train,15,moose
22837,train,15,moose
22838,train,15,moose
22839,test,15,moose
22840,test,15,moose
22841,train,15,moose
22842,validation,15,moose
22843,train,15,moose
22844,train,15,moose
22845,train,15,moose
22846,train,15,moose
22847,test,15,moose
22848,train,15,moose
22849,train,15,moose
22850,train,15,moose
22851,test,15,moose
22852,test,15,moose
22853,train,15,moose
22854,train,15,moose
22855,train,15,moose
22856,train,15,moose
22857,train,15,moose
22858,train,15,moose
22859,test,15,moose
22860,test,15,moose
22861,train,15,moose
22862,train,15,moose
22863,validation,15,moose
22864,train,15,moose
22865,train,15,moose
22866,test,15,moose
22867,test,15,moose
22868,train,15,moose
22869,test,15,moose
22870,train,15,moose
22871,test,15,moose
22872,test,15,moose
22873,train,15,moose
22874,train,15,moose
22875,test,15,moose
22876,train,15,moose
22877,validation,15,moose
22878,train,15,moose
22879,train,15,moose
22880,test,15,moose
22881,test,15,moose
22882,train,15,moose
22883,train,15,moose
22884,validation,15,moose
22885,validation,15,moose
22886,train,15,moose
22887,train,15,moose
22888,train,15,moose
22889,validation,15,moose
22890,train,15,moose
22891,validation,15,moose
22892,test,15,moose
22893,train,15,moose
22894,train,15,moose
22895,test,15,moose
22896,train,15,moose
22897,test,15,moose
22898,validation,15,moose
22899,train,15,moose
22900,train,15,moose
22901,test,15,moose
22902,validation,15,moose
22903,test,15,moose
22904,train,15,moose
22905,train,15,moose
22906,test,15,moose
22907,train,15,moose
22908,test,15,moose
22909,train,15,moose
22910,test,15,moose
22911,train,15,moose
22912,train,15,moose
22913,test,15,moose
22914,train,15,moose
22915,train,15,moose
22916,train,15,moose
22917,validation,15,moose
22918,train,15,moose
22919,train,15,moose
22920,train,15,moose
22921,train,15,moose
22922,validation,15,moose
22923,train,15,moose
22924,train,15,moose
22925,validation,15,moose
22926,test,15,moose
22927,train,15,moose
22928,train,15,moose
22929,test,15,moose
22930,validation,15,moose
22931,train,15,moose
22932,train,15,moose
22933,train,15,moose
22934,validation,15,moose
22935,train,15,moose
22936,train,15,moose
22937,train,15,moose
22938,train,15,moose
22939,validation,15,moose
22940,train,15,moose
22941,train,15,moose
22942,test,15,moose
22943,train,15,moose
22944,validation,15,moose
22945,train,15,moose
22946,train,15,moose
22947,train,15,moose
22948,train,15,moose
22949,test,15,moose
22950,train,15,moose
22951,test,15,moose
22952,train,15,moose
22953,train,15,moose
22954,validation,15,moose
22955,validation,15,moose
22956,train,15,moose
22957,train,15,moose
22958,validation,15,moose
22959,test,15,moose
22960,train,15,moose
22961,validation,15,moose
22962,train,15,moose
22963,train,15,moose
22964,train,15,moose
22965,train,15,moose
22966,train,15,moose
22967,test,15,moose
22968,validation,15,moose
22969,test,15,moose
22970,train,15,moose
22971,train,15,moose
22972,train,15,moose
22973,train,15,moose
22974,train,15,moose
22975,test,15,moose
22976,train,15,moose
22977,validation,15,moose
22978,validation,15,moose
22979,test,15,moose
22980,train,15,moose
22981,train,15,moose
22982,train,15,moose
22983,train,15,moose
22984,train,15,moose
22985,train,15,moose
22986,test,15,moose
22987,train,15,moose
22988,train,15,moose
22989,train,15,moose
22990,train,15,moose
22991,test,15,moose
22992,validation,15,moose
22993,train,15,moose
22994,validation,15,moose
22995,train,15,moose
22996,train,15,moose
22997,train,15,moose
22998,train,15,moose
22999,train,15,moose
23000,train,15,moose
23001,validation,15,moose
23002,train,15,moose
23003,train,15,moose
23004,validation,15,moose
23005,train,15,moose
23006,validation,15,moose
23007,train,43,mouse
23008,train,43,mouse
23009,test,43,mouse
23010,train,43,mouse
23011,train,43,mouse
23012,train,43,mouse
23013,train,43,mouse
23014,train,43,mouse
23015,train,43,mouse
23016,validation,43,mouse
23017,validation,43,mouse
23018,train,43,mouse
23019,validation,43,mouse
23020,test,43,mouse
23021,train,43,mouse
23022,train,43,mouse
23023,validation,43,mouse
23024,train,43,mouse
23025,test,43,mouse
23026,train,43,mouse
23027,train,43,mouse
23028,train,43,mouse
23029,train,43,mouse
23030,validation,43,mouse
23031,validation,43,mouse
23032,train,43,mouse
23033,train,43,mouse
23034,train,43,mouse
23035,train,43,mouse
23036,train,43,mouse
23037,train,43,mouse
23038,train,43,mouse
23039,validation,43,mouse
23040,test,43,mouse
23041,validation,43,mouse
23042,test,43,mouse
23043,train,43,mouse
23044,test,43,mouse
23045,validation,43,mouse
23046,train,43,mouse
23047,train,43,mouse
23048,test,43,mouse
23049,train,43,mouse
23050,test,43,mouse
23051,train,43,mouse
23052,train,43,mouse
23053,test,43,mouse
23054,validation,43,mouse
23055,train,43,mouse
23056,validation,43,mouse
23057,validation,43,mouse
23058,test,43,mouse
23059,train,43,mouse
23060,train,43,mouse
23061,train,43,mouse
23062,test,43,mouse
23063,validation,43,mouse
23064,test,43,mouse
23065,train,43,mouse
23066,test,43,mouse
23067,train,43,mouse
23068,train,43,mouse
23069,train,43,mouse
23070,test,43,mouse
23071,test,43,mouse
23072,train,43,mouse
23073,validation,43,mouse
23074,test,43,mouse
23075,train,43,mouse
23076,train,43,mouse
23077,validation,43,mouse
23078,test,43,mouse
23079,train,43,mouse
23080,validation,43,mouse
23081,train,43,mouse
23082,test,43,mouse
23083,train,43,mouse
23084,validation,43,mouse
23085,train,43,mouse
23086,train,43,mouse
23087,validation,43,mouse
23088,test,43,mouse
23089,train,43,mouse
23090,train,43,mouse
23091,train,43,mouse
23092,train,43,mouse
23093,train,43,mouse
23094,train,43,mouse
23095,train,43,mouse
23096,train,43,mouse
23097,train,43,mouse
23098,train,43,mouse
23099,train,43,mouse
23100,test,43,mouse
23101,train,43,mouse
23102,train,43,mouse
23103,validation,43,mouse
23104,train,43,mouse
23105,test,43,mouse
23106,train,43,mouse
23107,train,43,mouse
23108,train,43,mouse
23109,train,43,mouse
23110,test,43,mouse
23111,validation,43,mouse
23112,train,43,mouse
23113,train,43,mouse
23114,test,43,mouse
23115,validation,43,mouse
23116,validation,43,mouse
23117,validation,43,mouse
23118,train,43,mouse
23119,validation,43,mouse
23120,test,43,mouse
23121,train,43,mouse
23122,test,43,mouse
23123,train,43,mouse
23124,validation,43,mouse
23125,validation,43,mouse
23126,test,43,mouse
23127,train,43,mouse
23128,validation,43,mouse
23129,train,43,mouse
23130,validation,43,mouse
23131,train,43,mouse
23132,train,43,mouse
23133,train,43,mouse
23134,train,43,mouse
23135,train,43,mouse
23136,train,43,mouse
23137,train,43,mouse
23138,validation,43,mouse
23139,train,43,mouse
23140,train,43,mouse
23141,train,43,mouse
23142,train,43,mouse
23143,train,43,mouse
23144,test,43,mouse
23145,train,43,mouse
23146,train,43,mouse
23147,train,43,mouse
23148,train,43,mouse
23149,test,43,mouse
23150,validation,43,mouse
23151,train,43,mouse
23152,test,43,mouse
23153,validation,43,mouse
23154,train,43,mouse
23155,train,43,mouse
23156,train,43,mouse
23157,train,43,mouse
23158,train,43,mouse
23159,test,43,mouse
23160,test,43,mouse
23161,train,43,mouse
23162,train,43,mouse
23163,test,43,mouse
23164,validation,43,mouse
23165,train,43,mouse
23166,test,43,mouse
23167,test,43,mouse
23168,train,43,mouse
23169,test,43,mouse
23170,train,43,mouse
23171,train,43,mouse
23172,validation,43,mouse
23173,train,43,mouse
23174,validation,43,mouse
23175,test,43,mouse
23176,train,43,mouse
23177,validation,43,mouse
23178,train,43,mouse
23179,train,43,mouse
23180,train,43,mouse
23181,train,43,mouse
23182,validation,43,mouse
23183,train,43,mouse
23184,train,43,mouse
23185,validation,43,mouse
23186,train,43,mouse
23187,train,43,mouse
23188,train,43,mouse
23189,test,43,mouse
23190,train,43,mouse
23191,train,43,mouse
23192,test,35,otter
23193,train,35,otter
23194,train,35,otter
23195,test,35,otter
23196,train,35,otter
23197,train,35,otter
23198,validation,35,otter
23199,train,35,otter
23200,train,35,otter
23201,validation,35,otter
23202,train,35,otter
23203,test,35,otter
23204,test,35,otter
23205,train,35,otter
23206,train,35,otter
23207,test,35,otter
23208,train,35,otter
23209,train,35,otter
23210,test,35,otter
23211,train,35,otter
23212,train,35,otter
23213,validation,35,otter
23214,validation,35,otter
23215,train,35,otter
23216,train,35,otter
23217,train,35,otter
23218,train,35,otter
23219,train,35,otter
23220,test,35,otter
23221,train,35,otter
23222,train,35,otter
23223,train,35,otter
23224,test,35,otter
23225,train,35,otter
23226,validation,35,otter
23227,test,35,otter
23228,train,35,otter
23229,train,35,otter
23230,train,35,otter
23231,test,35,otter
23232,train,35,otter
23233,train,35,otter
23234,train,35,otter
23235,train,35,otter
23236,train,35,otter
23237,train,35,otter
23238,train,35,otter
23239,train,35,otter
23240,train,35,otter
23241,validation,35,otter
23242,train,35,otter
23243,train,35,otter
23244,validation,35,otter
23245,train,35,otter
23246,validation,35,otter
23247,test,35,otter
23248,validation,35,otter
23249,train,35,otter
23250,train,35,otter
23251,train,35,otter
23252,train,35,otter
23253,train,35,otter
23254,validation,35,otter
23255,train,35,otter
23256,validation,35,otter
23257,validation,35,otter
23258,train,35,otter
23259,train,35,otter
23260,train,35,otter
23261,train,35,otter
23262,train,35,otter
23263,train,35,otter
23264,train,35,otter
23265,train,35,otter
23266,validation,35,otter
23267,validation,35,otter
23268,validation,35,otter
23269,train,35,otter
23270,validation,35,otter
23271,train,35,otter
23272,validation,35,otter
23273,train,35,otter
23274,validation,35,otter
23275,validation,35,otter
23276,test,35,otter
23277,train,35,otter
23278,validation,35,otter
23279,train,35,otter
23280,train,35,otter
23281,train,35,otter
23282,test,35,otter
23283,validation,35,otter
23284,validation,35,otter
23285,validation,35,otter
23286,train,35,otter
23287,train,35,otter
23288,train,35,otter
23289,test,35,otter
23290,train,35,otter
23291,train,35,otter
23292,train,35,otter
23293,validation,35,otter
23294,validation,35,otter
23295,test,35,otter
23296,validation,35,otter
23297,test,35,otter
23298,train,35,otter
23299,train,35,otter
23300,train,35,otter
23301,validation,35,otter
23302,validation,35,otter
23303,train,35,otter
23304,validation,35,otter
23305,train,35,otter
23306,train,35,otter
23307,validation,35,otter
23308,validation,35,otter
23309,train,35,otter
23310,train,35,otter
23311,train,35,otter
23312,validation,35,otter
23313,train,35,otter
23314,train,35,otter
23315,test,35,otter
23316,train,35,otter
23317,validation,35,otter
23318,train,35,otter
23319,train,35,otter
23320,validation,35,otter
23321,train,35,otter
23322,train,35,otter
23323,train,35,otter
23324,validation,35,otter
23325,train,35,otter
23326,train,35,otter
23327,train,35,otter
23328,train,35,otter
23329,train,35,otter
23330,train,35,otter
23331,validation,35,otter
23332,train,35,otter
23333,test,35,otter
23334,train,35,otter
23335,train,35,otter
23336,train,35,otter
23337,test,35,otter
23338,validation,35,otter
23339,train,35,otter
23340,test,35,otter
23341,train,35,otter
23342,train,35,otter
23343,validation,35,otter
23344,train,35,otter
23345,test,35,otter
23346,validation,35,otter
23347,train,35,otter
23348,train,35,otter
23349,test,35,otter
23350,train,35,otter
23351,train,35,otter
23352,train,35,otter
23353,test,35,otter
23354,validation,35,otter
23355,validation,35,otter
23356,test,35,otter
23357,validation,35,otter
23358,train,35,otter
23359,validation,35,otter
23360,validation,35,otter
23361,validation,35,otter
23362,train,35,otter
23363,test,35,otter
23364,test,35,otter
23365,test,35,otter
23366,train,35,otter
23367,validation,35,otter
23368,train,35,otter
23369,test,35,otter
23370,validation,35,otter
23371,test,35,otter
23372,train,35,otter
23373,test,35,otter
23374,train,35,otter
23375,train,35,otter
23376,train,35,otter
23377,test,35,otter
23378,train,35,otter
23379,train,35,otter
23380,train,35,otter
23381,test,35,otter
23382,train,35,otter
23383,train,35,otter
23384,test,35,otter
23385,test,35,otter
23386,train,35,otter
23387,test,35,otter
23388,train,35,otter
23389,train,35,otter
23390,train,35,otter
23391,train,35,otter
23392,validation,35,otter
23393,train,35,otter
23394,train,35,otter
23395,train,35,otter
23396,train,35,otter
23397,train,35,otter
23398,validation,35,otter
23399,train,35,otter
23400,train,35,otter
23401,test,35,otter
23402,train,35,otter
23403,test,35,otter
23404,test,35,otter
23405,train,35,otter
23406,train,35,otter
23407,test,35,otter
23408,train,35,otter
23409,train,35,otter
23410,train,35,otter
23411,train,35,otter
23412,train,35,otter
23413,test,35,otter
23414,train,35,otter
23415,train,35,otter
23416,test,35,otter
23417,train,35,otter
23418,train,35,otter
23419,train,35,otter
23420,validation,35,otter
23421,validation,35,otter
23422,train,35,otter
23423,validation,35,otter
23424,train,35,otter
23425,train,35,otter
23426,train,35,otter
23427,validation,35,otter
23428,train,35,otter
23429,validation,35,otter
23430,train,35,otter
23431,test,35,otter
23432,train,35,otter
23433,train,35,otter
23434,validation,35,otter
23435,test,35,otter
23436,train,35,otter
23437,train,35,otter
23438,train,35,otter
23439,validation,35,otter
23440,test,35,otter
23441,test,35,otter
23442,train,35,otter
23443,train,35,otter
23444,test,35,otter
23445,train,35,otter
23446,train,35,otter
23447,train,35,otter
23448,test,35,otter
23449,train,35,otter
23450,train,35,otter
23451,train,35,otter
23452,train,35,otter
23453,test,35,otter
23454,train,35,otter
23455,train,35,otter
23456,test,35,otter
23457,train,35,otter
23458,test,35,otter
23459,train,35,otter
23460,train,35,otter
23461,test,35,otter
23462,train,35,otter
23463,train,35,otter
23464,train,35,otter
23465,validation,35,otter
23466,test,35,otter
23467,train,35,otter
23468,train,35,otter
23469,train,35,otter
23470,validation,35,otter
23471,validation,35,otter
23472,test,35,otter
23473,train,35,otter
23474,train,35,otter
23475,train,35,otter
23476,validation,35,otter
23477,train,35,otter
23478,train,35,otter
23479,test,35,otter
23480,train,35,otter
23481,train,35,otter
23482,train,35,otter
23483,train,35,otter
23484,validation,35,otter
23485,validation,35,otter
23486,train,35,otter
23487,train,35,otter
23488,test,35,otter
23489,train,35,otter
23490,train,35,otter
23491,train,35,otter
23492,train,35,otter
23493,train,35,otter
23494,validation,35,otter
23495,train,35,otter
23496,train,35,otter
23497,validation,35,otter
23498,train,35,otter
23499,train,35,otter
23500,train,35,otter
23501,train,35,otter
23502,train,35,otter
23503,train,35,otter
23504,train,35,otter
23505,train,35,otter
23506,validation,35,otter
23507,validation,35,otter
23508,train,35,otter
23509,train,35,otter
23510,test,35,otter
23511,validation,35,otter
23512,test,35,otter
23513,train,35,otter
23514,test,35,otter
23515,validation,35,otter
23516,validation,35,otter
23517,train,35,otter
23518,train,35,otter
23519,validation,35,otter
23520,train,35,otter
23521,validation,35,otter
23522,validation,35,otter
23523,train,35,otter
23524,train,35,otter
23525,train,35,otter
23526,train,35,otter
23527,train,35,otter
23528,train,35,otter
23529,train,35,otter
23530,train,35,otter
23531,train,35,otter
23532,train,35,otter
23533,train,35,otter
23534,validation,35,otter
23535,train,35,otter
23536,validation,35,otter
23537,train,35,otter
23538,train,35,otter
23539,test,35,otter
23540,validation,35,otter
23541,test,35,otter
23542,test,35,otter
23543,validation,35,otter
23544,validation,35,otter
23545,train,35,otter
23546,test,35,otter
23547,train,35,otter
23548,test,35,otter
23549,train,35,otter
23550,train,35,otter
23551,validation,35,otter
23552,train,35,otter
23553,validation,35,otter
23554,validation,35,otter
23555,test,35,otter
23556,test,35,otter
23557,train,35,otter
23558,validation,35,otter
23559,test,35,otter
23560,train,35,otter
23561,train,35,otter
23562,train,35,otter
23563,test,35,otter
23564,train,35,otter
23565,train,35,otter
23566,train,35,otter
23567,validation,35,otter
23568,train,35,otter
23569,train,35,otter
23570,train,35,otter
23571,validation,35,otter
23572,test,35,otter
23573,train,35,otter
23574,train,35,otter
23575,test,35,otter
23576,test,35,otter
23577,train,35,otter
23578,train,35,otter
23579,train,35,otter
23580,train,35,otter
23581,train,35,otter
23582,validation,35,otter
23583,test,35,otter
23584,train,35,otter
23585,validation,35,otter
23586,validation,35,otter
23587,train,35,otter
23588,test,35,otter
23589,train,35,otter
23590,train,35,otter
23591,test,35,otter
23592,train,35,otter
23593,train,35,otter
23594,train,35,otter
23595,validation,35,otter
23596,train,35,otter
23597,train,35,otter
23598,test,35,otter
23599,validation,35,otter
23600,test,35,otter
23601,test,35,otter
23602,train,35,otter
23603,train,35,otter
23604,test,35,otter
23605,test,35,otter
23606,train,35,otter
23607,test,35,otter
23608,train,35,otter
23609,train,35,otter
23610,train,35,otter
23611,train,35,otter
23612,train,35,otter
23613,validation,35,otter
23614,test,35,otter
23615,train,35,otter
23616,test,35,otter
23617,train,35,otter
23618,train,35,otter
23619,train,35,otter
23620,train,35,otter
23621,train,35,otter
23622,train,35,otter
23623,test,35,otter
23624,validation,35,otter
23625,train,35,otter
23626,train,35,otter
23627,train,35,otter
23628,train,35,otter
23629,validation,35,otter
23630,test,35,otter
23631,train,35,otter
23632,train,35,otter
23633,train,35,otter
23634,test,35,otter
23635,train,35,otter
23636,test,35,otter
23637,test,35,otter
23638,train,35,otter
23639,train,35,otter
23640,train,35,otter
23641,test,35,otter
23642,test,35,otter
23643,validation,35,otter
23644,validation,35,otter
23645,test,35,otter
23646,validation,35,otter
23647,train,35,otter
23648,train,35,otter
23649,train,35,otter
23650,train,35,otter
23651,train,35,otter
23652,train,35,otter
23653,train,35,otter
23654,validation,35,otter
23655,train,35,otter
23656,train,35,otter
23657,train,35,otter
23658,train,35,otter
23659,train,35,otter
23660,validation,35,otter
23661,train,35,otter
23662,test,35,otter
23663,test,35,otter
23664,train,35,otter
23665,train,35,otter
23666,train,35,otter
23667,test,35,otter
23668,train,35,otter
23669,train,35,otter
23670,test,35,otter
23671,train,35,otter
23672,train,35,otter
23673,train,35,otter
23674,test,35,otter
23675,validation,35,otter
23676,validation,35,otter
23677,train,35,otter
23678,validation,35,otter
23679,validation,35,otter
23680,test,35,otter
23681,train,35,otter
23682,train,35,otter
23683,test,35,otter
23684,train,35,otter
23685,train,35,otter
23686,test,35,otter
23687,test,35,otter
23688,test,35,otter
23689,train,35,otter
23690,train,35,otter
23691,train,35,otter
23692,train,35,otter
23693,train,35,otter
23694,test,35,otter
23695,train,35,otter
23696,train,35,otter
23697,train,35,otter
23698,test,35,otter
23699,train,35,otter
23700,validation,35,otter
23701,test,35,otter
23702,train,35,otter
23703,test,35,otter
23704,train,35,otter
23705,test,35,otter
23706,train,35,otter
23707,test,35,otter
23708,train,35,otter
23709,train,35,otter
23710,train,35,otter
23711,validation,35,otter
23712,validation,35,otter
23713,train,35,otter
23714,test,35,otter
23715,train,35,otter
23716,train,35,otter
23717,train,35,otter
23718,train,35,otter
23719,train,35,otter
23720,train,35,otter
23721,test,35,otter
23722,test,35,otter
23723,train,35,otter
23724,test,35,otter
23725,train,35,otter
23726,test,35,otter
23727,train,35,otter
23728,test,35,otter
23729,train,35,otter
23730,validation,35,otter
23731,train,35,otter
23732,train,35,otter
23733,validation,35,otter
23734,train,35,otter
23735,train,35,otter
23736,validation,35,otter
23737,train,35,otter
23738,train,35,otter
23739,train,35,otter
23740,train,35,otter
23741,train,35,otter
23742,test,35,otter
23743,test,35,otter
23744,train,35,otter
23745,train,35,otter
23746,train,35,otter
23747,train,35,otter
23748,train,35,otter
23749,train,35,otter
23750,train,35,otter
23751,validation,35,otter
23752,train,35,otter
23753,train,35,otter
23754,train,35,otter
23755,train,35,otter
23756,train,35,otter
23757,validation,35,otter
23758,validation,35,otter
23759,train,35,otter
23760,train,35,otter
23761,validation,35,otter
23762,validation,35,otter
23763,test,35,otter
23764,train,35,otter
23765,train,35,otter
23766,train,35,otter
23767,train,35,otter
23768,train,35,otter
23769,validation,35,otter
23770,validation,35,otter
23771,test,35,otter
23772,train,35,otter
23773,train,35,otter
23774,train,35,otter
23775,train,35,otter
23776,train,35,otter
23777,train,35,otter
23778,train,35,otter
23779,train,35,otter
23780,train,35,otter
23781,train,35,otter
23782,validation,35,otter
23783,test,35,otter
23784,test,35,otter
23785,train,35,otter
23786,test,35,otter
23787,validation,35,otter
23788,train,35,otter
23789,train,35,otter
23790,validation,35,otter
23791,train,35,otter
23792,test,35,otter
23793,validation,35,otter
23794,validation,35,otter
23795,train,35,otter
23796,train,35,otter
23797,test,35,otter
23798,train,35,otter
23799,validation,35,otter
23800,test,35,otter
23801,validation,35,otter
23802,train,35,otter
23803,train,35,otter
23804,train,35,otter
23805,train,35,otter
23806,test,35,otter
23807,train,35,otter
23808,train,35,otter
23809,validation,35,otter
23810,train,35,otter
23811,validation,35,otter
23812,train,35,otter
23813,test,35,otter
23814,test,35,otter
23815,train,35,otter
23816,test,35,otter
23817,train,35,otter
23818,validation,35,otter
23819,train,35,otter
23820,train,35,otter
23821,validation,35,otter
23822,train,35,otter
23823,test,35,otter
23824,validation,35,otter
23825,train,35,otter
23826,train,35,otter
23827,validation,35,otter
23828,train,35,otter
23829,test,35,otter
23830,validation,35,otter
23831,train,35,otter
23832,validation,35,otter
23833,train,35,otter
23834,train,35,otter
23835,test,35,otter
23836,validation,35,otter
23837,test,35,otter
23838,train,35,otter
23839,validation,35,otter
23840,validation,35,otter
23841,validation,35,otter
23842,test,35,otter
23843,train,35,otter
23844,train,35,otter
23845,train,35,otter
23846,test,35,otter
23847,train,35,otter
23848,test,35,otter
23849,train,35,otter
23850,test,35,otter
23851,test,35,otter
23852,train,35,otter
23853,train,35,otter
23854,test,35,otter
23855,train,35,otter
23856,validation,35,otter
23857,validation,35,otter
23858,validation,35,otter
23859,train,35,otter
23860,train,35,otter
23861,train,35,otter
23862,train,35,otter
23863,validation,35,otter
23864,validation,35,otter
23865,train,35,otter
23866,train,35,otter
23867,train,35,otter
23868,train,35,otter
23869,train,35,otter
23870,train,35,otter
23871,train,35,otter
23872,test,35,otter
23873,validation,35,otter
23874,train,35,otter
23875,train,35,otter
23876,validation,35,otter
23877,train,35,otter
23878,train,35,otter
23879,train,35,otter
23880,test,35,otter
23881,train,35,otter
23882,train,35,otter
23883,train,35,otter
23884,train,35,otter
23885,validation,35,otter
23886,train,35,otter
23887,test,35,otter
23888,test,35,otter
23889,train,35,otter
23890,train,35,otter
23891,test,35,otter
23892,train,35,otter
23893,test,35,otter
23894,test,35,otter
23895,train,35,otter
23896,validation,35,otter
23897,train,35,otter
23898,test,35,otter
23899,validation,35,otter
23900,train,35,otter
23901,validation,35,otter
23902,train,35,otter
23903,validation,35,otter
23904,train,35,otter
23905,validation,35,otter
23906,train,35,otter
23907,train,35,otter
23908,test,35,otter
23909,validation,35,otter
23910,train,35,otter
23911,train,35,otter
23912,validation,35,otter
23913,train,35,otter
23914,test,35,otter
23915,train,35,otter
23916,train,35,otter
23917,test,35,otter
23918,train,35,otter
23919,train,35,otter
23920,test,35,otter
23921,test,35,otter
23922,train,35,otter
23923,test,35,otter
23924,validation,35,otter
23925,train,35,otter
23926,train,35,otter
23927,train,35,otter
23928,train,35,otter
23929,train,35,otter
23930,train,35,otter
23931,train,35,otter
23932,test,35,otter
23933,train,35,otter
23934,train,35,otter
23935,validation,35,otter
23936,train,35,otter
23937,train,35,otter
23938,train,35,otter
23939,validation,35,otter
23940,train,35,otter
23941,train,35,otter
23942,train,35,otter
23943,test,35,otter
23944,test,35,otter
23945,train,35,otter
23946,train,35,otter
23947,train,35,otter
23948,validation,35,otter
23949,train,35,otter
23950,train,20,ox
23951,validation,20,ox
23952,validation,20,ox
23953,train,20,ox
23954,train,20,ox
23955,validation,20,ox
23956,train,20,ox
23957,test,20,ox
23958,test,20,ox
23959,test,20,ox
23960,train,20,ox
23961,validation,20,ox
23962,test,20,ox
23963,validation,20,ox
23964,train,20,ox
23965,train,20,ox
23966,test,20,ox
23967,train,20,ox
23968,train,20,ox
23969,train,20,ox
23970,validation,20,ox
23971,train,20,ox
23972,train,20,ox
23973,train,20,ox
23974,train,20,ox
23975,train,20,ox
23976,validation,20,ox
23977,train,20,ox
23978,validation,20,ox
23979,train,20,ox
23980,train,20,ox
23981,train,20,ox
23982,train,20,ox
23983,train,20,ox
23984,test,20,ox
23985,validation,20,ox
23986,train,20,ox
23987,train,20,ox
23988,train,20,ox
23989,test,20,ox
23990,train,20,ox
23991,train,20,ox
23992,train,20,ox
23993,test,20,ox
23994,test,20,ox
23995,train,20,ox
23996,validation,20,ox
23997,validation,20,ox
23998,train,20,ox
23999,test,20,ox
24000,train,20,ox
24001,validation,20,ox
24002,test,20,ox
24003,train,20,ox
24004,test,20,ox
24005,train,20,ox
24006,train,20,ox
24007,test,20,ox
24008,train,20,ox
24009,train,20,ox
24010,validation,20,ox
24011,test,20,ox
24012,train,20,ox
24013,test,20,ox
24014,validation,20,ox
24015,validation,20,ox
24016,train,20,ox
24017,test,20,ox
24018,train,20,ox
24019,train,20,ox
24020,test,20,ox
24021,train,20,ox
24022,test,20,ox
24023,validation,20,ox
24024,test,20,ox
24025,validation,20,ox
24026,test,20,ox
24027,test,20,ox
24028,train,20,ox
24029,train,20,ox
24030,train,20,ox
24031,validation,20,ox
24032,validation,20,ox
24033,train,20,ox
24034,train,20,ox
24035,validation,20,ox
24036,train,20,ox
24037,train,20,ox
24038,train,20,ox
24039,validation,20,ox
24040,test,20,ox
24041,train,20,ox
24042,test,20,ox
24043,validation,20,ox
24044,test,20,ox
24045,train,20,ox
24046,train,20,ox
24047,train,20,ox
24048,train,20,ox
24049,train,20,ox
24050,validation,20,ox
24051,train,20,ox
24052,train,20,ox
24053,train,20,ox
24054,train,20,ox
24055,train,20,ox
24056,train,20,ox
24057,test,20,ox
24058,test,20,ox
24059,train,20,ox
24060,train,20,ox
24061,train,20,ox
24062,train,20,ox
24063,validation,20,ox
24064,validation,20,ox
24065,validation,20,ox
24066,test,20,ox
24067,validation,20,ox
24068,train,20,ox
24069,train,20,ox
24070,test,20,ox
24071,train,20,ox
24072,train,20,ox
24073,train,20,ox
24074,train,20,ox
24075,train,20,ox
24076,train,20,ox
24077,train,20,ox
24078,train,20,ox
24079,validation,20,ox
24080,train,20,ox
24081,validation,20,ox
24082,validation,20,ox
24083,test,20,ox
24084,train,20,ox
24085,train,20,ox
24086,train,20,ox
24087,train,20,ox
24088,train,20,ox
24089,train,20,ox
24090,train,20,ox
24091,validation,20,ox
24092,train,20,ox
24093,train,20,ox
24094,train,20,ox
24095,test,20,ox
24096,train,20,ox
24097,train,20,ox
24098,test,20,ox
24099,train,20,ox
24100,train,20,ox
24101,train,20,ox
24102,train,20,ox
24103,train,20,ox
24104,train,20,ox
24105,test,20,ox
24106,train,20,ox
24107,train,20,ox
24108,validation,20,ox
24109,train,20,ox
24110,train,20,ox
24111,train,20,ox
24112,validation,20,ox
24113,test,20,ox
24114,validation,20,ox
24115,train,20,ox
24116,train,20,ox
24117,train,20,ox
24118,train,20,ox
24119,train,20,ox
24120,test,20,ox
24121,train,20,ox
24122,validation,20,ox
24123,train,20,ox
24124,test,20,ox
24125,train,20,ox
24126,train,20,ox
24127,test,20,ox
24128,test,20,ox
24129,validation,20,ox
24130,train,20,ox
24131,train,20,ox
24132,train,20,ox
24133,train,20,ox
24134,train,20,ox
24135,validation,20,ox
24136,train,20,ox
24137,test,20,ox
24138,train,20,ox
24139,train,20,ox
24140,validation,20,ox
24141,train,20,ox
24142,test,20,ox
24143,validation,20,ox
24144,validation,20,ox
24145,test,20,ox
24146,train,20,ox
24147,train,20,ox
24148,train,20,ox
24149,train,20,ox
24150,train,20,ox
24151,test,20,ox
24152,train,20,ox
24153,validation,20,ox
24154,train,20,ox
24155,test,20,ox
24156,train,20,ox
24157,train,20,ox
24158,test,20,ox
24159,train,20,ox
24160,train,20,ox
24161,validation,20,ox
24162,validation,20,ox
24163,train,20,ox
24164,validation,20,ox
24165,train,20,ox
24166,train,20,ox
24167,train,20,ox
24168,train,20,ox
24169,validation,20,ox
24170,validation,20,ox
24171,train,20,ox
24172,train,20,ox
24173,validation,20,ox
24174,train,20,ox
24175,train,20,ox
24176,train,20,ox
24177,validation,20,ox
24178,train,20,ox
24179,train,20,ox
24180,train,20,ox
24181,train,20,ox
24182,test,20,ox
24183,train,20,ox
24184,validation,20,ox
24185,train,20,ox
24186,validation,20,ox
24187,train,20,ox
24188,validation,20,ox
24189,train,20,ox
24190,validation,20,ox
24191,train,20,ox
24192,train,20,ox
24193,train,20,ox
24194,train,20,ox
24195,train,20,ox
24196,train,20,ox
24197,train,20,ox
24198,train,20,ox
24199,train,20,ox
24200,train,20,ox
24201,train,20,ox
24202,train,20,ox
24203,test,20,ox
24204,train,20,ox
24205,train,20,ox
24206,test,20,ox
24207,train,20,ox
24208,validation,20,ox
24209,train,20,ox
24210,train,20,ox
24211,test,20,ox
24212,train,20,ox
24213,train,20,ox
24214,train,20,ox
24215,train,20,ox
24216,train,20,ox
24217,test,20,ox
24218,train,20,ox
24219,train,20,ox
24220,validation,20,ox
24221,test,20,ox
24222,train,20,ox
24223,train,20,ox
24224,train,20,ox
24225,validation,20,ox
24226,test,20,ox
24227,train,20,ox
24228,validation,20,ox
24229,test,20,ox
24230,train,20,ox
24231,test,20,ox
24232,validation,20,ox
24233,train,20,ox
24234,train,20,ox
24235,test,20,ox
24236,train,20,ox
24237,train,20,ox
24238,validation,20,ox
24239,validation,20,ox
24240,train,20,ox
24241,train,20,ox
24242,train,20,ox
24243,validation,20,ox
24244,test,20,ox
24245,validation,20,ox
24246,train,20,ox
24247,train,20,ox
24248,train,20,ox
24249,train,20,ox
24250,test,20,ox
24251,train,20,ox
24252,train,20,ox
24253,validation,20,ox
24254,train,20,ox
24255,test,20,ox
24256,test,20,ox
24257,train,20,ox
24258,train,20,ox
24259,train,20,ox
24260,train,20,ox
24261,train,20,ox
24262,train,20,ox
24263,validation,20,ox
24264,train,20,ox
24265,validation,20,ox
24266,train,20,ox
24267,train,20,ox
24268,train,20,ox
24269,train,20,ox
24270,train,20,ox
24271,test,20,ox
24272,train,20,ox
24273,test,20,ox
24274,train,20,ox
24275,train,20,ox
24276,train,20,ox
24277,train,20,ox
24278,validation,20,ox
24279,train,20,ox
24280,train,20,ox
24281,train,20,ox
24282,validation,20,ox
24283,validation,20,ox
24284,train,20,ox
24285,train,20,ox
24286,test,20,ox
24287,train,20,ox
24288,validation,20,ox
24289,train,20,ox
24290,test,20,ox
24291,train,20,ox
24292,train,20,ox
24293,test,20,ox
24294,train,20,ox
24295,train,20,ox
24296,train,20,ox
24297,train,20,ox
24298,train,20,ox
24299,train,20,ox
24300,train,20,ox
24301,train,20,ox
24302,validation,20,ox
24303,train,20,ox
24304,train,20,ox
24305,test,20,ox
24306,test,20,ox
24307,train,20,ox
24308,validation,20,ox
24309,validation,20,ox
24310,train,20,ox
24311,test,20,ox
24312,train,20,ox
24313,train,20,ox
24314,train,20,ox
24315,test,20,ox
24316,train,20,ox
24317,test,20,ox
24318,validation,20,ox
24319,train,20,ox
24320,validation,20,ox
24321,train,20,ox
24322,validation,20,ox
24323,train,20,ox
24324,test,20,ox
24325,validation,20,ox
24326,train,20,ox
24327,validation,20,ox
24328,validation,20,ox
24329,validation,20,ox
24330,train,20,ox
24331,test,20,ox
24332,train,20,ox
24333,train,20,ox
24334,test,20,ox
24335,validation,20,ox
24336,validation,20,ox
24337,train,20,ox
24338,validation,20,ox
24339,train,20,ox
24340,validation,20,ox
24341,test,20,ox
24342,train,20,ox
24343,train,20,ox
24344,validation,20,ox
24345,train,20,ox
24346,test,20,ox
24347,validation,20,ox
24348,train,20,ox
24349,train,20,ox
24350,train,20,ox
24351,train,20,ox
24352,train,20,ox
24353,validation,20,ox
24354,test,20,ox
24355,train,20,ox
24356,train,20,ox
24357,validation,20,ox
24358,train,20,ox
24359,test,20,ox
24360,validation,20,ox
24361,train,20,ox
24362,train,20,ox
24363,validation,20,ox
24364,train,20,ox
24365,validation,20,ox
24366,validation,20,ox
24367,train,20,ox
24368,train,20,ox
24369,train,20,ox
24370,train,20,ox
24371,validation,20,ox
24372,train,20,ox
24373,train,20,ox
24374,train,20,ox
24375,validation,20,ox
24376,train,20,ox
24377,test,20,ox
24378,validation,20,ox
24379,train,20,ox
24380,validation,20,ox
24381,train,20,ox
24382,validation,20,ox
24383,test,20,ox
24384,train,20,ox
24385,train,20,ox
24386,train,20,ox
24387,train,20,ox
24388,train,20,ox
24389,train,20,ox
24390,train,20,ox
24391,train,20,ox
24392,train,20,ox
24393,train,20,ox
24394,test,20,ox
24395,test,20,ox
24396,train,20,ox
24397,train,20,ox
24398,train,20,ox
24399,train,20,ox
24400,validation,20,ox
24401,validation,20,ox
24402,test,20,ox
24403,validation,20,ox
24404,test,20,ox
24405,train,20,ox
24406,train,20,ox
24407,validation,20,ox
24408,train,20,ox
24409,train,20,ox
24410,train,20,ox
24411,validation,20,ox
24412,train,20,ox
24413,validation,20,ox
24414,validation,20,ox
24415,validation,20,ox
24416,validation,20,ox
24417,test,20,ox
24418,train,20,ox
24419,validation,20,ox
24420,train,20,ox
24421,train,20,ox
24422,train,20,ox
24423,test,20,ox
24424,test,20,ox
24425,train,20,ox
24426,train,20,ox
24427,train,20,ox
24428,train,20,ox
24429,validation,20,ox
24430,train,20,ox
24431,test,20,ox
24432,train,20,ox
24433,train,20,ox
24434,train,20,ox
24435,train,20,ox
24436,train,20,ox
24437,train,20,ox
24438,train,20,ox
24439,test,20,ox
24440,validation,20,ox
24441,train,20,ox
24442,test,20,ox
24443,validation,20,ox
24444,train,20,ox
24445,train,20,ox
24446,test,20,ox
24447,train,20,ox
24448,train,20,ox
24449,validation,20,ox
24450,train,20,ox
24451,validation,20,ox
24452,train,20,ox
24453,train,20,ox
24454,test,20,ox
24455,train,20,ox
24456,test,20,ox
24457,train,20,ox
24458,train,20,ox
24459,train,20,ox
24460,test,20,ox
24461,train,20,ox
24462,train,20,ox
24463,train,20,ox
24464,validation,20,ox
24465,train,20,ox
24466,validation,20,ox
24467,test,20,ox
24468,test,20,ox
24469,test,20,ox
24470,train,20,ox
24471,test,20,ox
24472,validation,20,ox
24473,train,20,ox
24474,validation,20,ox
24475,train,20,ox
24476,train,20,ox
24477,train,20,ox
24478,train,20,ox
24479,validation,20,ox
24480,validation,20,ox
24481,train,20,ox
24482,train,20,ox
24483,validation,20,ox
24484,train,20,ox
24485,train,20,ox
24486,train,20,ox
24487,train,20,ox
24488,train,20,ox
24489,train,20,ox
24490,train,20,ox
24491,test,20,ox
24492,train,20,ox
24493,test,20,ox
24494,train,20,ox
24495,train,20,ox
24496,train,20,ox
24497,train,20,ox
24498,train,20,ox
24499,train,20,ox
24500,validation,20,ox
24501,test,20,ox
24502,train,20,ox
24503,train,20,ox
24504,validation,20,ox
24505,validation,20,ox
24506,train,20,ox
24507,validation,20,ox
24508,test,20,ox
24509,train,20,ox
24510,test,20,ox
24511,train,20,ox
24512,test,20,ox
24513,test,20,ox
24514,train,20,ox
24515,test,20,ox
24516,validation,20,ox
24517,train,20,ox
24518,validation,20,ox
24519,train,20,ox
24520,validation,20,ox
24521,test,20,ox
24522,train,20,ox
24523,validation,20,ox
24524,train,20,ox
24525,train,20,ox
24526,test,20,ox
24527,validation,20,ox
24528,test,20,ox
24529,train,20,ox
24530,validation,20,ox
24531,train,20,ox
24532,validation,20,ox
24533,test,20,ox
24534,train,20,ox
24535,train,20,ox
24536,validation,20,ox
24537,train,20,ox
24538,test,20,ox
24539,test,20,ox
24540,test,20,ox
24541,train,20,ox
24542,train,20,ox
24543,validation,20,ox
24544,test,20,ox
24545,test,20,ox
24546,test,20,ox
24547,test,20,ox
24548,train,20,ox
24549,train,20,ox
24550,test,20,ox
24551,train,20,ox
24552,test,20,ox
24553,train,20,ox
24554,test,20,ox
24555,test,20,ox
24556,train,20,ox
24557,train,20,ox
24558,test,20,ox
24559,train,20,ox
24560,train,20,ox
24561,train,20,ox
24562,test,20,ox
24563,validation,20,ox
24564,train,20,ox
24565,train,20,ox
24566,train,20,ox
24567,validation,20,ox
24568,validation,20,ox
24569,test,20,ox
24570,train,20,ox
24571,test,20,ox
24572,test,20,ox
24573,test,20,ox
24574,train,20,ox
24575,train,20,ox
24576,train,20,ox
24577,test,20,ox
24578,train,20,ox
24579,train,20,ox
24580,train,20,ox
24581,train,20,ox
24582,train,20,ox
24583,train,20,ox
24584,train,20,ox
24585,train,20,ox
24586,train,20,ox
24587,validation,20,ox
24588,test,20,ox
24589,train,20,ox
24590,validation,20,ox
24591,train,20,ox
24592,test,20,ox
24593,validation,20,ox
24594,test,20,ox
24595,train,20,ox
24596,train,20,ox
24597,test,20,ox
24598,test,20,ox
24599,train,20,ox
24600,validation,20,ox
24601,train,20,ox
24602,test,20,ox
24603,train,20,ox
24604,train,20,ox
24605,train,20,ox
24606,train,20,ox
24607,validation,20,ox
24608,train,20,ox
24609,train,20,ox
24610,validation,20,ox
24611,test,20,ox
24612,train,20,ox
24613,train,20,ox
24614,train,20,ox
24615,train,20,ox
24616,train,20,ox
24617,train,20,ox
24618,test,20,ox
24619,train,20,ox
24620,test,20,ox
24621,train,20,ox
24622,validation,20,ox
24623,train,20,ox
24624,validation,20,ox
24625,train,20,ox
24626,train,20,ox
24627,validation,20,ox
24628,train,20,ox
24629,validation,20,ox
24630,train,20,ox
24631,train,20,ox
24632,test,20,ox
24633,test,20,ox
24634,validation,20,ox
24635,train,20,ox
24636,train,20,ox
24637,train,20,ox
24638,train,20,ox
24639,train,20,ox
24640,train,20,ox
24641,test,20,ox
24642,train,20,ox
24643,test,20,ox
24644,test,20,ox
24645,test,20,ox
24646,train,20,ox
24647,train,20,ox
24648,test,20,ox
24649,train,20,ox
24650,train,20,ox
24651,train,20,ox
24652,train,20,ox
24653,train,20,ox
24654,test,20,ox
24655,validation,20,ox
24656,train,20,ox
24657,validation,20,ox
24658,train,20,ox
24659,train,20,ox
24660,test,20,ox
24661,train,20,ox
24662,train,20,ox
24663,train,20,ox
24664,train,20,ox
24665,train,20,ox
24666,train,20,ox
24667,test,20,ox
24668,train,20,ox
24669,train,20,ox
24670,train,20,ox
24671,test,20,ox
24672,test,20,ox
24673,train,20,ox
24674,train,20,ox
24675,train,20,ox
24676,train,20,ox
24677,train,20,ox
24678,validation,5,persian cat
24679,train,5,persian cat
24680,train,5,persian cat
24681,train,5,persian cat
24682,train,5,persian cat
24683,train,5,persian cat
24684,train,5,persian cat
24685,validation,5,persian cat
24686,train,5,persian cat
24687,train,5,persian cat
24688,train,5,persian cat
24689,train,5,persian cat
24690,train,5,persian cat
24691,train,5,persian cat
24692,train,5,persian cat
24693,validation,5,persian cat
24694,test,5,persian cat
24695,train,5,persian cat
24696,validation,5,persian cat
24697,train,5,persian cat
24698,train,5,persian cat
24699,train,5,persian cat
24700,train,5,persian cat
24701,train,5,persian cat
24702,train,5,persian cat
24703,test,5,persian cat
24704,train,5,persian cat
24705,train,5,persian cat
24706,train,5,persian cat
24707,train,5,persian cat
24708,train,5,persian cat
24709,train,5,persian cat
24710,train,5,persian cat
24711,train,5,persian cat
24712,test,5,persian cat
24713,train,5,persian cat
24714,test,5,persian cat
24715,train,5,persian cat
24716,validation,5,persian cat
24717,validation,5,persian cat
24718,validation,5,persian cat
24719,train,5,persian cat
24720,train,5,persian cat
24721,train,5,persian cat
24722,validation,5,persian cat
24723,test,5,persian cat
24724,validation,5,persian cat
24725,train,5,persian cat
24726,validation,5,persian cat
24727,train,5,persian cat
24728,train,5,persian cat
24729,train,5,persian cat
24730,train,5,persian cat
24731,train,5,persian cat
24732,train,5,persian cat
24733,train,5,persian cat
24734,train,5,persian cat
24735,train,5,persian cat
24736,validation,5,persian cat
24737,train,5,persian cat
24738,train,5,persian cat
24739,test,5,persian cat
24740,test,5,persian cat
24741,train,5,persian cat
24742,test,5,persian cat
24743,validation,5,persian cat
24744,train,5,persian cat
24745,validation,5,persian cat
24746,train,5,persian cat
24747,train,5,persian cat
24748,train,5,persian cat
24749,validation,5,persian cat
24750,test,5,persian cat
24751,train,5,persian cat
24752,test,5,persian cat
24753,validation,5,persian cat
24754,train,5,persian cat
24755,train,5,persian cat
24756,train,5,persian cat
24757,train,5,persian cat
24758,train,5,persian cat
24759,train,5,persian cat
24760,test,5,persian cat
24761,train,5,persian cat
24762,train,5,persian cat
24763,train,5,persian cat
24764,test,5,persian cat
24765,train,5,persian cat
24766,validation,5,persian cat
24767,validation,5,persian cat
24768,train,5,persian cat
24769,train,5,persian cat
24770,test,5,persian cat
24771,train,5,persian cat
24772,train,5,persian cat
24773,train,5,persian cat
24774,train,5,persian cat
24775,train,5,persian cat
24776,train,5,persian cat
24777,train,5,persian cat
24778,train,5,persian cat
24779,validation,5,persian cat
24780,validation,5,persian cat
24781,test,5,persian cat
24782,train,5,persian cat
24783,test,5,persian cat
24784,train,5,persian cat
24785,test,5,persian cat
24786,validation,5,persian cat
24787,train,5,persian cat
24788,train,5,persian cat
24789,train,5,persian cat
24790,train,5,persian cat
24791,train,5,persian cat
24792,test,5,persian cat
24793,train,5,persian cat
24794,train,5,persian cat
24795,train,5,persian cat
24796,train,5,persian cat
24797,validation,5,persian cat
24798,train,5,persian cat
24799,train,5,persian cat
24800,train,5,persian cat
24801,test,5,persian cat
24802,train,5,persian cat
24803,train,5,persian cat
24804,validation,5,persian cat
24805,train,5,persian cat
24806,validation,5,persian cat
24807,train,5,persian cat
24808,test,5,persian cat
24809,test,5,persian cat
24810,train,5,persian cat
24811,train,5,persian cat
24812,train,5,persian cat
24813,validation,5,persian cat
24814,train,5,persian cat
24815,train,5,persian cat
24816,train,5,persian cat
24817,train,5,persian cat
24818,train,5,persian cat
24819,test,5,persian cat
24820,test,5,persian cat
24821,train,5,persian cat
24822,train,5,persian cat
24823,train,5,persian cat
24824,test,5,persian cat
24825,train,5,persian cat
24826,train,5,persian cat
24827,train,5,persian cat
24828,train,5,persian cat
24829,train,5,persian cat
24830,validation,5,persian cat
24831,validation,5,persian cat
24832,train,5,persian cat
24833,test,5,persian cat
24834,train,5,persian cat
24835,test,5,persian cat
24836,train,5,persian cat
24837,train,5,persian cat
24838,train,5,persian cat
24839,validation,5,persian cat
24840,train,5,persian cat
24841,test,5,persian cat
24842,train,5,persian cat
24843,train,5,persian cat
24844,train,5,persian cat
24845,test,5,persian cat
24846,train,5,persian cat
24847,train,5,persian cat
24848,train,5,persian cat
24849,train,5,persian cat
24850,test,5,persian cat
24851,validation,5,persian cat
24852,train,5,persian cat
24853,validation,5,persian cat
24854,test,5,persian cat
24855,train,5,persian cat
24856,test,5,persian cat
24857,train,5,persian cat
24858,train,5,persian cat
24859,train,5,persian cat
24860,validation,5,persian cat
24861,train,5,persian cat
24862,train,5,persian cat
24863,train,5,persian cat
24864,train,5,persian cat
24865,train,5,persian cat
24866,train,5,persian cat
24867,test,5,persian cat
24868,test,5,persian cat
24869,test,5,persian cat
24870,train,5,persian cat
24871,test,5,persian cat
24872,train,5,persian cat
24873,validation,5,persian cat
24874,train,5,persian cat
24875,train,5,persian cat
24876,train,5,persian cat
24877,train,5,persian cat
24878,validation,5,persian cat
24879,train,5,persian cat
24880,test,5,persian cat
24881,train,5,persian cat
24882,train,5,persian cat
24883,train,5,persian cat
24884,validation,5,persian cat
24885,train,5,persian cat
24886,train,5,persian cat
24887,validation,5,persian cat
24888,validation,5,persian cat
24889,train,5,persian cat
24890,train,5,persian cat
24891,validation,5,persian cat
24892,test,5,persian cat
24893,train,5,persian cat
24894,train,5,persian cat
24895,validation,5,persian cat
24896,validation,5,persian cat
24897,validation,5,persian cat
24898,train,5,persian cat
24899,validation,5,persian cat
24900,train,5,persian cat
24901,train,5,persian cat
24902,train,5,persian cat
24903,test,5,persian cat
24904,test,5,persian cat
24905,train,5,persian cat
24906,train,5,persian cat
24907,train,5,persian cat
24908,train,5,persian cat
24909,test,5,persian cat
24910,validation,5,persian cat
24911,train,5,persian cat
24912,train,5,persian cat
24913,train,5,persian cat
24914,train,5,persian cat
24915,test,5,persian cat
24916,train,5,persian cat
24917,validation,5,persian cat
24918,train,5,persian cat
24919,train,5,persian cat
24920,train,5,persian cat
24921,train,5,persian cat
24922,validation,5,persian cat
24923,train,5,persian cat
24924,test,5,persian cat
24925,validation,5,persian cat
24926,train,5,persian cat
24927,validation,5,persian cat
24928,validation,5,persian cat
24929,train,5,persian cat
24930,train,5,persian cat
24931,train,5,persian cat
24932,test,5,persian cat
24933,train,5,persian cat
24934,train,5,persian cat
24935,train,5,persian cat
24936,test,5,persian cat
24937,test,5,persian cat
24938,train,5,persian cat
24939,validation,5,persian cat
24940,train,5,persian cat
24941,train,5,persian cat
24942,test,5,persian cat
24943,train,5,persian cat
24944,test,5,persian cat
24945,test,5,persian cat
24946,validation,5,persian cat
24947,test,5,persian cat
24948,train,5,persian cat
24949,test,5,persian cat
24950,validation,5,persian cat
24951,train,5,persian cat
24952,validation,5,persian cat
24953,validation,5,persian cat
24954,validation,5,persian cat
24955,train,5,persian cat
24956,test,5,persian cat
24957,train,5,persian cat
24958,test,5,persian cat
24959,train,5,persian cat
24960,test,5,persian cat
24961,validation,5,persian cat
24962,train,5,persian cat
24963,test,5,persian cat
24964,train,5,persian cat
24965,train,5,persian cat
24966,validation,5,persian cat
24967,train,5,persian cat
24968,test,5,persian cat
24969,train,5,persian cat
24970,train,5,persian cat
24971,train,5,persian cat
24972,validation,5,persian cat
24973,train,5,persian cat
24974,validation,5,persian cat
24975,train,5,persian cat
24976,train,5,persian cat
24977,train,5,persian cat
24978,test,5,persian cat
24979,test,5,persian cat
24980,train,5,persian cat
24981,test,5,persian cat
24982,test,5,persian cat
24983,train,5,persian cat
24984,test,5,persian cat
24985,train,5,persian cat
24986,train,5,persian cat
24987,test,5,persian cat
24988,train,5,persian cat
24989,train,5,persian cat
24990,validation,5,persian cat
24991,test,5,persian cat
24992,train,5,persian cat
24993,train,5,persian cat
24994,train,5,persian cat
24995,validation,5,persian cat
24996,train,5,persian cat
24997,validation,5,persian cat
24998,train,5,persian cat
24999,train,5,persian cat
25000,train,5,persian cat
25001,test,5,persian cat
25002,test,5,persian cat
25003,train,5,persian cat
25004,validation,5,persian cat
25005,train,5,persian cat
25006,train,5,persian cat
25007,train,5,persian cat
25008,train,5,persian cat
25009,test,5,persian cat
25010,validation,5,persian cat
25011,test,5,persian cat
25012,train,5,persian cat
25013,train,5,persian cat
25014,train,5,persian cat
25015,test,5,persian cat
25016,train,5,persian cat
25017,train,5,persian cat
25018,test,5,persian cat
25019,train,5,persian cat
25020,test,5,persian cat
25021,test,5,persian cat
25022,train,5,persian cat
25023,train,5,persian cat
25024,test,5,persian cat
25025,validation,5,persian cat
25026,train,5,persian cat
25027,train,5,persian cat
25028,train,5,persian cat
25029,train,5,persian cat
25030,test,5,persian cat
25031,validation,5,persian cat
25032,train,5,persian cat
25033,train,5,persian cat
25034,train,5,persian cat
25035,train,5,persian cat
25036,train,5,persian cat
25037,train,5,persian cat
25038,test,5,persian cat
25039,test,5,persian cat
25040,validation,5,persian cat
25041,validation,5,persian cat
25042,train,5,persian cat
25043,validation,5,persian cat
25044,train,5,persian cat
25045,train,5,persian cat
25046,train,5,persian cat
25047,train,5,persian cat
25048,train,5,persian cat
25049,test,5,persian cat
25050,train,5,persian cat
25051,train,5,persian cat
25052,test,5,persian cat
25053,validation,5,persian cat
25054,validation,5,persian cat
25055,train,5,persian cat
25056,train,5,persian cat
25057,test,5,persian cat
25058,train,5,persian cat
25059,validation,5,persian cat
25060,train,5,persian cat
25061,train,5,persian cat
25062,train,5,persian cat
25063,validation,5,persian cat
25064,validation,5,persian cat
25065,train,5,persian cat
25066,train,5,persian cat
25067,train,5,persian cat
25068,train,5,persian cat
25069,train,5,persian cat
25070,validation,5,persian cat
25071,train,5,persian cat
25072,test,5,persian cat
25073,train,5,persian cat
25074,validation,5,persian cat
25075,test,5,persian cat
25076,train,5,persian cat
25077,train,5,persian cat
25078,validation,5,persian cat
25079,train,5,persian cat
25080,train,5,persian cat
25081,validation,5,persian cat
25082,train,5,persian cat
25083,test,5,persian cat
25084,test,5,persian cat
25085,train,5,persian cat
25086,train,5,persian cat
25087,train,5,persian cat
25088,train,5,persian cat
25089,train,5,persian cat
25090,train,5,persian cat
25091,train,5,persian cat
25092,train,5,persian cat
25093,train,5,persian cat
25094,test,5,persian cat
25095,train,5,persian cat
25096,train,5,persian cat
25097,train,5,persian cat
25098,train,5,persian cat
25099,train,5,persian cat
25100,validation,5,persian cat
25101,test,5,persian cat
25102,train,5,persian cat
25103,validation,5,persian cat
25104,train,5,persian cat
25105,train,5,persian cat
25106,train,5,persian cat
25107,train,5,persian cat
25108,validation,5,persian cat
25109,test,5,persian cat
25110,validation,5,persian cat
25111,validation,5,persian cat
25112,train,5,persian cat
25113,train,5,persian cat
25114,test,5,persian cat
25115,test,5,persian cat
25116,train,5,persian cat
25117,train,5,persian cat
25118,validation,5,persian cat
25119,validation,5,persian cat
25120,test,5,persian cat
25121,train,5,persian cat
25122,validation,5,persian cat
25123,train,5,persian cat
25124,train,5,persian cat
25125,train,5,persian cat
25126,validation,5,persian cat
25127,validation,5,persian cat
25128,train,5,persian cat
25129,train,5,persian cat
25130,validation,5,persian cat
25131,test,5,persian cat
25132,validation,5,persian cat
25133,test,5,persian cat
25134,test,5,persian cat
25135,train,5,persian cat
25136,train,5,persian cat
25137,validation,5,persian cat
25138,train,5,persian cat
25139,train,5,persian cat
25140,train,5,persian cat
25141,train,5,persian cat
25142,validation,5,persian cat
25143,train,5,persian cat
25144,test,5,persian cat
25145,validation,5,persian cat
25146,validation,5,persian cat
25147,train,5,persian cat
25148,train,5,persian cat
25149,train,5,persian cat
25150,train,5,persian cat
25151,train,5,persian cat
25152,train,5,persian cat
25153,test,5,persian cat
25154,validation,5,persian cat
25155,train,5,persian cat
25156,train,5,persian cat
25157,validation,5,persian cat
25158,train,5,persian cat
25159,validation,5,persian cat
25160,validation,5,persian cat
25161,train,5,persian cat
25162,test,5,persian cat
25163,test,5,persian cat
25164,train,5,persian cat
25165,train,5,persian cat
25166,train,5,persian cat
25167,train,5,persian cat
25168,train,5,persian cat
25169,test,5,persian cat
25170,train,5,persian cat
25171,validation,5,persian cat
25172,train,5,persian cat
25173,train,5,persian cat
25174,validation,5,persian cat
25175,train,5,persian cat
25176,train,5,persian cat
25177,train,5,persian cat
25178,validation,5,persian cat
25179,train,5,persian cat
25180,train,5,persian cat
25181,test,5,persian cat
25182,test,5,persian cat
25183,validation,5,persian cat
25184,test,5,persian cat
25185,test,5,persian cat
25186,train,5,persian cat
25187,test,5,persian cat
25188,train,5,persian cat
25189,train,5,persian cat
25190,train,5,persian cat
25191,validation,5,persian cat
25192,train,5,persian cat
25193,test,5,persian cat
25194,train,5,persian cat
25195,train,5,persian cat
25196,train,5,persian cat
25197,test,5,persian cat
25198,train,5,persian cat
25199,train,5,persian cat
25200,train,5,persian cat
25201,test,5,persian cat
25202,train,5,persian cat
25203,validation,5,persian cat
25204,validation,5,persian cat
25205,train,5,persian cat
25206,train,5,persian cat
25207,train,5,persian cat
25208,validation,5,persian cat
25209,train,5,persian cat
25210,validation,5,persian cat
25211,validation,5,persian cat
25212,train,5,persian cat
25213,train,5,persian cat
25214,validation,5,persian cat
25215,train,5,persian cat
25216,train,5,persian cat
25217,train,5,persian cat
25218,train,5,persian cat
25219,test,5,persian cat
25220,train,5,persian cat
25221,validation,5,persian cat
25222,train,5,persian cat
25223,validation,5,persian cat
25224,validation,5,persian cat
25225,train,5,persian cat
25226,train,5,persian cat
25227,validation,5,persian cat
25228,test,5,persian cat
25229,validation,5,persian cat
25230,test,5,persian cat
25231,validation,5,persian cat
25232,validation,5,persian cat
25233,validation,5,persian cat
25234,validation,5,persian cat
25235,validation,5,persian cat
25236,test,5,persian cat
25237,train,5,persian cat
25238,train,5,persian cat
25239,validation,5,persian cat
25240,test,5,persian cat
25241,train,5,persian cat
25242,train,5,persian cat
25243,train,5,persian cat
25244,test,5,persian cat
25245,train,5,persian cat
25246,train,5,persian cat
25247,test,5,persian cat
25248,validation,5,persian cat
25249,test,5,persian cat
25250,test,5,persian cat
25251,train,5,persian cat
25252,test,5,persian cat
25253,train,5,persian cat
25254,train,5,persian cat
25255,test,5,persian cat
25256,validation,5,persian cat
25257,train,5,persian cat
25258,test,5,persian cat
25259,train,5,persian cat
25260,train,5,persian cat
25261,train,5,persian cat
25262,train,5,persian cat
25263,validation,5,persian cat
25264,train,5,persian cat
25265,test,5,persian cat
25266,train,5,persian cat
25267,train,5,persian cat
25268,train,5,persian cat
25269,train,5,persian cat
25270,train,5,persian cat
25271,train,5,persian cat
25272,train,5,persian cat
25273,validation,5,persian cat
25274,test,5,persian cat
25275,train,5,persian cat
25276,train,5,persian cat
25277,train,5,persian cat
25278,train,5,persian cat
25279,train,5,persian cat
25280,test,5,persian cat
25281,train,5,persian cat
25282,train,5,persian cat
25283,test,5,persian cat
25284,train,5,persian cat
25285,train,5,persian cat
25286,train,5,persian cat
25287,train,5,persian cat
25288,validation,5,persian cat
25289,validation,5,persian cat
25290,test,5,persian cat
25291,test,5,persian cat
25292,validation,5,persian cat
25293,train,5,persian cat
25294,train,5,persian cat
25295,train,5,persian cat
25296,test,5,persian cat
25297,test,5,persian cat
25298,train,5,persian cat
25299,train,5,persian cat
25300,train,5,persian cat
25301,train,5,persian cat
25302,train,5,persian cat
25303,test,5,persian cat
25304,train,5,persian cat
25305,train,5,persian cat
25306,test,5,persian cat
25307,validation,5,persian cat
25308,train,5,persian cat
25309,train,5,persian cat
25310,train,5,persian cat
25311,validation,5,persian cat
25312,train,5,persian cat
25313,train,5,persian cat
25314,train,5,persian cat
25315,train,5,persian cat
25316,train,5,persian cat
25317,validation,5,persian cat
25318,validation,5,persian cat
25319,validation,5,persian cat
25320,train,5,persian cat
25321,validation,5,persian cat
25322,test,5,persian cat
25323,test,5,persian cat
25324,train,5,persian cat
25325,train,5,persian cat
25326,test,5,persian cat
25327,train,5,persian cat
25328,test,5,persian cat
25329,train,5,persian cat
25330,train,5,persian cat
25331,train,5,persian cat
25332,train,5,persian cat
25333,train,5,persian cat
25334,train,5,persian cat
25335,train,5,persian cat
25336,train,5,persian cat
25337,train,5,persian cat
25338,test,5,persian cat
25339,test,5,persian cat
25340,train,5,persian cat
25341,validation,5,persian cat
25342,test,5,persian cat
25343,test,5,persian cat
25344,test,5,persian cat
25345,validation,5,persian cat
25346,train,5,persian cat
25347,validation,5,persian cat
25348,train,5,persian cat
25349,train,5,persian cat
25350,train,5,persian cat
25351,train,5,persian cat
25352,train,5,persian cat
25353,test,5,persian cat
25354,train,5,persian cat
25355,validation,5,persian cat
25356,train,5,persian cat
25357,train,5,persian cat
25358,train,5,persian cat
25359,train,5,persian cat
25360,train,5,persian cat
25361,test,5,persian cat
25362,test,5,persian cat
25363,validation,5,persian cat
25364,test,5,persian cat
25365,validation,5,persian cat
25366,validation,5,persian cat
25367,train,5,persian cat
25368,train,5,persian cat
25369,validation,5,persian cat
25370,test,5,persian cat
25371,train,5,persian cat
25372,test,5,persian cat
25373,train,5,persian cat
25374,validation,5,persian cat
25375,train,5,persian cat
25376,train,5,persian cat
25377,train,5,persian cat
25378,validation,5,persian cat
25379,train,5,persian cat
25380,validation,5,persian cat
25381,test,5,persian cat
25382,test,5,persian cat
25383,train,5,persian cat
25384,train,5,persian cat
25385,test,5,persian cat
25386,train,5,persian cat
25387,train,5,persian cat
25388,test,5,persian cat
25389,train,5,persian cat
25390,test,5,persian cat
25391,train,5,persian cat
25392,train,5,persian cat
25393,train,5,persian cat
25394,validation,5,persian cat
25395,train,5,persian cat
25396,validation,5,persian cat
25397,train,5,persian cat
25398,test,5,persian cat
25399,train,5,persian cat
25400,train,5,persian cat
25401,test,5,persian cat
25402,train,5,persian cat
25403,train,5,persian cat
25404,train,5,persian cat
25405,validation,5,persian cat
25406,test,5,persian cat
25407,validation,5,persian cat
25408,test,5,persian cat
25409,test,5,persian cat
25410,train,5,persian cat
25411,train,5,persian cat
25412,train,5,persian cat
25413,train,5,persian cat
25414,validation,5,persian cat
25415,train,5,persian cat
25416,train,5,persian cat
25417,train,5,persian cat
25418,train,5,persian cat
25419,validation,5,persian cat
25420,validation,5,persian cat
25421,validation,5,persian cat
25422,train,5,persian cat
25423,validation,5,persian cat
25424,train,5,persian cat
25425,test,41,pig
25426,train,41,pig
25427,train,41,pig
25428,train,41,pig
25429,test,41,pig
25430,train,41,pig
25431,train,41,pig
25432,test,41,pig
25433,train,41,pig
25434,train,41,pig
25435,train,41,pig
25436,train,41,pig
25437,test,41,pig
25438,train,41,pig
25439,train,41,pig
25440,train,41,pig
25441,validation,41,pig
25442,train,41,pig
25443,validation,41,pig
25444,train,41,pig
25445,test,41,pig
25446,validation,41,pig
25447,train,41,pig
25448,test,41,pig
25449,validation,41,pig
25450,train,41,pig
25451,validation,41,pig
25452,train,41,pig
25453,validation,41,pig
25454,train,41,pig
25455,train,41,pig
25456,train,41,pig
25457,train,41,pig
25458,train,41,pig
25459,train,41,pig
25460,train,41,pig
25461,train,41,pig
25462,train,41,pig
25463,train,41,pig
25464,train,41,pig
25465,train,41,pig
25466,train,41,pig
25467,train,41,pig
25468,validation,41,pig
25469,train,41,pig
25470,train,41,pig
25471,test,41,pig
25472,validation,41,pig
25473,train,41,pig
25474,validation,41,pig
25475,test,41,pig
25476,test,41,pig
25477,train,41,pig
25478,train,41,pig
25479,test,41,pig
25480,train,41,pig
25481,test,41,pig
25482,validation,41,pig
25483,train,41,pig
25484,train,41,pig
25485,validation,41,pig
25486,train,41,pig
25487,train,41,pig
25488,train,41,pig
25489,train,41,pig
25490,validation,41,pig
25491,test,41,pig
25492,train,41,pig
25493,train,41,pig
25494,test,41,pig
25495,train,41,pig
25496,train,41,pig
25497,train,41,pig
25498,train,41,pig
25499,train,41,pig
25500,train,41,pig
25501,train,41,pig
25502,train,41,pig
25503,validation,41,pig
25504,validation,41,pig
25505,train,41,pig
25506,train,41,pig
25507,train,41,pig
25508,train,41,pig
25509,validation,41,pig
25510,train,41,pig
25511,train,41,pig
25512,train,41,pig
25513,validation,41,pig
25514,train,41,pig
25515,train,41,pig
25516,train,41,pig
25517,train,41,pig
25518,validation,41,pig
25519,train,41,pig
25520,validation,41,pig
25521,train,41,pig
25522,train,41,pig
25523,train,41,pig
25524,train,41,pig
25525,train,41,pig
25526,train,41,pig
25527,validation,41,pig
25528,train,41,pig
25529,train,41,pig
25530,train,41,pig
25531,validation,41,pig
25532,validation,41,pig
25533,test,41,pig
25534,validation,41,pig
25535,test,41,pig
25536,train,41,pig
25537,train,41,pig
25538,train,41,pig
25539,train,41,pig
25540,test,41,pig
25541,train,41,pig
25542,train,41,pig
25543,test,41,pig
25544,train,41,pig
25545,test,41,pig
25546,train,41,pig
25547,train,41,pig
25548,train,41,pig
25549,test,41,pig
25550,validation,41,pig
25551,train,41,pig
25552,validation,41,pig
25553,validation,41,pig
25554,train,41,pig
25555,train,41,pig
25556,train,41,pig
25557,test,41,pig
25558,train,41,pig
25559,test,41,pig
25560,train,41,pig
25561,test,41,pig
25562,train,41,pig
25563,train,41,pig
25564,train,41,pig
25565,train,41,pig
25566,train,41,pig
25567,test,41,pig
25568,train,41,pig
25569,train,41,pig
25570,train,41,pig
25571,train,41,pig
25572,train,41,pig
25573,train,41,pig
25574,train,41,pig
25575,validation,41,pig
25576,test,41,pig
25577,train,41,pig
25578,test,41,pig
25579,test,41,pig
25580,test,41,pig
25581,validation,41,pig
25582,test,41,pig
25583,train,41,pig
25584,train,41,pig
25585,train,41,pig
25586,train,41,pig
25587,train,41,pig
25588,validation,41,pig
25589,train,41,pig
25590,train,41,pig
25591,test,41,pig
25592,train,41,pig
25593,test,41,pig
25594,train,41,pig
25595,train,41,pig
25596,test,41,pig
25597,validation,41,pig
25598,train,41,pig
25599,train,41,pig
25600,train,41,pig
25601,train,41,pig
25602,test,41,pig
25603,train,41,pig
25604,test,41,pig
25605,validation,41,pig
25606,train,41,pig
25607,validation,41,pig
25608,train,41,pig
25609,validation,41,pig
25610,train,41,pig
25611,train,41,pig
25612,train,41,pig
25613,train,41,pig
25614,train,41,pig
25615,train,41,pig
25616,train,41,pig
25617,train,41,pig
25618,train,41,pig
25619,train,41,pig
25620,train,41,pig
25621,test,41,pig
25622,train,41,pig
25623,train,41,pig
25624,test,41,pig
25625,train,41,pig
25626,validation,41,pig
25627,train,41,pig
25628,test,41,pig
25629,test,41,pig
25630,train,41,pig
25631,train,41,pig
25632,train,41,pig
25633,train,41,pig
25634,train,41,pig
25635,train,41,pig
25636,train,41,pig
25637,validation,41,pig
25638,train,41,pig
25639,train,41,pig
25640,train,41,pig
25641,train,41,pig
25642,train,41,pig
25643,train,41,pig
25644,train,41,pig
25645,train,41,pig
25646,train,41,pig
25647,test,41,pig
25648,validation,41,pig
25649,test,41,pig
25650,validation,41,pig
25651,validation,41,pig
25652,validation,41,pig
25653,train,41,pig
25654,train,41,pig
25655,train,41,pig
25656,train,41,pig
25657,test,41,pig
25658,train,41,pig
25659,train,41,pig
25660,train,41,pig
25661,train,41,pig
25662,train,41,pig
25663,train,41,pig
25664,train,41,pig
25665,validation,41,pig
25666,train,41,pig
25667,test,41,pig
25668,train,41,pig
25669,test,41,pig
25670,validation,41,pig
25671,train,41,pig
25672,validation,41,pig
25673,validation,41,pig
25674,train,41,pig
25675,validation,41,pig
25676,train,41,pig
25677,train,41,pig
25678,validation,41,pig
25679,train,41,pig
25680,train,41,pig
25681,test,41,pig
25682,test,41,pig
25683,train,41,pig
25684,train,41,pig
25685,train,41,pig
25686,validation,41,pig
25687,train,41,pig
25688,train,41,pig
25689,train,41,pig
25690,train,41,pig
25691,train,41,pig
25692,train,41,pig
25693,validation,41,pig
25694,validation,41,pig
25695,train,41,pig
25696,test,41,pig
25697,test,41,pig
25698,test,41,pig
25699,validation,41,pig
25700,test,41,pig
25701,train,41,pig
25702,validation,41,pig
25703,train,41,pig
25704,train,41,pig
25705,train,41,pig
25706,train,41,pig
25707,train,41,pig
25708,validation,41,pig
25709,train,41,pig
25710,test,41,pig
25711,train,41,pig
25712,test,41,pig
25713,train,41,pig
25714,train,41,pig
25715,validation,41,pig
25716,test,41,pig
25717,test,41,pig
25718,validation,41,pig
25719,validation,41,pig
25720,train,41,pig
25721,train,41,pig
25722,test,41,pig
25723,train,41,pig
25724,test,41,pig
25725,train,41,pig
25726,validation,41,pig
25727,train,41,pig
25728,train,41,pig
25729,test,41,pig
25730,test,41,pig
25731,train,41,pig
25732,train,41,pig
25733,train,41,pig
25734,train,41,pig
25735,train,41,pig
25736,test,41,pig
25737,train,41,pig
25738,train,41,pig
25739,train,41,pig
25740,train,41,pig
25741,validation,41,pig
25742,train,41,pig
25743,train,41,pig
25744,train,41,pig
25745,test,41,pig
25746,train,41,pig
25747,validation,41,pig
25748,validation,41,pig
25749,train,41,pig
25750,validation,41,pig
25751,train,41,pig
25752,validation,41,pig
25753,validation,41,pig
25754,train,41,pig
25755,train,41,pig
25756,train,41,pig
25757,train,41,pig
25758,train,41,pig
25759,train,41,pig
25760,train,41,pig
25761,train,41,pig
25762,validation,41,pig
25763,train,41,pig
25764,test,41,pig
25765,train,41,pig
25766,validation,41,pig
25767,validation,41,pig
25768,test,41,pig
25769,validation,41,pig
25770,train,41,pig
25771,train,41,pig
25772,train,41,pig
25773,validation,41,pig
25774,validation,41,pig
25775,train,41,pig
25776,train,41,pig
25777,test,41,pig
25778,test,41,pig
25779,train,41,pig
25780,validation,41,pig
25781,test,41,pig
25782,validation,41,pig
25783,train,41,pig
25784,train,41,pig
25785,validation,41,pig
25786,validation,41,pig
25787,validation,41,pig
25788,train,41,pig
25789,validation,41,pig
25790,test,41,pig
25791,train,41,pig
25792,train,41,pig
25793,train,41,pig
25794,train,41,pig
25795,train,41,pig
25796,train,41,pig
25797,train,41,pig
25798,train,41,pig
25799,train,41,pig
25800,train,41,pig
25801,train,41,pig
25802,train,41,pig
25803,train,41,pig
25804,validation,41,pig
25805,train,41,pig
25806,train,41,pig
25807,train,41,pig
25808,train,41,pig
25809,train,41,pig
25810,validation,41,pig
25811,test,41,pig
25812,train,41,pig
25813,test,41,pig
25814,train,41,pig
25815,train,41,pig
25816,train,41,pig
25817,train,41,pig
25818,validation,41,pig
25819,validation,41,pig
25820,train,41,pig
25821,train,41,pig
25822,train,41,pig
25823,train,41,pig
25824,train,41,pig
25825,test,41,pig
25826,train,41,pig
25827,train,41,pig
25828,train,41,pig
25829,train,41,pig
25830,train,41,pig
25831,validation,41,pig
25832,test,41,pig
25833,train,41,pig
25834,train,41,pig
25835,train,41,pig
25836,train,41,pig
25837,train,41,pig
25838,train,41,pig
25839,train,41,pig
25840,test,41,pig
25841,validation,41,pig
25842,train,41,pig
25843,train,41,pig
25844,validation,41,pig
25845,validation,41,pig
25846,train,41,pig
25847,train,41,pig
25848,validation,41,pig
25849,validation,41,pig
25850,train,41,pig
25851,train,41,pig
25852,train,41,pig
25853,train,41,pig
25854,train,41,pig
25855,test,41,pig
25856,train,41,pig
25857,train,41,pig
25858,train,41,pig
25859,train,41,pig
25860,train,41,pig
25861,train,41,pig
25862,train,41,pig
25863,test,41,pig
25864,train,41,pig
25865,test,41,pig
25866,train,41,pig
25867,validation,41,pig
25868,train,41,pig
25869,validation,41,pig
25870,train,41,pig
25871,validation,41,pig
25872,train,41,pig
25873,train,41,pig
25874,test,41,pig
25875,train,41,pig
25876,validation,41,pig
25877,train,41,pig
25878,test,41,pig
25879,train,41,pig
25880,train,41,pig
25881,train,41,pig
25882,validation,41,pig
25883,validation,41,pig
25884,train,41,pig
25885,train,41,pig
25886,validation,41,pig
25887,validation,41,pig
25888,train,41,pig
25889,test,41,pig
25890,train,41,pig
25891,validation,41,pig
25892,train,41,pig
25893,validation,41,pig
25894,test,41,pig
25895,train,41,pig
25896,validation,41,pig
25897,validation,41,pig
25898,test,41,pig
25899,validation,41,pig
25900,train,41,pig
25901,test,41,pig
25902,train,41,pig
25903,train,41,pig
25904,test,41,pig
25905,test,41,pig
25906,train,41,pig
25907,validation,41,pig
25908,test,41,pig
25909,validation,41,pig
25910,train,41,pig
25911,validation,41,pig
25912,train,41,pig
25913,train,41,pig
25914,train,41,pig
25915,test,41,pig
25916,test,41,pig
25917,train,41,pig
25918,test,41,pig
25919,train,41,pig
25920,train,41,pig
25921,train,41,pig
25922,test,41,pig
25923,test,41,pig
25924,train,41,pig
25925,train,41,pig
25926,train,41,pig
25927,train,41,pig
25928,validation,41,pig
25929,train,41,pig
25930,validation,41,pig
25931,train,41,pig
25932,validation,41,pig
25933,train,41,pig
25934,validation,41,pig
25935,train,41,pig
25936,train,41,pig
25937,train,41,pig
25938,train,41,pig
25939,validation,41,pig
25940,train,41,pig
25941,test,41,pig
25942,train,41,pig
25943,train,41,pig
25944,train,41,pig
25945,validation,41,pig
25946,validation,41,pig
25947,validation,41,pig
25948,validation,41,pig
25949,train,41,pig
25950,train,41,pig
25951,test,41,pig
25952,test,41,pig
25953,train,41,pig
25954,train,41,pig
25955,validation,41,pig
25956,train,41,pig
25957,test,41,pig
25958,validation,41,pig
25959,test,41,pig
25960,test,41,pig
25961,test,41,pig
25962,test,41,pig
25963,test,41,pig
25964,train,41,pig
25965,train,41,pig
25966,train,41,pig
25967,train,41,pig
25968,train,41,pig
25969,test,41,pig
25970,train,41,pig
25971,train,41,pig
25972,validation,41,pig
25973,train,41,pig
25974,test,41,pig
25975,test,41,pig
25976,train,41,pig
25977,validation,41,pig
25978,test,41,pig
25979,test,41,pig
25980,train,41,pig
25981,test,41,pig
25982,validation,41,pig
25983,test,41,pig
25984,test,41,pig
25985,train,41,pig
25986,test,41,pig
25987,test,41,pig
25988,validation,41,pig
25989,train,41,pig
25990,train,41,pig
25991,train,41,pig
25992,train,41,pig
25993,validation,41,pig
25994,test,41,pig
25995,train,41,pig
25996,train,41,pig
25997,validation,41,pig
25998,train,41,pig
25999,test,41,pig
26000,validation,41,pig
26001,train,41,pig
26002,validation,41,pig
26003,validation,41,pig
26004,train,41,pig
26005,train,41,pig
26006,validation,41,pig
26007,test,41,pig
26008,train,41,pig
26009,validation,41,pig
26010,test,41,pig
26011,test,41,pig
26012,train,41,pig
26013,train,41,pig
26014,test,41,pig
26015,train,41,pig
26016,validation,41,pig
26017,train,41,pig
26018,train,41,pig
26019,train,41,pig
26020,validation,41,pig
26021,train,41,pig
26022,test,41,pig
26023,train,41,pig
26024,test,41,pig
26025,train,41,pig
26026,train,41,pig
26027,test,41,pig
26028,train,41,pig
26029,train,41,pig
26030,test,41,pig
26031,train,41,pig
26032,test,41,pig
26033,test,41,pig
26034,test,41,pig
26035,train,41,pig
26036,train,41,pig
26037,test,41,pig
26038,test,41,pig
26039,train,41,pig
26040,train,41,pig
26041,train,41,pig
26042,test,41,pig
26043,train,41,pig
26044,validation,41,pig
26045,train,41,pig
26046,test,41,pig
26047,train,41,pig
26048,train,41,pig
26049,train,41,pig
26050,test,41,pig
26051,validation,41,pig
26052,train,41,pig
26053,test,41,pig
26054,validation,41,pig
26055,test,41,pig
26056,test,41,pig
26057,train,41,pig
26058,train,41,pig
26059,train,41,pig
26060,validation,41,pig
26061,test,41,pig
26062,validation,41,pig
26063,train,41,pig
26064,validation,41,pig
26065,train,41,pig
26066,test,41,pig
26067,test,41,pig
26068,train,41,pig
26069,train,41,pig
26070,train,41,pig
26071,train,41,pig
26072,train,41,pig
26073,validation,41,pig
26074,validation,41,pig
26075,train,41,pig
26076,train,41,pig
26077,test,41,pig
26078,train,41,pig
26079,train,41,pig
26080,validation,41,pig
26081,train,41,pig
26082,validation,41,pig
26083,test,41,pig
26084,train,41,pig
26085,test,41,pig
26086,train,41,pig
26087,validation,41,pig
26088,train,41,pig
26089,train,41,pig
26090,train,41,pig
26091,validation,41,pig
26092,train,41,pig
26093,validation,41,pig
26094,train,41,pig
26095,train,41,pig
26096,validation,41,pig
26097,test,41,pig
26098,test,41,pig
26099,test,41,pig
26100,train,41,pig
26101,train,41,pig
26102,train,41,pig
26103,validation,41,pig
26104,train,41,pig
26105,train,41,pig
26106,train,41,pig
26107,train,41,pig
26108,train,41,pig
26109,test,41,pig
26110,test,41,pig
26111,train,41,pig
26112,test,41,pig
26113,test,41,pig
26114,validation,41,pig
26115,test,41,pig
26116,train,41,pig
26117,validation,41,pig
26118,validation,41,pig
26119,test,41,pig
26120,train,41,pig
26121,train,41,pig
26122,train,41,pig
26123,validation,41,pig
26124,train,41,pig
26125,train,41,pig
26126,train,41,pig
26127,train,41,pig
26128,train,41,pig
26129,train,41,pig
26130,train,41,pig
26131,train,41,pig
26132,train,41,pig
26133,validation,41,pig
26134,train,41,pig
26135,test,41,pig
26136,train,41,pig
26137,validation,41,pig
26138,train,44,polar bear
26139,test,44,polar bear
26140,train,44,polar bear
26141,validation,44,polar bear
26142,test,44,polar bear
26143,train,44,polar bear
26144,test,44,polar bear
26145,train,44,polar bear
26146,test,44,polar bear
26147,train,44,polar bear
26148,train,44,polar bear
26149,validation,44,polar bear
26150,test,44,polar bear
26151,train,44,polar bear
26152,test,44,polar bear
26153,validation,44,polar bear
26154,train,44,polar bear
26155,validation,44,polar bear
26156,validation,44,polar bear
26157,test,44,polar bear
26158,train,44,polar bear
26159,train,44,polar bear
26160,train,44,polar bear
26161,train,44,polar bear
26162,train,44,polar bear
26163,train,44,polar bear
26164,train,44,polar bear
26165,test,44,polar bear
26166,train,44,polar bear
26167,validation,44,polar bear
26168,train,44,polar bear
26169,test,44,polar bear
26170,validation,44,polar bear
26171,train,44,polar bear
26172,train,44,polar bear
26173,test,44,polar bear
26174,train,44,polar bear
26175,validation,44,polar bear
26176,train,44,polar bear
26177,validation,44,polar bear
26178,validation,44,polar bear
26179,train,44,polar bear
26180,train,44,polar bear
26181,train,44,polar bear
26182,train,44,polar bear
26183,train,44,polar bear
26184,train,44,polar bear
26185,validation,44,polar bear
26186,validation,44,polar bear
26187,train,44,polar bear
26188,train,44,polar bear
26189,train,44,polar bear
26190,train,44,polar bear
26191,train,44,polar bear
26192,train,44,polar bear
26193,validation,44,polar bear
26194,train,44,polar bear
26195,train,44,polar bear
26196,test,44,polar bear
26197,train,44,polar bear
26198,train,44,polar bear
26199,train,44,polar bear
26200,validation,44,polar bear
26201,train,44,polar bear
26202,train,44,polar bear
26203,train,44,polar bear
26204,train,44,polar bear
26205,train,44,polar bear
26206,train,44,polar bear
26207,train,44,polar bear
26208,test,44,polar bear
26209,validation,44,polar bear
26210,test,44,polar bear
26211,test,44,polar bear
26212,train,44,polar bear
26213,train,44,polar bear
26214,train,44,polar bear
26215,train,44,polar bear
26216,train,44,polar bear
26217,validation,44,polar bear
26218,test,44,polar bear
26219,train,44,polar bear
26220,train,44,polar bear
26221,train,44,polar bear
26222,train,44,polar bear
26223,test,44,polar bear
26224,validation,44,polar bear
26225,validation,44,polar bear
26226,test,44,polar bear
26227,train,44,polar bear
26228,train,44,polar bear
26229,train,44,polar bear
26230,validation,44,polar bear
26231,train,44,polar bear
26232,train,44,polar bear
26233,train,44,polar bear
26234,test,44,polar bear
26235,train,44,polar bear
26236,train,44,polar bear
26237,train,44,polar bear
26238,train,44,polar bear
26239,train,44,polar bear
26240,train,44,polar bear
26241,train,44,polar bear
26242,validation,44,polar bear
26243,validation,44,polar bear
26244,validation,44,polar bear
26245,test,44,polar bear
26246,train,44,polar bear
26247,validation,44,polar bear
26248,validation,44,polar bear
26249,train,44,polar bear
26250,train,44,polar bear
26251,train,44,polar bear
26252,train,44,polar bear
26253,train,44,polar bear
26254,train,44,polar bear
26255,validation,44,polar bear
26256,test,44,polar bear
26257,train,44,polar bear
26258,train,44,polar bear
26259,test,44,polar bear
26260,train,44,polar bear
26261,validation,44,polar bear
26262,test,44,polar bear
26263,train,44,polar bear
26264,train,44,polar bear
26265,test,44,polar bear
26266,validation,44,polar bear
26267,test,44,polar bear
26268,train,44,polar bear
26269,test,44,polar bear
26270,train,44,polar bear
26271,train,44,polar bear
26272,test,44,polar bear
26273,train,44,polar bear
26274,validation,44,polar bear
26275,validation,44,polar bear
26276,train,44,polar bear
26277,train,44,polar bear
26278,test,44,polar bear
26279,validation,44,polar bear
26280,test,44,polar bear
26281,train,44,polar bear
26282,validation,44,polar bear
26283,train,44,polar bear
26284,test,44,polar bear
26285,train,44,polar bear
26286,train,44,polar bear
26287,test,44,polar bear
26288,train,44,polar bear
26289,train,44,polar bear
26290,train,44,polar bear
26291,train,44,polar bear
26292,train,44,polar bear
26293,test,44,polar bear
26294,train,44,polar bear
26295,train,44,polar bear
26296,train,44,polar bear
26297,train,44,polar bear
26298,train,44,polar bear
26299,train,44,polar bear
26300,train,44,polar bear
26301,train,44,polar bear
26302,test,44,polar bear
26303,test,44,polar bear
26304,train,44,polar bear
26305,validation,44,polar bear
26306,validation,44,polar bear
26307,test,44,polar bear
26308,train,44,polar bear
26309,train,44,polar bear
26310,train,44,polar bear
26311,validation,44,polar bear
26312,train,44,polar bear
26313,train,44,polar bear
26314,validation,44,polar bear
26315,test,44,polar bear
26316,validation,44,polar bear
26317,train,44,polar bear
26318,train,44,polar bear
26319,test,44,polar bear
26320,validation,44,polar bear
26321,train,44,polar bear
26322,validation,44,polar bear
26323,test,44,polar bear
26324,train,44,polar bear
26325,validation,44,polar bear
26326,test,44,polar bear
26327,test,44,polar bear
26328,train,44,polar bear
26329,train,44,polar bear
26330,validation,44,polar bear
26331,train,44,polar bear
26332,test,44,polar bear
26333,test,44,polar bear
26334,test,44,polar bear
26335,train,44,polar bear
26336,train,44,polar bear
26337,validation,44,polar bear
26338,train,44,polar bear
26339,validation,44,polar bear
26340,test,44,polar bear
26341,train,44,polar bear
26342,train,44,polar bear
26343,test,44,polar bear
26344,train,44,polar bear
26345,train,44,polar bear
26346,train,44,polar bear
26347,train,44,polar bear
26348,test,44,polar bear
26349,train,44,polar bear
26350,train,44,polar bear
26351,validation,44,polar bear
26352,test,44,polar bear
26353,train,44,polar bear
26354,validation,44,polar bear
26355,train,44,polar bear
26356,train,44,polar bear
26357,train,44,polar bear
26358,train,44,polar bear
26359,test,44,polar bear
26360,test,44,polar bear
26361,train,44,polar bear
26362,test,44,polar bear
26363,test,44,polar bear
26364,validation,44,polar bear
26365,test,44,polar bear
26366,test,44,polar bear
26367,train,44,polar bear
26368,train,44,polar bear
26369,test,44,polar bear
26370,validation,44,polar bear
26371,train,44,polar bear
26372,train,44,polar bear
26373,validation,44,polar bear
26374,train,44,polar bear
26375,train,44,polar bear
26376,validation,44,polar bear
26377,train,44,polar bear
26378,test,44,polar bear
26379,train,44,polar bear
26380,train,44,polar bear
26381,train,44,polar bear
26382,train,44,polar bear
26383,test,44,polar bear
26384,validation,44,polar bear
26385,train,44,polar bear
26386,train,44,polar bear
26387,test,44,polar bear
26388,validation,44,polar bear
26389,train,44,polar bear
26390,train,44,polar bear
26391,validation,44,polar bear
26392,train,44,polar bear
26393,test,44,polar bear
26394,test,44,polar bear
26395,train,44,polar bear
26396,validation,44,polar bear
26397,test,44,polar bear
26398,validation,44,polar bear
26399,train,44,polar bear
26400,train,44,polar bear
26401,test,44,polar bear
26402,train,44,polar bear
26403,train,44,polar bear
26404,validation,44,polar bear
26405,train,44,polar bear
26406,test,44,polar bear
26407,train,44,polar bear
26408,train,44,polar bear
26409,test,44,polar bear
26410,train,44,polar bear
26411,train,44,polar bear
26412,train,44,polar bear
26413,train,44,polar bear
26414,train,44,polar bear
26415,train,44,polar bear
26416,train,44,polar bear
26417,test,44,polar bear
26418,train,44,polar bear
26419,train,44,polar bear
26420,train,44,polar bear
26421,train,44,polar bear
26422,train,44,polar bear
26423,train,44,polar bear
26424,train,44,polar bear
26425,train,44,polar bear
26426,validation,44,polar bear
26427,train,44,polar bear
26428,train,44,polar bear
26429,train,44,polar bear
26430,train,44,polar bear
26431,train,44,polar bear
26432,train,44,polar bear
26433,train,44,polar bear
26434,train,44,polar bear
26435,train,44,polar bear
26436,test,44,polar bear
26437,test,44,polar bear
26438,test,44,polar bear
26439,train,44,polar bear
26440,train,44,polar bear
26441,test,44,polar bear
26442,validation,44,polar bear
26443,train,44,polar bear
26444,train,44,polar bear
26445,train,44,polar bear
26446,train,44,polar bear
26447,train,44,polar bear
26448,train,44,polar bear
26449,validation,44,polar bear
26450,train,44,polar bear
26451,validation,44,polar bear
26452,test,44,polar bear
26453,train,44,polar bear
26454,train,44,polar bear
26455,validation,44,polar bear
26456,test,44,polar bear
26457,train,44,polar bear
26458,train,44,polar bear
26459,test,44,polar bear
26460,validation,44,polar bear
26461,test,44,polar bear
26462,train,44,polar bear
26463,train,44,polar bear
26464,train,44,polar bear
26465,validation,44,polar bear
26466,train,44,polar bear
26467,train,44,polar bear
26468,train,44,polar bear
26469,train,44,polar bear
26470,test,44,polar bear
26471,test,44,polar bear
26472,train,44,polar bear
26473,validation,44,polar bear
26474,test,44,polar bear
26475,train,44,polar bear
26476,validation,44,polar bear
26477,validation,44,polar bear
26478,train,44,polar bear
26479,train,44,polar bear
26480,test,44,polar bear
26481,validation,44,polar bear
26482,train,44,polar bear
26483,train,44,polar bear
26484,train,44,polar bear
26485,validation,44,polar bear
26486,train,44,polar bear
26487,train,44,polar bear
26488,test,44,polar bear
26489,train,44,polar bear
26490,test,44,polar bear
26491,train,44,polar bear
26492,train,44,polar bear
26493,train,44,polar bear
26494,test,44,polar bear
26495,train,44,polar bear
26496,train,44,polar bear
26497,validation,44,polar bear
26498,train,44,polar bear
26499,test,44,polar bear
26500,train,44,polar bear
26501,test,44,polar bear
26502,train,44,polar bear
26503,validation,44,polar bear
26504,test,44,polar bear
26505,train,44,polar bear
26506,test,44,polar bear
26507,test,44,polar bear
26508,train,44,polar bear
26509,test,44,polar bear
26510,train,44,polar bear
26511,test,44,polar bear
26512,test,44,polar bear
26513,train,44,polar bear
26514,train,44,polar bear
26515,train,44,polar bear
26516,train,44,polar bear
26517,train,44,polar bear
26518,train,44,polar bear
26519,train,44,polar bear
26520,train,44,polar bear
26521,test,44,polar bear
26522,test,44,polar bear
26523,train,44,polar bear
26524,train,44,polar bear
26525,train,44,polar bear
26526,validation,44,polar bear
26527,train,44,polar bear
26528,train,44,polar bear
26529,train,44,polar bear
26530,train,44,polar bear
26531,test,44,polar bear
26532,train,44,polar bear
26533,train,44,polar bear
26534,test,44,polar bear
26535,train,44,polar bear
26536,test,44,polar bear
26537,train,44,polar bear
26538,validation,44,polar bear
26539,train,44,polar bear
26540,train,44,polar bear
26541,test,44,polar bear
26542,train,44,polar bear
26543,validation,44,polar bear
26544,test,44,polar bear
26545,train,44,polar bear
26546,validation,44,polar bear
26547,train,44,polar bear
26548,train,44,polar bear
26549,validation,44,polar bear
26550,test,44,polar bear
26551,train,44,polar bear
26552,train,44,polar bear
26553,train,44,polar bear
26554,train,44,polar bear
26555,train,44,polar bear
26556,validation,44,polar bear
26557,train,44,polar bear
26558,validation,44,polar bear
26559,validation,44,polar bear
26560,train,44,polar bear
26561,test,44,polar bear
26562,validation,44,polar bear
26563,validation,44,polar bear
26564,train,44,polar bear
26565,train,44,polar bear
26566,train,44,polar bear
26567,train,44,polar bear
26568,train,44,polar bear
26569,validation,44,polar bear
26570,test,44,polar bear
26571,test,44,polar bear
26572,validation,44,polar bear
26573,test,44,polar bear
26574,validation,44,polar bear
26575,train,44,polar bear
26576,train,44,polar bear
26577,train,44,polar bear
26578,validation,44,polar bear
26579,train,44,polar bear
26580,train,44,polar bear
26581,validation,44,polar bear
26582,validation,44,polar bear
26583,train,44,polar bear
26584,train,44,polar bear
26585,train,44,polar bear
26586,validation,44,polar bear
26587,train,44,polar bear
26588,train,44,polar bear
26589,train,44,polar bear
26590,test,44,polar bear
26591,train,44,polar bear
26592,validation,44,polar bear
26593,train,44,polar bear
26594,train,44,polar bear
26595,train,44,polar bear
26596,train,44,polar bear
26597,test,44,polar bear
26598,test,44,polar bear
26599,train,44,polar bear
26600,test,44,polar bear
26601,validation,44,polar bear
26602,train,44,polar bear
26603,train,44,polar bear
26604,train,44,polar bear
26605,train,44,polar bear
26606,validation,44,polar bear
26607,train,44,polar bear
26608,train,44,polar bear
26609,train,44,polar bear
26610,train,44,polar bear
26611,validation,44,polar bear
26612,train,44,polar bear
26613,train,44,polar bear
26614,train,44,polar bear
26615,train,44,polar bear
26616,train,44,polar bear
26617,test,44,polar bear
26618,train,44,polar bear
26619,validation,44,polar bear
26620,validation,44,polar bear
26621,train,44,polar bear
26622,train,44,polar bear
26623,train,44,polar bear
26624,validation,44,polar bear
26625,train,44,polar bear
26626,validation,44,polar bear
26627,train,44,polar bear
26628,test,44,polar bear
26629,validation,44,polar bear
26630,train,44,polar bear
26631,test,44,polar bear
26632,train,44,polar bear
26633,train,44,polar bear
26634,test,44,polar bear
26635,train,44,polar bear
26636,validation,44,polar bear
26637,validation,44,polar bear
26638,validation,44,polar bear
26639,train,44,polar bear
26640,train,44,polar bear
26641,test,44,polar bear
26642,train,44,polar bear
26643,validation,44,polar bear
26644,validation,44,polar bear
26645,train,44,polar bear
26646,test,44,polar bear
26647,train,44,polar bear
26648,train,44,polar bear
26649,test,44,polar bear
26650,train,44,polar bear
26651,train,44,polar bear
26652,train,44,polar bear
26653,train,44,polar bear
26654,train,44,polar bear
26655,train,44,polar bear
26656,train,44,polar bear
26657,validation,44,polar bear
26658,train,44,polar bear
26659,validation,44,polar bear
26660,train,44,polar bear
26661,test,44,polar bear
26662,validation,44,polar bear
26663,validation,44,polar bear
26664,train,44,polar bear
26665,train,44,polar bear
26666,validation,44,polar bear
26667,test,44,polar bear
26668,train,44,polar bear
26669,train,44,polar bear
26670,train,44,polar bear
26671,train,44,polar bear
26672,train,44,polar bear
26673,train,44,polar bear
26674,validation,44,polar bear
26675,test,44,polar bear
26676,train,44,polar bear
26677,test,44,polar bear
26678,train,44,polar bear
26679,test,44,polar bear
26680,test,44,polar bear
26681,validation,44,polar bear
26682,test,44,polar bear
26683,train,44,polar bear
26684,test,44,polar bear
26685,test,44,polar bear
26686,test,44,polar bear
26687,test,44,polar bear
26688,validation,44,polar bear
26689,train,44,polar bear
26690,train,44,polar bear
26691,train,44,polar bear
26692,test,44,polar bear
26693,validation,44,polar bear
26694,train,44,polar bear
26695,test,44,polar bear
26696,test,44,polar bear
26697,train,44,polar bear
26698,train,44,polar bear
26699,validation,44,polar bear
26700,train,44,polar bear
26701,validation,44,polar bear
26702,train,44,polar bear
26703,train,44,polar bear
26704,train,44,polar bear
26705,train,44,polar bear
26706,train,44,polar bear
26707,train,44,polar bear
26708,test,44,polar bear
26709,validation,44,polar bear
26710,train,44,polar bear
26711,test,44,polar bear
26712,train,44,polar bear
26713,train,44,polar bear
26714,train,44,polar bear
26715,test,44,polar bear
26716,test,44,polar bear
26717,validation,44,polar bear
26718,validation,44,polar bear
26719,train,44,polar bear
26720,train,44,polar bear
26721,train,44,polar bear
26722,validation,44,polar bear
26723,train,44,polar bear
26724,validation,44,polar bear
26725,train,44,polar bear
26726,train,44,polar bear
26727,train,44,polar bear
26728,validation,44,polar bear
26729,test,44,polar bear
26730,validation,44,polar bear
26731,validation,44,polar bear
26732,test,44,polar bear
26733,train,44,polar bear
26734,train,44,polar bear
26735,train,44,polar bear
26736,train,44,polar bear
26737,validation,44,polar bear
26738,train,44,polar bear
26739,train,44,polar bear
26740,train,44,polar bear
26741,train,44,polar bear
26742,train,44,polar bear
26743,train,44,polar bear
26744,train,44,polar bear
26745,validation,44,polar bear
26746,train,44,polar bear
26747,test,44,polar bear
26748,test,44,polar bear
26749,validation,44,polar bear
26750,train,44,polar bear
26751,validation,44,polar bear
26752,validation,44,polar bear
26753,validation,44,polar bear
26754,train,44,polar bear
26755,test,44,polar bear
26756,train,44,polar bear
26757,train,44,polar bear
26758,train,44,polar bear
26759,train,44,polar bear
26760,validation,44,polar bear
26761,train,44,polar bear
26762,train,44,polar bear
26763,test,44,polar bear
26764,test,44,polar bear
26765,train,44,polar bear
26766,validation,44,polar bear
26767,train,44,polar bear
26768,train,44,polar bear
26769,test,44,polar bear
26770,train,44,polar bear
26771,test,44,polar bear
26772,validation,44,polar bear
26773,train,44,polar bear
26774,train,44,polar bear
26775,validation,44,polar bear
26776,train,44,polar bear
26777,train,44,polar bear
26778,validation,44,polar bear
26779,train,44,polar bear
26780,validation,44,polar bear
26781,train,44,polar bear
26782,train,44,polar bear
26783,train,44,polar bear
26784,train,44,polar bear
26785,train,44,polar bear
26786,validation,44,polar bear
26787,train,44,polar bear
26788,train,44,polar bear
26789,train,44,polar bear
26790,train,44,polar bear
26791,train,44,polar bear
26792,train,44,polar bear
26793,train,44,polar bear
26794,train,44,polar bear
26795,test,44,polar bear
26796,train,44,polar bear
26797,train,44,polar bear
26798,train,44,polar bear
26799,train,44,polar bear
26800,test,44,polar bear
26801,train,44,polar bear
26802,test,44,polar bear
26803,train,44,polar bear
26804,test,44,polar bear
26805,train,44,polar bear
26806,validation,44,polar bear
26807,test,44,polar bear
26808,train,44,polar bear
26809,test,44,polar bear
26810,train,44,polar bear
26811,test,44,polar bear
26812,train,44,polar bear
26813,train,44,polar bear
26814,train,44,polar bear
26815,train,44,polar bear
26816,train,44,polar bear
26817,validation,44,polar bear
26818,train,44,polar bear
26819,train,44,polar bear
26820,test,44,polar bear
26821,train,44,polar bear
26822,train,44,polar bear
26823,validation,44,polar bear
26824,test,44,polar bear
26825,train,44,polar bear
26826,train,44,polar bear
26827,train,44,polar bear
26828,train,44,polar bear
26829,test,44,polar bear
26830,train,44,polar bear
26831,train,44,polar bear
26832,train,44,polar bear
26833,test,44,polar bear
26834,train,44,polar bear
26835,train,44,polar bear
26836,train,44,polar bear
26837,validation,44,polar bear
26838,validation,44,polar bear
26839,validation,44,polar bear
26840,train,44,polar bear
26841,validation,44,polar bear
26842,train,44,polar bear
26843,train,44,polar bear
26844,validation,44,polar bear
26845,test,44,polar bear
26846,train,44,polar bear
26847,validation,44,polar bear
26848,train,44,polar bear
26849,train,44,polar bear
26850,train,44,polar bear
26851,validation,44,polar bear
26852,train,44,polar bear
26853,validation,44,polar bear
26854,validation,44,polar bear
26855,train,44,polar bear
26856,validation,44,polar bear
26857,test,44,polar bear
26858,train,44,polar bear
26859,validation,44,polar bear
26860,test,44,polar bear
26861,train,44,polar bear
26862,train,44,polar bear
26863,train,44,polar bear
26864,validation,44,polar bear
26865,train,44,polar bear
26866,train,44,polar bear
26867,validation,44,polar bear
26868,train,44,polar bear
26869,train,44,polar bear
26870,train,44,polar bear
26871,test,44,polar bear
26872,train,44,polar bear
26873,train,44,polar bear
26874,train,44,polar bear
26875,train,44,polar bear
26876,train,44,polar bear
26877,test,44,polar bear
26878,train,44,polar bear
26879,validation,44,polar bear
26880,validation,44,polar bear
26881,train,44,polar bear
26882,train,44,polar bear
26883,validation,44,polar bear
26884,train,44,polar bear
26885,train,44,polar bear
26886,test,44,polar bear
26887,test,44,polar bear
26888,train,44,polar bear
26889,train,44,polar bear
26890,train,44,polar bear
26891,validation,44,polar bear
26892,test,44,polar bear
26893,train,44,polar bear
26894,train,44,polar bear
26895,train,44,polar bear
26896,validation,44,polar bear
26897,test,44,polar bear
26898,train,44,polar bear
26899,test,44,polar bear
26900,train,44,polar bear
26901,train,44,polar bear
26902,train,44,polar bear
26903,test,44,polar bear
26904,train,44,polar bear
26905,validation,44,polar bear
26906,validation,44,polar bear
26907,train,44,polar bear
26908,train,44,polar bear
26909,train,44,polar bear
26910,validation,44,polar bear
26911,train,44,polar bear
26912,train,44,polar bear
26913,train,44,polar bear
26914,test,44,polar bear
26915,validation,44,polar bear
26916,validation,44,polar bear
26917,train,44,polar bear
26918,train,44,polar bear
26919,validation,44,polar bear
26920,train,44,polar bear
26921,test,44,polar bear
26922,train,44,polar bear
26923,train,44,polar bear
26924,test,44,polar bear
26925,train,44,polar bear
26926,test,44,polar bear
26927,test,44,polar bear
26928,train,44,polar bear
26929,test,44,polar bear
26930,train,44,polar bear
26931,validation,44,polar bear
26932,train,44,polar bear
26933,train,44,polar bear
26934,train,44,polar bear
26935,train,44,polar bear
26936,train,44,polar bear
26937,train,44,polar bear
26938,validation,44,polar bear
26939,test,44,polar bear
26940,train,44,polar bear
26941,train,44,polar bear
26942,train,44,polar bear
26943,test,44,polar bear
26944,train,44,polar bear
26945,validation,44,polar bear
26946,validation,44,polar bear
26947,validation,44,polar bear
26948,train,44,polar bear
26949,train,44,polar bear
26950,train,44,polar bear
26951,train,44,polar bear
26952,train,44,polar bear
26953,validation,44,polar bear
26954,test,44,polar bear
26955,train,44,polar bear
26956,test,44,polar bear
26957,train,44,polar bear
26958,train,44,polar bear
26959,validation,44,polar bear
26960,test,44,polar bear
26961,validation,44,polar bear
26962,train,44,polar bear
26963,validation,44,polar bear
26964,validation,44,polar bear
26965,train,44,polar bear
26966,train,44,polar bear
26967,train,44,polar bear
26968,test,44,polar bear
26969,train,44,polar bear
26970,validation,44,polar bear
26971,train,44,polar bear
26972,train,44,polar bear
26973,train,44,polar bear
26974,train,44,polar bear
26975,validation,44,polar bear
26976,test,44,polar bear
26977,train,44,polar bear
26978,validation,44,polar bear
26979,train,44,polar bear
26980,train,44,polar bear
26981,train,44,polar bear
26982,train,44,polar bear
26983,test,44,polar bear
26984,train,44,polar bear
26985,validation,44,polar bear
26986,train,44,polar bear
26987,train,44,polar bear
26988,validation,44,polar bear
26989,train,44,polar bear
26990,train,44,polar bear
26991,train,44,polar bear
26992,train,44,polar bear
26993,train,44,polar bear
26994,test,44,polar bear
26995,train,44,polar bear
26996,test,44,polar bear
26997,train,44,polar bear
26998,train,44,polar bear
26999,train,44,polar bear
27000,train,44,polar bear
27001,train,44,polar bear
27002,train,44,polar bear
27003,train,44,polar bear
27004,train,44,polar bear
27005,train,44,polar bear
27006,validation,28,rabbit
27007,train,28,rabbit
27008,train,28,rabbit
27009,train,28,rabbit
27010,train,28,rabbit
27011,train,28,rabbit
27012,train,28,rabbit
27013,train,28,rabbit
27014,train,28,rabbit
27015,validation,28,rabbit
27016,train,28,rabbit
27017,train,28,rabbit
27018,validation,28,rabbit
27019,train,28,rabbit
27020,train,28,rabbit
27021,validation,28,rabbit
27022,train,28,rabbit
27023,train,28,rabbit
27024,validation,28,rabbit
27025,validation,28,rabbit
27026,test,28,rabbit
27027,train,28,rabbit
27028,train,28,rabbit
27029,test,28,rabbit
27030,train,28,rabbit
27031,train,28,rabbit
27032,train,28,rabbit
27033,validation,28,rabbit
27034,train,28,rabbit
27035,train,28,rabbit
27036,test,28,rabbit
27037,validation,28,rabbit
27038,train,28,rabbit
27039,validation,28,rabbit
27040,train,28,rabbit
27041,train,28,rabbit
27042,train,28,rabbit
27043,train,28,rabbit
27044,train,28,rabbit
27045,train,28,rabbit
27046,validation,28,rabbit
27047,train,28,rabbit
27048,train,28,rabbit
27049,train,28,rabbit
27050,train,28,rabbit
27051,test,28,rabbit
27052,train,28,rabbit
27053,validation,28,rabbit
27054,train,28,rabbit
27055,train,28,rabbit
27056,test,28,rabbit
27057,test,28,rabbit
27058,test,28,rabbit
27059,validation,28,rabbit
27060,validation,28,rabbit
27061,validation,28,rabbit
27062,train,28,rabbit
27063,train,28,rabbit
27064,train,28,rabbit
27065,test,28,rabbit
27066,train,28,rabbit
27067,validation,28,rabbit
27068,train,28,rabbit
27069,test,28,rabbit
27070,train,28,rabbit
27071,train,28,rabbit
27072,validation,28,rabbit
27073,test,28,rabbit
27074,test,28,rabbit
27075,train,28,rabbit
27076,train,28,rabbit
27077,test,28,rabbit
27078,train,28,rabbit
27079,train,28,rabbit
27080,validation,28,rabbit
27081,test,28,rabbit
27082,validation,28,rabbit
27083,test,28,rabbit
27084,train,28,rabbit
27085,test,28,rabbit
27086,train,28,rabbit
27087,train,28,rabbit
27088,train,28,rabbit
27089,train,28,rabbit
27090,train,28,rabbit
27091,validation,28,rabbit
27092,train,28,rabbit
27093,train,28,rabbit
27094,train,28,rabbit
27095,train,28,rabbit
27096,train,28,rabbit
27097,train,28,rabbit
27098,validation,28,rabbit
27099,train,28,rabbit
27100,train,28,rabbit
27101,test,28,rabbit
27102,validation,28,rabbit
27103,train,28,rabbit
27104,train,28,rabbit
27105,train,28,rabbit
27106,train,28,rabbit
27107,train,28,rabbit
27108,train,28,rabbit
27109,validation,28,rabbit
27110,train,28,rabbit
27111,train,28,rabbit
27112,train,28,rabbit
27113,train,28,rabbit
27114,train,28,rabbit
27115,validation,28,rabbit
27116,validation,28,rabbit
27117,validation,28,rabbit
27118,train,28,rabbit
27119,validation,28,rabbit
27120,test,28,rabbit
27121,train,28,rabbit
27122,train,28,rabbit
27123,test,28,rabbit
27124,validation,28,rabbit
27125,validation,28,rabbit
27126,test,28,rabbit
27127,test,28,rabbit
27128,train,28,rabbit
27129,train,28,rabbit
27130,train,28,rabbit
27131,test,28,rabbit
27132,train,28,rabbit
27133,train,28,rabbit
27134,train,28,rabbit
27135,train,28,rabbit
27136,train,28,rabbit
27137,validation,28,rabbit
27138,validation,28,rabbit
27139,train,28,rabbit
27140,train,28,rabbit
27141,test,28,rabbit
27142,train,28,rabbit
27143,train,28,rabbit
27144,train,28,rabbit
27145,train,28,rabbit
27146,validation,28,rabbit
27147,validation,28,rabbit
27148,test,28,rabbit
27149,validation,28,rabbit
27150,train,28,rabbit
27151,test,28,rabbit
27152,train,28,rabbit
27153,train,28,rabbit
27154,validation,28,rabbit
27155,test,28,rabbit
27156,train,28,rabbit
27157,validation,28,rabbit
27158,validation,28,rabbit
27159,train,28,rabbit
27160,train,28,rabbit
27161,validation,28,rabbit
27162,train,28,rabbit
27163,test,28,rabbit
27164,train,28,rabbit
27165,validation,28,rabbit
27166,test,28,rabbit
27167,test,28,rabbit
27168,train,28,rabbit
27169,validation,28,rabbit
27170,train,28,rabbit
27171,train,28,rabbit
27172,test,28,rabbit
27173,test,28,rabbit
27174,test,28,rabbit
27175,train,28,rabbit
27176,train,28,rabbit
27177,train,28,rabbit
27178,train,28,rabbit
27179,train,28,rabbit
27180,train,28,rabbit
27181,train,28,rabbit
27182,test,28,rabbit
27183,train,28,rabbit
27184,train,28,rabbit
27185,train,28,rabbit
27186,train,28,rabbit
27187,test,28,rabbit
27188,train,28,rabbit
27189,train,28,rabbit
27190,test,28,rabbit
27191,train,28,rabbit
27192,test,28,rabbit
27193,test,28,rabbit
27194,train,28,rabbit
27195,test,28,rabbit
27196,train,28,rabbit
27197,test,28,rabbit
27198,train,28,rabbit
27199,train,28,rabbit
27200,test,28,rabbit
27201,train,28,rabbit
27202,validation,28,rabbit
27203,train,28,rabbit
27204,train,28,rabbit
27205,train,28,rabbit
27206,test,28,rabbit
27207,test,28,rabbit
27208,validation,28,rabbit
27209,validation,28,rabbit
27210,test,28,rabbit
27211,train,28,rabbit
27212,train,28,rabbit
27213,train,28,rabbit
27214,validation,28,rabbit
27215,train,28,rabbit
27216,train,28,rabbit
27217,validation,28,rabbit
27218,train,28,rabbit
27219,validation,28,rabbit
27220,train,28,rabbit
27221,validation,28,rabbit
27222,train,28,rabbit
27223,train,28,rabbit
27224,test,28,rabbit
27225,validation,28,rabbit
27226,test,28,rabbit
27227,train,28,rabbit
27228,train,28,rabbit
27229,train,28,rabbit
27230,validation,28,rabbit
27231,train,28,rabbit
27232,train,28,rabbit
27233,train,28,rabbit
27234,test,28,rabbit
27235,train,28,rabbit
27236,test,28,rabbit
27237,train,28,rabbit
27238,train,28,rabbit
27239,train,28,rabbit
27240,train,28,rabbit
27241,train,28,rabbit
27242,train,28,rabbit
27243,train,28,rabbit
27244,validation,28,rabbit
27245,train,28,rabbit
27246,train,28,rabbit
27247,train,28,rabbit
27248,train,28,rabbit
27249,train,28,rabbit
27250,test,28,rabbit
27251,validation,28,rabbit
27252,train,28,rabbit
27253,train,28,rabbit
27254,validation,28,rabbit
27255,train,28,rabbit
27256,train,28,rabbit
27257,train,28,rabbit
27258,train,28,rabbit
27259,train,28,rabbit
27260,train,28,rabbit
27261,train,28,rabbit
27262,train,28,rabbit
27263,train,28,rabbit
27264,train,28,rabbit
27265,train,28,rabbit
27266,train,28,rabbit
27267,test,28,rabbit
27268,test,28,rabbit
27269,train,28,rabbit
27270,validation,28,rabbit
27271,train,28,rabbit
27272,train,28,rabbit
27273,train,28,rabbit
27274,train,28,rabbit
27275,test,28,rabbit
27276,validation,28,rabbit
27277,test,28,rabbit
27278,validation,28,rabbit
27279,validation,28,rabbit
27280,train,28,rabbit
27281,train,28,rabbit
27282,test,28,rabbit
27283,test,28,rabbit
27284,train,28,rabbit
27285,train,28,rabbit
27286,train,28,rabbit
27287,test,28,rabbit
27288,train,28,rabbit
27289,train,28,rabbit
27290,test,28,rabbit
27291,train,28,rabbit
27292,train,28,rabbit
27293,train,28,rabbit
27294,test,28,rabbit
27295,train,28,rabbit
27296,validation,28,rabbit
27297,train,28,rabbit
27298,validation,28,rabbit
27299,train,28,rabbit
27300,train,28,rabbit
27301,train,28,rabbit
27302,train,28,rabbit
27303,train,28,rabbit
27304,test,28,rabbit
27305,test,28,rabbit
27306,train,28,rabbit
27307,train,28,rabbit
27308,validation,28,rabbit
27309,train,28,rabbit
27310,train,28,rabbit
27311,train,28,rabbit
27312,train,28,rabbit
27313,train,28,rabbit
27314,test,28,rabbit
27315,test,28,rabbit
27316,test,28,rabbit
27317,test,28,rabbit
27318,train,28,rabbit
27319,train,28,rabbit
27320,validation,28,rabbit
27321,train,28,rabbit
27322,test,28,rabbit
27323,train,28,rabbit
27324,test,28,rabbit
27325,validation,28,rabbit
27326,train,28,rabbit
27327,test,28,rabbit
27328,train,28,rabbit
27329,test,28,rabbit
27330,train,28,rabbit
27331,test,28,rabbit
27332,test,28,rabbit
27333,train,28,rabbit
27334,validation,28,rabbit
27335,train,28,rabbit
27336,train,28,rabbit
27337,train,28,rabbit
27338,validation,28,rabbit
27339,test,28,rabbit
27340,test,28,rabbit
27341,train,28,rabbit
27342,train,28,rabbit
27343,train,28,rabbit
27344,validation,28,rabbit
27345,validation,28,rabbit
27346,train,28,rabbit
27347,train,28,rabbit
27348,train,28,rabbit
27349,train,28,rabbit
27350,train,28,rabbit
27351,validation,28,rabbit
27352,train,28,rabbit
27353,test,28,rabbit
27354,train,28,rabbit
27355,train,28,rabbit
27356,validation,28,rabbit
27357,validation,28,rabbit
27358,train,28,rabbit
27359,test,28,rabbit
27360,train,28,rabbit
27361,validation,28,rabbit
27362,train,28,rabbit
27363,validation,28,rabbit
27364,train,28,rabbit
27365,validation,28,rabbit
27366,train,28,rabbit
27367,train,28,rabbit
27368,train,28,rabbit
27369,validation,28,rabbit
27370,train,28,rabbit
27371,test,28,rabbit
27372,train,28,rabbit
27373,test,28,rabbit
27374,train,28,rabbit
27375,train,28,rabbit
27376,test,28,rabbit
27377,train,28,rabbit
27378,test,28,rabbit
27379,validation,28,rabbit
27380,train,28,rabbit
27381,test,28,rabbit
27382,validation,28,rabbit
27383,train,28,rabbit
27384,train,28,rabbit
27385,test,28,rabbit
27386,train,28,rabbit
27387,test,28,rabbit
27388,train,28,rabbit
27389,train,28,rabbit
27390,train,28,rabbit
27391,train,28,rabbit
27392,train,28,rabbit
27393,train,28,rabbit
27394,train,28,rabbit
27395,validation,28,rabbit
27396,test,28,rabbit
27397,train,28,rabbit
27398,test,28,rabbit
27399,train,28,rabbit
27400,test,28,rabbit
27401,test,28,rabbit
27402,train,28,rabbit
27403,train,28,rabbit
27404,train,28,rabbit
27405,test,28,rabbit
27406,validation,28,rabbit
27407,train,28,rabbit
27408,train,28,rabbit
27409,train,28,rabbit
27410,train,28,rabbit
27411,train,28,rabbit
27412,train,28,rabbit
27413,train,28,rabbit
27414,train,28,rabbit
27415,train,28,rabbit
27416,train,28,rabbit
27417,train,28,rabbit
27418,test,28,rabbit
27419,test,28,rabbit
27420,test,28,rabbit
27421,validation,28,rabbit
27422,validation,28,rabbit
27423,test,28,rabbit
27424,train,28,rabbit
27425,test,28,rabbit
27426,train,28,rabbit
27427,train,28,rabbit
27428,train,28,rabbit
27429,validation,28,rabbit
27430,train,28,rabbit
27431,train,28,rabbit
27432,test,28,rabbit
27433,test,28,rabbit
27434,validation,28,rabbit
27435,train,28,rabbit
27436,train,28,rabbit
27437,train,28,rabbit
27438,test,28,rabbit
27439,test,28,rabbit
27440,train,28,rabbit
27441,test,28,rabbit
27442,train,28,rabbit
27443,train,28,rabbit
27444,train,28,rabbit
27445,test,28,rabbit
27446,validation,28,rabbit
27447,train,28,rabbit
27448,validation,28,rabbit
27449,train,28,rabbit
27450,train,28,rabbit
27451,train,28,rabbit
27452,train,28,rabbit
27453,train,28,rabbit
27454,test,28,rabbit
27455,validation,28,rabbit
27456,train,28,rabbit
27457,train,28,rabbit
27458,train,28,rabbit
27459,train,28,rabbit
27460,train,28,rabbit
27461,test,28,rabbit
27462,train,28,rabbit
27463,test,28,rabbit
27464,train,28,rabbit
27465,validation,28,rabbit
27466,validation,28,rabbit
27467,train,28,rabbit
27468,train,28,rabbit
27469,validation,28,rabbit
27470,train,28,rabbit
27471,train,28,rabbit
27472,train,28,rabbit
27473,test,28,rabbit
27474,test,28,rabbit
27475,train,28,rabbit
27476,train,28,rabbit
27477,train,28,rabbit
27478,validation,28,rabbit
27479,validation,28,rabbit
27480,train,28,rabbit
27481,train,28,rabbit
27482,validation,28,rabbit
27483,test,28,rabbit
27484,validation,28,rabbit
27485,train,28,rabbit
27486,test,28,rabbit
27487,test,28,rabbit
27488,train,28,rabbit
27489,train,28,rabbit
27490,validation,28,rabbit
27491,train,28,rabbit
27492,train,28,rabbit
27493,train,28,rabbit
27494,train,28,rabbit
27495,train,28,rabbit
27496,train,28,rabbit
27497,validation,28,rabbit
27498,train,28,rabbit
27499,train,28,rabbit
27500,train,28,rabbit
27501,test,28,rabbit
27502,train,28,rabbit
27503,train,28,rabbit
27504,validation,28,rabbit
27505,validation,28,rabbit
27506,train,28,rabbit
27507,train,28,rabbit
27508,train,28,rabbit
27509,validation,28,rabbit
27510,validation,28,rabbit
27511,validation,28,rabbit
27512,train,28,rabbit
27513,test,28,rabbit
27514,train,28,rabbit
27515,train,28,rabbit
27516,test,28,rabbit
27517,test,28,rabbit
27518,train,28,rabbit
27519,test,28,rabbit
27520,validation,28,rabbit
27521,validation,28,rabbit
27522,validation,28,rabbit
27523,train,28,rabbit
27524,validation,28,rabbit
27525,validation,28,rabbit
27526,validation,28,rabbit
27527,train,28,rabbit
27528,train,28,rabbit
27529,train,28,rabbit
27530,test,28,rabbit
27531,train,28,rabbit
27532,train,28,rabbit
27533,test,28,rabbit
27534,train,28,rabbit
27535,validation,28,rabbit
27536,train,28,rabbit
27537,test,28,rabbit
27538,train,28,rabbit
27539,test,28,rabbit
27540,validation,28,rabbit
27541,test,28,rabbit
27542,validation,28,rabbit
27543,train,28,rabbit
27544,validation,28,rabbit
27545,validation,28,rabbit
27546,train,28,rabbit
27547,train,28,rabbit
27548,train,28,rabbit
27549,train,28,rabbit
27550,validation,28,rabbit
27551,train,28,rabbit
27552,train,28,rabbit
27553,train,28,rabbit
27554,train,28,rabbit
27555,train,28,rabbit
27556,train,28,rabbit
27557,train,28,rabbit
27558,train,28,rabbit
27559,train,28,rabbit
27560,validation,28,rabbit
27561,train,28,rabbit
27562,train,28,rabbit
27563,train,28,rabbit
27564,train,28,rabbit
27565,train,28,rabbit
27566,validation,28,rabbit
27567,test,28,rabbit
27568,train,28,rabbit
27569,train,28,rabbit
27570,train,28,rabbit
27571,test,28,rabbit
27572,train,28,rabbit
27573,test,28,rabbit
27574,train,28,rabbit
27575,train,28,rabbit
27576,train,28,rabbit
27577,train,28,rabbit
27578,test,28,rabbit
27579,train,28,rabbit
27580,train,28,rabbit
27581,test,28,rabbit
27582,train,28,rabbit
27583,train,28,rabbit
27584,test,28,rabbit
27585,train,28,rabbit
27586,validation,28,rabbit
27587,train,28,rabbit
27588,validation,28,rabbit
27589,train,28,rabbit
27590,test,28,rabbit
27591,train,28,rabbit
27592,test,28,rabbit
27593,train,28,rabbit
27594,train,28,rabbit
27595,test,28,rabbit
27596,train,28,rabbit
27597,train,28,rabbit
27598,test,28,rabbit
27599,train,28,rabbit
27600,validation,28,rabbit
27601,train,28,rabbit
27602,validation,28,rabbit
27603,train,28,rabbit
27604,validation,28,rabbit
27605,train,28,rabbit
27606,train,28,rabbit
27607,train,28,rabbit
27608,train,28,rabbit
27609,train,28,rabbit
27610,train,28,rabbit
27611,validation,28,rabbit
27612,train,28,rabbit
27613,train,28,rabbit
27614,validation,28,rabbit
27615,test,28,rabbit
27616,test,28,rabbit
27617,validation,28,rabbit
27618,test,28,rabbit
27619,validation,28,rabbit
27620,train,28,rabbit
27621,train,28,rabbit
27622,train,28,rabbit
27623,train,28,rabbit
27624,train,28,rabbit
27625,train,28,rabbit
27626,train,28,rabbit
27627,train,28,rabbit
27628,train,28,rabbit
27629,train,28,rabbit
27630,train,28,rabbit
27631,train,28,rabbit
27632,train,28,rabbit
27633,validation,28,rabbit
27634,train,28,rabbit
27635,train,28,rabbit
27636,train,28,rabbit
27637,validation,28,rabbit
27638,train,28,rabbit
27639,train,28,rabbit
27640,train,28,rabbit
27641,train,28,rabbit
27642,train,28,rabbit
27643,test,28,rabbit
27644,validation,28,rabbit
27645,test,28,rabbit
27646,train,28,rabbit
27647,train,28,rabbit
27648,validation,28,rabbit
27649,train,28,rabbit
27650,train,28,rabbit
27651,train,28,rabbit
27652,validation,28,rabbit
27653,train,28,rabbit
27654,train,28,rabbit
27655,train,28,rabbit
27656,train,28,rabbit
27657,validation,28,rabbit
27658,validation,28,rabbit
27659,train,28,rabbit
27660,train,28,rabbit
27661,train,28,rabbit
27662,test,28,rabbit
27663,validation,28,rabbit
27664,train,28,rabbit
27665,train,28,rabbit
27666,train,28,rabbit
27667,train,28,rabbit
27668,test,28,rabbit
27669,train,28,rabbit
27670,validation,28,rabbit
27671,test,28,rabbit
27672,train,28,rabbit
27673,validation,28,rabbit
27674,validation,28,rabbit
27675,validation,28,rabbit
27676,train,28,rabbit
27677,train,28,rabbit
27678,test,28,rabbit
27679,train,28,rabbit
27680,validation,28,rabbit
27681,train,28,rabbit
27682,train,28,rabbit
27683,test,28,rabbit
27684,validation,28,rabbit
27685,test,28,rabbit
27686,train,28,rabbit
27687,train,28,rabbit
27688,train,28,rabbit
27689,train,28,rabbit
27690,train,28,rabbit
27691,train,28,rabbit
27692,train,28,rabbit
27693,test,28,rabbit
27694,train,28,rabbit
27695,train,28,rabbit
27696,train,28,rabbit
27697,test,28,rabbit
27698,train,28,rabbit
27699,validation,28,rabbit
27700,train,28,rabbit
27701,test,28,rabbit
27702,validation,28,rabbit
27703,test,28,rabbit
27704,train,28,rabbit
27705,test,28,rabbit
27706,train,28,rabbit
27707,train,28,rabbit
27708,train,28,rabbit
27709,train,28,rabbit
27710,validation,28,rabbit
27711,train,28,rabbit
27712,test,28,rabbit
27713,validation,28,rabbit
27714,validation,28,rabbit
27715,train,28,rabbit
27716,train,28,rabbit
27717,validation,28,rabbit
27718,test,28,rabbit
27719,train,28,rabbit
27720,train,28,rabbit
27721,train,28,rabbit
27722,test,28,rabbit
27723,train,28,rabbit
27724,train,28,rabbit
27725,train,28,rabbit
27726,validation,28,rabbit
27727,train,28,rabbit
27728,test,28,rabbit
27729,train,28,rabbit
27730,train,28,rabbit
27731,validation,28,rabbit
27732,validation,28,rabbit
27733,test,28,rabbit
27734,test,28,rabbit
27735,train,28,rabbit
27736,train,28,rabbit
27737,train,28,rabbit
27738,test,28,rabbit
27739,train,28,rabbit
27740,train,28,rabbit
27741,train,28,rabbit
27742,train,28,rabbit
27743,train,28,rabbit
27744,validation,28,rabbit
27745,train,28,rabbit
27746,test,28,rabbit
27747,train,28,rabbit
27748,validation,28,rabbit
27749,validation,28,rabbit
27750,test,28,rabbit
27751,train,28,rabbit
27752,test,28,rabbit
27753,test,28,rabbit
27754,test,28,rabbit
27755,train,28,rabbit
27756,train,28,rabbit
27757,train,28,rabbit
27758,validation,28,rabbit
27759,validation,28,rabbit
27760,train,28,rabbit
27761,train,28,rabbit
27762,test,28,rabbit
27763,train,28,rabbit
27764,train,28,rabbit
27765,test,28,rabbit
27766,validation,28,rabbit
27767,train,28,rabbit
27768,test,28,rabbit
27769,train,28,rabbit
27770,train,28,rabbit
27771,train,28,rabbit
27772,test,28,rabbit
27773,train,28,rabbit
27774,train,28,rabbit
27775,train,28,rabbit
27776,test,28,rabbit
27777,validation,28,rabbit
27778,test,28,rabbit
27779,validation,28,rabbit
27780,train,28,rabbit
27781,train,28,rabbit
27782,validation,28,rabbit
27783,train,28,rabbit
27784,train,28,rabbit
27785,train,28,rabbit
27786,test,28,rabbit
27787,train,28,rabbit
27788,test,28,rabbit
27789,validation,28,rabbit
27790,train,28,rabbit
27791,train,28,rabbit
27792,train,28,rabbit
27793,train,28,rabbit
27794,validation,28,rabbit
27795,train,28,rabbit
27796,train,28,rabbit
27797,test,28,rabbit
27798,train,28,rabbit
27799,validation,28,rabbit
27800,test,28,rabbit
27801,test,28,rabbit
27802,test,28,rabbit
27803,test,28,rabbit
27804,validation,28,rabbit
27805,validation,28,rabbit
27806,test,28,rabbit
27807,test,28,rabbit
27808,train,28,rabbit
27809,train,28,rabbit
27810,test,28,rabbit
27811,train,28,rabbit
27812,validation,28,rabbit
27813,validation,28,rabbit
27814,test,28,rabbit
27815,train,28,rabbit
27816,train,28,rabbit
27817,train,28,rabbit
27818,train,28,rabbit
27819,train,28,rabbit
27820,train,28,rabbit
27821,test,28,rabbit
27822,test,28,rabbit
27823,train,28,rabbit
27824,train,28,rabbit
27825,test,28,rabbit
27826,test,28,rabbit
27827,train,28,rabbit
27828,train,28,rabbit
27829,train,28,rabbit
27830,train,28,rabbit
27831,train,28,rabbit
27832,validation,28,rabbit
27833,validation,28,rabbit
27834,validation,28,rabbit
27835,train,28,rabbit
27836,train,28,rabbit
27837,validation,28,rabbit
27838,train,28,rabbit
27839,validation,28,rabbit
27840,train,28,rabbit
27841,train,28,rabbit
27842,test,28,rabbit
27843,train,28,rabbit
27844,validation,28,rabbit
27845,train,28,rabbit
27846,train,28,rabbit
27847,validation,28,rabbit
27848,train,28,rabbit
27849,train,28,rabbit
27850,train,28,rabbit
27851,test,28,rabbit
27852,validation,28,rabbit
27853,train,28,rabbit
27854,train,28,rabbit
27855,validation,28,rabbit
27856,test,28,rabbit
27857,test,28,rabbit
27858,validation,28,rabbit
27859,test,28,rabbit
27860,validation,28,rabbit
27861,validation,28,rabbit
27862,train,28,rabbit
27863,test,28,rabbit
27864,train,28,rabbit
27865,train,28,rabbit
27866,validation,28,rabbit
27867,train,28,rabbit
27868,validation,28,rabbit
27869,train,28,rabbit
27870,test,28,rabbit
27871,train,28,rabbit
27872,test,28,rabbit
27873,train,28,rabbit
27874,validation,28,rabbit
27875,train,28,rabbit
27876,validation,28,rabbit
27877,train,28,rabbit
27878,test,28,rabbit
27879,train,28,rabbit
27880,validation,28,rabbit
27881,test,28,rabbit
27882,validation,28,rabbit
27883,validation,28,rabbit
27884,train,28,rabbit
27885,validation,28,rabbit
27886,validation,28,rabbit
27887,train,28,rabbit
27888,validation,28,rabbit
27889,train,28,rabbit
27890,validation,28,rabbit
27891,train,28,rabbit
27892,train,28,rabbit
27893,validation,28,rabbit
27894,test,28,rabbit
27895,test,28,rabbit
27896,train,28,rabbit
27897,train,28,rabbit
27898,test,28,rabbit
27899,train,28,rabbit
27900,test,28,rabbit
27901,train,28,rabbit
27902,train,28,rabbit
27903,validation,28,rabbit
27904,validation,28,rabbit
27905,validation,28,rabbit
27906,train,28,rabbit
27907,train,28,rabbit
27908,test,28,rabbit
27909,train,28,rabbit
27910,train,28,rabbit
27911,validation,28,rabbit
27912,train,28,rabbit
27913,train,28,rabbit
27914,test,28,rabbit
27915,train,28,rabbit
27916,test,28,rabbit
27917,train,28,rabbit
27918,train,28,rabbit
27919,train,28,rabbit
27920,train,28,rabbit
27921,test,28,rabbit
27922,train,28,rabbit
27923,train,28,rabbit
27924,test,28,rabbit
27925,train,28,rabbit
27926,test,28,rabbit
27927,train,28,rabbit
27928,train,28,rabbit
27929,test,28,rabbit
27930,train,28,rabbit
27931,train,28,rabbit
27932,validation,28,rabbit
27933,train,28,rabbit
27934,train,28,rabbit
27935,train,28,rabbit
27936,test,28,rabbit
27937,train,28,rabbit
27938,train,28,rabbit
27939,train,28,rabbit
27940,test,28,rabbit
27941,train,28,rabbit
27942,train,28,rabbit
27943,train,28,rabbit
27944,train,28,rabbit
27945,test,28,rabbit
27946,train,28,rabbit
27947,train,28,rabbit
27948,train,28,rabbit
27949,validation,28,rabbit
27950,train,28,rabbit
27951,train,28,rabbit
27952,train,28,rabbit
27953,validation,28,rabbit
27954,validation,28,rabbit
27955,validation,28,rabbit
27956,test,28,rabbit
27957,train,28,rabbit
27958,train,28,rabbit
27959,train,28,rabbit
27960,train,28,rabbit
27961,validation,28,rabbit
27962,test,28,rabbit
27963,train,28,rabbit
27964,train,28,rabbit
27965,train,28,rabbit
27966,test,28,rabbit
27967,validation,28,rabbit
27968,train,28,rabbit
27969,train,28,rabbit
27970,train,28,rabbit
27971,train,28,rabbit
27972,validation,28,rabbit
27973,train,28,rabbit
27974,validation,28,rabbit
27975,train,28,rabbit
27976,validation,28,rabbit
27977,train,28,rabbit
27978,train,28,rabbit
27979,train,28,rabbit
27980,train,28,rabbit
27981,train,28,rabbit
27982,train,28,rabbit
27983,test,28,rabbit
27984,validation,28,rabbit
27985,train,28,rabbit
27986,validation,28,rabbit
27987,train,28,rabbit
27988,train,28,rabbit
27989,validation,28,rabbit
27990,train,28,rabbit
27991,validation,28,rabbit
27992,train,28,rabbit
27993,validation,28,rabbit
27994,validation,28,rabbit
27995,train,28,rabbit
27996,train,28,rabbit
27997,validation,28,rabbit
27998,validation,28,rabbit
27999,train,28,rabbit
28000,test,28,rabbit
28001,train,28,rabbit
28002,train,28,rabbit
28003,train,28,rabbit
28004,train,28,rabbit
28005,train,28,rabbit
28006,train,28,rabbit
28007,train,28,rabbit
28008,validation,28,rabbit
28009,test,28,rabbit
28010,train,28,rabbit
28011,train,28,rabbit
28012,train,28,rabbit
28013,validation,28,rabbit
28014,train,28,rabbit
28015,test,28,rabbit
28016,validation,28,rabbit
28017,train,28,rabbit
28018,test,28,rabbit
28019,train,28,rabbit
28020,test,28,rabbit
28021,train,28,rabbit
28022,test,28,rabbit
28023,train,28,rabbit
28024,train,28,rabbit
28025,test,28,rabbit
28026,train,28,rabbit
28027,test,28,rabbit
28028,train,28,rabbit
28029,train,28,rabbit
28030,validation,28,rabbit
28031,train,28,rabbit
28032,train,28,rabbit
28033,validation,28,rabbit
28034,train,28,rabbit
28035,train,28,rabbit
28036,train,28,rabbit
28037,train,28,rabbit
28038,train,28,rabbit
28039,test,28,rabbit
28040,train,28,rabbit
28041,test,28,rabbit
28042,train,28,rabbit
28043,train,28,rabbit
28044,test,28,rabbit
28045,train,28,rabbit
28046,validation,28,rabbit
28047,train,28,rabbit
28048,train,28,rabbit
28049,train,28,rabbit
28050,train,28,rabbit
28051,train,28,rabbit
28052,train,28,rabbit
28053,train,28,rabbit
28054,train,28,rabbit
28055,test,28,rabbit
28056,train,28,rabbit
28057,train,28,rabbit
28058,train,28,rabbit
28059,train,28,rabbit
28060,test,28,rabbit
28061,validation,28,rabbit
28062,train,28,rabbit
28063,test,28,rabbit
28064,train,28,rabbit
28065,train,28,rabbit
28066,validation,28,rabbit
28067,test,28,rabbit
28068,train,28,rabbit
28069,test,28,rabbit
28070,train,28,rabbit
28071,test,28,rabbit
28072,train,28,rabbit
28073,validation,28,rabbit
28074,validation,28,rabbit
28075,train,28,rabbit
28076,train,28,rabbit
28077,train,28,rabbit
28078,train,28,rabbit
28079,validation,28,rabbit
28080,validation,28,rabbit
28081,train,28,rabbit
28082,train,28,rabbit
28083,train,28,rabbit
28084,validation,28,rabbit
28085,test,28,rabbit
28086,train,28,rabbit
28087,train,28,rabbit
28088,train,28,rabbit
28089,train,28,rabbit
28090,train,28,rabbit
28091,train,28,rabbit
28092,train,28,rabbit
28093,train,28,rabbit
28094,train,47,raccoon
28095,validation,47,raccoon
28096,train,47,raccoon
28097,train,47,raccoon
28098,train,47,raccoon
28099,validation,47,raccoon
28100,train,47,raccoon
28101,train,47,raccoon
28102,train,47,raccoon
28103,train,47,raccoon
28104,validation,47,raccoon
28105,train,47,raccoon
28106,test,47,raccoon
28107,train,47,raccoon
28108,train,47,raccoon
28109,train,47,raccoon
28110,train,47,raccoon
28111,train,47,raccoon
28112,validation,47,raccoon
28113,train,47,raccoon
28114,train,47,raccoon
28115,train,47,raccoon
28116,train,47,raccoon
28117,train,47,raccoon
28118,validation,47,raccoon
28119,test,47,raccoon
28120,train,47,raccoon
28121,test,47,raccoon
28122,train,47,raccoon
28123,validation,47,raccoon
28124,train,47,raccoon
28125,validation,47,raccoon
28126,validation,47,raccoon
28127,train,47,raccoon
28128,train,47,raccoon
28129,train,47,raccoon
28130,train,47,raccoon
28131,test,47,raccoon
28132,train,47,raccoon
28133,validation,47,raccoon
28134,train,47,raccoon
28135,test,47,raccoon
28136,train,47,raccoon
28137,validation,47,raccoon
28138,train,47,raccoon
28139,train,47,raccoon
28140,train,47,raccoon
28141,validation,47,raccoon
28142,train,47,raccoon
28143,train,47,raccoon
28144,train,47,raccoon
28145,train,47,raccoon
28146,validation,47,raccoon
28147,train,47,raccoon
28148,train,47,raccoon
28149,validation,47,raccoon
28150,train,47,raccoon
28151,train,47,raccoon
28152,train,47,raccoon
28153,test,47,raccoon
28154,train,47,raccoon
28155,train,47,raccoon
28156,train,47,raccoon
28157,train,47,raccoon
28158,train,47,raccoon
28159,train,47,raccoon
28160,train,47,raccoon
28161,train,47,raccoon
28162,test,47,raccoon
28163,train,47,raccoon
28164,train,47,raccoon
28165,train,47,raccoon
28166,test,47,raccoon
28167,train,47,raccoon
28168,train,47,raccoon
28169,train,47,raccoon
28170,test,47,raccoon
28171,train,47,raccoon
28172,test,47,raccoon
28173,train,47,raccoon
28174,validation,47,raccoon
28175,train,47,raccoon
28176,validation,47,raccoon
28177,validation,47,raccoon
28178,train,47,raccoon
28179,train,47,raccoon
28180,validation,47,raccoon
28181,train,47,raccoon
28182,test,47,raccoon
28183,validation,47,raccoon
28184,train,47,raccoon
28185,test,47,raccoon
28186,train,47,raccoon
28187,train,47,raccoon
28188,validation,47,raccoon
28189,train,47,raccoon
28190,train,47,raccoon
28191,train,47,raccoon
28192,train,47,raccoon
28193,train,47,raccoon
28194,train,47,raccoon
28195,train,47,raccoon
28196,train,47,raccoon
28197,train,47,raccoon
28198,test,47,raccoon
28199,train,47,raccoon
28200,validation,47,raccoon
28201,train,47,raccoon
28202,test,47,raccoon
28203,train,47,raccoon
28204,train,47,raccoon
28205,test,47,raccoon
28206,train,47,raccoon
28207,validation,47,raccoon
28208,test,47,raccoon
28209,train,47,raccoon
28210,validation,47,raccoon
28211,validation,47,raccoon
28212,train,47,raccoon
28213,test,47,raccoon
28214,train,47,raccoon
28215,test,47,raccoon
28216,validation,47,raccoon
28217,validation,47,raccoon
28218,test,47,raccoon
28219,validation,47,raccoon
28220,test,47,raccoon
28221,validation,47,raccoon
28222,test,47,raccoon
28223,train,47,raccoon
28224,train,47,raccoon
28225,test,47,raccoon
28226,train,47,raccoon
28227,train,47,raccoon
28228,test,47,raccoon
28229,train,47,raccoon
28230,validation,47,raccoon
28231,train,47,raccoon
28232,validation,47,raccoon
28233,train,47,raccoon
28234,train,47,raccoon
28235,test,47,raccoon
28236,train,47,raccoon
28237,train,47,raccoon
28238,validation,47,raccoon
28239,train,47,raccoon
28240,train,47,raccoon
28241,train,47,raccoon
28242,validation,47,raccoon
28243,test,47,raccoon
28244,train,47,raccoon
28245,train,47,raccoon
28246,train,47,raccoon
28247,train,47,raccoon
28248,validation,47,raccoon
28249,train,47,raccoon
28250,train,47,raccoon
28251,validation,47,raccoon
28252,test,47,raccoon
28253,test,47,raccoon
28254,train,47,raccoon
28255,validation,47,raccoon
28256,train,47,raccoon
28257,train,47,raccoon
28258,train,47,raccoon
28259,train,47,raccoon
28260,test,47,raccoon
28261,test,47,raccoon
28262,train,47,raccoon
28263,train,47,raccoon
28264,train,47,raccoon
28265,validation,47,raccoon
28266,train,47,raccoon
28267,validation,47,raccoon
28268,train,47,raccoon
28269,test,47,raccoon
28270,train,47,raccoon
28271,test,47,raccoon
28272,train,47,raccoon
28273,test,47,raccoon
28274,train,47,raccoon
28275,test,47,raccoon
28276,train,47,raccoon
28277,train,47,raccoon
28278,train,47,raccoon
28279,train,47,raccoon
28280,train,47,raccoon
28281,train,47,raccoon
28282,validation,47,raccoon
28283,validation,47,raccoon
28284,test,47,raccoon
28285,train,47,raccoon
28286,test,47,raccoon
28287,test,47,raccoon
28288,validation,47,raccoon
28289,train,47,raccoon
28290,test,47,raccoon
28291,train,47,raccoon
28292,train,47,raccoon
28293,train,47,raccoon
28294,train,47,raccoon
28295,test,47,raccoon
28296,train,47,raccoon
28297,test,47,raccoon
28298,train,47,raccoon
28299,validation,47,raccoon
28300,test,47,raccoon
28301,validation,47,raccoon
28302,train,47,raccoon
28303,validation,47,raccoon
28304,train,47,raccoon
28305,train,47,raccoon
28306,validation,47,raccoon
28307,train,47,raccoon
28308,train,47,raccoon
28309,train,47,raccoon
28310,test,47,raccoon
28311,validation,47,raccoon
28312,train,47,raccoon
28313,test,47,raccoon
28314,validation,47,raccoon
28315,test,47,raccoon
28316,validation,47,raccoon
28317,train,47,raccoon
28318,train,47,raccoon
28319,test,47,raccoon
28320,train,47,raccoon
28321,validation,47,raccoon
28322,train,47,raccoon
28323,train,47,raccoon
28324,test,47,raccoon
28325,train,47,raccoon
28326,train,47,raccoon
28327,validation,47,raccoon
28328,train,47,raccoon
28329,train,47,raccoon
28330,validation,47,raccoon
28331,train,47,raccoon
28332,train,47,raccoon
28333,validation,47,raccoon
28334,test,47,raccoon
28335,train,47,raccoon
28336,test,47,raccoon
28337,train,47,raccoon
28338,train,47,raccoon
28339,train,47,raccoon
28340,test,47,raccoon
28341,validation,47,raccoon
28342,validation,47,raccoon
28343,train,47,raccoon
28344,test,47,raccoon
28345,test,47,raccoon
28346,train,47,raccoon
28347,train,47,raccoon
28348,train,47,raccoon
28349,test,47,raccoon
28350,train,47,raccoon
28351,train,47,raccoon
28352,test,47,raccoon
28353,validation,47,raccoon
28354,train,47,raccoon
28355,validation,47,raccoon
28356,test,47,raccoon
28357,train,47,raccoon
28358,train,47,raccoon
28359,train,47,raccoon
28360,validation,47,raccoon
28361,validation,47,raccoon
28362,train,47,raccoon
28363,test,47,raccoon
28364,train,47,raccoon
28365,train,47,raccoon
28366,validation,47,raccoon
28367,train,47,raccoon
28368,train,47,raccoon
28369,train,47,raccoon
28370,train,47,raccoon
28371,test,47,raccoon
28372,validation,47,raccoon
28373,train,47,raccoon
28374,validation,47,raccoon
28375,validation,47,raccoon
28376,test,47,raccoon
28377,train,47,raccoon
28378,train,47,raccoon
28379,train,47,raccoon
28380,train,47,raccoon
28381,test,47,raccoon
28382,train,47,raccoon
28383,train,47,raccoon
28384,train,47,raccoon
28385,test,47,raccoon
28386,test,47,raccoon
28387,train,47,raccoon
28388,validation,47,raccoon
28389,train,47,raccoon
28390,train,47,raccoon
28391,train,47,raccoon
28392,train,47,raccoon
28393,train,47,raccoon
28394,test,47,raccoon
28395,train,47,raccoon
28396,validation,47,raccoon
28397,validation,47,raccoon
28398,train,47,raccoon
28399,train,47,raccoon
28400,train,47,raccoon
28401,train,47,raccoon
28402,validation,47,raccoon
28403,train,47,raccoon
28404,train,47,raccoon
28405,train,47,raccoon
28406,train,47,raccoon
28407,test,47,raccoon
28408,test,47,raccoon
28409,test,47,raccoon
28410,train,47,raccoon
28411,test,47,raccoon
28412,train,47,raccoon
28413,validation,47,raccoon
28414,train,47,raccoon
28415,validation,47,raccoon
28416,train,47,raccoon
28417,validation,47,raccoon
28418,train,47,raccoon
28419,train,47,raccoon
28420,train,47,raccoon
28421,train,47,raccoon
28422,train,47,raccoon
28423,validation,47,raccoon
28424,test,47,raccoon
28425,test,47,raccoon
28426,validation,47,raccoon
28427,test,47,raccoon
28428,train,47,raccoon
28429,train,47,raccoon
28430,train,47,raccoon
28431,train,47,raccoon
28432,validation,47,raccoon
28433,train,47,raccoon
28434,train,47,raccoon
28435,validation,47,raccoon
28436,train,47,raccoon
28437,train,47,raccoon
28438,validation,47,raccoon
28439,train,47,raccoon
28440,train,47,raccoon
28441,validation,47,raccoon
28442,train,47,raccoon
28443,test,47,raccoon
28444,test,47,raccoon
28445,test,47,raccoon
28446,train,47,raccoon
28447,train,47,raccoon
28448,test,47,raccoon
28449,train,47,raccoon
28450,validation,47,raccoon
28451,validation,47,raccoon
28452,test,47,raccoon
28453,train,47,raccoon
28454,train,47,raccoon
28455,validation,47,raccoon
28456,train,47,raccoon
28457,train,47,raccoon
28458,validation,47,raccoon
28459,train,47,raccoon
28460,train,47,raccoon
28461,train,47,raccoon
28462,test,47,raccoon
28463,train,47,raccoon
28464,train,47,raccoon
28465,validation,47,raccoon
28466,validation,47,raccoon
28467,train,47,raccoon
28468,train,47,raccoon
28469,train,47,raccoon
28470,train,47,raccoon
28471,train,47,raccoon
28472,test,47,raccoon
28473,validation,47,raccoon
28474,train,47,raccoon
28475,train,47,raccoon
28476,test,47,raccoon
28477,validation,47,raccoon
28478,train,47,raccoon
28479,train,47,raccoon
28480,validation,47,raccoon
28481,train,47,raccoon
28482,train,47,raccoon
28483,train,47,raccoon
28484,train,47,raccoon
28485,train,47,raccoon
28486,train,47,raccoon
28487,test,47,raccoon
28488,train,47,raccoon
28489,test,47,raccoon
28490,test,47,raccoon
28491,train,47,raccoon
28492,test,47,raccoon
28493,train,47,raccoon
28494,train,47,raccoon
28495,train,47,raccoon
28496,test,47,raccoon
28497,train,47,raccoon
28498,train,47,raccoon
28499,train,47,raccoon
28500,train,47,raccoon
28501,validation,47,raccoon
28502,test,47,raccoon
28503,validation,47,raccoon
28504,validation,47,raccoon
28505,test,47,raccoon
28506,validation,47,raccoon
28507,validation,47,raccoon
28508,train,47,raccoon
28509,train,47,raccoon
28510,train,47,raccoon
28511,validation,47,raccoon
28512,train,47,raccoon
28513,train,47,raccoon
28514,train,47,raccoon
28515,validation,47,raccoon
28516,test,47,raccoon
28517,train,47,raccoon
28518,train,47,raccoon
28519,train,47,raccoon
28520,test,47,raccoon
28521,test,47,raccoon
28522,validation,47,raccoon
28523,validation,47,raccoon
28524,train,47,raccoon
28525,validation,47,raccoon
28526,train,47,raccoon
28527,test,47,raccoon
28528,train,47,raccoon
28529,train,47,raccoon
28530,train,47,raccoon
28531,train,47,raccoon
28532,train,47,raccoon
28533,validation,47,raccoon
28534,train,47,raccoon
28535,train,47,raccoon
28536,test,47,raccoon
28537,train,47,raccoon
28538,validation,47,raccoon
28539,train,47,raccoon
28540,train,47,raccoon
28541,train,47,raccoon
28542,train,47,raccoon
28543,test,47,raccoon
28544,test,47,raccoon
28545,train,47,raccoon
28546,train,47,raccoon
28547,test,47,raccoon
28548,train,47,raccoon
28549,validation,47,raccoon
28550,validation,47,raccoon
28551,train,47,raccoon
28552,train,47,raccoon
28553,train,47,raccoon
28554,validation,47,raccoon
28555,validation,47,raccoon
28556,train,47,raccoon
28557,train,47,raccoon
28558,train,47,raccoon
28559,train,47,raccoon
28560,test,47,raccoon
28561,validation,47,raccoon
28562,train,47,raccoon
28563,train,47,raccoon
28564,train,47,raccoon
28565,train,47,raccoon
28566,train,47,raccoon
28567,test,47,raccoon
28568,train,47,raccoon
28569,test,47,raccoon
28570,train,47,raccoon
28571,train,47,raccoon
28572,validation,47,raccoon
28573,train,47,raccoon
28574,train,47,raccoon
28575,test,47,raccoon
28576,validation,47,raccoon
28577,test,47,raccoon
28578,train,47,raccoon
28579,train,47,raccoon
28580,train,47,raccoon
28581,train,47,raccoon
28582,validation,47,raccoon
28583,train,47,raccoon
28584,train,47,raccoon
28585,test,47,raccoon
28586,train,47,raccoon
28587,train,47,raccoon
28588,train,47,raccoon
28589,validation,47,raccoon
28590,train,47,raccoon
28591,train,47,raccoon
28592,train,47,raccoon
28593,test,47,raccoon
28594,train,47,raccoon
28595,test,47,raccoon
28596,test,47,raccoon
28597,test,47,raccoon
28598,train,47,raccoon
28599,train,47,raccoon
28600,train,47,raccoon
28601,test,47,raccoon
28602,train,47,raccoon
28603,train,47,raccoon
28604,test,47,raccoon
28605,train,47,raccoon
28606,validation,33,rat
28607,train,33,rat
28608,validation,33,rat
28609,train,33,rat
28610,test,33,rat
28611,train,33,rat
28612,train,33,rat
28613,test,33,rat
28614,train,33,rat
28615,validation,33,rat
28616,train,33,rat
28617,test,33,rat
28618,test,33,rat
28619,validation,33,rat
28620,validation,33,rat
28621,validation,33,rat
28622,validation,33,rat
28623,train,33,rat
28624,train,33,rat
28625,train,33,rat
28626,train,33,rat
28627,train,33,rat
28628,train,33,rat
28629,validation,33,rat
28630,train,33,rat
28631,train,33,rat
28632,train,33,rat
28633,train,33,rat
28634,test,33,rat
28635,test,33,rat
28636,train,33,rat
28637,train,33,rat
28638,test,33,rat
28639,train,33,rat
28640,train,33,rat
28641,train,33,rat
28642,train,33,rat
28643,train,33,rat
28644,train,33,rat
28645,train,33,rat
28646,test,33,rat
28647,train,33,rat
28648,train,33,rat
28649,test,33,rat
28650,validation,33,rat
28651,validation,33,rat
28652,train,33,rat
28653,test,33,rat
28654,train,33,rat
28655,validation,33,rat
28656,train,33,rat
28657,test,33,rat
28658,train,33,rat
28659,train,33,rat
28660,train,33,rat
28661,validation,33,rat
28662,test,33,rat
28663,train,33,rat
28664,train,33,rat
28665,test,33,rat
28666,train,33,rat
28667,train,33,rat
28668,train,33,rat
28669,train,33,rat
28670,train,33,rat
28671,test,33,rat
28672,train,33,rat
28673,test,33,rat
28674,train,33,rat
28675,train,33,rat
28676,validation,33,rat
28677,train,33,rat
28678,test,33,rat
28679,train,33,rat
28680,train,33,rat
28681,train,33,rat
28682,train,33,rat
28683,train,33,rat
28684,validation,33,rat
28685,test,33,rat
28686,train,33,rat
28687,validation,33,rat
28688,validation,33,rat
28689,test,33,rat
28690,train,33,rat
28691,train,33,rat
28692,train,33,rat
28693,train,33,rat
28694,train,33,rat
28695,train,33,rat
28696,validation,33,rat
28697,train,33,rat
28698,train,33,rat
28699,train,33,rat
28700,train,33,rat
28701,test,33,rat
28702,validation,33,rat
28703,train,33,rat
28704,test,33,rat
28705,test,33,rat
28706,train,33,rat
28707,train,33,rat
28708,train,33,rat
28709,train,33,rat
28710,train,33,rat
28711,train,33,rat
28712,train,33,rat
28713,validation,33,rat
28714,train,33,rat
28715,train,33,rat
28716,train,33,rat
28717,test,33,rat
28718,train,33,rat
28719,train,33,rat
28720,train,33,rat
28721,test,33,rat
28722,test,33,rat
28723,test,33,rat
28724,validation,33,rat
28725,train,33,rat
28726,train,33,rat
28727,train,33,rat
28728,train,33,rat
28729,train,33,rat
28730,train,33,rat
28731,validation,33,rat
28732,test,33,rat
28733,train,33,rat
28734,validation,33,rat
28735,train,33,rat
28736,train,33,rat
28737,test,33,rat
28738,validation,33,rat
28739,test,33,rat
28740,validation,33,rat
28741,train,33,rat
28742,validation,33,rat
28743,train,33,rat
28744,train,33,rat
28745,validation,33,rat
28746,validation,33,rat
28747,train,33,rat
28748,validation,33,rat
28749,test,33,rat
28750,train,33,rat
28751,validation,33,rat
28752,train,33,rat
28753,validation,33,rat
28754,test,33,rat
28755,train,33,rat
28756,train,33,rat
28757,validation,33,rat
28758,train,33,rat
28759,validation,33,rat
28760,validation,33,rat
28761,train,33,rat
28762,train,33,rat
28763,train,33,rat
28764,train,33,rat
28765,test,33,rat
28766,train,33,rat
28767,validation,33,rat
28768,test,33,rat
28769,train,33,rat
28770,train,33,rat
28771,train,33,rat
28772,train,33,rat
28773,test,33,rat
28774,validation,33,rat
28775,train,33,rat
28776,train,33,rat
28777,train,33,rat
28778,train,33,rat
28779,train,33,rat
28780,validation,33,rat
28781,train,33,rat
28782,train,33,rat
28783,test,33,rat
28784,validation,33,rat
28785,test,33,rat
28786,train,33,rat
28787,train,33,rat
28788,train,33,rat
28789,train,33,rat
28790,train,33,rat
28791,train,33,rat
28792,train,33,rat
28793,train,33,rat
28794,train,33,rat
28795,validation,33,rat
28796,train,33,rat
28797,train,33,rat
28798,train,33,rat
28799,test,33,rat
28800,train,33,rat
28801,train,33,rat
28802,train,33,rat
28803,train,33,rat
28804,validation,33,rat
28805,test,33,rat
28806,validation,33,rat
28807,test,33,rat
28808,train,33,rat
28809,train,33,rat
28810,test,33,rat
28811,test,33,rat
28812,train,33,rat
28813,validation,33,rat
28814,test,33,rat
28815,test,33,rat
28816,train,33,rat
28817,train,33,rat
28818,train,33,rat
28819,train,33,rat
28820,train,33,rat
28821,validation,33,rat
28822,train,33,rat
28823,train,33,rat
28824,validation,33,rat
28825,validation,33,rat
28826,train,33,rat
28827,validation,33,rat
28828,train,33,rat
28829,train,33,rat
28830,test,33,rat
28831,train,33,rat
28832,train,33,rat
28833,test,33,rat
28834,train,33,rat
28835,train,33,rat
28836,train,33,rat
28837,validation,33,rat
28838,validation,33,rat
28839,validation,33,rat
28840,validation,33,rat
28841,validation,33,rat
28842,train,33,rat
28843,train,33,rat
28844,train,33,rat
28845,test,33,rat
28846,test,33,rat
28847,test,33,rat
28848,test,33,rat
28849,test,33,rat
28850,train,33,rat
28851,validation,33,rat
28852,train,33,rat
28853,test,33,rat
28854,validation,33,rat
28855,train,33,rat
28856,train,33,rat
28857,train,33,rat
28858,test,33,rat
28859,train,33,rat
28860,train,33,rat
28861,train,33,rat
28862,train,33,rat
28863,train,33,rat
28864,train,33,rat
28865,train,33,rat
28866,validation,33,rat
28867,train,33,rat
28868,train,33,rat
28869,train,33,rat
28870,train,33,rat
28871,test,33,rat
28872,test,33,rat
28873,train,33,rat
28874,train,33,rat
28875,validation,33,rat
28876,test,33,rat
28877,test,33,rat
28878,train,33,rat
28879,train,33,rat
28880,validation,33,rat
28881,test,33,rat
28882,train,33,rat
28883,test,33,rat
28884,train,33,rat
28885,test,33,rat
28886,train,33,rat
28887,train,33,rat
28888,validation,33,rat
28889,validation,33,rat
28890,train,33,rat
28891,train,33,rat
28892,train,33,rat
28893,train,33,rat
28894,train,33,rat
28895,train,33,rat
28896,train,33,rat
28897,validation,33,rat
28898,train,33,rat
28899,train,33,rat
28900,train,33,rat
28901,validation,33,rat
28902,test,33,rat
28903,test,33,rat
28904,test,33,rat
28905,validation,33,rat
28906,validation,33,rat
28907,test,33,rat
28908,train,33,rat
28909,validation,33,rat
28910,train,33,rat
28911,train,33,rat
28912,train,33,rat
28913,train,33,rat
28914,train,33,rat
28915,train,33,rat
28916,test,27,rhinoceros
28917,train,27,rhinoceros
28918,validation,27,rhinoceros
28919,train,27,rhinoceros
28920,train,27,rhinoceros
28921,train,27,rhinoceros
28922,validation,27,rhinoceros
28923,test,27,rhinoceros
28924,train,27,rhinoceros
28925,validation,27,rhinoceros
28926,test,27,rhinoceros
28927,train,27,rhinoceros
28928,train,27,rhinoceros
28929,train,27,rhinoceros
28930,test,27,rhinoceros
28931,train,27,rhinoceros
28932,train,27,rhinoceros
28933,validation,27,rhinoceros
28934,train,27,rhinoceros
28935,train,27,rhinoceros
28936,train,27,rhinoceros
28937,train,27,rhinoceros
28938,train,27,rhinoceros
28939,train,27,rhinoceros
28940,validation,27,rhinoceros
28941,train,27,rhinoceros
28942,train,27,rhinoceros
28943,validation,27,rhinoceros
28944,test,27,rhinoceros
28945,train,27,rhinoceros
28946,train,27,rhinoceros
28947,validation,27,rhinoceros
28948,train,27,rhinoceros
28949,train,27,rhinoceros
28950,train,27,rhinoceros
28951,train,27,rhinoceros
28952,validation,27,rhinoceros
28953,train,27,rhinoceros
28954,validation,27,rhinoceros
28955,test,27,rhinoceros
28956,test,27,rhinoceros
28957,train,27,rhinoceros
28958,train,27,rhinoceros
28959,train,27,rhinoceros
28960,train,27,rhinoceros
28961,train,27,rhinoceros
28962,validation,27,rhinoceros
28963,validation,27,rhinoceros
28964,test,27,rhinoceros
28965,validation,27,rhinoceros
28966,validation,27,rhinoceros
28967,validation,27,rhinoceros
28968,train,27,rhinoceros
28969,train,27,rhinoceros
28970,test,27,rhinoceros
28971,train,27,rhinoceros
28972,train,27,rhinoceros
28973,test,27,rhinoceros
28974,train,27,rhinoceros
28975,train,27,rhinoceros
28976,validation,27,rhinoceros
28977,test,27,rhinoceros
28978,test,27,rhinoceros
28979,train,27,rhinoceros
28980,test,27,rhinoceros
28981,validation,27,rhinoceros
28982,validation,27,rhinoceros
28983,test,27,rhinoceros
28984,train,27,rhinoceros
28985,train,27,rhinoceros
28986,validation,27,rhinoceros
28987,train,27,rhinoceros
28988,train,27,rhinoceros
28989,test,27,rhinoceros
28990,train,27,rhinoceros
28991,train,27,rhinoceros
28992,train,27,rhinoceros
28993,train,27,rhinoceros
28994,train,27,rhinoceros
28995,validation,27,rhinoceros
28996,train,27,rhinoceros
28997,train,27,rhinoceros
28998,validation,27,rhinoceros
28999,train,27,rhinoceros
29000,validation,27,rhinoceros
29001,train,27,rhinoceros
29002,train,27,rhinoceros
29003,test,27,rhinoceros
29004,test,27,rhinoceros
29005,test,27,rhinoceros
29006,train,27,rhinoceros
29007,train,27,rhinoceros
29008,train,27,rhinoceros
29009,train,27,rhinoceros
29010,train,27,rhinoceros
29011,test,27,rhinoceros
29012,train,27,rhinoceros
29013,train,27,rhinoceros
29014,train,27,rhinoceros
29015,train,27,rhinoceros
29016,train,27,rhinoceros
29017,train,27,rhinoceros
29018,train,27,rhinoceros
29019,train,27,rhinoceros
29020,train,27,rhinoceros
29021,train,27,rhinoceros
29022,validation,27,rhinoceros
29023,test,27,rhinoceros
29024,test,27,rhinoceros
29025,train,27,rhinoceros
29026,validation,27,rhinoceros
29027,validation,27,rhinoceros
29028,test,27,rhinoceros
29029,train,27,rhinoceros
29030,validation,27,rhinoceros
29031,test,27,rhinoceros
29032,train,27,rhinoceros
29033,train,27,rhinoceros
29034,train,27,rhinoceros
29035,train,27,rhinoceros
29036,test,27,rhinoceros
29037,test,27,rhinoceros
29038,validation,27,rhinoceros
29039,validation,27,rhinoceros
29040,train,27,rhinoceros
29041,validation,27,rhinoceros
29042,train,27,rhinoceros
29043,validation,27,rhinoceros
29044,train,27,rhinoceros
29045,train,27,rhinoceros
29046,train,27,rhinoceros
29047,train,27,rhinoceros
29048,validation,27,rhinoceros
29049,test,27,rhinoceros
29050,validation,27,rhinoceros
29051,train,27,rhinoceros
29052,validation,27,rhinoceros
29053,test,27,rhinoceros
29054,test,27,rhinoceros
29055,train,27,rhinoceros
29056,test,27,rhinoceros
29057,train,27,rhinoceros
29058,train,27,rhinoceros
29059,train,27,rhinoceros
29060,test,27,rhinoceros
29061,train,27,rhinoceros
29062,train,27,rhinoceros
29063,train,27,rhinoceros
29064,train,27,rhinoceros
29065,validation,27,rhinoceros
29066,train,27,rhinoceros
29067,train,27,rhinoceros
29068,train,27,rhinoceros
29069,train,27,rhinoceros
29070,validation,27,rhinoceros
29071,train,27,rhinoceros
29072,train,27,rhinoceros
29073,train,27,rhinoceros
29074,train,27,rhinoceros
29075,train,27,rhinoceros
29076,train,27,rhinoceros
29077,train,27,rhinoceros
29078,validation,27,rhinoceros
29079,validation,27,rhinoceros
29080,test,27,rhinoceros
29081,train,27,rhinoceros
29082,test,27,rhinoceros
29083,validation,27,rhinoceros
29084,train,27,rhinoceros
29085,train,27,rhinoceros
29086,test,27,rhinoceros
29087,train,27,rhinoceros
29088,train,27,rhinoceros
29089,test,27,rhinoceros
29090,validation,27,rhinoceros
29091,validation,27,rhinoceros
29092,train,27,rhinoceros
29093,train,27,rhinoceros
29094,test,27,rhinoceros
29095,train,27,rhinoceros
29096,train,27,rhinoceros
29097,validation,27,rhinoceros
29098,train,27,rhinoceros
29099,train,27,rhinoceros
29100,train,27,rhinoceros
29101,train,27,rhinoceros
29102,test,27,rhinoceros
29103,train,27,rhinoceros
29104,validation,27,rhinoceros
29105,train,27,rhinoceros
29106,train,27,rhinoceros
29107,train,27,rhinoceros
29108,validation,27,rhinoceros
29109,train,27,rhinoceros
29110,train,27,rhinoceros
29111,test,27,rhinoceros
29112,train,27,rhinoceros
29113,train,27,rhinoceros
29114,test,27,rhinoceros
29115,validation,27,rhinoceros
29116,test,27,rhinoceros
29117,test,27,rhinoceros
29118,train,27,rhinoceros
29119,validation,27,rhinoceros
29120,train,27,rhinoceros
29121,train,27,rhinoceros
29122,train,27,rhinoceros
29123,train,27,rhinoceros
29124,test,27,rhinoceros
29125,test,27,rhinoceros
29126,train,27,rhinoceros
29127,train,27,rhinoceros
29128,validation,27,rhinoceros
29129,validation,27,rhinoceros
29130,train,27,rhinoceros
29131,train,27,rhinoceros
29132,train,27,rhinoceros
29133,validation,27,rhinoceros
29134,train,27,rhinoceros
29135,validation,27,rhinoceros
29136,train,27,rhinoceros
29137,validation,27,rhinoceros
29138,validation,27,rhinoceros
29139,train,27,rhinoceros
29140,train,27,rhinoceros
29141,train,27,rhinoceros
29142,validation,27,rhinoceros
29143,train,27,rhinoceros
29144,test,27,rhinoceros
29145,validation,27,rhinoceros
29146,train,27,rhinoceros
29147,train,27,rhinoceros
29148,train,27,rhinoceros
29149,train,27,rhinoceros
29150,train,27,rhinoceros
29151,train,27,rhinoceros
29152,train,27,rhinoceros
29153,validation,27,rhinoceros
29154,test,27,rhinoceros
29155,test,27,rhinoceros
29156,train,27,rhinoceros
29157,train,27,rhinoceros
29158,validation,27,rhinoceros
29159,test,27,rhinoceros
29160,train,27,rhinoceros
29161,train,27,rhinoceros
29162,train,27,rhinoceros
29163,validation,27,rhinoceros
29164,train,27,rhinoceros
29165,train,27,rhinoceros
29166,test,27,rhinoceros
29167,validation,27,rhinoceros
29168,train,27,rhinoceros
29169,train,27,rhinoceros
29170,validation,27,rhinoceros
29171,train,27,rhinoceros
29172,train,27,rhinoceros
29173,validation,27,rhinoceros
29174,train,27,rhinoceros
29175,validation,27,rhinoceros
29176,train,27,rhinoceros
29177,train,27,rhinoceros
29178,validation,27,rhinoceros
29179,train,27,rhinoceros
29180,train,27,rhinoceros
29181,test,27,rhinoceros
29182,test,27,rhinoceros
29183,train,27,rhinoceros
29184,test,27,rhinoceros
29185,train,27,rhinoceros
29186,train,27,rhinoceros
29187,train,27,rhinoceros
29188,train,27,rhinoceros
29189,train,27,rhinoceros
29190,validation,27,rhinoceros
29191,train,27,rhinoceros
29192,train,27,rhinoceros
29193,train,27,rhinoceros
29194,validation,27,rhinoceros
29195,train,27,rhinoceros
29196,test,27,rhinoceros
29197,train,27,rhinoceros
29198,test,27,rhinoceros
29199,train,27,rhinoceros
29200,train,27,rhinoceros
29201,train,27,rhinoceros
29202,validation,27,rhinoceros
29203,train,27,rhinoceros
29204,train,27,rhinoceros
29205,train,27,rhinoceros
29206,test,27,rhinoceros
29207,train,27,rhinoceros
29208,train,27,rhinoceros
29209,train,27,rhinoceros
29210,validation,27,rhinoceros
29211,validation,27,rhinoceros
29212,test,27,rhinoceros
29213,test,27,rhinoceros
29214,validation,27,rhinoceros
29215,train,27,rhinoceros
29216,validation,27,rhinoceros
29217,train,27,rhinoceros
29218,train,27,rhinoceros
29219,test,27,rhinoceros
29220,train,27,rhinoceros
29221,test,27,rhinoceros
29222,validation,27,rhinoceros
29223,test,27,rhinoceros
29224,test,27,rhinoceros
29225,train,27,rhinoceros
29226,train,27,rhinoceros
29227,train,27,rhinoceros
29228,train,27,rhinoceros
29229,test,27,rhinoceros
29230,train,27,rhinoceros
29231,train,27,rhinoceros
29232,validation,27,rhinoceros
29233,train,27,rhinoceros
29234,train,27,rhinoceros
29235,train,27,rhinoceros
29236,train,27,rhinoceros
29237,test,27,rhinoceros
29238,train,27,rhinoceros
29239,train,27,rhinoceros
29240,test,27,rhinoceros
29241,train,27,rhinoceros
29242,test,27,rhinoceros
29243,train,27,rhinoceros
29244,test,27,rhinoceros
29245,train,27,rhinoceros
29246,validation,27,rhinoceros
29247,validation,27,rhinoceros
29248,test,27,rhinoceros
29249,train,27,rhinoceros
29250,validation,27,rhinoceros
29251,validation,27,rhinoceros
29252,train,27,rhinoceros
29253,train,27,rhinoceros
29254,validation,27,rhinoceros
29255,test,27,rhinoceros
29256,train,27,rhinoceros
29257,test,27,rhinoceros
29258,test,27,rhinoceros
29259,test,27,rhinoceros
29260,train,27,rhinoceros
29261,train,27,rhinoceros
29262,train,27,rhinoceros
29263,train,27,rhinoceros
29264,train,27,rhinoceros
29265,train,27,rhinoceros
29266,train,27,rhinoceros
29267,train,27,rhinoceros
29268,train,27,rhinoceros
29269,train,27,rhinoceros
29270,train,27,rhinoceros
29271,train,27,rhinoceros
29272,train,27,rhinoceros
29273,test,27,rhinoceros
29274,train,27,rhinoceros
29275,train,27,rhinoceros
29276,validation,27,rhinoceros
29277,test,27,rhinoceros
29278,train,27,rhinoceros
29279,test,27,rhinoceros
29280,train,27,rhinoceros
29281,train,27,rhinoceros
29282,validation,27,rhinoceros
29283,train,27,rhinoceros
29284,train,27,rhinoceros
29285,train,27,rhinoceros
29286,train,27,rhinoceros
29287,train,27,rhinoceros
29288,train,27,rhinoceros
29289,train,27,rhinoceros
29290,test,27,rhinoceros
29291,validation,27,rhinoceros
29292,train,27,rhinoceros
29293,train,27,rhinoceros
29294,train,27,rhinoceros
29295,train,27,rhinoceros
29296,validation,27,rhinoceros
29297,train,27,rhinoceros
29298,test,27,rhinoceros
29299,train,27,rhinoceros
29300,train,27,rhinoceros
29301,train,27,rhinoceros
29302,train,27,rhinoceros
29303,train,27,rhinoceros
29304,train,27,rhinoceros
29305,train,27,rhinoceros
29306,validation,27,rhinoceros
29307,train,27,rhinoceros
29308,train,27,rhinoceros
29309,train,27,rhinoceros
29310,train,27,rhinoceros
29311,test,27,rhinoceros
29312,test,27,rhinoceros
29313,validation,27,rhinoceros
29314,train,27,rhinoceros
29315,train,27,rhinoceros
29316,train,27,rhinoceros
29317,train,27,rhinoceros
29318,train,27,rhinoceros
29319,validation,27,rhinoceros
29320,train,27,rhinoceros
29321,train,27,rhinoceros
29322,train,27,rhinoceros
29323,validation,27,rhinoceros
29324,validation,27,rhinoceros
29325,validation,27,rhinoceros
29326,train,27,rhinoceros
29327,train,27,rhinoceros
29328,train,27,rhinoceros
29329,validation,27,rhinoceros
29330,train,27,rhinoceros
29331,validation,27,rhinoceros
29332,train,27,rhinoceros
29333,train,27,rhinoceros
29334,validation,27,rhinoceros
29335,validation,27,rhinoceros
29336,train,27,rhinoceros
29337,train,27,rhinoceros
29338,validation,27,rhinoceros
29339,train,27,rhinoceros
29340,test,27,rhinoceros
29341,train,27,rhinoceros
29342,train,27,rhinoceros
29343,train,27,rhinoceros
29344,train,27,rhinoceros
29345,train,27,rhinoceros
29346,train,27,rhinoceros
29347,train,27,rhinoceros
29348,validation,27,rhinoceros
29349,validation,27,rhinoceros
29350,train,27,rhinoceros
29351,train,27,rhinoceros
29352,validation,27,rhinoceros
29353,train,27,rhinoceros
29354,validation,27,rhinoceros
29355,train,27,rhinoceros
29356,train,27,rhinoceros
29357,train,27,rhinoceros
29358,validation,27,rhinoceros
29359,train,27,rhinoceros
29360,train,27,rhinoceros
29361,test,27,rhinoceros
29362,test,27,rhinoceros
29363,validation,27,rhinoceros
29364,train,27,rhinoceros
29365,train,27,rhinoceros
29366,validation,27,rhinoceros
29367,train,27,rhinoceros
29368,train,27,rhinoceros
29369,test,27,rhinoceros
29370,train,27,rhinoceros
29371,test,27,rhinoceros
29372,train,27,rhinoceros
29373,train,27,rhinoceros
29374,train,27,rhinoceros
29375,train,27,rhinoceros
29376,test,27,rhinoceros
29377,train,27,rhinoceros
29378,validation,27,rhinoceros
29379,train,27,rhinoceros
29380,test,27,rhinoceros
29381,train,27,rhinoceros
29382,test,27,rhinoceros
29383,test,27,rhinoceros
29384,test,27,rhinoceros
29385,train,27,rhinoceros
29386,train,27,rhinoceros
29387,train,27,rhinoceros
29388,train,27,rhinoceros
29389,train,27,rhinoceros
29390,train,27,rhinoceros
29391,train,27,rhinoceros
29392,test,27,rhinoceros
29393,validation,27,rhinoceros
29394,train,27,rhinoceros
29395,train,27,rhinoceros
29396,train,27,rhinoceros
29397,validation,27,rhinoceros
29398,train,27,rhinoceros
29399,train,27,rhinoceros
29400,test,27,rhinoceros
29401,test,27,rhinoceros
29402,train,27,rhinoceros
29403,test,27,rhinoceros
29404,test,27,rhinoceros
29405,train,27,rhinoceros
29406,validation,27,rhinoceros
29407,train,27,rhinoceros
29408,validation,27,rhinoceros
29409,train,27,rhinoceros
29410,validation,27,rhinoceros
29411,train,27,rhinoceros
29412,validation,27,rhinoceros
29413,test,27,rhinoceros
29414,train,27,rhinoceros
29415,validation,27,rhinoceros
29416,train,27,rhinoceros
29417,train,27,rhinoceros
29418,test,27,rhinoceros
29419,train,27,rhinoceros
29420,test,27,rhinoceros
29421,train,27,rhinoceros
29422,test,27,rhinoceros
29423,validation,27,rhinoceros
29424,validation,27,rhinoceros
29425,validation,27,rhinoceros
29426,train,27,rhinoceros
29427,validation,27,rhinoceros
29428,train,27,rhinoceros
29429,train,27,rhinoceros
29430,test,27,rhinoceros
29431,train,27,rhinoceros
29432,train,27,rhinoceros
29433,validation,27,rhinoceros
29434,train,27,rhinoceros
29435,train,27,rhinoceros
29436,train,27,rhinoceros
29437,train,27,rhinoceros
29438,train,27,rhinoceros
29439,train,27,rhinoceros
29440,test,27,rhinoceros
29441,train,27,rhinoceros
29442,train,27,rhinoceros
29443,train,27,rhinoceros
29444,train,27,rhinoceros
29445,test,27,rhinoceros
29446,test,27,rhinoceros
29447,train,27,rhinoceros
29448,train,27,rhinoceros
29449,train,27,rhinoceros
29450,train,27,rhinoceros
29451,train,27,rhinoceros
29452,train,27,rhinoceros
29453,train,27,rhinoceros
29454,train,27,rhinoceros
29455,train,27,rhinoceros
29456,train,27,rhinoceros
29457,train,27,rhinoceros
29458,train,27,rhinoceros
29459,train,27,rhinoceros
29460,train,27,rhinoceros
29461,test,27,rhinoceros
29462,train,27,rhinoceros
29463,train,27,rhinoceros
29464,validation,27,rhinoceros
29465,validation,27,rhinoceros
29466,train,27,rhinoceros
29467,train,27,rhinoceros
29468,validation,27,rhinoceros
29469,train,27,rhinoceros
29470,train,27,rhinoceros
29471,train,27,rhinoceros
29472,train,27,rhinoceros
29473,train,27,rhinoceros
29474,train,27,rhinoceros
29475,validation,27,rhinoceros
29476,validation,27,rhinoceros
29477,train,27,rhinoceros
29478,train,27,rhinoceros
29479,test,27,rhinoceros
29480,validation,27,rhinoceros
29481,train,27,rhinoceros
29482,train,27,rhinoceros
29483,test,27,rhinoceros
29484,test,27,rhinoceros
29485,train,27,rhinoceros
29486,train,27,rhinoceros
29487,train,27,rhinoceros
29488,train,27,rhinoceros
29489,validation,27,rhinoceros
29490,train,27,rhinoceros
29491,test,27,rhinoceros
29492,test,27,rhinoceros
29493,train,27,rhinoceros
29494,train,27,rhinoceros
29495,train,27,rhinoceros
29496,test,27,rhinoceros
29497,test,27,rhinoceros
29498,validation,27,rhinoceros
29499,train,27,rhinoceros
29500,train,27,rhinoceros
29501,train,27,rhinoceros
29502,test,27,rhinoceros
29503,train,27,rhinoceros
29504,validation,27,rhinoceros
29505,train,27,rhinoceros
29506,validation,27,rhinoceros
29507,train,27,rhinoceros
29508,test,27,rhinoceros
29509,test,27,rhinoceros
29510,train,27,rhinoceros
29511,validation,27,rhinoceros
29512,test,27,rhinoceros
29513,train,27,rhinoceros
29514,test,27,rhinoceros
29515,test,27,rhinoceros
29516,train,27,rhinoceros
29517,test,27,rhinoceros
29518,train,27,rhinoceros
29519,train,27,rhinoceros
29520,train,27,rhinoceros
29521,test,27,rhinoceros
29522,train,27,rhinoceros
29523,train,27,rhinoceros
29524,test,27,rhinoceros
29525,train,27,rhinoceros
29526,validation,27,rhinoceros
29527,validation,27,rhinoceros
29528,test,27,rhinoceros
29529,train,27,rhinoceros
29530,train,27,rhinoceros
29531,train,27,rhinoceros
29532,test,27,rhinoceros
29533,train,27,rhinoceros
29534,train,27,rhinoceros
29535,validation,27,rhinoceros
29536,train,27,rhinoceros
29537,train,27,rhinoceros
29538,validation,27,rhinoceros
29539,train,27,rhinoceros
29540,test,27,rhinoceros
29541,train,27,rhinoceros
29542,train,27,rhinoceros
29543,test,27,rhinoceros
29544,test,27,rhinoceros
29545,validation,27,rhinoceros
29546,test,27,rhinoceros
29547,test,27,rhinoceros
29548,train,27,rhinoceros
29549,test,27,rhinoceros
29550,train,27,rhinoceros
29551,train,27,rhinoceros
29552,test,27,rhinoceros
29553,test,27,rhinoceros
29554,validation,27,rhinoceros
29555,train,27,rhinoceros
29556,train,27,rhinoceros
29557,test,27,rhinoceros
29558,test,27,rhinoceros
29559,train,27,rhinoceros
29560,validation,27,rhinoceros
29561,test,27,rhinoceros
29562,test,27,rhinoceros
29563,train,27,rhinoceros
29564,validation,27,rhinoceros
29565,train,27,rhinoceros
29566,train,27,rhinoceros
29567,validation,27,rhinoceros
29568,test,27,rhinoceros
29569,test,27,rhinoceros
29570,test,27,rhinoceros
29571,train,27,rhinoceros
29572,train,27,rhinoceros
29573,train,27,rhinoceros
29574,test,27,rhinoceros
29575,validation,27,rhinoceros
29576,train,27,rhinoceros
29577,test,27,rhinoceros
29578,validation,27,rhinoceros
29579,validation,27,rhinoceros
29580,train,27,rhinoceros
29581,train,27,rhinoceros
29582,train,27,rhinoceros
29583,validation,27,rhinoceros
29584,train,27,rhinoceros
29585,validation,27,rhinoceros
29586,train,27,rhinoceros
29587,train,27,rhinoceros
29588,train,27,rhinoceros
29589,train,27,rhinoceros
29590,train,27,rhinoceros
29591,train,27,rhinoceros
29592,train,27,rhinoceros
29593,train,27,rhinoceros
29594,train,27,rhinoceros
29595,train,27,rhinoceros
29596,train,27,rhinoceros
29597,train,27,rhinoceros
29598,train,27,rhinoceros
29599,train,27,rhinoceros
29600,test,27,rhinoceros
29601,train,27,rhinoceros
29602,validation,27,rhinoceros
29603,validation,27,rhinoceros
29604,validation,27,rhinoceros
29605,train,27,rhinoceros
29606,validation,27,rhinoceros
29607,test,27,rhinoceros
29608,test,27,rhinoceros
29609,test,27,rhinoceros
29610,train,27,rhinoceros
29611,validation,27,rhinoceros
29612,validation,23,seal
29613,train,23,seal
29614,train,23,seal
29615,train,23,seal
29616,train,23,seal
29617,train,23,seal
29618,train,23,seal
29619,train,23,seal
29620,test,23,seal
29621,train,23,seal
29622,train,23,seal
29623,train,23,seal
29624,train,23,seal
29625,test,23,seal
29626,validation,23,seal
29627,test,23,seal
29628,train,23,seal
29629,validation,23,seal
29630,validation,23,seal
29631,train,23,seal
29632,validation,23,seal
29633,train,23,seal
29634,test,23,seal
29635,train,23,seal
29636,test,23,seal
29637,train,23,seal
29638,train,23,seal
29639,train,23,seal
29640,test,23,seal
29641,test,23,seal
29642,train,23,seal
29643,validation,23,seal
29644,train,23,seal
29645,train,23,seal
29646,train,23,seal
29647,train,23,seal
29648,validation,23,seal
29649,train,23,seal
29650,test,23,seal
29651,validation,23,seal
29652,train,23,seal
29653,validation,23,seal
29654,train,23,seal
29655,train,23,seal
29656,train,23,seal
29657,train,23,seal
29658,validation,23,seal
29659,train,23,seal
29660,train,23,seal
29661,test,23,seal
29662,validation,23,seal
29663,test,23,seal
29664,train,23,seal
29665,train,23,seal
29666,train,23,seal
29667,train,23,seal
29668,train,23,seal
29669,test,23,seal
29670,train,23,seal
29671,train,23,seal
29672,train,23,seal
29673,train,23,seal
29674,validation,23,seal
29675,train,23,seal
29676,train,23,seal
29677,test,23,seal
29678,train,23,seal
29679,train,23,seal
29680,test,23,seal
29681,test,23,seal
29682,validation,23,seal
29683,test,23,seal
29684,test,23,seal
29685,test,23,seal
29686,train,23,seal
29687,train,23,seal
29688,train,23,seal
29689,train,23,seal
29690,test,23,seal
29691,train,23,seal
29692,train,23,seal
29693,train,23,seal
29694,train,23,seal
29695,validation,23,seal
29696,test,23,seal
29697,validation,23,seal
29698,validation,23,seal
29699,train,23,seal
29700,train,23,seal
29701,validation,23,seal
29702,validation,23,seal
29703,train,23,seal
29704,test,23,seal
29705,train,23,seal
29706,validation,23,seal
29707,train,23,seal
29708,validation,23,seal
29709,validation,23,seal
29710,train,23,seal
29711,test,23,seal
29712,train,23,seal
29713,train,23,seal
29714,validation,23,seal
29715,train,23,seal
29716,validation,23,seal
29717,test,23,seal
29718,validation,23,seal
29719,test,23,seal
29720,train,23,seal
29721,train,23,seal
29722,validation,23,seal
29723,test,23,seal
29724,validation,23,seal
29725,validation,23,seal
29726,train,23,seal
29727,test,23,seal
29728,validation,23,seal
29729,test,23,seal
29730,train,23,seal
29731,train,23,seal
29732,train,23,seal
29733,train,23,seal
29734,train,23,seal
29735,train,23,seal
29736,train,23,seal
29737,train,23,seal
29738,test,23,seal
29739,train,23,seal
29740,train,23,seal
29741,train,23,seal
29742,train,23,seal
29743,train,23,seal
29744,train,23,seal
29745,test,23,seal
29746,train,23,seal
29747,test,23,seal
29748,train,23,seal
29749,train,23,seal
29750,train,23,seal
29751,train,23,seal
29752,train,23,seal
29753,train,23,seal
29754,validation,23,seal
29755,train,23,seal
29756,validation,23,seal
29757,train,23,seal
29758,train,23,seal
29759,validation,23,seal
29760,validation,23,seal
29761,test,23,seal
29762,train,23,seal
29763,train,23,seal
29764,train,23,seal
29765,train,23,seal
29766,validation,23,seal
29767,test,23,seal
29768,train,23,seal
29769,train,23,seal
29770,train,23,seal
29771,train,23,seal
29772,validation,23,seal
29773,test,23,seal
29774,test,23,seal
29775,train,23,seal
29776,test,23,seal
29777,train,23,seal
29778,train,23,seal
29779,test,23,seal
29780,train,23,seal
29781,train,23,seal
29782,test,23,seal
29783,test,23,seal
29784,validation,23,seal
29785,train,23,seal
29786,validation,23,seal
29787,test,23,seal
29788,train,23,seal
29789,validation,23,seal
29790,train,23,seal
29791,validation,23,seal
29792,validation,23,seal
29793,train,23,seal
29794,validation,23,seal
29795,validation,23,seal
29796,validation,23,seal
29797,train,23,seal
29798,validation,23,seal
29799,train,23,seal
29800,test,23,seal
29801,train,23,seal
29802,test,23,seal
29803,train,23,seal
29804,train,23,seal
29805,train,23,seal
29806,validation,23,seal
29807,test,23,seal
29808,test,23,seal
29809,train,23,seal
29810,train,23,seal
29811,train,23,seal
29812,train,23,seal
29813,train,23,seal
29814,train,23,seal
29815,train,23,seal
29816,test,23,seal
29817,train,23,seal
29818,train,23,seal
29819,train,23,seal
29820,test,23,seal
29821,train,23,seal
29822,test,23,seal
29823,train,23,seal
29824,test,23,seal
29825,train,23,seal
29826,train,23,seal
29827,test,23,seal
29828,test,23,seal
29829,train,23,seal
29830,train,23,seal
29831,train,23,seal
29832,test,23,seal
29833,train,23,seal
29834,test,23,seal
29835,train,23,seal
29836,train,23,seal
29837,train,23,seal
29838,train,23,seal
29839,train,23,seal
29840,validation,23,seal
29841,train,23,seal
29842,train,23,seal
29843,train,23,seal
29844,test,23,seal
29845,train,23,seal
29846,train,23,seal
29847,test,23,seal
29848,train,23,seal
29849,test,23,seal
29850,validation,23,seal
29851,train,23,seal
29852,test,23,seal
29853,validation,23,seal
29854,test,23,seal
29855,validation,23,seal
29856,train,23,seal
29857,validation,23,seal
29858,train,23,seal
29859,test,23,seal
29860,train,23,seal
29861,train,23,seal
29862,train,23,seal
29863,validation,23,seal
29864,train,23,seal
29865,train,23,seal
29866,test,23,seal
29867,train,23,seal
29868,test,23,seal
29869,train,23,seal
29870,validation,23,seal
29871,test,23,seal
29872,train,23,seal
29873,test,23,seal
29874,train,23,seal
29875,test,23,seal
29876,train,23,seal
29877,test,23,seal
29878,train,23,seal
29879,train,23,seal
29880,test,23,seal
29881,train,23,seal
29882,test,23,seal
29883,train,23,seal
29884,train,23,seal
29885,validation,23,seal
29886,test,23,seal
29887,test,23,seal
29888,train,23,seal
29889,train,23,seal
29890,test,23,seal
29891,train,23,seal
29892,train,23,seal
29893,train,23,seal
29894,validation,23,seal
29895,train,23,seal
29896,test,23,seal
29897,test,23,seal
29898,test,23,seal
29899,validation,23,seal
29900,train,23,seal
29901,test,23,seal
29902,train,23,seal
29903,validation,23,seal
29904,train,23,seal
29905,train,23,seal
29906,train,23,seal
29907,train,23,seal
29908,train,23,seal
29909,validation,23,seal
29910,test,23,seal
29911,train,23,seal
29912,train,23,seal
29913,validation,23,seal
29914,train,23,seal
29915,validation,23,seal
29916,validation,23,seal
29917,train,23,seal
29918,train,23,seal
29919,validation,23,seal
29920,train,23,seal
29921,test,23,seal
29922,train,23,seal
29923,train,23,seal
29924,test,23,seal
29925,validation,23,seal
29926,train,23,seal
29927,train,23,seal
29928,train,23,seal
29929,validation,23,seal
29930,train,23,seal
29931,validation,23,seal
29932,train,23,seal
29933,train,23,seal
29934,test,23,seal
29935,train,23,seal
29936,test,23,seal
29937,test,23,seal
29938,train,23,seal
29939,validation,23,seal
29940,validation,23,seal
29941,test,23,seal
29942,train,23,seal
29943,validation,23,seal
29944,test,23,seal
29945,train,23,seal
29946,train,23,seal
29947,train,23,seal
29948,validation,23,seal
29949,train,23,seal
29950,validation,23,seal
29951,train,23,seal
29952,train,23,seal
29953,train,23,seal
29954,train,23,seal
29955,train,23,seal
29956,train,23,seal
29957,train,23,seal
29958,train,23,seal
29959,train,23,seal
29960,train,23,seal
29961,validation,23,seal
29962,test,23,seal
29963,test,23,seal
29964,train,23,seal
29965,train,23,seal
29966,train,23,seal
29967,validation,23,seal
29968,train,23,seal
29969,validation,23,seal
29970,train,23,seal
29971,train,23,seal
29972,train,23,seal
29973,train,23,seal
29974,validation,23,seal
29975,validation,23,seal
29976,validation,23,seal
29977,train,23,seal
29978,train,23,seal
29979,train,23,seal
29980,train,23,seal
29981,train,23,seal
29982,train,23,seal
29983,test,23,seal
29984,validation,23,seal
29985,test,23,seal
29986,train,23,seal
29987,train,23,seal
29988,test,23,seal
29989,test,23,seal
29990,validation,23,seal
29991,validation,23,seal
29992,test,23,seal
29993,train,23,seal
29994,test,23,seal
29995,train,23,seal
29996,train,23,seal
29997,train,23,seal
29998,train,23,seal
29999,validation,23,seal
30000,train,23,seal
30001,validation,23,seal
30002,train,23,seal
30003,train,23,seal
30004,test,23,seal
30005,train,23,seal
30006,train,23,seal
30007,train,23,seal
30008,train,23,seal
30009,train,23,seal
30010,test,23,seal
30011,test,23,seal
30012,train,23,seal
30013,train,23,seal
30014,train,23,seal
30015,train,23,seal
30016,train,23,seal
30017,train,23,seal
30018,validation,23,seal
30019,train,23,seal
30020,train,23,seal
30021,test,23,seal
30022,train,23,seal
30023,test,23,seal
30024,validation,23,seal
30025,train,23,seal
30026,validation,23,seal
30027,validation,23,seal
30028,train,23,seal
30029,validation,23,seal
30030,train,23,seal
30031,validation,23,seal
30032,train,23,seal
30033,train,23,seal
30034,test,23,seal
30035,validation,23,seal
30036,train,23,seal
30037,validation,23,seal
30038,train,23,seal
30039,train,23,seal
30040,train,23,seal
30041,train,23,seal
30042,train,23,seal
30043,train,23,seal
30044,train,23,seal
30045,train,23,seal
30046,train,23,seal
30047,train,23,seal
30048,train,23,seal
30049,train,23,seal
30050,test,23,seal
30051,train,23,seal
30052,train,23,seal
30053,test,23,seal
30054,train,23,seal
30055,train,23,seal
30056,train,23,seal
30057,validation,23,seal
30058,train,23,seal
30059,train,23,seal
30060,train,23,seal
30061,validation,23,seal
30062,train,23,seal
30063,train,23,seal
30064,train,23,seal
30065,train,23,seal
30066,test,23,seal
30067,train,23,seal
30068,train,23,seal
30069,train,23,seal
30070,train,23,seal
30071,validation,23,seal
30072,train,23,seal
30073,train,23,seal
30074,train,23,seal
30075,test,23,seal
30076,train,23,seal
30077,validation,23,seal
30078,test,23,seal
30079,train,23,seal
30080,test,23,seal
30081,train,23,seal
30082,validation,23,seal
30083,train,23,seal
30084,validation,23,seal
30085,train,23,seal
30086,validation,23,seal
30087,test,23,seal
30088,train,23,seal
30089,train,23,seal
30090,train,23,seal
30091,train,23,seal
30092,train,23,seal
30093,train,23,seal
30094,train,23,seal
30095,test,23,seal
30096,train,23,seal
30097,train,23,seal
30098,validation,23,seal
30099,train,23,seal
30100,train,23,seal
30101,train,23,seal
30102,test,23,seal
30103,validation,23,seal
30104,train,23,seal
30105,test,23,seal
30106,test,23,seal
30107,train,23,seal
30108,train,23,seal
30109,train,23,seal
30110,train,23,seal
30111,train,23,seal
30112,test,23,seal
30113,train,23,seal
30114,train,23,seal
30115,train,23,seal
30116,test,23,seal
30117,test,23,seal
30118,train,23,seal
30119,test,23,seal
30120,validation,23,seal
30121,train,23,seal
30122,train,23,seal
30123,train,23,seal
30124,train,23,seal
30125,train,23,seal
30126,train,23,seal
30127,validation,23,seal
30128,test,23,seal
30129,test,23,seal
30130,train,23,seal
30131,train,23,seal
30132,train,23,seal
30133,train,23,seal
30134,validation,23,seal
30135,train,23,seal
30136,validation,23,seal
30137,validation,23,seal
30138,validation,23,seal
30139,validation,23,seal
30140,train,23,seal
30141,train,23,seal
30142,train,23,seal
30143,validation,23,seal
30144,validation,23,seal
30145,train,23,seal
30146,train,23,seal
30147,train,23,seal
30148,test,23,seal
30149,train,23,seal
30150,train,23,seal
30151,train,23,seal
30152,test,23,seal
30153,test,23,seal
30154,validation,23,seal
30155,train,23,seal
30156,train,23,seal
30157,test,23,seal
30158,train,23,seal
30159,test,23,seal
30160,validation,23,seal
30161,train,23,seal
30162,train,23,seal
30163,train,23,seal
30164,train,23,seal
30165,train,23,seal
30166,train,23,seal
30167,train,23,seal
30168,test,23,seal
30169,test,23,seal
30170,train,23,seal
30171,train,23,seal
30172,train,23,seal
30173,test,23,seal
30174,validation,23,seal
30175,train,23,seal
30176,train,23,seal
30177,train,23,seal
30178,validation,23,seal
30179,train,23,seal
30180,train,23,seal
30181,train,23,seal
30182,train,23,seal
30183,train,23,seal
30184,train,23,seal
30185,train,23,seal
30186,validation,23,seal
30187,train,23,seal
30188,train,23,seal
30189,train,23,seal
30190,train,23,seal
30191,train,23,seal
30192,validation,23,seal
30193,train,23,seal
30194,train,23,seal
30195,train,23,seal
30196,train,23,seal
30197,test,23,seal
30198,validation,23,seal
30199,train,23,seal
30200,train,23,seal
30201,train,23,seal
30202,train,23,seal
30203,test,23,seal
30204,validation,23,seal
30205,train,23,seal
30206,train,23,seal
30207,validation,23,seal
30208,test,23,seal
30209,validation,23,seal
30210,test,23,seal
30211,train,23,seal
30212,validation,23,seal
30213,train,23,seal
30214,train,23,seal
30215,test,23,seal
30216,test,23,seal
30217,train,23,seal
30218,train,23,seal
30219,train,23,seal
30220,validation,23,seal
30221,validation,23,seal
30222,train,23,seal
30223,train,23,seal
30224,train,23,seal
30225,validation,23,seal
30226,train,23,seal
30227,train,23,seal
30228,train,23,seal
30229,test,23,seal
30230,train,23,seal
30231,validation,23,seal
30232,train,23,seal
30233,train,23,seal
30234,validation,23,seal
30235,validation,23,seal
30236,train,23,seal
30237,train,23,seal
30238,train,23,seal
30239,train,23,seal
30240,test,23,seal
30241,train,23,seal
30242,train,23,seal
30243,train,23,seal
30244,train,23,seal
30245,train,23,seal
30246,train,23,seal
30247,train,23,seal
30248,validation,23,seal
30249,train,23,seal
30250,validation,23,seal
30251,train,23,seal
30252,test,23,seal
30253,train,23,seal
30254,test,23,seal
30255,validation,23,seal
30256,train,23,seal
30257,train,23,seal
30258,train,23,seal
30259,validation,23,seal
30260,test,23,seal
30261,test,23,seal
30262,train,23,seal
30263,train,23,seal
30264,train,23,seal
30265,test,23,seal
30266,validation,23,seal
30267,train,23,seal
30268,test,23,seal
30269,test,23,seal
30270,test,23,seal
30271,train,23,seal
30272,train,23,seal
30273,validation,23,seal
30274,train,23,seal
30275,test,23,seal
30276,train,23,seal
30277,train,23,seal
30278,validation,23,seal
30279,test,23,seal
30280,test,23,seal
30281,train,23,seal
30282,test,23,seal
30283,train,23,seal
30284,train,23,seal
30285,train,23,seal
30286,validation,23,seal
30287,validation,23,seal
30288,test,23,seal
30289,train,23,seal
30290,test,23,seal
30291,train,23,seal
30292,train,23,seal
30293,train,23,seal
30294,test,23,seal
30295,train,23,seal
30296,train,23,seal
30297,validation,23,seal
30298,train,23,seal
30299,train,23,seal
30300,train,23,seal
30301,test,23,seal
30302,train,23,seal
30303,train,23,seal
30304,validation,23,seal
30305,train,23,seal
30306,validation,23,seal
30307,validation,23,seal
30308,validation,23,seal
30309,train,23,seal
30310,train,23,seal
30311,test,23,seal
30312,train,23,seal
30313,validation,23,seal
30314,test,23,seal
30315,test,23,seal
30316,train,23,seal
30317,test,23,seal
30318,train,23,seal
30319,train,23,seal
30320,test,23,seal
30321,validation,23,seal
30322,validation,23,seal
30323,train,23,seal
30324,validation,23,seal
30325,train,23,seal
30326,train,23,seal
30327,train,23,seal
30328,test,23,seal
30329,train,23,seal
30330,train,23,seal
30331,train,23,seal
30332,test,23,seal
30333,train,23,seal
30334,train,23,seal
30335,train,23,seal
30336,test,23,seal
30337,train,23,seal
30338,train,23,seal
30339,validation,23,seal
30340,train,23,seal
30341,train,23,seal
30342,validation,23,seal
30343,test,23,seal
30344,train,23,seal
30345,validation,23,seal
30346,train,23,seal
30347,train,23,seal
30348,train,23,seal
30349,validation,23,seal
30350,train,23,seal
30351,test,23,seal
30352,test,23,seal
30353,train,23,seal
30354,train,23,seal
30355,train,23,seal
30356,train,23,seal
30357,validation,23,seal
30358,test,23,seal
30359,train,23,seal
30360,train,23,seal
30361,test,23,seal
30362,train,23,seal
30363,train,23,seal
30364,train,23,seal
30365,train,23,seal
30366,train,23,seal
30367,validation,23,seal
30368,train,23,seal
30369,validation,23,seal
30370,validation,23,seal
30371,test,23,seal
30372,train,23,seal
30373,validation,23,seal
30374,validation,23,seal
30375,test,23,seal
30376,validation,23,seal
30377,train,23,seal
30378,validation,23,seal
30379,train,23,seal
30380,train,23,seal
30381,train,23,seal
30382,validation,23,seal
30383,train,23,seal
30384,train,23,seal
30385,train,23,seal
30386,train,23,seal
30387,train,23,seal
30388,train,23,seal
30389,test,23,seal
30390,train,23,seal
30391,test,23,seal
30392,train,23,seal
30393,test,23,seal
30394,test,23,seal
30395,train,23,seal
30396,test,23,seal
30397,train,23,seal
30398,train,23,seal
30399,train,23,seal
30400,train,23,seal
30401,train,23,seal
30402,train,23,seal
30403,train,23,seal
30404,train,23,seal
30405,train,23,seal
30406,train,23,seal
30407,train,23,seal
30408,validation,23,seal
30409,validation,23,seal
30410,validation,23,seal
30411,validation,23,seal
30412,train,23,seal
30413,train,23,seal
30414,validation,23,seal
30415,test,23,seal
30416,train,23,seal
30417,validation,23,seal
30418,test,23,seal
30419,test,23,seal
30420,train,23,seal
30421,test,23,seal
30422,train,23,seal
30423,train,23,seal
30424,validation,23,seal
30425,train,23,seal
30426,validation,23,seal
30427,train,23,seal
30428,train,23,seal
30429,train,23,seal
30430,validation,23,seal
30431,train,23,seal
30432,validation,23,seal
30433,validation,23,seal
30434,train,23,seal
30435,train,23,seal
30436,train,23,seal
30437,test,23,seal
30438,train,23,seal
30439,train,23,seal
30440,train,23,seal
30441,train,23,seal
30442,train,23,seal
30443,train,23,seal
30444,validation,23,seal
30445,train,23,seal
30446,train,23,seal
30447,train,23,seal
30448,test,23,seal
30449,train,23,seal
30450,test,23,seal
30451,test,23,seal
30452,train,23,seal
30453,train,23,seal
30454,train,23,seal
30455,test,23,seal
30456,train,23,seal
30457,train,23,seal
30458,train,23,seal
30459,train,23,seal
30460,train,23,seal
30461,train,23,seal
30462,train,23,seal
30463,test,23,seal
30464,train,23,seal
30465,train,23,seal
30466,train,23,seal
30467,train,23,seal
30468,validation,23,seal
30469,validation,23,seal
30470,validation,23,seal
30471,train,23,seal
30472,test,23,seal
30473,test,23,seal
30474,validation,23,seal
30475,train,23,seal
30476,validation,23,seal
30477,test,23,seal
30478,test,23,seal
30479,test,23,seal
30480,train,23,seal
30481,train,23,seal
30482,train,23,seal
30483,test,23,seal
30484,train,23,seal
30485,test,23,seal
30486,train,23,seal
30487,test,23,seal
30488,train,23,seal
30489,train,23,seal
30490,validation,23,seal
30491,train,23,seal
30492,test,23,seal
30493,train,23,seal
30494,train,23,seal
30495,train,23,seal
30496,validation,23,seal
30497,validation,23,seal
30498,train,23,seal
30499,validation,23,seal
30500,test,23,seal
30501,validation,23,seal
30502,train,23,seal
30503,train,23,seal
30504,test,23,seal
30505,train,23,seal
30506,train,23,seal
30507,test,23,seal
30508,validation,23,seal
30509,train,23,seal
30510,train,23,seal
30511,train,23,seal
30512,train,23,seal
30513,train,23,seal
30514,validation,23,seal
30515,test,23,seal
30516,test,23,seal
30517,train,23,seal
30518,validation,23,seal
30519,train,23,seal
30520,train,23,seal
30521,train,23,seal
30522,validation,23,seal
30523,test,23,seal
30524,train,23,seal
30525,validation,23,seal
30526,validation,23,seal
30527,train,23,seal
30528,train,23,seal
30529,validation,23,seal
30530,train,23,seal
30531,train,23,seal
30532,test,23,seal
30533,train,23,seal
30534,train,23,seal
30535,train,23,seal
30536,train,23,seal
30537,validation,23,seal
30538,test,23,seal
30539,validation,23,seal
30540,train,23,seal
30541,validation,23,seal
30542,validation,23,seal
30543,validation,23,seal
30544,train,23,seal
30545,train,23,seal
30546,train,23,seal
30547,validation,23,seal
30548,train,23,seal
30549,test,23,seal
30550,train,23,seal
30551,train,23,seal
30552,train,23,seal
30553,test,23,seal
30554,train,23,seal
30555,train,23,seal
30556,train,23,seal
30557,validation,23,seal
30558,train,23,seal
30559,train,23,seal
30560,train,23,seal
30561,train,23,seal
30562,train,23,seal
30563,train,23,seal
30564,train,23,seal
30565,train,23,seal
30566,train,23,seal
30567,train,23,seal
30568,train,23,seal
30569,train,23,seal
30570,train,23,seal
30571,train,23,seal
30572,test,23,seal
30573,train,23,seal
30574,validation,23,seal
30575,validation,23,seal
30576,train,23,seal
30577,train,23,seal
30578,train,23,seal
30579,train,23,seal
30580,test,23,seal
30581,validation,23,seal
30582,test,23,seal
30583,train,23,seal
30584,train,23,seal
30585,validation,23,seal
30586,train,23,seal
30587,train,23,seal
30588,train,23,seal
30589,train,23,seal
30590,train,23,seal
30591,test,23,seal
30592,validation,23,seal
30593,test,23,seal
30594,validation,23,seal
30595,train,23,seal
30596,test,23,seal
30597,validation,23,seal
30598,test,23,seal
30599,validation,23,seal
30600,train,22,sheep
30601,train,22,sheep
30602,train,22,sheep
30603,train,22,sheep
30604,test,22,sheep
30605,train,22,sheep
30606,train,22,sheep
30607,train,22,sheep
30608,validation,22,sheep
30609,train,22,sheep
30610,validation,22,sheep
30611,validation,22,sheep
30612,validation,22,sheep
30613,train,22,sheep
30614,train,22,sheep
30615,train,22,sheep
30616,validation,22,sheep
30617,test,22,sheep
30618,train,22,sheep
30619,train,22,sheep
30620,train,22,sheep
30621,train,22,sheep
30622,test,22,sheep
30623,validation,22,sheep
30624,train,22,sheep
30625,train,22,sheep
30626,validation,22,sheep
30627,train,22,sheep
30628,train,22,sheep
30629,test,22,sheep
30630,validation,22,sheep
30631,validation,22,sheep
30632,test,22,sheep
30633,train,22,sheep
30634,train,22,sheep
30635,test,22,sheep
30636,validation,22,sheep
30637,train,22,sheep
30638,train,22,sheep
30639,train,22,sheep
30640,validation,22,sheep
30641,validation,22,sheep
30642,validation,22,sheep
30643,test,22,sheep
30644,train,22,sheep
30645,validation,22,sheep
30646,train,22,sheep
30647,train,22,sheep
30648,train,22,sheep
30649,validation,22,sheep
30650,train,22,sheep
30651,train,22,sheep
30652,train,22,sheep
30653,train,22,sheep
30654,test,22,sheep
30655,train,22,sheep
30656,train,22,sheep
30657,validation,22,sheep
30658,test,22,sheep
30659,train,22,sheep
30660,train,22,sheep
30661,test,22,sheep
30662,train,22,sheep
30663,validation,22,sheep
30664,train,22,sheep
30665,test,22,sheep
30666,train,22,sheep
30667,train,22,sheep
30668,train,22,sheep
30669,train,22,sheep
30670,test,22,sheep
30671,train,22,sheep
30672,train,22,sheep
30673,train,22,sheep
30674,train,22,sheep
30675,train,22,sheep
30676,train,22,sheep
30677,test,22,sheep
30678,validation,22,sheep
30679,test,22,sheep
30680,train,22,sheep
30681,validation,22,sheep
30682,validation,22,sheep
30683,validation,22,sheep
30684,validation,22,sheep
30685,train,22,sheep
30686,train,22,sheep
30687,train,22,sheep
30688,train,22,sheep
30689,train,22,sheep
30690,train,22,sheep
30691,test,22,sheep
30692,test,22,sheep
30693,train,22,sheep
30694,test,22,sheep
30695,train,22,sheep
30696,validation,22,sheep
30697,train,22,sheep
30698,train,22,sheep
30699,test,22,sheep
30700,validation,22,sheep
30701,train,22,sheep
30702,train,22,sheep
30703,train,22,sheep
30704,test,22,sheep
30705,validation,22,sheep
30706,train,22,sheep
30707,train,22,sheep
30708,train,22,sheep
30709,train,22,sheep
30710,train,22,sheep
30711,train,22,sheep
30712,validation,22,sheep
30713,train,22,sheep
30714,validation,22,sheep
30715,train,22,sheep
30716,test,22,sheep
30717,validation,22,sheep
30718,train,22,sheep
30719,test,22,sheep
30720,train,22,sheep
30721,test,22,sheep
30722,train,22,sheep
30723,train,22,sheep
30724,train,22,sheep
30725,train,22,sheep
30726,train,22,sheep
30727,test,22,sheep
30728,train,22,sheep
30729,train,22,sheep
30730,train,22,sheep
30731,train,22,sheep
30732,train,22,sheep
30733,train,22,sheep
30734,test,22,sheep
30735,test,22,sheep
30736,train,22,sheep
30737,train,22,sheep
30738,train,22,sheep
30739,train,22,sheep
30740,validation,22,sheep
30741,validation,22,sheep
30742,validation,22,sheep
30743,validation,22,sheep
30744,train,22,sheep
30745,train,22,sheep
30746,train,22,sheep
30747,validation,22,sheep
30748,train,22,sheep
30749,train,22,sheep
30750,train,22,sheep
30751,train,22,sheep
30752,train,22,sheep
30753,validation,22,sheep
30754,train,22,sheep
30755,train,22,sheep
30756,validation,22,sheep
30757,validation,22,sheep
30758,train,22,sheep
30759,train,22,sheep
30760,train,22,sheep
30761,train,22,sheep
30762,train,22,sheep
30763,train,22,sheep
30764,train,22,sheep
30765,train,22,sheep
30766,validation,22,sheep
30767,train,22,sheep
30768,test,22,sheep
30769,train,22,sheep
30770,train,22,sheep
30771,validation,22,sheep
30772,train,22,sheep
30773,train,22,sheep
30774,train,22,sheep
30775,train,22,sheep
30776,validation,22,sheep
30777,validation,22,sheep
30778,train,22,sheep
30779,test,22,sheep
30780,train,22,sheep
30781,train,22,sheep
30782,train,22,sheep
30783,validation,22,sheep
30784,test,22,sheep
30785,train,22,sheep
30786,train,22,sheep
30787,validation,22,sheep
30788,test,22,sheep
30789,train,22,sheep
30790,train,22,sheep
30791,test,22,sheep
30792,test,22,sheep
30793,test,22,sheep
30794,validation,22,sheep
30795,train,22,sheep
30796,train,22,sheep
30797,test,22,sheep
30798,test,22,sheep
30799,train,22,sheep
30800,train,22,sheep
30801,test,22,sheep
30802,validation,22,sheep
30803,validation,22,sheep
30804,train,22,sheep
30805,train,22,sheep
30806,train,22,sheep
30807,validation,22,sheep
30808,train,22,sheep
30809,validation,22,sheep
30810,train,22,sheep
30811,train,22,sheep
30812,validation,22,sheep
30813,validation,22,sheep
30814,train,22,sheep
30815,validation,22,sheep
30816,train,22,sheep
30817,train,22,sheep
30818,train,22,sheep
30819,test,22,sheep
30820,validation,22,sheep
30821,train,22,sheep
30822,train,22,sheep
30823,train,22,sheep
30824,train,22,sheep
30825,train,22,sheep
30826,test,22,sheep
30827,train,22,sheep
30828,train,22,sheep
30829,validation,22,sheep
30830,train,22,sheep
30831,train,22,sheep
30832,train,22,sheep
30833,test,22,sheep
30834,train,22,sheep
30835,validation,22,sheep
30836,train,22,sheep
30837,train,22,sheep
30838,train,22,sheep
30839,validation,22,sheep
30840,train,22,sheep
30841,train,22,sheep
30842,train,22,sheep
30843,test,22,sheep
30844,validation,22,sheep
30845,test,22,sheep
30846,train,22,sheep
30847,train,22,sheep
30848,test,22,sheep
30849,train,22,sheep
30850,train,22,sheep
30851,train,22,sheep
30852,train,22,sheep
30853,train,22,sheep
30854,train,22,sheep
30855,validation,22,sheep
30856,train,22,sheep
30857,test,22,sheep
30858,train,22,sheep
30859,test,22,sheep
30860,train,22,sheep
30861,test,22,sheep
30862,train,22,sheep
30863,test,22,sheep
30864,train,22,sheep
30865,train,22,sheep
30866,train,22,sheep
30867,train,22,sheep
30868,train,22,sheep
30869,test,22,sheep
30870,train,22,sheep
30871,test,22,sheep
30872,train,22,sheep
30873,train,22,sheep
30874,validation,22,sheep
30875,train,22,sheep
30876,train,22,sheep
30877,validation,22,sheep
30878,validation,22,sheep
30879,train,22,sheep
30880,test,22,sheep
30881,train,22,sheep
30882,train,22,sheep
30883,train,22,sheep
30884,train,22,sheep
30885,validation,22,sheep
30886,train,22,sheep
30887,train,22,sheep
30888,test,22,sheep
30889,test,22,sheep
30890,train,22,sheep
30891,train,22,sheep
30892,test,22,sheep
30893,validation,22,sheep
30894,train,22,sheep
30895,validation,22,sheep
30896,test,22,sheep
30897,train,22,sheep
30898,train,22,sheep
30899,test,22,sheep
30900,test,22,sheep
30901,train,22,sheep
30902,train,22,sheep
30903,train,22,sheep
30904,train,22,sheep
30905,test,22,sheep
30906,validation,22,sheep
30907,test,22,sheep
30908,test,22,sheep
30909,train,22,sheep
30910,validation,22,sheep
30911,validation,22,sheep
30912,validation,22,sheep
30913,validation,22,sheep
30914,validation,22,sheep
30915,train,22,sheep
30916,train,22,sheep
30917,test,22,sheep
30918,train,22,sheep
30919,train,22,sheep
30920,train,22,sheep
30921,train,22,sheep
30922,train,22,sheep
30923,train,22,sheep
30924,train,22,sheep
30925,train,22,sheep
30926,train,22,sheep
30927,train,22,sheep
30928,test,22,sheep
30929,validation,22,sheep
30930,test,22,sheep
30931,train,22,sheep
30932,test,22,sheep
30933,train,22,sheep
30934,train,22,sheep
30935,train,22,sheep
30936,train,22,sheep
30937,test,22,sheep
30938,test,22,sheep
30939,test,22,sheep
30940,train,22,sheep
30941,test,22,sheep
30942,train,22,sheep
30943,train,22,sheep
30944,validation,22,sheep
30945,train,22,sheep
30946,train,22,sheep
30947,train,22,sheep
30948,train,22,sheep
30949,train,22,sheep
30950,train,22,sheep
30951,train,22,sheep
30952,train,22,sheep
30953,train,22,sheep
30954,train,22,sheep
30955,train,22,sheep
30956,test,22,sheep
30957,train,22,sheep
30958,test,22,sheep
30959,validation,22,sheep
30960,validation,22,sheep
30961,train,22,sheep
30962,train,22,sheep
30963,train,22,sheep
30964,train,22,sheep
30965,validation,22,sheep
30966,test,22,sheep
30967,train,22,sheep
30968,train,22,sheep
30969,validation,22,sheep
30970,validation,22,sheep
30971,test,22,sheep
30972,train,22,sheep
30973,test,22,sheep
30974,train,22,sheep
30975,train,22,sheep
30976,train,22,sheep
30977,train,22,sheep
30978,train,22,sheep
30979,validation,22,sheep
30980,train,22,sheep
30981,train,22,sheep
30982,train,22,sheep
30983,train,22,sheep
30984,test,22,sheep
30985,validation,22,sheep
30986,train,22,sheep
30987,train,22,sheep
30988,test,22,sheep
30989,train,22,sheep
30990,train,22,sheep
30991,train,22,sheep
30992,train,22,sheep
30993,train,22,sheep
30994,train,22,sheep
30995,train,22,sheep
30996,train,22,sheep
30997,test,22,sheep
30998,validation,22,sheep
30999,train,22,sheep
31000,train,22,sheep
31001,validation,22,sheep
31002,train,22,sheep
31003,train,22,sheep
31004,train,22,sheep
31005,test,22,sheep
31006,train,22,sheep
31007,train,22,sheep
31008,train,22,sheep
31009,train,22,sheep
31010,train,22,sheep
31011,train,22,sheep
31012,test,22,sheep
31013,train,22,sheep
31014,test,22,sheep
31015,test,22,sheep
31016,train,22,sheep
31017,train,22,sheep
31018,validation,22,sheep
31019,train,22,sheep
31020,test,22,sheep
31021,train,22,sheep
31022,train,22,sheep
31023,test,22,sheep
31024,train,22,sheep
31025,test,22,sheep
31026,train,22,sheep
31027,train,22,sheep
31028,test,22,sheep
31029,train,22,sheep
31030,validation,22,sheep
31031,train,22,sheep
31032,train,22,sheep
31033,train,22,sheep
31034,train,22,sheep
31035,test,22,sheep
31036,test,22,sheep
31037,train,22,sheep
31038,validation,22,sheep
31039,train,22,sheep
31040,validation,22,sheep
31041,train,22,sheep
31042,test,22,sheep
31043,train,22,sheep
31044,validation,22,sheep
31045,test,22,sheep
31046,train,22,sheep
31047,train,22,sheep
31048,test,22,sheep
31049,train,22,sheep
31050,train,22,sheep
31051,train,22,sheep
31052,train,22,sheep
31053,train,22,sheep
31054,train,22,sheep
31055,train,22,sheep
31056,train,22,sheep
31057,train,22,sheep
31058,test,22,sheep
31059,train,22,sheep
31060,train,22,sheep
31061,train,22,sheep
31062,validation,22,sheep
31063,test,22,sheep
31064,train,22,sheep
31065,validation,22,sheep
31066,train,22,sheep
31067,test,22,sheep
31068,train,22,sheep
31069,validation,22,sheep
31070,train,22,sheep
31071,test,22,sheep
31072,train,22,sheep
31073,validation,22,sheep
31074,validation,22,sheep
31075,test,22,sheep
31076,train,22,sheep
31077,train,22,sheep
31078,train,22,sheep
31079,train,22,sheep
31080,train,22,sheep
31081,train,22,sheep
31082,test,22,sheep
31083,validation,22,sheep
31084,train,22,sheep
31085,test,22,sheep
31086,train,22,sheep
31087,train,22,sheep
31088,train,22,sheep
31089,train,22,sheep
31090,train,22,sheep
31091,train,22,sheep
31092,test,22,sheep
31093,train,22,sheep
31094,validation,22,sheep
31095,train,22,sheep
31096,train,22,sheep
31097,test,22,sheep
31098,test,22,sheep
31099,train,22,sheep
31100,train,22,sheep
31101,train,22,sheep
31102,train,22,sheep
31103,train,22,sheep
31104,train,22,sheep
31105,validation,22,sheep
31106,test,22,sheep
31107,train,22,sheep
31108,train,22,sheep
31109,train,22,sheep
31110,test,22,sheep
31111,validation,22,sheep
31112,train,22,sheep
31113,test,22,sheep
31114,test,22,sheep
31115,validation,22,sheep
31116,train,22,sheep
31117,train,22,sheep
31118,test,22,sheep
31119,test,22,sheep
31120,validation,22,sheep
31121,validation,22,sheep
31122,train,22,sheep
31123,train,22,sheep
31124,test,22,sheep
31125,train,22,sheep
31126,train,22,sheep
31127,validation,22,sheep
31128,test,22,sheep
31129,validation,22,sheep
31130,test,22,sheep
31131,validation,22,sheep
31132,train,22,sheep
31133,train,22,sheep
31134,test,22,sheep
31135,train,22,sheep
31136,train,22,sheep
31137,train,22,sheep
31138,train,22,sheep
31139,train,22,sheep
31140,train,22,sheep
31141,train,22,sheep
31142,validation,22,sheep
31143,validation,22,sheep
31144,train,22,sheep
31145,train,22,sheep
31146,validation,22,sheep
31147,test,22,sheep
31148,test,22,sheep
31149,validation,22,sheep
31150,train,22,sheep
31151,validation,22,sheep
31152,validation,22,sheep
31153,train,22,sheep
31154,validation,22,sheep
31155,train,22,sheep
31156,validation,22,sheep
31157,train,22,sheep
31158,test,22,sheep
31159,train,22,sheep
31160,train,22,sheep
31161,validation,22,sheep
31162,test,22,sheep
31163,test,22,sheep
31164,test,22,sheep
31165,train,22,sheep
31166,train,22,sheep
31167,validation,22,sheep
31168,train,22,sheep
31169,test,22,sheep
31170,test,22,sheep
31171,test,22,sheep
31172,train,22,sheep
31173,train,22,sheep
31174,train,22,sheep
31175,test,22,sheep
31176,train,22,sheep
31177,train,22,sheep
31178,train,22,sheep
31179,validation,22,sheep
31180,validation,22,sheep
31181,train,22,sheep
31182,validation,22,sheep
31183,train,22,sheep
31184,train,22,sheep
31185,train,22,sheep
31186,train,22,sheep
31187,train,22,sheep
31188,train,22,sheep
31189,train,22,sheep
31190,train,22,sheep
31191,test,22,sheep
31192,train,22,sheep
31193,train,22,sheep
31194,train,22,sheep
31195,train,22,sheep
31196,train,22,sheep
31197,test,22,sheep
31198,test,22,sheep
31199,train,22,sheep
31200,train,22,sheep
31201,train,22,sheep
31202,train,22,sheep
31203,train,22,sheep
31204,test,22,sheep
31205,train,22,sheep
31206,train,22,sheep
31207,validation,22,sheep
31208,train,22,sheep
31209,validation,22,sheep
31210,validation,22,sheep
31211,train,22,sheep
31212,train,22,sheep
31213,train,22,sheep
31214,validation,22,sheep
31215,train,22,sheep
31216,train,22,sheep
31217,test,22,sheep
31218,train,22,sheep
31219,test,22,sheep
31220,test,22,sheep
31221,train,22,sheep
31222,train,22,sheep
31223,train,22,sheep
31224,validation,22,sheep
31225,train,22,sheep
31226,train,22,sheep
31227,test,22,sheep
31228,train,22,sheep
31229,train,22,sheep
31230,train,22,sheep
31231,train,22,sheep
31232,train,22,sheep
31233,test,22,sheep
31234,train,22,sheep
31235,train,22,sheep
31236,train,22,sheep
31237,train,22,sheep
31238,train,22,sheep
31239,train,22,sheep
31240,train,22,sheep
31241,validation,22,sheep
31242,train,22,sheep
31243,test,22,sheep
31244,train,22,sheep
31245,train,22,sheep
31246,test,22,sheep
31247,train,22,sheep
31248,validation,22,sheep
31249,train,22,sheep
31250,train,22,sheep
31251,train,22,sheep
31252,train,22,sheep
31253,validation,22,sheep
31254,train,22,sheep
31255,train,22,sheep
31256,train,22,sheep
31257,train,22,sheep
31258,test,22,sheep
31259,validation,22,sheep
31260,train,22,sheep
31261,train,22,sheep
31262,train,22,sheep
31263,train,22,sheep
31264,train,22,sheep
31265,train,22,sheep
31266,train,22,sheep
31267,train,22,sheep
31268,train,22,sheep
31269,validation,22,sheep
31270,train,22,sheep
31271,train,22,sheep
31272,train,22,sheep
31273,test,22,sheep
31274,test,22,sheep
31275,train,22,sheep
31276,train,22,sheep
31277,train,22,sheep
31278,validation,22,sheep
31279,test,22,sheep
31280,train,22,sheep
31281,train,22,sheep
31282,train,22,sheep
31283,train,22,sheep
31284,validation,22,sheep
31285,train,22,sheep
31286,train,22,sheep
31287,test,22,sheep
31288,test,22,sheep
31289,test,22,sheep
31290,train,22,sheep
31291,validation,22,sheep
31292,train,22,sheep
31293,test,22,sheep
31294,train,22,sheep
31295,train,22,sheep
31296,train,22,sheep
31297,test,22,sheep
31298,train,22,sheep
31299,train,22,sheep
31300,train,22,sheep
31301,train,22,sheep
31302,validation,22,sheep
31303,validation,22,sheep
31304,validation,22,sheep
31305,train,22,sheep
31306,validation,22,sheep
31307,train,22,sheep
31308,train,22,sheep
31309,test,22,sheep
31310,train,22,sheep
31311,train,22,sheep
31312,test,22,sheep
31313,test,22,sheep
31314,validation,22,sheep
31315,train,22,sheep
31316,test,22,sheep
31317,validation,22,sheep
31318,test,22,sheep
31319,test,22,sheep
31320,train,22,sheep
31321,test,22,sheep
31322,train,22,sheep
31323,validation,22,sheep
31324,train,22,sheep
31325,validation,22,sheep
31326,train,22,sheep
31327,validation,22,sheep
31328,train,22,sheep
31329,train,22,sheep
31330,train,22,sheep
31331,validation,22,sheep
31332,validation,22,sheep
31333,train,22,sheep
31334,train,22,sheep
31335,train,22,sheep
31336,test,22,sheep
31337,train,22,sheep
31338,validation,22,sheep
31339,train,22,sheep
31340,train,22,sheep
31341,train,22,sheep
31342,train,22,sheep
31343,validation,22,sheep
31344,train,22,sheep
31345,train,22,sheep
31346,train,22,sheep
31347,validation,22,sheep
31348,train,22,sheep
31349,train,22,sheep
31350,validation,22,sheep
31351,test,22,sheep
31352,validation,22,sheep
31353,test,22,sheep
31354,validation,22,sheep
31355,train,22,sheep
31356,validation,22,sheep
31357,train,22,sheep
31358,train,22,sheep
31359,train,22,sheep
31360,test,22,sheep
31361,test,22,sheep
31362,train,22,sheep
31363,test,22,sheep
31364,train,22,sheep
31365,train,22,sheep
31366,train,22,sheep
31367,test,22,sheep
31368,train,22,sheep
31369,validation,22,sheep
31370,test,22,sheep
31371,validation,22,sheep
31372,validation,22,sheep
31373,test,22,sheep
31374,test,22,sheep
31375,validation,22,sheep
31376,train,22,sheep
31377,train,22,sheep
31378,train,22,sheep
31379,test,22,sheep
31380,test,22,sheep
31381,train,22,sheep
31382,test,22,sheep
31383,train,22,sheep
31384,train,22,sheep
31385,train,22,sheep
31386,test,22,sheep
31387,test,22,sheep
31388,train,22,sheep
31389,validation,22,sheep
31390,train,22,sheep
31391,train,22,sheep
31392,test,22,sheep
31393,test,22,sheep
31394,train,22,sheep
31395,train,22,sheep
31396,test,22,sheep
31397,test,22,sheep
31398,validation,22,sheep
31399,train,22,sheep
31400,validation,22,sheep
31401,validation,22,sheep
31402,train,22,sheep
31403,train,22,sheep
31404,test,22,sheep
31405,train,22,sheep
31406,train,22,sheep
31407,test,22,sheep
31408,train,22,sheep
31409,validation,22,sheep
31410,train,22,sheep
31411,test,22,sheep
31412,train,22,sheep
31413,validation,22,sheep
31414,train,22,sheep
31415,train,22,sheep
31416,train,22,sheep
31417,validation,22,sheep
31418,train,22,sheep
31419,validation,22,sheep
31420,train,22,sheep
31421,train,22,sheep
31422,validation,22,sheep
31423,test,22,sheep
31424,train,22,sheep
31425,train,22,sheep
31426,train,22,sheep
31427,test,22,sheep
31428,train,22,sheep
31429,validation,22,sheep
31430,train,22,sheep
31431,test,22,sheep
31432,train,22,sheep
31433,train,22,sheep
31434,test,22,sheep
31435,validation,22,sheep
31436,validation,22,sheep
31437,train,22,sheep
31438,train,22,sheep
31439,test,22,sheep
31440,train,22,sheep
31441,train,22,sheep
31442,validation,22,sheep
31443,validation,22,sheep
31444,train,22,sheep
31445,test,22,sheep
31446,validation,22,sheep
31447,train,22,sheep
31448,train,22,sheep
31449,test,22,sheep
31450,validation,22,sheep
31451,train,22,sheep
31452,validation,22,sheep
31453,train,22,sheep
31454,test,22,sheep
31455,validation,22,sheep
31456,validation,22,sheep
31457,train,22,sheep
31458,test,22,sheep
31459,validation,22,sheep
31460,train,22,sheep
31461,train,22,sheep
31462,train,22,sheep
31463,validation,22,sheep
31464,validation,22,sheep
31465,train,22,sheep
31466,validation,22,sheep
31467,train,22,sheep
31468,train,22,sheep
31469,validation,22,sheep
31470,validation,22,sheep
31471,test,22,sheep
31472,train,22,sheep
31473,train,22,sheep
31474,train,22,sheep
31475,train,22,sheep
31476,train,22,sheep
31477,test,22,sheep
31478,train,22,sheep
31479,train,22,sheep
31480,train,22,sheep
31481,train,22,sheep
31482,train,22,sheep
31483,train,22,sheep
31484,train,22,sheep
31485,validation,22,sheep
31486,validation,22,sheep
31487,train,22,sheep
31488,train,22,sheep
31489,validation,22,sheep
31490,train,22,sheep
31491,train,22,sheep
31492,test,22,sheep
31493,train,22,sheep
31494,train,22,sheep
31495,test,22,sheep
31496,train,22,sheep
31497,test,22,sheep
31498,validation,22,sheep
31499,test,22,sheep
31500,train,22,sheep
31501,train,22,sheep
31502,train,22,sheep
31503,train,22,sheep
31504,validation,22,sheep
31505,train,22,sheep
31506,train,22,sheep
31507,train,22,sheep
31508,validation,22,sheep
31509,validation,22,sheep
31510,train,22,sheep
31511,train,22,sheep
31512,validation,22,sheep
31513,test,22,sheep
31514,validation,22,sheep
31515,test,22,sheep
31516,validation,22,sheep
31517,test,22,sheep
31518,train,22,sheep
31519,validation,22,sheep
31520,train,22,sheep
31521,validation,22,sheep
31522,validation,22,sheep
31523,test,22,sheep
31524,test,22,sheep
31525,train,22,sheep
31526,train,22,sheep
31527,train,22,sheep
31528,train,22,sheep
31529,train,22,sheep
31530,train,22,sheep
31531,train,22,sheep
31532,validation,22,sheep
31533,train,22,sheep
31534,train,22,sheep
31535,train,22,sheep
31536,validation,22,sheep
31537,validation,22,sheep
31538,train,22,sheep
31539,train,22,sheep
31540,train,22,sheep
31541,validation,22,sheep
31542,validation,22,sheep
31543,validation,22,sheep
31544,test,22,sheep
31545,train,22,sheep
31546,validation,22,sheep
31547,validation,22,sheep
31548,test,22,sheep
31549,train,22,sheep
31550,validation,22,sheep
31551,test,22,sheep
31552,train,22,sheep
31553,train,22,sheep
31554,train,22,sheep
31555,test,22,sheep
31556,train,22,sheep
31557,train,22,sheep
31558,validation,22,sheep
31559,validation,22,sheep
31560,train,22,sheep
31561,train,22,sheep
31562,train,22,sheep
31563,train,22,sheep
31564,train,22,sheep
31565,test,22,sheep
31566,train,22,sheep
31567,validation,22,sheep
31568,train,22,sheep
31569,validation,22,sheep
31570,train,22,sheep
31571,train,22,sheep
31572,train,22,sheep
31573,train,22,sheep
31574,validation,22,sheep
31575,validation,22,sheep
31576,test,22,sheep
31577,train,22,sheep
31578,train,22,sheep
31579,train,22,sheep
31580,train,22,sheep
31581,validation,22,sheep
31582,train,22,sheep
31583,validation,22,sheep
31584,validation,22,sheep
31585,test,22,sheep
31586,test,22,sheep
31587,test,22,sheep
31588,train,22,sheep
31589,train,22,sheep
31590,train,22,sheep
31591,validation,22,sheep
31592,train,22,sheep
31593,train,22,sheep
31594,train,22,sheep
31595,train,22,sheep
31596,train,22,sheep
31597,train,22,sheep
31598,train,22,sheep
31599,validation,22,sheep
31600,test,22,sheep
31601,train,22,sheep
31602,test,22,sheep
31603,train,22,sheep
31604,test,22,sheep
31605,validation,22,sheep
31606,test,22,sheep
31607,train,22,sheep
31608,train,22,sheep
31609,train,22,sheep
31610,train,22,sheep
31611,test,22,sheep
31612,test,22,sheep
31613,validation,22,sheep
31614,train,22,sheep
31615,train,22,sheep
31616,train,22,sheep
31617,test,22,sheep
31618,validation,22,sheep
31619,train,22,sheep
31620,train,22,sheep
31621,train,22,sheep
31622,test,22,sheep
31623,train,22,sheep
31624,train,22,sheep
31625,train,22,sheep
31626,train,22,sheep
31627,train,22,sheep
31628,train,22,sheep
31629,train,22,sheep
31630,validation,22,sheep
31631,train,22,sheep
31632,test,22,sheep
31633,test,22,sheep
31634,train,22,sheep
31635,test,22,sheep
31636,validation,22,sheep
31637,train,22,sheep
31638,train,22,sheep
31639,validation,22,sheep
31640,validation,22,sheep
31641,train,22,sheep
31642,validation,22,sheep
31643,train,22,sheep
31644,validation,22,sheep
31645,train,22,sheep
31646,train,22,sheep
31647,train,22,sheep
31648,train,22,sheep
31649,validation,22,sheep
31650,test,22,sheep
31651,validation,22,sheep
31652,test,22,sheep
31653,test,22,sheep
31654,train,22,sheep
31655,train,22,sheep
31656,train,22,sheep
31657,train,22,sheep
31658,train,22,sheep
31659,train,22,sheep
31660,validation,22,sheep
31661,validation,22,sheep
31662,train,22,sheep
31663,test,22,sheep
31664,train,22,sheep
31665,train,22,sheep
31666,test,22,sheep
31667,validation,22,sheep
31668,test,22,sheep
31669,train,22,sheep
31670,test,22,sheep
31671,test,22,sheep
31672,train,22,sheep
31673,train,22,sheep
31674,test,22,sheep
31675,test,22,sheep
31676,train,22,sheep
31677,train,22,sheep
31678,train,22,sheep
31679,train,22,sheep
31680,train,22,sheep
31681,train,22,sheep
31682,test,22,sheep
31683,validation,22,sheep
31684,test,22,sheep
31685,validation,22,sheep
31686,validation,22,sheep
31687,validation,22,sheep
31688,train,22,sheep
31689,test,22,sheep
31690,train,22,sheep
31691,train,22,sheep
31692,test,22,sheep
31693,train,22,sheep
31694,train,22,sheep
31695,train,22,sheep
31696,test,22,sheep
31697,validation,22,sheep
31698,train,22,sheep
31699,train,22,sheep
31700,train,22,sheep
31701,train,22,sheep
31702,validation,22,sheep
31703,train,22,sheep
31704,validation,22,sheep
31705,train,22,sheep
31706,train,22,sheep
31707,test,22,sheep
31708,train,22,sheep
31709,train,22,sheep
31710,validation,22,sheep
31711,test,22,sheep
31712,train,22,sheep
31713,validation,22,sheep
31714,train,22,sheep
31715,validation,22,sheep
31716,train,22,sheep
31717,train,22,sheep
31718,train,22,sheep
31719,train,22,sheep
31720,train,22,sheep
31721,train,22,sheep
31722,validation,22,sheep
31723,train,22,sheep
31724,train,22,sheep
31725,train,22,sheep
31726,train,22,sheep
31727,validation,22,sheep
31728,test,22,sheep
31729,train,22,sheep
31730,train,22,sheep
31731,train,22,sheep
31732,train,22,sheep
31733,train,22,sheep
31734,test,22,sheep
31735,test,22,sheep
31736,train,22,sheep
31737,train,22,sheep
31738,train,22,sheep
31739,train,22,sheep
31740,train,22,sheep
31741,test,22,sheep
31742,train,22,sheep
31743,train,22,sheep
31744,train,22,sheep
31745,train,22,sheep
31746,train,22,sheep
31747,train,22,sheep
31748,train,22,sheep
31749,test,22,sheep
31750,train,22,sheep
31751,train,22,sheep
31752,train,22,sheep
31753,train,22,sheep
31754,validation,22,sheep
31755,train,22,sheep
31756,train,22,sheep
31757,validation,22,sheep
31758,train,22,sheep
31759,train,22,sheep
31760,train,22,sheep
31761,test,22,sheep
31762,train,22,sheep
31763,validation,22,sheep
31764,test,22,sheep
31765,test,22,sheep
31766,train,22,sheep
31767,train,22,sheep
31768,validation,22,sheep
31769,test,22,sheep
31770,train,22,sheep
31771,validation,22,sheep
31772,train,22,sheep
31773,test,22,sheep
31774,test,22,sheep
31775,test,22,sheep
31776,train,22,sheep
31777,test,22,sheep
31778,train,22,sheep
31779,train,22,sheep
31780,train,22,sheep
31781,train,22,sheep
31782,train,22,sheep
31783,train,22,sheep
31784,test,22,sheep
31785,train,22,sheep
31786,train,22,sheep
31787,train,22,sheep
31788,train,22,sheep
31789,validation,22,sheep
31790,test,22,sheep
31791,train,22,sheep
31792,test,22,sheep
31793,train,22,sheep
31794,train,22,sheep
31795,train,22,sheep
31796,train,22,sheep
31797,test,22,sheep
31798,train,22,sheep
31799,validation,22,sheep
31800,train,22,sheep
31801,train,22,sheep
31802,validation,22,sheep
31803,train,22,sheep
31804,test,22,sheep
31805,validation,22,sheep
31806,train,22,sheep
31807,train,22,sheep
31808,test,22,sheep
31809,test,22,sheep
31810,train,22,sheep
31811,train,22,sheep
31812,train,22,sheep
31813,validation,22,sheep
31814,train,22,sheep
31815,train,22,sheep
31816,test,22,sheep
31817,validation,22,sheep
31818,test,22,sheep
31819,validation,22,sheep
31820,train,22,sheep
31821,train,22,sheep
31822,train,22,sheep
31823,train,22,sheep
31824,test,22,sheep
31825,train,22,sheep
31826,validation,22,sheep
31827,test,22,sheep
31828,test,22,sheep
31829,train,22,sheep
31830,train,22,sheep
31831,test,22,sheep
31832,train,22,sheep
31833,validation,22,sheep
31834,train,22,sheep
31835,test,22,sheep
31836,test,22,sheep
31837,train,22,sheep
31838,train,22,sheep
31839,train,22,sheep
31840,train,22,sheep
31841,train,22,sheep
31842,validation,22,sheep
31843,validation,22,sheep
31844,train,22,sheep
31845,validation,22,sheep
31846,test,22,sheep
31847,train,22,sheep
31848,validation,22,sheep
31849,train,22,sheep
31850,train,22,sheep
31851,train,22,sheep
31852,test,22,sheep
31853,validation,22,sheep
31854,train,22,sheep
31855,train,22,sheep
31856,validation,22,sheep
31857,test,22,sheep
31858,train,22,sheep
31859,validation,22,sheep
31860,train,22,sheep
31861,train,22,sheep
31862,train,22,sheep
31863,validation,22,sheep
31864,train,22,sheep
31865,train,22,sheep
31866,train,22,sheep
31867,train,22,sheep
31868,validation,22,sheep
31869,test,22,sheep
31870,train,22,sheep
31871,validation,22,sheep
31872,train,22,sheep
31873,train,22,sheep
31874,test,22,sheep
31875,train,22,sheep
31876,train,22,sheep
31877,validation,22,sheep
31878,validation,22,sheep
31879,train,22,sheep
31880,validation,22,sheep
31881,validation,22,sheep
31882,test,22,sheep
31883,train,22,sheep
31884,test,22,sheep
31885,train,22,sheep
31886,train,22,sheep
31887,train,22,sheep
31888,validation,22,sheep
31889,train,22,sheep
31890,train,22,sheep
31891,test,22,sheep
31892,train,22,sheep
31893,train,22,sheep
31894,train,22,sheep
31895,train,22,sheep
31896,train,22,sheep
31897,train,22,sheep
31898,train,22,sheep
31899,train,22,sheep
31900,train,22,sheep
31901,train,22,sheep
31902,train,22,sheep
31903,test,22,sheep
31904,train,22,sheep
31905,validation,22,sheep
31906,test,22,sheep
31907,train,22,sheep
31908,train,22,sheep
31909,test,22,sheep
31910,train,22,sheep
31911,test,22,sheep
31912,train,22,sheep
31913,test,22,sheep
31914,train,22,sheep
31915,train,22,sheep
31916,train,22,sheep
31917,test,22,sheep
31918,validation,22,sheep
31919,test,22,sheep
31920,train,22,sheep
31921,train,22,sheep
31922,validation,22,sheep
31923,train,22,sheep
31924,validation,22,sheep
31925,validation,22,sheep
31926,train,22,sheep
31927,train,22,sheep
31928,train,22,sheep
31929,train,22,sheep
31930,validation,22,sheep
31931,validation,22,sheep
31932,train,22,sheep
31933,train,22,sheep
31934,train,22,sheep
31935,train,22,sheep
31936,train,22,sheep
31937,validation,22,sheep
31938,train,22,sheep
31939,validation,22,sheep
31940,train,22,sheep
31941,train,22,sheep
31942,test,22,sheep
31943,validation,22,sheep
31944,train,22,sheep
31945,validation,22,sheep
31946,validation,22,sheep
31947,validation,22,sheep
31948,train,22,sheep
31949,test,22,sheep
31950,test,22,sheep
31951,train,22,sheep
31952,train,22,sheep
31953,test,22,sheep
31954,train,22,sheep
31955,train,22,sheep
31956,train,22,sheep
31957,train,22,sheep
31958,validation,22,sheep
31959,validation,22,sheep
31960,train,22,sheep
31961,train,22,sheep
31962,train,22,sheep
31963,train,22,sheep
31964,train,22,sheep
31965,test,22,sheep
31966,train,22,sheep
31967,test,22,sheep
31968,train,22,sheep
31969,train,22,sheep
31970,test,22,sheep
31971,train,22,sheep
31972,train,22,sheep
31973,train,22,sheep
31974,validation,22,sheep
31975,train,22,sheep
31976,train,22,sheep
31977,train,22,sheep
31978,train,22,sheep
31979,train,22,sheep
31980,test,22,sheep
31981,validation,22,sheep
31982,train,22,sheep
31983,test,22,sheep
31984,test,22,sheep
31985,train,22,sheep
31986,validation,22,sheep
31987,train,22,sheep
31988,test,22,sheep
31989,test,22,sheep
31990,train,22,sheep
31991,train,22,sheep
31992,train,22,sheep
31993,test,22,sheep
31994,validation,22,sheep
31995,train,22,sheep
31996,test,22,sheep
31997,train,22,sheep
31998,train,22,sheep
31999,validation,22,sheep
32000,train,22,sheep
32001,train,22,sheep
32002,train,22,sheep
32003,validation,22,sheep
32004,train,22,sheep
32005,validation,22,sheep
32006,test,22,sheep
32007,train,22,sheep
32008,train,22,sheep
32009,train,22,sheep
32010,train,22,sheep
32011,test,22,sheep
32012,test,22,sheep
32013,test,22,sheep
32014,validation,22,sheep
32015,train,22,sheep
32016,train,22,sheep
32017,test,22,sheep
32018,validation,22,sheep
32019,train,22,sheep
32020,test,9,siamese cat
32021,validation,9,siamese cat
32022,validation,9,siamese cat
32023,train,9,siamese cat
32024,train,9,siamese cat
32025,validation,9,siamese cat
32026,train,9,siamese cat
32027,train,9,siamese cat
32028,test,9,siamese cat
32029,test,9,siamese cat
32030,train,9,siamese cat
32031,train,9,siamese cat
32032,validation,9,siamese cat
32033,train,9,siamese cat
32034,train,9,siamese cat
32035,validation,9,siamese cat
32036,train,9,siamese cat
32037,validation,9,siamese cat
32038,train,9,siamese cat
32039,validation,9,siamese cat
32040,train,9,siamese cat
32041,validation,9,siamese cat
32042,test,9,siamese cat
32043,test,9,siamese cat
32044,train,9,siamese cat
32045,test,9,siamese cat
32046,validation,9,siamese cat
32047,train,9,siamese cat
32048,train,9,siamese cat
32049,train,9,siamese cat
32050,validation,9,siamese cat
32051,validation,9,siamese cat
32052,train,9,siamese cat
32053,test,9,siamese cat
32054,test,9,siamese cat
32055,test,9,siamese cat
32056,train,9,siamese cat
32057,train,9,siamese cat
32058,train,9,siamese cat
32059,train,9,siamese cat
32060,train,9,siamese cat
32061,validation,9,siamese cat
32062,validation,9,siamese cat
32063,test,9,siamese cat
32064,test,9,siamese cat
32065,train,9,siamese cat
32066,train,9,siamese cat
32067,train,9,siamese cat
32068,train,9,siamese cat
32069,train,9,siamese cat
32070,train,9,siamese cat
32071,validation,9,siamese cat
32072,train,9,siamese cat
32073,validation,9,siamese cat
32074,validation,9,siamese cat
32075,validation,9,siamese cat
32076,test,9,siamese cat
32077,validation,9,siamese cat
32078,train,9,siamese cat
32079,train,9,siamese cat
32080,test,9,siamese cat
32081,test,9,siamese cat
32082,train,9,siamese cat
32083,train,9,siamese cat
32084,test,9,siamese cat
32085,train,9,siamese cat
32086,validation,9,siamese cat
32087,validation,9,siamese cat
32088,test,9,siamese cat
32089,validation,9,siamese cat
32090,validation,9,siamese cat
32091,train,9,siamese cat
32092,train,9,siamese cat
32093,test,9,siamese cat
32094,train,9,siamese cat
32095,train,9,siamese cat
32096,train,9,siamese cat
32097,validation,9,siamese cat
32098,test,9,siamese cat
32099,train,9,siamese cat
32100,test,9,siamese cat
32101,test,9,siamese cat
32102,validation,9,siamese cat
32103,train,9,siamese cat
32104,train,9,siamese cat
32105,train,9,siamese cat
32106,validation,9,siamese cat
32107,train,9,siamese cat
32108,train,9,siamese cat
32109,train,9,siamese cat
32110,train,9,siamese cat
32111,train,9,siamese cat
32112,train,9,siamese cat
32113,train,9,siamese cat
32114,train,9,siamese cat
32115,validation,9,siamese cat
32116,validation,9,siamese cat
32117,test,9,siamese cat
32118,validation,9,siamese cat
32119,test,9,siamese cat
32120,train,9,siamese cat
32121,train,9,siamese cat
32122,train,9,siamese cat
32123,train,9,siamese cat
32124,test,9,siamese cat
32125,test,9,siamese cat
32126,train,9,siamese cat
32127,test,9,siamese cat
32128,validation,9,siamese cat
32129,test,9,siamese cat
32130,train,9,siamese cat
32131,test,9,siamese cat
32132,test,9,siamese cat
32133,validation,9,siamese cat
32134,train,9,siamese cat
32135,train,9,siamese cat
32136,train,9,siamese cat
32137,train,9,siamese cat
32138,test,9,siamese cat
32139,train,9,siamese cat
32140,train,9,siamese cat
32141,validation,9,siamese cat
32142,train,9,siamese cat
32143,train,9,siamese cat
32144,validation,9,siamese cat
32145,test,9,siamese cat
32146,train,9,siamese cat
32147,test,9,siamese cat
32148,test,9,siamese cat
32149,test,9,siamese cat
32150,train,9,siamese cat
32151,train,9,siamese cat
32152,train,9,siamese cat
32153,train,9,siamese cat
32154,train,9,siamese cat
32155,train,9,siamese cat
32156,train,9,siamese cat
32157,train,9,siamese cat
32158,train,9,siamese cat
32159,test,9,siamese cat
32160,train,9,siamese cat
32161,train,9,siamese cat
32162,train,9,siamese cat
32163,train,9,siamese cat
32164,train,9,siamese cat
32165,test,9,siamese cat
32166,test,9,siamese cat
32167,train,9,siamese cat
32168,train,9,siamese cat
32169,test,9,siamese cat
32170,test,9,siamese cat
32171,train,9,siamese cat
32172,train,9,siamese cat
32173,test,9,siamese cat
32174,train,9,siamese cat
32175,train,9,siamese cat
32176,train,9,siamese cat
32177,test,9,siamese cat
32178,train,9,siamese cat
32179,train,9,siamese cat
32180,train,9,siamese cat
32181,test,9,siamese cat
32182,train,9,siamese cat
32183,train,9,siamese cat
32184,train,9,siamese cat
32185,train,9,siamese cat
32186,train,9,siamese cat
32187,test,9,siamese cat
32188,validation,9,siamese cat
32189,train,9,siamese cat
32190,validation,9,siamese cat
32191,train,9,siamese cat
32192,train,9,siamese cat
32193,train,9,siamese cat
32194,train,9,siamese cat
32195,train,9,siamese cat
32196,train,9,siamese cat
32197,train,9,siamese cat
32198,validation,9,siamese cat
32199,validation,9,siamese cat
32200,test,9,siamese cat
32201,test,9,siamese cat
32202,train,9,siamese cat
32203,test,9,siamese cat
32204,validation,9,siamese cat
32205,train,9,siamese cat
32206,test,9,siamese cat
32207,validation,9,siamese cat
32208,test,9,siamese cat
32209,train,9,siamese cat
32210,train,9,siamese cat
32211,test,9,siamese cat
32212,validation,9,siamese cat
32213,train,9,siamese cat
32214,train,9,siamese cat
32215,test,9,siamese cat
32216,train,9,siamese cat
32217,validation,9,siamese cat
32218,train,9,siamese cat
32219,train,9,siamese cat
32220,train,9,siamese cat
32221,train,9,siamese cat
32222,train,9,siamese cat
32223,train,9,siamese cat
32224,train,9,siamese cat
32225,validation,9,siamese cat
32226,validation,9,siamese cat
32227,test,9,siamese cat
32228,train,9,siamese cat
32229,train,9,siamese cat
32230,validation,9,siamese cat
32231,validation,9,siamese cat
32232,train,9,siamese cat
32233,train,9,siamese cat
32234,train,9,siamese cat
32235,train,9,siamese cat
32236,train,9,siamese cat
32237,train,9,siamese cat
32238,validation,9,siamese cat
32239,train,9,siamese cat
32240,train,9,siamese cat
32241,train,9,siamese cat
32242,train,9,siamese cat
32243,test,9,siamese cat
32244,train,9,siamese cat
32245,train,9,siamese cat
32246,train,9,siamese cat
32247,test,9,siamese cat
32248,validation,9,siamese cat
32249,train,9,siamese cat
32250,train,9,siamese cat
32251,train,9,siamese cat
32252,train,9,siamese cat
32253,train,9,siamese cat
32254,train,9,siamese cat
32255,train,9,siamese cat
32256,train,9,siamese cat
32257,train,9,siamese cat
32258,validation,9,siamese cat
32259,train,9,siamese cat
32260,validation,9,siamese cat
32261,train,9,siamese cat
32262,train,9,siamese cat
32263,train,9,siamese cat
32264,train,9,siamese cat
32265,train,9,siamese cat
32266,test,9,siamese cat
32267,test,9,siamese cat
32268,train,9,siamese cat
32269,validation,9,siamese cat
32270,validation,9,siamese cat
32271,train,9,siamese cat
32272,train,9,siamese cat
32273,train,9,siamese cat
32274,train,9,siamese cat
32275,train,9,siamese cat
32276,train,9,siamese cat
32277,train,9,siamese cat
32278,train,9,siamese cat
32279,train,9,siamese cat
32280,train,9,siamese cat
32281,train,9,siamese cat
32282,test,9,siamese cat
32283,train,9,siamese cat
32284,train,9,siamese cat
32285,train,9,siamese cat
32286,train,9,siamese cat
32287,train,9,siamese cat
32288,train,9,siamese cat
32289,test,9,siamese cat
32290,train,9,siamese cat
32291,train,9,siamese cat
32292,test,9,siamese cat
32293,train,9,siamese cat
32294,train,9,siamese cat
32295,train,9,siamese cat
32296,validation,9,siamese cat
32297,test,9,siamese cat
32298,validation,9,siamese cat
32299,train,9,siamese cat
32300,train,9,siamese cat
32301,validation,9,siamese cat
32302,train,9,siamese cat
32303,train,9,siamese cat
32304,validation,9,siamese cat
32305,test,9,siamese cat
32306,test,9,siamese cat
32307,validation,9,siamese cat
32308,train,9,siamese cat
32309,test,9,siamese cat
32310,validation,9,siamese cat
32311,train,9,siamese cat
32312,train,9,siamese cat
32313,test,9,siamese cat
32314,validation,9,siamese cat
32315,validation,9,siamese cat
32316,train,9,siamese cat
32317,validation,9,siamese cat
32318,train,9,siamese cat
32319,train,9,siamese cat
32320,train,9,siamese cat
32321,test,9,siamese cat
32322,train,9,siamese cat
32323,train,9,siamese cat
32324,test,9,siamese cat
32325,train,9,siamese cat
32326,train,9,siamese cat
32327,test,9,siamese cat
32328,train,9,siamese cat
32329,train,9,siamese cat
32330,train,9,siamese cat
32331,train,9,siamese cat
32332,train,9,siamese cat
32333,test,9,siamese cat
32334,train,9,siamese cat
32335,test,9,siamese cat
32336,test,9,siamese cat
32337,validation,9,siamese cat
32338,validation,9,siamese cat
32339,train,9,siamese cat
32340,test,9,siamese cat
32341,train,9,siamese cat
32342,test,9,siamese cat
32343,train,9,siamese cat
32344,train,9,siamese cat
32345,test,9,siamese cat
32346,validation,9,siamese cat
32347,validation,9,siamese cat
32348,train,9,siamese cat
32349,train,9,siamese cat
32350,train,9,siamese cat
32351,validation,9,siamese cat
32352,train,9,siamese cat
32353,validation,9,siamese cat
32354,validation,9,siamese cat
32355,validation,9,siamese cat
32356,train,9,siamese cat
32357,validation,9,siamese cat
32358,train,9,siamese cat
32359,test,9,siamese cat
32360,test,9,siamese cat
32361,validation,9,siamese cat
32362,train,9,siamese cat
32363,train,9,siamese cat
32364,test,9,siamese cat
32365,train,9,siamese cat
32366,train,9,siamese cat
32367,train,9,siamese cat
32368,train,9,siamese cat
32369,train,9,siamese cat
32370,train,9,siamese cat
32371,train,9,siamese cat
32372,train,9,siamese cat
32373,test,9,siamese cat
32374,train,9,siamese cat
32375,train,9,siamese cat
32376,train,9,siamese cat
32377,train,9,siamese cat
32378,train,9,siamese cat
32379,train,9,siamese cat
32380,train,9,siamese cat
32381,test,9,siamese cat
32382,test,9,siamese cat
32383,train,9,siamese cat
32384,train,9,siamese cat
32385,train,9,siamese cat
32386,train,9,siamese cat
32387,train,9,siamese cat
32388,validation,9,siamese cat
32389,validation,9,siamese cat
32390,validation,9,siamese cat
32391,train,9,siamese cat
32392,validation,9,siamese cat
32393,train,9,siamese cat
32394,validation,9,siamese cat
32395,train,9,siamese cat
32396,test,9,siamese cat
32397,train,9,siamese cat
32398,validation,9,siamese cat
32399,train,9,siamese cat
32400,test,9,siamese cat
32401,train,9,siamese cat
32402,train,9,siamese cat
32403,validation,9,siamese cat
32404,validation,9,siamese cat
32405,train,9,siamese cat
32406,test,9,siamese cat
32407,train,9,siamese cat
32408,validation,9,siamese cat
32409,validation,9,siamese cat
32410,train,9,siamese cat
32411,train,9,siamese cat
32412,validation,9,siamese cat
32413,train,9,siamese cat
32414,train,9,siamese cat
32415,validation,9,siamese cat
32416,train,9,siamese cat
32417,validation,9,siamese cat
32418,train,9,siamese cat
32419,train,9,siamese cat
32420,train,9,siamese cat
32421,validation,9,siamese cat
32422,train,9,siamese cat
32423,train,9,siamese cat
32424,validation,9,siamese cat
32425,train,9,siamese cat
32426,test,9,siamese cat
32427,test,9,siamese cat
32428,train,9,siamese cat
32429,train,9,siamese cat
32430,test,9,siamese cat
32431,train,9,siamese cat
32432,validation,9,siamese cat
32433,train,9,siamese cat
32434,train,9,siamese cat
32435,train,9,siamese cat
32436,train,9,siamese cat
32437,train,9,siamese cat
32438,train,9,siamese cat
32439,train,9,siamese cat
32440,train,9,siamese cat
32441,test,9,siamese cat
32442,train,9,siamese cat
32443,test,9,siamese cat
32444,test,9,siamese cat
32445,validation,9,siamese cat
32446,train,9,siamese cat
32447,train,9,siamese cat
32448,train,9,siamese cat
32449,test,9,siamese cat
32450,test,9,siamese cat
32451,train,9,siamese cat
32452,validation,9,siamese cat
32453,train,9,siamese cat
32454,test,9,siamese cat
32455,train,9,siamese cat
32456,train,9,siamese cat
32457,train,9,siamese cat
32458,test,9,siamese cat
32459,validation,9,siamese cat
32460,train,9,siamese cat
32461,train,9,siamese cat
32462,train,9,siamese cat
32463,train,9,siamese cat
32464,train,9,siamese cat
32465,train,9,siamese cat
32466,train,9,siamese cat
32467,train,9,siamese cat
32468,train,9,siamese cat
32469,train,9,siamese cat
32470,test,9,siamese cat
32471,train,9,siamese cat
32472,train,9,siamese cat
32473,train,9,siamese cat
32474,train,9,siamese cat
32475,train,9,siamese cat
32476,train,9,siamese cat
32477,train,9,siamese cat
32478,train,9,siamese cat
32479,train,9,siamese cat
32480,test,9,siamese cat
32481,train,9,siamese cat
32482,test,9,siamese cat
32483,test,9,siamese cat
32484,test,9,siamese cat
32485,train,9,siamese cat
32486,train,9,siamese cat
32487,train,9,siamese cat
32488,validation,9,siamese cat
32489,validation,9,siamese cat
32490,validation,9,siamese cat
32491,test,9,siamese cat
32492,validation,9,siamese cat
32493,train,9,siamese cat
32494,train,9,siamese cat
32495,train,9,siamese cat
32496,train,9,siamese cat
32497,validation,9,siamese cat
32498,train,9,siamese cat
32499,train,9,siamese cat
32500,train,9,siamese cat
32501,test,9,siamese cat
32502,train,9,siamese cat
32503,validation,9,siamese cat
32504,train,9,siamese cat
32505,test,9,siamese cat
32506,test,9,siamese cat
32507,validation,9,siamese cat
32508,train,9,siamese cat
32509,validation,9,siamese cat
32510,validation,9,siamese cat
32511,train,9,siamese cat
32512,train,9,siamese cat
32513,train,9,siamese cat
32514,test,9,siamese cat
32515,train,9,siamese cat
32516,train,9,siamese cat
32517,validation,9,siamese cat
32518,validation,9,siamese cat
32519,validation,9,siamese cat
32520,train,10,skunk
32521,test,10,skunk
32522,train,10,skunk
32523,train,10,skunk
32524,train,10,skunk
32525,train,10,skunk
32526,train,10,skunk
32527,train,10,skunk
32528,train,10,skunk
32529,test,10,skunk
32530,train,10,skunk
32531,validation,10,skunk
32532,validation,10,skunk
32533,train,10,skunk
32534,train,10,skunk
32535,train,10,skunk
32536,train,10,skunk
32537,test,10,skunk
32538,test,10,skunk
32539,train,10,skunk
32540,train,10,skunk
32541,train,10,skunk
32542,test,10,skunk
32543,validation,10,skunk
32544,validation,10,skunk
32545,test,10,skunk
32546,validation,10,skunk
32547,train,10,skunk
32548,train,10,skunk
32549,validation,10,skunk
32550,validation,10,skunk
32551,test,10,skunk
32552,test,10,skunk
32553,test,10,skunk
32554,validation,10,skunk
32555,train,10,skunk
32556,train,10,skunk
32557,validation,10,skunk
32558,validation,10,skunk
32559,test,10,skunk
32560,train,10,skunk
32561,validation,10,skunk
32562,train,10,skunk
32563,test,10,skunk
32564,train,10,skunk
32565,train,10,skunk
32566,train,10,skunk
32567,test,10,skunk
32568,train,10,skunk
32569,train,10,skunk
32570,validation,10,skunk
32571,train,10,skunk
32572,test,10,skunk
32573,test,10,skunk
32574,train,10,skunk
32575,train,10,skunk
32576,validation,10,skunk
32577,test,10,skunk
32578,train,10,skunk
32579,train,10,skunk
32580,train,10,skunk
32581,train,10,skunk
32582,train,10,skunk
32583,validation,10,skunk
32584,test,10,skunk
32585,train,10,skunk
32586,train,10,skunk
32587,validation,10,skunk
32588,train,10,skunk
32589,test,10,skunk
32590,train,10,skunk
32591,test,10,skunk
32592,train,10,skunk
32593,test,10,skunk
32594,validation,10,skunk
32595,train,10,skunk
32596,train,10,skunk
32597,train,10,skunk
32598,train,10,skunk
32599,test,10,skunk
32600,train,10,skunk
32601,validation,10,skunk
32602,train,10,skunk
32603,validation,10,skunk
32604,validation,10,skunk
32605,validation,10,skunk
32606,test,10,skunk
32607,test,10,skunk
32608,validation,10,skunk
32609,train,10,skunk
32610,train,10,skunk
32611,train,10,skunk
32612,train,10,skunk
32613,validation,10,skunk
32614,train,10,skunk
32615,validation,10,skunk
32616,train,10,skunk
32617,train,10,skunk
32618,train,10,skunk
32619,train,10,skunk
32620,test,10,skunk
32621,train,10,skunk
32622,train,10,skunk
32623,train,10,skunk
32624,train,10,skunk
32625,train,10,skunk
32626,train,10,skunk
32627,train,10,skunk
32628,train,10,skunk
32629,validation,10,skunk
32630,train,10,skunk
32631,train,10,skunk
32632,train,10,skunk
32633,test,10,skunk
32634,train,10,skunk
32635,train,10,skunk
32636,train,10,skunk
32637,train,10,skunk
32638,test,10,skunk
32639,test,10,skunk
32640,train,10,skunk
32641,test,10,skunk
32642,train,10,skunk
32643,train,10,skunk
32644,validation,10,skunk
32645,validation,10,skunk
32646,train,10,skunk
32647,train,10,skunk
32648,test,10,skunk
32649,train,10,skunk
32650,train,10,skunk
32651,train,10,skunk
32652,train,10,skunk
32653,validation,10,skunk
32654,train,10,skunk
32655,train,10,skunk
32656,test,10,skunk
32657,train,10,skunk
32658,train,10,skunk
32659,train,10,skunk
32660,train,10,skunk
32661,train,10,skunk
32662,train,10,skunk
32663,train,10,skunk
32664,test,10,skunk
32665,train,10,skunk
32666,validation,10,skunk
32667,test,10,skunk
32668,test,10,skunk
32669,validation,10,skunk
32670,train,10,skunk
32671,test,10,skunk
32672,train,10,skunk
32673,validation,10,skunk
32674,validation,10,skunk
32675,train,10,skunk
32676,train,10,skunk
32677,test,10,skunk
32678,train,10,skunk
32679,train,10,skunk
32680,validation,10,skunk
32681,validation,10,skunk
32682,validation,10,skunk
32683,train,10,skunk
32684,test,10,skunk
32685,validation,10,skunk
32686,train,10,skunk
32687,train,10,skunk
32688,train,10,skunk
32689,train,10,skunk
32690,train,10,skunk
32691,train,10,skunk
32692,train,10,skunk
32693,train,10,skunk
32694,test,10,skunk
32695,train,10,skunk
32696,train,10,skunk
32697,train,10,skunk
32698,train,10,skunk
32699,validation,10,skunk
32700,train,10,skunk
32701,train,10,skunk
32702,test,10,skunk
32703,validation,10,skunk
32704,validation,10,skunk
32705,train,10,skunk
32706,train,10,skunk
32707,train,10,skunk
32708,test,16,spider monkey
32709,train,16,spider monkey
32710,train,16,spider monkey
32711,test,16,spider monkey
32712,train,16,spider monkey
32713,train,16,spider monkey
32714,test,16,spider monkey
32715,train,16,spider monkey
32716,train,16,spider monkey
32717,train,16,spider monkey
32718,train,16,spider monkey
32719,train,16,spider monkey
32720,train,16,spider monkey
32721,train,16,spider monkey
32722,train,16,spider monkey
32723,test,16,spider monkey
32724,train,16,spider monkey
32725,train,16,spider monkey
32726,train,16,spider monkey
32727,test,16,spider monkey
32728,train,16,spider monkey
32729,train,16,spider monkey
32730,validation,16,spider monkey
32731,train,16,spider monkey
32732,train,16,spider monkey
32733,validation,16,spider monkey
32734,train,16,spider monkey
32735,train,16,spider monkey
32736,test,16,spider monkey
32737,validation,16,spider monkey
32738,test,16,spider monkey
32739,train,16,spider monkey
32740,test,16,spider monkey
32741,train,16,spider monkey
32742,train,16,spider monkey
32743,train,16,spider monkey
32744,train,16,spider monkey
32745,test,16,spider monkey
32746,test,16,spider monkey
32747,train,16,spider monkey
32748,validation,16,spider monkey
32749,train,16,spider monkey
32750,train,16,spider monkey
32751,test,16,spider monkey
32752,train,16,spider monkey
32753,validation,16,spider monkey
32754,train,16,spider monkey
32755,train,16,spider monkey
32756,train,16,spider monkey
32757,train,16,spider monkey
32758,test,16,spider monkey
32759,validation,16,spider monkey
32760,test,16,spider monkey
32761,test,16,spider monkey
32762,test,16,spider monkey
32763,test,16,spider monkey
32764,train,16,spider monkey
32765,train,16,spider monkey
32766,test,16,spider monkey
32767,train,16,spider monkey
32768,test,16,spider monkey
32769,train,16,spider monkey
32770,train,16,spider monkey
32771,train,16,spider monkey
32772,train,16,spider monkey
32773,train,16,spider monkey
32774,validation,16,spider monkey
32775,train,16,spider monkey
32776,test,16,spider monkey
32777,train,16,spider monkey
32778,validation,16,spider monkey
32779,train,16,spider monkey
32780,train,16,spider monkey
32781,test,16,spider monkey
32782,train,16,spider monkey
32783,train,16,spider monkey
32784,test,16,spider monkey
32785,train,16,spider monkey
32786,train,16,spider monkey
32787,validation,16,spider monkey
32788,train,16,spider monkey
32789,train,16,spider monkey
32790,train,16,spider monkey
32791,train,16,spider monkey
32792,train,16,spider monkey
32793,train,16,spider monkey
32794,validation,16,spider monkey
32795,validation,16,spider monkey
32796,test,16,spider monkey
32797,train,16,spider monkey
32798,train,16,spider monkey
32799,train,16,spider monkey
32800,train,16,spider monkey
32801,train,16,spider monkey
32802,train,16,spider monkey
32803,validation,16,spider monkey
32804,test,16,spider monkey
32805,train,16,spider monkey
32806,train,16,spider monkey
32807,validation,16,spider monkey
32808,train,16,spider monkey
32809,validation,16,spider monkey
32810,train,16,spider monkey
32811,train,16,spider monkey
32812,train,16,spider monkey
32813,train,16,spider monkey
32814,train,16,spider monkey
32815,train,16,spider monkey
32816,test,16,spider monkey
32817,train,16,spider monkey
32818,train,16,spider monkey
32819,validation,16,spider monkey
32820,test,16,spider monkey
32821,test,16,spider monkey
32822,train,16,spider monkey
32823,train,16,spider monkey
32824,train,16,spider monkey
32825,train,16,spider monkey
32826,train,16,spider monkey
32827,validation,16,spider monkey
32828,validation,16,spider monkey
32829,validation,16,spider monkey
32830,train,16,spider monkey
32831,train,16,spider monkey
32832,test,16,spider monkey
32833,train,16,spider monkey
32834,test,16,spider monkey
32835,train,16,spider monkey
32836,test,16,spider monkey
32837,train,16,spider monkey
32838,test,16,spider monkey
32839,test,16,spider monkey
32840,train,16,spider monkey
32841,train,16,spider monkey
32842,train,16,spider monkey
32843,train,16,spider monkey
32844,train,16,spider monkey
32845,test,16,spider monkey
32846,train,16,spider monkey
32847,validation,16,spider monkey
32848,validation,16,spider monkey
32849,test,16,spider monkey
32850,train,16,spider monkey
32851,test,16,spider monkey
32852,train,16,spider monkey
32853,test,16,spider monkey
32854,validation,16,spider monkey
32855,train,16,spider monkey
32856,validation,16,spider monkey
32857,train,16,spider monkey
32858,validation,16,spider monkey
32859,test,16,spider monkey
32860,train,16,spider monkey
32861,train,16,spider monkey
32862,train,16,spider monkey
32863,validation,16,spider monkey
32864,train,16,spider monkey
32865,train,16,spider monkey
32866,validation,16,spider monkey
32867,train,16,spider monkey
32868,test,16,spider monkey
32869,test,16,spider monkey
32870,train,16,spider monkey
32871,train,16,spider monkey
32872,train,16,spider monkey
32873,train,16,spider monkey
32874,validation,16,spider monkey
32875,train,16,spider monkey
32876,train,16,spider monkey
32877,train,16,spider monkey
32878,validation,16,spider monkey
32879,train,16,spider monkey
32880,test,16,spider monkey
32881,test,16,spider monkey
32882,validation,16,spider monkey
32883,test,16,spider monkey
32884,test,16,spider monkey
32885,train,16,spider monkey
32886,train,16,spider monkey
32887,validation,16,spider monkey
32888,train,16,spider monkey
32889,train,16,spider monkey
32890,train,16,spider monkey
32891,validation,16,spider monkey
32892,train,16,spider monkey
32893,test,16,spider monkey
32894,validation,16,spider monkey
32895,validation,16,spider monkey
32896,validation,16,spider monkey
32897,train,16,spider monkey
32898,test,16,spider monkey
32899,train,16,spider monkey
32900,train,16,spider monkey
32901,train,16,spider monkey
32902,train,16,spider monkey
32903,train,16,spider monkey
32904,train,16,spider monkey
32905,validation,16,spider monkey
32906,train,16,spider monkey
32907,train,16,spider monkey
32908,train,16,spider monkey
32909,train,16,spider monkey
32910,train,16,spider monkey
32911,train,16,spider monkey
32912,test,16,spider monkey
32913,train,16,spider monkey
32914,test,16,spider monkey
32915,train,16,spider monkey
32916,train,16,spider monkey
32917,test,16,spider monkey
32918,validation,16,spider monkey
32919,train,16,spider monkey
32920,validation,16,spider monkey
32921,train,16,spider monkey
32922,train,16,spider monkey
32923,validation,16,spider monkey
32924,test,16,spider monkey
32925,train,16,spider monkey
32926,validation,16,spider monkey
32927,train,16,spider monkey
32928,test,16,spider monkey
32929,train,16,spider monkey
32930,test,16,spider monkey
32931,train,16,spider monkey
32932,train,16,spider monkey
32933,train,16,spider monkey
32934,validation,16,spider monkey
32935,train,16,spider monkey
32936,test,16,spider monkey
32937,validation,16,spider monkey
32938,train,16,spider monkey
32939,validation,16,spider monkey
32940,test,16,spider monkey
32941,validation,16,spider monkey
32942,train,16,spider monkey
32943,train,16,spider monkey
32944,train,16,spider monkey
32945,train,16,spider monkey
32946,train,16,spider monkey
32947,train,16,spider monkey
32948,validation,16,spider monkey
32949,test,16,spider monkey
32950,train,16,spider monkey
32951,validation,16,spider monkey
32952,validation,16,spider monkey
32953,train,16,spider monkey
32954,validation,16,spider monkey
32955,train,16,spider monkey
32956,train,16,spider monkey
32957,train,16,spider monkey
32958,train,16,spider monkey
32959,train,16,spider monkey
32960,test,16,spider monkey
32961,validation,16,spider monkey
32962,train,16,spider monkey
32963,train,16,spider monkey
32964,train,16,spider monkey
32965,train,16,spider monkey
32966,train,16,spider monkey
32967,validation,16,spider monkey
32968,validation,16,spider monkey
32969,train,16,spider monkey
32970,test,16,spider monkey
32971,train,16,spider monkey
32972,train,16,spider monkey
32973,validation,16,spider monkey
32974,validation,16,spider monkey
32975,train,16,spider monkey
32976,test,16,spider monkey
32977,validation,16,spider monkey
32978,train,16,spider monkey
32979,test,16,spider monkey
32980,train,16,spider monkey
32981,validation,16,spider monkey
32982,train,16,spider monkey
32983,train,16,spider monkey
32984,validation,16,spider monkey
32985,test,16,spider monkey
32986,train,16,spider monkey
32987,train,16,spider monkey
32988,validation,16,spider monkey
32989,validation,16,spider monkey
32990,train,16,spider monkey
32991,train,16,spider monkey
32992,train,16,spider monkey
32993,validation,16,spider monkey
32994,train,16,spider monkey
32995,train,16,spider monkey
32996,train,16,spider monkey
32997,train,16,spider monkey
32998,validation,16,spider monkey
32999,train,26,squirrel
33000,validation,26,squirrel
33001,train,26,squirrel
33002,train,26,squirrel
33003,train,26,squirrel
33004,validation,26,squirrel
33005,train,26,squirrel
33006,train,26,squirrel
33007,train,26,squirrel
33008,train,26,squirrel
33009,train,26,squirrel
33010,train,26,squirrel
33011,train,26,squirrel
33012,train,26,squirrel
33013,validation,26,squirrel
33014,train,26,squirrel
33015,validation,26,squirrel
33016,test,26,squirrel
33017,test,26,squirrel
33018,train,26,squirrel
33019,validation,26,squirrel
33020,train,26,squirrel
33021,validation,26,squirrel
33022,train,26,squirrel
33023,train,26,squirrel
33024,train,26,squirrel
33025,train,26,squirrel
33026,test,26,squirrel
33027,validation,26,squirrel
33028,train,26,squirrel
33029,train,26,squirrel
33030,validation,26,squirrel
33031,train,26,squirrel
33032,train,26,squirrel
33033,train,26,squirrel
33034,test,26,squirrel
33035,train,26,squirrel
33036,train,26,squirrel
33037,train,26,squirrel
33038,test,26,squirrel
33039,train,26,squirrel
33040,validation,26,squirrel
33041,train,26,squirrel
33042,test,26,squirrel
33043,validation,26,squirrel
33044,validation,26,squirrel
33045,train,26,squirrel
33046,test,26,squirrel
33047,train,26,squirrel
33048,test,26,squirrel
33049,train,26,squirrel
33050,train,26,squirrel
33051,test,26,squirrel
33052,train,26,squirrel
33053,train,26,squirrel
33054,validation,26,squirrel
33055,train,26,squirrel
33056,train,26,squirrel
33057,test,26,squirrel
33058,validation,26,squirrel
33059,train,26,squirrel
33060,train,26,squirrel
33061,test,26,squirrel
33062,validation,26,squirrel
33063,train,26,squirrel
33064,validation,26,squirrel
33065,test,26,squirrel
33066,train,26,squirrel
33067,train,26,squirrel
33068,validation,26,squirrel
33069,test,26,squirrel
33070,train,26,squirrel
33071,test,26,squirrel
33072,train,26,squirrel
33073,test,26,squirrel
33074,train,26,squirrel
33075,train,26,squirrel
33076,validation,26,squirrel
33077,validation,26,squirrel
33078,validation,26,squirrel
33079,validation,26,squirrel
33080,validation,26,squirrel
33081,train,26,squirrel
33082,train,26,squirrel
33083,train,26,squirrel
33084,validation,26,squirrel
33085,train,26,squirrel
33086,test,26,squirrel
33087,validation,26,squirrel
33088,train,26,squirrel
33089,validation,26,squirrel
33090,test,26,squirrel
33091,test,26,squirrel
33092,train,26,squirrel
33093,train,26,squirrel
33094,validation,26,squirrel
33095,test,26,squirrel
33096,test,26,squirrel
33097,train,26,squirrel
33098,validation,26,squirrel
33099,train,26,squirrel
33100,train,26,squirrel
33101,train,26,squirrel
33102,train,26,squirrel
33103,train,26,squirrel
33104,test,26,squirrel
33105,test,26,squirrel
33106,train,26,squirrel
33107,test,26,squirrel
33108,train,26,squirrel
33109,validation,26,squirrel
33110,train,26,squirrel
33111,train,26,squirrel
33112,train,26,squirrel
33113,train,26,squirrel
33114,train,26,squirrel
33115,validation,26,squirrel
33116,validation,26,squirrel
33117,train,26,squirrel
33118,train,26,squirrel
33119,test,26,squirrel
33120,train,26,squirrel
33121,test,26,squirrel
33122,train,26,squirrel
33123,train,26,squirrel
33124,train,26,squirrel
33125,train,26,squirrel
33126,train,26,squirrel
33127,train,26,squirrel
33128,validation,26,squirrel
33129,train,26,squirrel
33130,test,26,squirrel
33131,test,26,squirrel
33132,test,26,squirrel
33133,train,26,squirrel
33134,train,26,squirrel
33135,train,26,squirrel
33136,train,26,squirrel
33137,validation,26,squirrel
33138,train,26,squirrel
33139,validation,26,squirrel
33140,train,26,squirrel
33141,validation,26,squirrel
33142,train,26,squirrel
33143,train,26,squirrel
33144,train,26,squirrel
33145,train,26,squirrel
33146,train,26,squirrel
33147,test,26,squirrel
33148,train,26,squirrel
33149,train,26,squirrel
33150,train,26,squirrel
33151,train,26,squirrel
33152,validation,26,squirrel
33153,train,26,squirrel
33154,test,26,squirrel
33155,train,26,squirrel
33156,train,26,squirrel
33157,train,26,squirrel
33158,test,26,squirrel
33159,train,26,squirrel
33160,train,26,squirrel
33161,train,26,squirrel
33162,train,26,squirrel
33163,validation,26,squirrel
33164,validation,26,squirrel
33165,train,26,squirrel
33166,train,26,squirrel
33167,validation,26,squirrel
33168,train,26,squirrel
33169,train,26,squirrel
33170,validation,26,squirrel
33171,train,26,squirrel
33172,validation,26,squirrel
33173,train,26,squirrel
33174,test,26,squirrel
33175,validation,26,squirrel
33176,train,26,squirrel
33177,validation,26,squirrel
33178,test,26,squirrel
33179,train,26,squirrel
33180,test,26,squirrel
33181,train,26,squirrel
33182,test,26,squirrel
33183,train,26,squirrel
33184,test,26,squirrel
33185,validation,26,squirrel
33186,train,26,squirrel
33187,train,26,squirrel
33188,train,26,squirrel
33189,train,26,squirrel
33190,test,26,squirrel
33191,test,26,squirrel
33192,train,26,squirrel
33193,train,26,squirrel
33194,test,26,squirrel
33195,train,26,squirrel
33196,train,26,squirrel
33197,validation,26,squirrel
33198,train,26,squirrel
33199,train,26,squirrel
33200,validation,26,squirrel
33201,train,26,squirrel
33202,train,26,squirrel
33203,validation,26,squirrel
33204,validation,26,squirrel
33205,train,26,squirrel
33206,train,26,squirrel
33207,train,26,squirrel
33208,train,26,squirrel
33209,train,26,squirrel
33210,test,26,squirrel
33211,train,26,squirrel
33212,validation,26,squirrel
33213,train,26,squirrel
33214,train,26,squirrel
33215,train,26,squirrel
33216,validation,26,squirrel
33217,train,26,squirrel
33218,train,26,squirrel
33219,train,26,squirrel
33220,train,26,squirrel
33221,test,26,squirrel
33222,train,26,squirrel
33223,train,26,squirrel
33224,validation,26,squirrel
33225,train,26,squirrel
33226,train,26,squirrel
33227,train,26,squirrel
33228,train,26,squirrel
33229,train,26,squirrel
33230,test,26,squirrel
33231,validation,26,squirrel
33232,test,26,squirrel
33233,train,26,squirrel
33234,validation,26,squirrel
33235,validation,26,squirrel
33236,test,26,squirrel
33237,validation,26,squirrel
33238,train,26,squirrel
33239,train,26,squirrel
33240,train,26,squirrel
33241,train,26,squirrel
33242,train,26,squirrel
33243,validation,26,squirrel
33244,train,26,squirrel
33245,test,26,squirrel
33246,train,26,squirrel
33247,test,26,squirrel
33248,validation,26,squirrel
33249,validation,26,squirrel
33250,validation,26,squirrel
33251,validation,26,squirrel
33252,test,26,squirrel
33253,train,26,squirrel
33254,train,26,squirrel
33255,validation,26,squirrel
33256,train,26,squirrel
33257,train,26,squirrel
33258,test,26,squirrel
33259,train,26,squirrel
33260,test,26,squirrel
33261,train,26,squirrel
33262,train,26,squirrel
33263,test,26,squirrel
33264,validation,26,squirrel
33265,train,26,squirrel
33266,test,26,squirrel
33267,validation,26,squirrel
33268,train,26,squirrel
33269,train,26,squirrel
33270,validation,26,squirrel
33271,train,26,squirrel
33272,test,26,squirrel
33273,train,26,squirrel
33274,train,26,squirrel
33275,validation,26,squirrel
33276,train,26,squirrel
33277,test,26,squirrel
33278,train,26,squirrel
33279,train,26,squirrel
33280,train,26,squirrel
33281,validation,26,squirrel
33282,train,26,squirrel
33283,train,26,squirrel
33284,train,26,squirrel
33285,validation,26,squirrel
33286,train,26,squirrel
33287,test,26,squirrel
33288,test,26,squirrel
33289,validation,26,squirrel
33290,train,26,squirrel
33291,validation,26,squirrel
33292,test,26,squirrel
33293,test,26,squirrel
33294,train,26,squirrel
33295,validation,26,squirrel
33296,train,26,squirrel
33297,train,26,squirrel
33298,train,26,squirrel
33299,train,26,squirrel
33300,train,26,squirrel
33301,train,26,squirrel
33302,train,26,squirrel
33303,validation,26,squirrel
33304,train,26,squirrel
33305,train,26,squirrel
33306,test,26,squirrel
33307,validation,26,squirrel
33308,train,26,squirrel
33309,validation,26,squirrel
33310,train,26,squirrel
33311,train,26,squirrel
33312,train,26,squirrel
33313,train,26,squirrel
33314,validation,26,squirrel
33315,train,26,squirrel
33316,validation,26,squirrel
33317,train,26,squirrel
33318,train,26,squirrel
33319,test,26,squirrel
33320,train,26,squirrel
33321,train,26,squirrel
33322,validation,26,squirrel
33323,validation,26,squirrel
33324,train,26,squirrel
33325,train,26,squirrel
33326,train,26,squirrel
33327,train,26,squirrel
33328,test,26,squirrel
33329,train,26,squirrel
33330,test,26,squirrel
33331,test,26,squirrel
33332,validation,26,squirrel
33333,train,26,squirrel
33334,validation,26,squirrel
33335,train,26,squirrel
33336,train,26,squirrel
33337,train,26,squirrel
33338,train,26,squirrel
33339,train,26,squirrel
33340,train,26,squirrel
33341,test,26,squirrel
33342,train,26,squirrel
33343,train,26,squirrel
33344,train,26,squirrel
33345,train,26,squirrel
33346,train,26,squirrel
33347,train,26,squirrel
33348,train,26,squirrel
33349,test,26,squirrel
33350,train,26,squirrel
33351,test,26,squirrel
33352,train,26,squirrel
33353,train,26,squirrel
33354,test,26,squirrel
33355,train,26,squirrel
33356,validation,26,squirrel
33357,train,26,squirrel
33358,train,26,squirrel
33359,test,26,squirrel
33360,train,26,squirrel
33361,train,26,squirrel
33362,validation,26,squirrel
33363,train,26,squirrel
33364,train,26,squirrel
33365,train,26,squirrel
33366,train,26,squirrel
33367,train,26,squirrel
33368,train,26,squirrel
33369,test,26,squirrel
33370,train,26,squirrel
33371,train,26,squirrel
33372,train,26,squirrel
33373,train,26,squirrel
33374,validation,26,squirrel
33375,train,26,squirrel
33376,validation,26,squirrel
33377,train,26,squirrel
33378,validation,26,squirrel
33379,train,26,squirrel
33380,test,26,squirrel
33381,train,26,squirrel
33382,validation,26,squirrel
33383,train,26,squirrel
33384,train,26,squirrel
33385,test,26,squirrel
33386,validation,26,squirrel
33387,test,26,squirrel
33388,train,26,squirrel
33389,test,26,squirrel
33390,validation,26,squirrel
33391,test,26,squirrel
33392,train,26,squirrel
33393,train,26,squirrel
33394,test,26,squirrel
33395,train,26,squirrel
33396,test,26,squirrel
33397,train,26,squirrel
33398,train,26,squirrel
33399,validation,26,squirrel
33400,validation,26,squirrel
33401,test,26,squirrel
33402,train,26,squirrel
33403,train,26,squirrel
33404,train,26,squirrel
33405,test,26,squirrel
33406,validation,26,squirrel
33407,train,26,squirrel
33408,train,26,squirrel
33409,train,26,squirrel
33410,train,26,squirrel
33411,train,26,squirrel
33412,train,26,squirrel
33413,validation,26,squirrel
33414,train,26,squirrel
33415,validation,26,squirrel
33416,train,26,squirrel
33417,train,26,squirrel
33418,train,26,squirrel
33419,train,26,squirrel
33420,train,26,squirrel
33421,validation,26,squirrel
33422,test,26,squirrel
33423,train,26,squirrel
33424,validation,26,squirrel
33425,train,26,squirrel
33426,train,26,squirrel
33427,train,26,squirrel
33428,train,26,squirrel
33429,train,26,squirrel
33430,validation,26,squirrel
33431,train,26,squirrel
33432,train,26,squirrel
33433,train,26,squirrel
33434,train,26,squirrel
33435,train,26,squirrel
33436,validation,26,squirrel
33437,train,26,squirrel
33438,train,26,squirrel
33439,train,26,squirrel
33440,train,26,squirrel
33441,validation,26,squirrel
33442,validation,26,squirrel
33443,train,26,squirrel
33444,validation,26,squirrel
33445,validation,26,squirrel
33446,train,26,squirrel
33447,train,26,squirrel
33448,validation,26,squirrel
33449,test,26,squirrel
33450,train,26,squirrel
33451,validation,26,squirrel
33452,train,26,squirrel
33453,train,26,squirrel
33454,train,26,squirrel
33455,test,26,squirrel
33456,validation,26,squirrel
33457,train,26,squirrel
33458,train,26,squirrel
33459,train,26,squirrel
33460,validation,26,squirrel
33461,validation,26,squirrel
33462,validation,26,squirrel
33463,train,26,squirrel
33464,test,26,squirrel
33465,train,26,squirrel
33466,validation,26,squirrel
33467,train,26,squirrel
33468,train,26,squirrel
33469,train,26,squirrel
33470,validation,26,squirrel
33471,train,26,squirrel
33472,train,26,squirrel
33473,validation,26,squirrel
33474,test,26,squirrel
33475,train,26,squirrel
33476,train,26,squirrel
33477,validation,26,squirrel
33478,train,26,squirrel
33479,train,26,squirrel
33480,validation,26,squirrel
33481,validation,26,squirrel
33482,train,26,squirrel
33483,train,26,squirrel
33484,train,26,squirrel
33485,train,26,squirrel
33486,train,26,squirrel
33487,train,26,squirrel
33488,train,26,squirrel
33489,test,26,squirrel
33490,train,26,squirrel
33491,test,26,squirrel
33492,train,26,squirrel
33493,test,26,squirrel
33494,validation,26,squirrel
33495,train,26,squirrel
33496,validation,26,squirrel
33497,train,26,squirrel
33498,train,26,squirrel
33499,validation,26,squirrel
33500,train,26,squirrel
33501,test,26,squirrel
33502,train,26,squirrel
33503,train,26,squirrel
33504,test,26,squirrel
33505,train,26,squirrel
33506,train,26,squirrel
33507,test,26,squirrel
33508,train,26,squirrel
33509,validation,26,squirrel
33510,train,26,squirrel
33511,train,26,squirrel
33512,test,26,squirrel
33513,train,26,squirrel
33514,train,26,squirrel
33515,train,26,squirrel
33516,validation,26,squirrel
33517,validation,26,squirrel
33518,test,26,squirrel
33519,validation,26,squirrel
33520,validation,26,squirrel
33521,train,26,squirrel
33522,train,26,squirrel
33523,train,26,squirrel
33524,train,26,squirrel
33525,test,26,squirrel
33526,test,26,squirrel
33527,train,26,squirrel
33528,train,26,squirrel
33529,validation,26,squirrel
33530,train,26,squirrel
33531,test,26,squirrel
33532,train,26,squirrel
33533,test,26,squirrel
33534,train,26,squirrel
33535,test,26,squirrel
33536,validation,26,squirrel
33537,train,26,squirrel
33538,test,26,squirrel
33539,train,26,squirrel
33540,train,26,squirrel
33541,train,26,squirrel
33542,train,26,squirrel
33543,train,26,squirrel
33544,train,26,squirrel
33545,train,26,squirrel
33546,train,26,squirrel
33547,train,26,squirrel
33548,train,26,squirrel
33549,train,26,squirrel
33550,train,26,squirrel
33551,train,26,squirrel
33552,train,26,squirrel
33553,train,26,squirrel
33554,test,26,squirrel
33555,train,26,squirrel
33556,test,26,squirrel
33557,validation,26,squirrel
33558,test,26,squirrel
33559,test,26,squirrel
33560,validation,26,squirrel
33561,test,26,squirrel
33562,validation,26,squirrel
33563,train,26,squirrel
33564,train,26,squirrel
33565,train,26,squirrel
33566,train,26,squirrel
33567,test,26,squirrel
33568,train,26,squirrel
33569,test,26,squirrel
33570,train,26,squirrel
33571,train,26,squirrel
33572,train,26,squirrel
33573,train,26,squirrel
33574,validation,26,squirrel
33575,train,26,squirrel
33576,train,26,squirrel
33577,train,26,squirrel
33578,validation,26,squirrel
33579,train,26,squirrel
33580,train,26,squirrel
33581,train,26,squirrel
33582,test,26,squirrel
33583,validation,26,squirrel
33584,train,26,squirrel
33585,test,26,squirrel
33586,train,26,squirrel
33587,test,26,squirrel
33588,test,26,squirrel
33589,train,26,squirrel
33590,train,26,squirrel
33591,train,26,squirrel
33592,train,26,squirrel
33593,test,26,squirrel
33594,train,26,squirrel
33595,train,26,squirrel
33596,train,26,squirrel
33597,test,26,squirrel
33598,test,26,squirrel
33599,train,26,squirrel
33600,train,26,squirrel
33601,train,26,squirrel
33602,validation,26,squirrel
33603,test,26,squirrel
33604,train,26,squirrel
33605,train,26,squirrel
33606,validation,26,squirrel
33607,train,26,squirrel
33608,train,26,squirrel
33609,train,26,squirrel
33610,test,26,squirrel
33611,train,26,squirrel
33612,test,26,squirrel
33613,train,26,squirrel
33614,train,26,squirrel
33615,train,26,squirrel
33616,train,26,squirrel
33617,train,26,squirrel
33618,train,26,squirrel
33619,train,26,squirrel
33620,test,26,squirrel
33621,test,26,squirrel
33622,test,26,squirrel
33623,test,26,squirrel
33624,train,26,squirrel
33625,test,26,squirrel
33626,train,26,squirrel
33627,train,26,squirrel
33628,train,26,squirrel
33629,validation,26,squirrel
33630,train,26,squirrel
33631,train,26,squirrel
33632,train,26,squirrel
33633,validation,26,squirrel
33634,train,26,squirrel
33635,train,26,squirrel
33636,train,26,squirrel
33637,train,26,squirrel
33638,train,26,squirrel
33639,validation,26,squirrel
33640,train,26,squirrel
33641,train,26,squirrel
33642,train,26,squirrel
33643,validation,26,squirrel
33644,train,26,squirrel
33645,test,26,squirrel
33646,test,26,squirrel
33647,validation,26,squirrel
33648,train,26,squirrel
33649,train,26,squirrel
33650,test,26,squirrel
33651,test,26,squirrel
33652,train,26,squirrel
33653,train,26,squirrel
33654,test,26,squirrel
33655,test,26,squirrel
33656,train,26,squirrel
33657,test,26,squirrel
33658,test,26,squirrel
33659,train,26,squirrel
33660,test,26,squirrel
33661,train,26,squirrel
33662,train,26,squirrel
33663,train,26,squirrel
33664,test,26,squirrel
33665,train,26,squirrel
33666,validation,26,squirrel
33667,validation,26,squirrel
33668,train,26,squirrel
33669,test,26,squirrel
33670,validation,26,squirrel
33671,train,26,squirrel
33672,validation,26,squirrel
33673,train,26,squirrel
33674,train,26,squirrel
33675,train,26,squirrel
33676,train,26,squirrel
33677,train,26,squirrel
33678,train,26,squirrel
33679,validation,26,squirrel
33680,train,26,squirrel
33681,train,26,squirrel
33682,test,26,squirrel
33683,test,26,squirrel
33684,train,26,squirrel
33685,test,26,squirrel
33686,train,26,squirrel
33687,test,26,squirrel
33688,train,26,squirrel
33689,validation,26,squirrel
33690,test,26,squirrel
33691,train,26,squirrel
33692,validation,26,squirrel
33693,train,26,squirrel
33694,train,26,squirrel
33695,validation,26,squirrel
33696,train,26,squirrel
33697,test,26,squirrel
33698,validation,26,squirrel
33699,train,26,squirrel
33700,validation,26,squirrel
33701,test,26,squirrel
33702,train,26,squirrel
33703,train,26,squirrel
33704,validation,26,squirrel
33705,train,26,squirrel
33706,train,26,squirrel
33707,train,26,squirrel
33708,test,26,squirrel
33709,test,26,squirrel
33710,train,26,squirrel
33711,train,26,squirrel
33712,validation,26,squirrel
33713,train,26,squirrel
33714,train,26,squirrel
33715,train,26,squirrel
33716,train,26,squirrel
33717,train,26,squirrel
33718,test,26,squirrel
33719,train,26,squirrel
33720,test,26,squirrel
33721,train,26,squirrel
33722,test,26,squirrel
33723,train,26,squirrel
33724,train,26,squirrel
33725,train,26,squirrel
33726,train,26,squirrel
33727,train,26,squirrel
33728,test,26,squirrel
33729,test,26,squirrel
33730,train,26,squirrel
33731,validation,26,squirrel
33732,train,26,squirrel
33733,train,26,squirrel
33734,train,26,squirrel
33735,validation,26,squirrel
33736,train,26,squirrel
33737,train,26,squirrel
33738,test,26,squirrel
33739,test,26,squirrel
33740,validation,26,squirrel
33741,test,26,squirrel
33742,test,26,squirrel
33743,train,26,squirrel
33744,train,26,squirrel
33745,validation,26,squirrel
33746,test,26,squirrel
33747,validation,26,squirrel
33748,test,26,squirrel
33749,train,26,squirrel
33750,validation,26,squirrel
33751,train,26,squirrel
33752,train,26,squirrel
33753,test,26,squirrel
33754,train,26,squirrel
33755,train,26,squirrel
33756,train,26,squirrel
33757,train,26,squirrel
33758,test,26,squirrel
33759,train,26,squirrel
33760,train,26,squirrel
33761,validation,26,squirrel
33762,validation,26,squirrel
33763,train,26,squirrel
33764,test,26,squirrel
33765,train,26,squirrel
33766,train,26,squirrel
33767,test,26,squirrel
33768,train,26,squirrel
33769,validation,26,squirrel
33770,test,26,squirrel
33771,validation,26,squirrel
33772,train,26,squirrel
33773,validation,26,squirrel
33774,train,26,squirrel
33775,train,26,squirrel
33776,train,26,squirrel
33777,train,26,squirrel
33778,train,26,squirrel
33779,train,26,squirrel
33780,train,26,squirrel
33781,validation,26,squirrel
33782,train,26,squirrel
33783,train,26,squirrel
33784,validation,26,squirrel
33785,train,26,squirrel
33786,validation,26,squirrel
33787,train,26,squirrel
33788,train,26,squirrel
33789,train,26,squirrel
33790,validation,26,squirrel
33791,train,26,squirrel
33792,train,26,squirrel
33793,test,26,squirrel
33794,train,26,squirrel
33795,train,26,squirrel
33796,validation,26,squirrel
33797,train,26,squirrel
33798,train,26,squirrel
33799,train,26,squirrel
33800,train,26,squirrel
33801,train,26,squirrel
33802,train,26,squirrel
33803,test,26,squirrel
33804,validation,26,squirrel
33805,validation,26,squirrel
33806,validation,26,squirrel
33807,validation,26,squirrel
33808,train,26,squirrel
33809,train,26,squirrel
33810,train,26,squirrel
33811,train,26,squirrel
33812,test,26,squirrel
33813,train,26,squirrel
33814,train,26,squirrel
33815,train,26,squirrel
33816,validation,26,squirrel
33817,validation,26,squirrel
33818,train,26,squirrel
33819,train,26,squirrel
33820,train,26,squirrel
33821,train,26,squirrel
33822,train,26,squirrel
33823,train,26,squirrel
33824,test,26,squirrel
33825,test,26,squirrel
33826,train,26,squirrel
33827,test,26,squirrel
33828,train,26,squirrel
33829,train,26,squirrel
33830,train,26,squirrel
33831,test,26,squirrel
33832,train,26,squirrel
33833,validation,26,squirrel
33834,validation,26,squirrel
33835,test,26,squirrel
33836,train,26,squirrel
33837,train,26,squirrel
33838,train,26,squirrel
33839,validation,26,squirrel
33840,validation,26,squirrel
33841,validation,26,squirrel
33842,validation,26,squirrel
33843,validation,26,squirrel
33844,train,26,squirrel
33845,train,26,squirrel
33846,test,26,squirrel
33847,validation,26,squirrel
33848,validation,26,squirrel
33849,train,26,squirrel
33850,train,26,squirrel
33851,test,26,squirrel
33852,validation,26,squirrel
33853,validation,26,squirrel
33854,test,26,squirrel
33855,train,26,squirrel
33856,train,26,squirrel
33857,validation,26,squirrel
33858,train,26,squirrel
33859,validation,26,squirrel
33860,train,26,squirrel
33861,train,26,squirrel
33862,train,26,squirrel
33863,train,26,squirrel
33864,train,26,squirrel
33865,train,26,squirrel
33866,train,26,squirrel
33867,train,26,squirrel
33868,test,26,squirrel
33869,validation,26,squirrel
33870,train,26,squirrel
33871,test,26,squirrel
33872,train,26,squirrel
33873,validation,26,squirrel
33874,train,26,squirrel
33875,test,26,squirrel
33876,validation,26,squirrel
33877,train,26,squirrel
33878,train,26,squirrel
33879,train,26,squirrel
33880,train,26,squirrel
33881,train,26,squirrel
33882,train,26,squirrel
33883,validation,26,squirrel
33884,train,26,squirrel
33885,validation,26,squirrel
33886,test,26,squirrel
33887,train,26,squirrel
33888,validation,26,squirrel
33889,test,26,squirrel
33890,test,26,squirrel
33891,train,26,squirrel
33892,test,26,squirrel
33893,validation,26,squirrel
33894,train,26,squirrel
33895,test,26,squirrel
33896,test,26,squirrel
33897,train,26,squirrel
33898,validation,26,squirrel
33899,train,26,squirrel
33900,train,26,squirrel
33901,test,26,squirrel
33902,validation,26,squirrel
33903,train,26,squirrel
33904,validation,26,squirrel
33905,train,26,squirrel
33906,validation,26,squirrel
33907,validation,26,squirrel
33908,train,26,squirrel
33909,validation,26,squirrel
33910,train,26,squirrel
33911,validation,26,squirrel
33912,test,26,squirrel
33913,train,26,squirrel
33914,test,26,squirrel
33915,test,26,squirrel
33916,validation,26,squirrel
33917,train,26,squirrel
33918,train,26,squirrel
33919,validation,26,squirrel
33920,train,26,squirrel
33921,train,26,squirrel
33922,validation,26,squirrel
33923,test,26,squirrel
33924,test,26,squirrel
33925,train,26,squirrel
33926,test,26,squirrel
33927,train,26,squirrel
33928,test,26,squirrel
33929,train,26,squirrel
33930,train,26,squirrel
33931,validation,26,squirrel
33932,test,26,squirrel
33933,train,26,squirrel
33934,test,26,squirrel
33935,train,26,squirrel
33936,train,26,squirrel
33937,train,26,squirrel
33938,train,26,squirrel
33939,train,26,squirrel
33940,train,26,squirrel
33941,train,26,squirrel
33942,test,26,squirrel
33943,test,26,squirrel
33944,test,26,squirrel
33945,train,26,squirrel
33946,test,26,squirrel
33947,test,26,squirrel
33948,train,26,squirrel
33949,test,26,squirrel
33950,train,26,squirrel
33951,train,26,squirrel
33952,validation,26,squirrel
33953,train,26,squirrel
33954,train,26,squirrel
33955,train,26,squirrel
33956,validation,26,squirrel
33957,train,26,squirrel
33958,train,26,squirrel
33959,validation,26,squirrel
33960,test,26,squirrel
33961,train,26,squirrel
33962,test,26,squirrel
33963,train,26,squirrel
33964,train,26,squirrel
33965,train,26,squirrel
33966,train,26,squirrel
33967,train,26,squirrel
33968,train,26,squirrel
33969,train,26,squirrel
33970,test,26,squirrel
33971,train,26,squirrel
33972,test,26,squirrel
33973,validation,26,squirrel
33974,train,26,squirrel
33975,train,26,squirrel
33976,train,26,squirrel
33977,validation,26,squirrel
33978,train,26,squirrel
33979,train,26,squirrel
33980,validation,26,squirrel
33981,train,26,squirrel
33982,validation,26,squirrel
33983,test,26,squirrel
33984,validation,26,squirrel
33985,test,26,squirrel
33986,train,26,squirrel
33987,test,26,squirrel
33988,train,26,squirrel
33989,test,26,squirrel
33990,train,26,squirrel
33991,validation,26,squirrel
33992,train,26,squirrel
33993,train,26,squirrel
33994,train,26,squirrel
33995,train,26,squirrel
33996,train,26,squirrel
33997,train,26,squirrel
33998,validation,26,squirrel
33999,test,26,squirrel
34000,validation,26,squirrel
34001,train,26,squirrel
34002,train,26,squirrel
34003,train,26,squirrel
34004,train,26,squirrel
34005,validation,26,squirrel
34006,train,26,squirrel
34007,train,26,squirrel
34008,test,26,squirrel
34009,train,26,squirrel
34010,train,26,squirrel
34011,test,26,squirrel
34012,validation,26,squirrel
34013,test,26,squirrel
34014,test,26,squirrel
34015,test,26,squirrel
34016,train,26,squirrel
34017,train,26,squirrel
34018,test,26,squirrel
34019,validation,26,squirrel
34020,test,26,squirrel
34021,train,26,squirrel
34022,train,26,squirrel
34023,validation,26,squirrel
34024,train,26,squirrel
34025,train,26,squirrel
34026,test,26,squirrel
34027,train,26,squirrel
34028,train,26,squirrel
34029,test,26,squirrel
34030,test,26,squirrel
34031,validation,26,squirrel
34032,train,26,squirrel
34033,train,26,squirrel
34034,test,26,squirrel
34035,train,26,squirrel
34036,test,26,squirrel
34037,test,26,squirrel
34038,test,26,squirrel
34039,test,26,squirrel
34040,train,26,squirrel
34041,validation,26,squirrel
34042,train,26,squirrel
34043,train,26,squirrel
34044,train,26,squirrel
34045,validation,26,squirrel
34046,test,26,squirrel
34047,train,26,squirrel
34048,validation,26,squirrel
34049,train,26,squirrel
34050,train,26,squirrel
34051,train,26,squirrel
34052,validation,26,squirrel
34053,test,26,squirrel
34054,validation,26,squirrel
34055,train,26,squirrel
34056,train,26,squirrel
34057,train,26,squirrel
34058,test,26,squirrel
34059,train,26,squirrel
34060,test,26,squirrel
34061,test,26,squirrel
34062,train,26,squirrel
34063,train,26,squirrel
34064,train,26,squirrel
34065,train,26,squirrel
34066,train,26,squirrel
34067,train,26,squirrel
34068,train,26,squirrel
34069,train,26,squirrel
34070,train,26,squirrel
34071,test,26,squirrel
34072,train,26,squirrel
34073,train,26,squirrel
34074,train,26,squirrel
34075,train,26,squirrel
34076,validation,26,squirrel
34077,train,26,squirrel
34078,train,26,squirrel
34079,train,26,squirrel
34080,train,26,squirrel
34081,train,26,squirrel
34082,train,26,squirrel
34083,test,26,squirrel
34084,train,26,squirrel
34085,test,26,squirrel
34086,validation,26,squirrel
34087,test,26,squirrel
34088,validation,26,squirrel
34089,train,26,squirrel
34090,train,26,squirrel
34091,validation,26,squirrel
34092,train,26,squirrel
34093,train,26,squirrel
34094,test,26,squirrel
34095,train,26,squirrel
34096,train,26,squirrel
34097,train,26,squirrel
34098,train,26,squirrel
34099,train,26,squirrel
34100,train,26,squirrel
34101,test,26,squirrel
34102,train,26,squirrel
34103,validation,26,squirrel
34104,train,26,squirrel
34105,train,26,squirrel
34106,train,26,squirrel
34107,train,26,squirrel
34108,test,26,squirrel
34109,train,26,squirrel
34110,train,26,squirrel
34111,train,26,squirrel
34112,train,26,squirrel
34113,train,26,squirrel
34114,train,26,squirrel
34115,train,26,squirrel
34116,train,26,squirrel
34117,test,26,squirrel
34118,train,26,squirrel
34119,test,26,squirrel
34120,validation,26,squirrel
34121,validation,26,squirrel
34122,test,26,squirrel
34123,train,26,squirrel
34124,train,26,squirrel
34125,train,26,squirrel
34126,train,26,squirrel
34127,train,26,squirrel
34128,train,26,squirrel
34129,validation,26,squirrel
34130,train,26,squirrel
34131,train,26,squirrel
34132,validation,26,squirrel
34133,validation,26,squirrel
34134,train,26,squirrel
34135,train,26,squirrel
34136,test,26,squirrel
34137,test,26,squirrel
34138,train,26,squirrel
34139,train,26,squirrel
34140,train,26,squirrel
34141,train,26,squirrel
34142,train,26,squirrel
34143,train,26,squirrel
34144,train,26,squirrel
34145,train,26,squirrel
34146,validation,26,squirrel
34147,train,26,squirrel
34148,validation,26,squirrel
34149,validation,26,squirrel
34150,train,26,squirrel
34151,validation,26,squirrel
34152,train,26,squirrel
34153,train,26,squirrel
34154,train,26,squirrel
34155,train,26,squirrel
34156,test,26,squirrel
34157,validation,26,squirrel
34158,test,26,squirrel
34159,train,26,squirrel
34160,train,26,squirrel
34161,validation,26,squirrel
34162,test,26,squirrel
34163,validation,26,squirrel
34164,test,26,squirrel
34165,validation,26,squirrel
34166,test,26,squirrel
34167,train,26,squirrel
34168,train,26,squirrel
34169,train,26,squirrel
34170,train,26,squirrel
34171,train,26,squirrel
34172,validation,26,squirrel
34173,train,26,squirrel
34174,train,26,squirrel
34175,validation,26,squirrel
34176,train,26,squirrel
34177,train,26,squirrel
34178,train,26,squirrel
34179,train,26,squirrel
34180,validation,26,squirrel
34181,train,26,squirrel
34182,train,26,squirrel
34183,train,26,squirrel
34184,train,26,squirrel
34185,train,26,squirrel
34186,train,26,squirrel
34187,test,26,squirrel
34188,train,26,squirrel
34189,train,26,squirrel
34190,train,26,squirrel
34191,train,26,squirrel
34192,test,26,squirrel
34193,test,26,squirrel
34194,train,26,squirrel
34195,test,26,squirrel
34196,train,26,squirrel
34197,train,26,squirrel
34198,train,26,squirrel
34199,validation,12,tiger
34200,train,12,tiger
34201,train,12,tiger
34202,validation,12,tiger
34203,train,12,tiger
34204,train,12,tiger
34205,train,12,tiger
34206,train,12,tiger
34207,train,12,tiger
34208,train,12,tiger
34209,train,12,tiger
34210,train,12,tiger
34211,validation,12,tiger
34212,validation,12,tiger
34213,train,12,tiger
34214,validation,12,tiger
34215,validation,12,tiger
34216,train,12,tiger
34217,test,12,tiger
34218,train,12,tiger
34219,train,12,tiger
34220,train,12,tiger
34221,train,12,tiger
34222,train,12,tiger
34223,validation,12,tiger
34224,train,12,tiger
34225,test,12,tiger
34226,train,12,tiger
34227,train,12,tiger
34228,test,12,tiger
34229,train,12,tiger
34230,train,12,tiger
34231,train,12,tiger
34232,train,12,tiger
34233,train,12,tiger
34234,train,12,tiger
34235,train,12,tiger
34236,validation,12,tiger
34237,train,12,tiger
34238,test,12,tiger
34239,train,12,tiger
34240,validation,12,tiger
34241,train,12,tiger
34242,train,12,tiger
34243,test,12,tiger
34244,train,12,tiger
34245,validation,12,tiger
34246,train,12,tiger
34247,test,12,tiger
34248,train,12,tiger
34249,train,12,tiger
34250,test,12,tiger
34251,train,12,tiger
34252,train,12,tiger
34253,test,12,tiger
34254,validation,12,tiger
34255,test,12,tiger
34256,validation,12,tiger
34257,train,12,tiger
34258,train,12,tiger
34259,train,12,tiger
34260,train,12,tiger
34261,train,12,tiger
34262,train,12,tiger
34263,train,12,tiger
34264,validation,12,tiger
34265,train,12,tiger
34266,validation,12,tiger
34267,validation,12,tiger
34268,test,12,tiger
34269,validation,12,tiger
34270,train,12,tiger
34271,train,12,tiger
34272,validation,12,tiger
34273,train,12,tiger
34274,test,12,tiger
34275,train,12,tiger
34276,test,12,tiger
34277,train,12,tiger
34278,test,12,tiger
34279,test,12,tiger
34280,validation,12,tiger
34281,train,12,tiger
34282,validation,12,tiger
34283,test,12,tiger
34284,train,12,tiger
34285,test,12,tiger
34286,test,12,tiger
34287,train,12,tiger
34288,train,12,tiger
34289,validation,12,tiger
34290,validation,12,tiger
34291,test,12,tiger
34292,train,12,tiger
34293,validation,12,tiger
34294,test,12,tiger
34295,train,12,tiger
34296,train,12,tiger
34297,train,12,tiger
34298,train,12,tiger
34299,train,12,tiger
34300,train,12,tiger
34301,validation,12,tiger
34302,train,12,tiger
34303,train,12,tiger
34304,train,12,tiger
34305,test,12,tiger
34306,validation,12,tiger
34307,validation,12,tiger
34308,train,12,tiger
34309,train,12,tiger
34310,train,12,tiger
34311,train,12,tiger
34312,train,12,tiger
34313,train,12,tiger
34314,test,12,tiger
34315,test,12,tiger
34316,validation,12,tiger
34317,test,12,tiger
34318,test,12,tiger
34319,train,12,tiger
34320,test,12,tiger
34321,train,12,tiger
34322,train,12,tiger
34323,train,12,tiger
34324,train,12,tiger
34325,validation,12,tiger
34326,test,12,tiger
34327,train,12,tiger
34328,train,12,tiger
34329,train,12,tiger
34330,train,12,tiger
34331,validation,12,tiger
34332,train,12,tiger
34333,validation,12,tiger
34334,train,12,tiger
34335,train,12,tiger
34336,validation,12,tiger
34337,train,12,tiger
34338,validation,12,tiger
34339,test,12,tiger
34340,train,12,tiger
34341,train,12,tiger
34342,train,12,tiger
34343,test,12,tiger
34344,validation,12,tiger
34345,validation,12,tiger
34346,train,12,tiger
34347,train,12,tiger
34348,validation,12,tiger
34349,train,12,tiger
34350,test,12,tiger
34351,test,12,tiger
34352,train,12,tiger
34353,train,12,tiger
34354,validation,12,tiger
34355,train,12,tiger
34356,validation,12,tiger
34357,validation,12,tiger
34358,train,12,tiger
34359,train,12,tiger
34360,test,12,tiger
34361,train,12,tiger
34362,train,12,tiger
34363,train,12,tiger
34364,validation,12,tiger
34365,test,12,tiger
34366,validation,12,tiger
34367,train,12,tiger
34368,train,12,tiger
34369,validation,12,tiger
34370,train,12,tiger
34371,test,12,tiger
34372,train,12,tiger
34373,train,12,tiger
34374,train,12,tiger
34375,train,12,tiger
34376,test,12,tiger
34377,test,12,tiger
34378,validation,12,tiger
34379,train,12,tiger
34380,train,12,tiger
34381,train,12,tiger
34382,validation,12,tiger
34383,train,12,tiger
34384,train,12,tiger
34385,train,12,tiger
34386,train,12,tiger
34387,train,12,tiger
34388,train,12,tiger
34389,train,12,tiger
34390,train,12,tiger
34391,test,12,tiger
34392,test,12,tiger
34393,train,12,tiger
34394,validation,12,tiger
34395,train,12,tiger
34396,validation,12,tiger
34397,train,12,tiger
34398,test,12,tiger
34399,test,12,tiger
34400,train,12,tiger
34401,train,12,tiger
34402,validation,12,tiger
34403,train,12,tiger
34404,train,12,tiger
34405,train,12,tiger
34406,train,12,tiger
34407,test,12,tiger
34408,test,12,tiger
34409,test,12,tiger
34410,train,12,tiger
34411,train,12,tiger
34412,validation,12,tiger
34413,train,12,tiger
34414,train,12,tiger
34415,test,12,tiger
34416,train,12,tiger
34417,validation,12,tiger
34418,train,12,tiger
34419,test,12,tiger
34420,train,12,tiger
34421,train,12,tiger
34422,train,12,tiger
34423,validation,12,tiger
34424,train,12,tiger
34425,test,12,tiger
34426,train,12,tiger
34427,train,12,tiger
34428,train,12,tiger
34429,validation,12,tiger
34430,train,12,tiger
34431,train,12,tiger
34432,train,12,tiger
34433,validation,12,tiger
34434,train,12,tiger
34435,validation,12,tiger
34436,validation,12,tiger
34437,test,12,tiger
34438,train,12,tiger
34439,validation,12,tiger
34440,train,12,tiger
34441,train,12,tiger
34442,train,12,tiger
34443,train,12,tiger
34444,train,12,tiger
34445,train,12,tiger
34446,train,12,tiger
34447,train,12,tiger
34448,train,12,tiger
34449,train,12,tiger
34450,validation,12,tiger
34451,train,12,tiger
34452,train,12,tiger
34453,validation,12,tiger
34454,train,12,tiger
34455,train,12,tiger
34456,test,12,tiger
34457,test,12,tiger
34458,train,12,tiger
34459,train,12,tiger
34460,validation,12,tiger
34461,train,12,tiger
34462,train,12,tiger
34463,test,12,tiger
34464,test,12,tiger
34465,train,12,tiger
34466,validation,12,tiger
34467,validation,12,tiger
34468,train,12,tiger
34469,test,12,tiger
34470,train,12,tiger
34471,train,12,tiger
34472,train,12,tiger
34473,validation,12,tiger
34474,train,12,tiger
34475,validation,12,tiger
34476,train,12,tiger
34477,validation,12,tiger
34478,train,12,tiger
34479,train,12,tiger
34480,train,12,tiger
34481,validation,12,tiger
34482,train,12,tiger
34483,validation,12,tiger
34484,train,12,tiger
34485,train,12,tiger
34486,test,12,tiger
34487,validation,12,tiger
34488,train,12,tiger
34489,train,12,tiger
34490,train,12,tiger
34491,train,12,tiger
34492,train,12,tiger
34493,train,12,tiger
34494,test,12,tiger
34495,test,12,tiger
34496,train,12,tiger
34497,train,12,tiger
34498,validation,12,tiger
34499,train,12,tiger
34500,train,12,tiger
34501,train,12,tiger
34502,train,12,tiger
34503,train,12,tiger
34504,validation,12,tiger
34505,test,12,tiger
34506,train,12,tiger
34507,train,12,tiger
34508,validation,12,tiger
34509,validation,12,tiger
34510,train,12,tiger
34511,train,12,tiger
34512,validation,12,tiger
34513,test,12,tiger
34514,train,12,tiger
34515,train,12,tiger
34516,test,12,tiger
34517,train,12,tiger
34518,train,12,tiger
34519,validation,12,tiger
34520,validation,12,tiger
34521,test,12,tiger
34522,test,12,tiger
34523,validation,12,tiger
34524,test,12,tiger
34525,test,12,tiger
34526,train,12,tiger
34527,validation,12,tiger
34528,train,12,tiger
34529,train,12,tiger
34530,validation,12,tiger
34531,train,12,tiger
34532,train,12,tiger
34533,test,12,tiger
34534,test,12,tiger
34535,train,12,tiger
34536,train,12,tiger
34537,train,12,tiger
34538,train,12,tiger
34539,train,12,tiger
34540,train,12,tiger
34541,train,12,tiger
34542,test,12,tiger
34543,train,12,tiger
34544,train,12,tiger
34545,train,12,tiger
34546,test,12,tiger
34547,train,12,tiger
34548,train,12,tiger
34549,test,12,tiger
34550,train,12,tiger
34551,test,12,tiger
34552,train,12,tiger
34553,validation,12,tiger
34554,train,12,tiger
34555,test,12,tiger
34556,test,12,tiger
34557,train,12,tiger
34558,train,12,tiger
34559,train,12,tiger
34560,train,12,tiger
34561,train,12,tiger
34562,train,12,tiger
34563,validation,12,tiger
34564,train,12,tiger
34565,validation,12,tiger
34566,test,12,tiger
34567,test,12,tiger
34568,train,12,tiger
34569,validation,12,tiger
34570,validation,12,tiger
34571,test,12,tiger
34572,test,12,tiger
34573,train,12,tiger
34574,validation,12,tiger
34575,train,12,tiger
34576,test,12,tiger
34577,validation,12,tiger
34578,test,12,tiger
34579,train,12,tiger
34580,train,12,tiger
34581,train,12,tiger
34582,test,12,tiger
34583,train,12,tiger
34584,train,12,tiger
34585,validation,12,tiger
34586,test,12,tiger
34587,validation,12,tiger
34588,train,12,tiger
34589,train,12,tiger
34590,validation,12,tiger
34591,validation,12,tiger
34592,validation,12,tiger
34593,validation,12,tiger
34594,test,12,tiger
34595,train,12,tiger
34596,validation,12,tiger
34597,train,12,tiger
34598,train,12,tiger
34599,train,12,tiger
34600,validation,12,tiger
34601,train,12,tiger
34602,validation,12,tiger
34603,validation,12,tiger
34604,train,12,tiger
34605,train,12,tiger
34606,train,12,tiger
34607,validation,12,tiger
34608,train,12,tiger
34609,train,12,tiger
34610,test,12,tiger
34611,train,12,tiger
34612,train,12,tiger
34613,train,12,tiger
34614,validation,12,tiger
34615,train,12,tiger
34616,validation,12,tiger
34617,validation,12,tiger
34618,test,12,tiger
34619,train,12,tiger
34620,train,12,tiger
34621,validation,12,tiger
34622,validation,12,tiger
34623,train,12,tiger
34624,test,12,tiger
34625,train,12,tiger
34626,validation,12,tiger
34627,test,12,tiger
34628,train,12,tiger
34629,train,12,tiger
34630,train,12,tiger
34631,validation,12,tiger
34632,train,12,tiger
34633,train,12,tiger
34634,test,12,tiger
34635,train,12,tiger
34636,train,12,tiger
34637,test,12,tiger
34638,train,12,tiger
34639,validation,12,tiger
34640,test,12,tiger
34641,train,12,tiger
34642,validation,12,tiger
34643,validation,12,tiger
34644,validation,12,tiger
34645,test,12,tiger
34646,train,12,tiger
34647,train,12,tiger
34648,test,12,tiger
34649,train,12,tiger
34650,train,12,tiger
34651,test,12,tiger
34652,train,12,tiger
34653,train,12,tiger
34654,train,12,tiger
34655,train,12,tiger
34656,train,12,tiger
34657,train,12,tiger
34658,train,12,tiger
34659,test,12,tiger
34660,train,12,tiger
34661,validation,12,tiger
34662,validation,12,tiger
34663,train,12,tiger
34664,validation,12,tiger
34665,train,12,tiger
34666,validation,12,tiger
34667,train,12,tiger
34668,train,12,tiger
34669,train,12,tiger
34670,train,12,tiger
34671,test,12,tiger
34672,validation,12,tiger
34673,train,12,tiger
34674,train,12,tiger
34675,train,12,tiger
34676,test,12,tiger
34677,validation,12,tiger
34678,train,12,tiger
34679,train,12,tiger
34680,train,12,tiger
34681,validation,12,tiger
34682,validation,12,tiger
34683,train,12,tiger
34684,test,12,tiger
34685,train,12,tiger
34686,train,12,tiger
34687,train,12,tiger
34688,train,12,tiger
34689,train,12,tiger
34690,train,12,tiger
34691,test,12,tiger
34692,validation,12,tiger
34693,train,12,tiger
34694,train,12,tiger
34695,test,12,tiger
34696,test,12,tiger
34697,train,12,tiger
34698,train,12,tiger
34699,train,12,tiger
34700,train,12,tiger
34701,test,12,tiger
34702,test,12,tiger
34703,train,12,tiger
34704,train,12,tiger
34705,test,12,tiger
34706,test,12,tiger
34707,test,12,tiger
34708,train,12,tiger
34709,validation,12,tiger
34710,train,12,tiger
34711,train,12,tiger
34712,train,12,tiger
34713,test,12,tiger
34714,validation,12,tiger
34715,test,12,tiger
34716,train,12,tiger
34717,test,12,tiger
34718,train,12,tiger
34719,train,12,tiger
34720,test,12,tiger
34721,validation,12,tiger
34722,train,12,tiger
34723,validation,12,tiger
34724,train,12,tiger
34725,train,12,tiger
34726,train,12,tiger
34727,test,12,tiger
34728,validation,12,tiger
34729,train,12,tiger
34730,test,12,tiger
34731,validation,12,tiger
34732,test,12,tiger
34733,train,12,tiger
34734,test,12,tiger
34735,train,12,tiger
34736,train,12,tiger
34737,train,12,tiger
34738,train,12,tiger
34739,train,12,tiger
34740,train,12,tiger
34741,test,12,tiger
34742,train,12,tiger
34743,test,12,tiger
34744,test,12,tiger
34745,validation,12,tiger
34746,test,12,tiger
34747,train,12,tiger
34748,train,12,tiger
34749,validation,12,tiger
34750,validation,12,tiger
34751,train,12,tiger
34752,validation,12,tiger
34753,test,12,tiger
34754,validation,12,tiger
34755,train,12,tiger
34756,train,12,tiger
34757,train,12,tiger
34758,train,12,tiger
34759,train,12,tiger
34760,train,12,tiger
34761,validation,12,tiger
34762,train,12,tiger
34763,train,12,tiger
34764,train,12,tiger
34765,train,12,tiger
34766,train,12,tiger
34767,train,12,tiger
34768,train,12,tiger
34769,train,12,tiger
34770,train,12,tiger
34771,train,12,tiger
34772,validation,12,tiger
34773,test,12,tiger
34774,train,12,tiger
34775,train,12,tiger
34776,train,12,tiger
34777,test,12,tiger
34778,validation,12,tiger
34779,train,12,tiger
34780,train,12,tiger
34781,train,12,tiger
34782,validation,12,tiger
34783,train,12,tiger
34784,validation,12,tiger
34785,train,12,tiger
34786,train,12,tiger
34787,validation,12,tiger
34788,train,12,tiger
34789,test,12,tiger
34790,train,12,tiger
34791,train,12,tiger
34792,test,12,tiger
34793,train,12,tiger
34794,train,12,tiger
34795,train,12,tiger
34796,train,12,tiger
34797,validation,12,tiger
34798,validation,12,tiger
34799,train,12,tiger
34800,train,12,tiger
34801,train,12,tiger
34802,test,12,tiger
34803,test,12,tiger
34804,train,12,tiger
34805,test,12,tiger
34806,validation,12,tiger
34807,test,12,tiger
34808,train,12,tiger
34809,test,12,tiger
34810,validation,12,tiger
34811,train,12,tiger
34812,train,12,tiger
34813,train,12,tiger
34814,test,12,tiger
34815,train,12,tiger
34816,test,12,tiger
34817,train,12,tiger
34818,test,12,tiger
34819,train,12,tiger
34820,train,12,tiger
34821,train,12,tiger
34822,train,12,tiger
34823,train,12,tiger
34824,train,12,tiger
34825,train,12,tiger
34826,train,12,tiger
34827,train,12,tiger
34828,train,12,tiger
34829,test,12,tiger
34830,test,12,tiger
34831,validation,12,tiger
34832,train,12,tiger
34833,test,12,tiger
34834,train,12,tiger
34835,test,12,tiger
34836,train,12,tiger
34837,test,12,tiger
34838,train,12,tiger
34839,validation,12,tiger
34840,test,12,tiger
34841,train,12,tiger
34842,train,12,tiger
34843,train,12,tiger
34844,train,12,tiger
34845,validation,12,tiger
34846,train,12,tiger
34847,train,12,tiger
34848,train,12,tiger
34849,train,12,tiger
34850,train,12,tiger
34851,test,12,tiger
34852,train,12,tiger
34853,train,12,tiger
34854,train,12,tiger
34855,train,12,tiger
34856,train,12,tiger
34857,train,12,tiger
34858,test,12,tiger
34859,validation,12,tiger
34860,train,12,tiger
34861,train,12,tiger
34862,validation,12,tiger
34863,train,12,tiger
34864,train,12,tiger
34865,train,12,tiger
34866,train,12,tiger
34867,test,12,tiger
34868,test,12,tiger
34869,train,12,tiger
34870,train,12,tiger
34871,validation,12,tiger
34872,train,12,tiger
34873,train,12,tiger
34874,train,12,tiger
34875,train,12,tiger
34876,test,12,tiger
34877,validation,12,tiger
34878,train,12,tiger
34879,train,12,tiger
34880,train,12,tiger
34881,test,12,tiger
34882,test,12,tiger
34883,train,12,tiger
34884,train,12,tiger
34885,train,12,tiger
34886,validation,12,tiger
34887,validation,12,tiger
34888,train,12,tiger
34889,test,12,tiger
34890,train,12,tiger
34891,train,12,tiger
34892,validation,12,tiger
34893,train,12,tiger
34894,train,12,tiger
34895,test,12,tiger
34896,test,12,tiger
34897,test,12,tiger
34898,validation,12,tiger
34899,train,12,tiger
34900,validation,12,tiger
34901,test,12,tiger
34902,train,12,tiger
34903,train,12,tiger
34904,test,12,tiger
34905,train,12,tiger
34906,train,12,tiger
34907,test,12,tiger
34908,validation,12,tiger
34909,train,12,tiger
34910,train,12,tiger
34911,train,12,tiger
34912,train,12,tiger
34913,validation,12,tiger
34914,train,12,tiger
34915,train,12,tiger
34916,train,12,tiger
34917,train,12,tiger
34918,train,12,tiger
34919,train,12,tiger
34920,train,12,tiger
34921,validation,12,tiger
34922,test,12,tiger
34923,test,12,tiger
34924,validation,12,tiger
34925,validation,12,tiger
34926,test,12,tiger
34927,validation,12,tiger
34928,train,12,tiger
34929,train,12,tiger
34930,train,12,tiger
34931,validation,12,tiger
34932,train,12,tiger
34933,train,12,tiger
34934,test,12,tiger
34935,test,12,tiger
34936,train,12,tiger
34937,train,12,tiger
34938,train,12,tiger
34939,test,12,tiger
34940,train,12,tiger
34941,validation,12,tiger
34942,validation,12,tiger
34943,test,12,tiger
34944,train,12,tiger
34945,train,12,tiger
34946,train,12,tiger
34947,train,12,tiger
34948,train,12,tiger
34949,train,12,tiger
34950,test,12,tiger
34951,train,12,tiger
34952,test,12,tiger
34953,train,12,tiger
34954,train,12,tiger
34955,test,12,tiger
34956,train,12,tiger
34957,train,12,tiger
34958,train,12,tiger
34959,train,12,tiger
34960,train,12,tiger
34961,train,12,tiger
34962,validation,12,tiger
34963,train,12,tiger
34964,train,12,tiger
34965,train,12,tiger
34966,train,12,tiger
34967,train,12,tiger
34968,train,12,tiger
34969,train,12,tiger
34970,validation,12,tiger
34971,train,12,tiger
34972,train,12,tiger
34973,test,12,tiger
34974,train,12,tiger
34975,test,12,tiger
34976,validation,12,tiger
34977,test,12,tiger
34978,train,12,tiger
34979,train,12,tiger
34980,train,12,tiger
34981,test,12,tiger
34982,test,12,tiger
34983,train,12,tiger
34984,train,12,tiger
34985,train,12,tiger
34986,test,12,tiger
34987,validation,12,tiger
34988,train,12,tiger
34989,train,12,tiger
34990,train,12,tiger
34991,validation,12,tiger
34992,validation,12,tiger
34993,test,12,tiger
34994,train,12,tiger
34995,train,12,tiger
34996,validation,12,tiger
34997,train,12,tiger
34998,train,12,tiger
34999,test,12,tiger
35000,train,12,tiger
35001,validation,12,tiger
35002,test,12,tiger
35003,test,12,tiger
35004,train,12,tiger
35005,train,12,tiger
35006,validation,12,tiger
35007,train,12,tiger
35008,train,12,tiger
35009,train,12,tiger
35010,test,12,tiger
35011,train,12,tiger
35012,train,12,tiger
35013,train,12,tiger
35014,train,12,tiger
35015,train,12,tiger
35016,train,12,tiger
35017,train,12,tiger
35018,test,12,tiger
35019,validation,12,tiger
35020,train,12,tiger
35021,train,12,tiger
35022,test,12,tiger
35023,train,12,tiger
35024,train,12,tiger
35025,train,12,tiger
35026,train,12,tiger
35027,train,12,tiger
35028,train,12,tiger
35029,train,12,tiger
35030,train,12,tiger
35031,train,12,tiger
35032,train,12,tiger
35033,train,12,tiger
35034,test,12,tiger
35035,test,12,tiger
35036,train,12,tiger
35037,test,12,tiger
35038,train,12,tiger
35039,train,12,tiger
35040,validation,12,tiger
35041,test,12,tiger
35042,train,12,tiger
35043,train,12,tiger
35044,train,12,tiger
35045,train,12,tiger
35046,train,12,tiger
35047,validation,12,tiger
35048,train,12,tiger
35049,train,12,tiger
35050,train,12,tiger
35051,validation,12,tiger
35052,train,12,tiger
35053,validation,12,tiger
35054,validation,12,tiger
35055,train,12,tiger
35056,train,12,tiger
35057,train,12,tiger
35058,train,12,tiger
35059,validation,12,tiger
35060,validation,12,tiger
35061,test,12,tiger
35062,train,12,tiger
35063,train,12,tiger
35064,validation,12,tiger
35065,train,12,tiger
35066,validation,12,tiger
35067,train,12,tiger
35068,test,12,tiger
35069,test,12,tiger
35070,train,12,tiger
35071,train,12,tiger
35072,train,12,tiger
35073,validation,12,tiger
35074,validation,12,tiger
35075,test,12,tiger
35076,train,46,walrus
35077,train,46,walrus
35078,test,46,walrus
35079,validation,46,walrus
35080,validation,46,walrus
35081,test,46,walrus
35082,train,46,walrus
35083,test,46,walrus
35084,train,46,walrus
35085,validation,46,walrus
35086,validation,46,walrus
35087,test,46,walrus
35088,train,46,walrus
35089,train,46,walrus
35090,validation,46,walrus
35091,validation,46,walrus
35092,train,46,walrus
35093,train,46,walrus
35094,validation,46,walrus
35095,validation,46,walrus
35096,validation,46,walrus
35097,validation,46,walrus
35098,train,46,walrus
35099,train,46,walrus
35100,train,46,walrus
35101,train,46,walrus
35102,test,46,walrus
35103,train,46,walrus
35104,train,46,walrus
35105,train,46,walrus
35106,train,46,walrus
35107,train,46,walrus
35108,validation,46,walrus
35109,train,46,walrus
35110,train,46,walrus
35111,train,46,walrus
35112,test,46,walrus
35113,train,46,walrus
35114,validation,46,walrus
35115,train,46,walrus
35116,train,46,walrus
35117,test,46,walrus
35118,validation,46,walrus
35119,train,46,walrus
35120,train,46,walrus
35121,train,46,walrus
35122,train,46,walrus
35123,test,46,walrus
35124,train,46,walrus
35125,train,46,walrus
35126,test,46,walrus
35127,train,46,walrus
35128,validation,46,walrus
35129,train,46,walrus
35130,test,46,walrus
35131,test,46,walrus
35132,train,46,walrus
35133,validation,46,walrus
35134,test,46,walrus
35135,test,46,walrus
35136,train,46,walrus
35137,validation,46,walrus
35138,validation,46,walrus
35139,train,46,walrus
35140,train,46,walrus
35141,test,46,walrus
35142,train,46,walrus
35143,train,46,walrus
35144,train,46,walrus
35145,train,46,walrus
35146,train,46,walrus
35147,train,46,walrus
35148,train,46,walrus
35149,validation,46,walrus
35150,train,46,walrus
35151,train,46,walrus
35152,validation,46,walrus
35153,validation,46,walrus
35154,train,46,walrus
35155,train,46,walrus
35156,validation,46,walrus
35157,train,46,walrus
35158,train,46,walrus
35159,train,46,walrus
35160,test,46,walrus
35161,train,46,walrus
35162,train,46,walrus
35163,validation,46,walrus
35164,test,46,walrus
35165,train,46,walrus
35166,train,46,walrus
35167,train,46,walrus
35168,train,46,walrus
35169,validation,46,walrus
35170,test,46,walrus
35171,train,46,walrus
35172,train,46,walrus
35173,train,46,walrus
35174,train,46,walrus
35175,test,46,walrus
35176,train,46,walrus
35177,train,46,walrus
35178,train,46,walrus
35179,train,46,walrus
35180,test,46,walrus
35181,train,46,walrus
35182,train,46,walrus
35183,validation,46,walrus
35184,validation,46,walrus
35185,test,46,walrus
35186,validation,46,walrus
35187,test,46,walrus
35188,validation,46,walrus
35189,train,46,walrus
35190,test,46,walrus
35191,validation,46,walrus
35192,train,46,walrus
35193,train,46,walrus
35194,train,46,walrus
35195,train,46,walrus
35196,test,46,walrus
35197,train,46,walrus
35198,test,46,walrus
35199,train,46,walrus
35200,validation,46,walrus
35201,validation,46,walrus
35202,train,46,walrus
35203,train,46,walrus
35204,validation,46,walrus
35205,test,46,walrus
35206,train,46,walrus
35207,train,46,walrus
35208,validation,46,walrus
35209,train,46,walrus
35210,train,46,walrus
35211,train,46,walrus
35212,train,46,walrus
35213,train,46,walrus
35214,train,46,walrus
35215,train,46,walrus
35216,test,46,walrus
35217,test,46,walrus
35218,train,46,walrus
35219,train,46,walrus
35220,train,46,walrus
35221,test,46,walrus
35222,train,46,walrus
35223,train,46,walrus
35224,train,46,walrus
35225,train,46,walrus
35226,test,46,walrus
35227,test,46,walrus
35228,train,46,walrus
35229,train,46,walrus
35230,train,46,walrus
35231,train,46,walrus
35232,train,46,walrus
35233,train,46,walrus
35234,train,46,walrus
35235,train,46,walrus
35236,train,46,walrus
35237,train,46,walrus
35238,validation,46,walrus
35239,test,46,walrus
35240,train,46,walrus
35241,train,46,walrus
35242,validation,46,walrus
35243,validation,46,walrus
35244,validation,46,walrus
35245,train,46,walrus
35246,test,46,walrus
35247,train,46,walrus
35248,train,46,walrus
35249,train,46,walrus
35250,train,46,walrus
35251,train,46,walrus
35252,validation,46,walrus
35253,train,46,walrus
35254,validation,46,walrus
35255,test,46,walrus
35256,test,46,walrus
35257,validation,46,walrus
35258,train,46,walrus
35259,test,46,walrus
35260,train,46,walrus
35261,train,46,walrus
35262,test,46,walrus
35263,train,46,walrus
35264,train,46,walrus
35265,train,46,walrus
35266,train,46,walrus
35267,validation,46,walrus
35268,train,46,walrus
35269,test,46,walrus
35270,train,46,walrus
35271,validation,46,walrus
35272,test,46,walrus
35273,train,46,walrus
35274,train,46,walrus
35275,train,46,walrus
35276,train,46,walrus
35277,train,46,walrus
35278,test,46,walrus
35279,train,46,walrus
35280,test,46,walrus
35281,train,46,walrus
35282,test,46,walrus
35283,train,46,walrus
35284,train,46,walrus
35285,train,46,walrus
35286,train,46,walrus
35287,validation,46,walrus
35288,test,46,walrus
35289,test,46,walrus
35290,validation,46,walrus
35291,train,34,weasel
35292,test,34,weasel
35293,train,34,weasel
35294,train,34,weasel
35295,test,34,weasel
35296,validation,34,weasel
35297,test,34,weasel
35298,train,34,weasel
35299,test,34,weasel
35300,validation,34,weasel
35301,train,34,weasel
35302,validation,34,weasel
35303,validation,34,weasel
35304,train,34,weasel
35305,train,34,weasel
35306,validation,34,weasel
35307,train,34,weasel
35308,train,34,weasel
35309,test,34,weasel
35310,train,34,weasel
35311,train,34,weasel
35312,train,34,weasel
35313,train,34,weasel
35314,train,34,weasel
35315,validation,34,weasel
35316,train,34,weasel
35317,test,34,weasel
35318,train,34,weasel
35319,train,34,weasel
35320,train,34,weasel
35321,train,34,weasel
35322,train,34,weasel
35323,train,34,weasel
35324,train,34,weasel
35325,validation,34,weasel
35326,test,34,weasel
35327,validation,34,weasel
35328,train,34,weasel
35329,train,34,weasel
35330,validation,34,weasel
35331,train,34,weasel
35332,train,34,weasel
35333,test,34,weasel
35334,train,34,weasel
35335,validation,34,weasel
35336,test,34,weasel
35337,test,34,weasel
35338,validation,34,weasel
35339,test,34,weasel
35340,validation,34,weasel
35341,train,34,weasel
35342,train,34,weasel
35343,test,34,weasel
35344,test,34,weasel
35345,validation,34,weasel
35346,train,34,weasel
35347,train,34,weasel
35348,test,34,weasel
35349,test,34,weasel
35350,test,34,weasel
35351,test,34,weasel
35352,train,34,weasel
35353,train,34,weasel
35354,train,34,weasel
35355,train,34,weasel
35356,train,34,weasel
35357,validation,34,weasel
35358,train,34,weasel
35359,train,34,weasel
35360,test,34,weasel
35361,train,34,weasel
35362,train,34,weasel
35363,train,34,weasel
35364,train,34,weasel
35365,train,34,weasel
35366,validation,34,weasel
35367,train,34,weasel
35368,validation,34,weasel
35369,train,34,weasel
35370,validation,34,weasel
35371,train,34,weasel
35372,train,34,weasel
35373,test,34,weasel
35374,train,34,weasel
35375,train,34,weasel
35376,train,34,weasel
35377,train,34,weasel
35378,validation,34,weasel
35379,train,34,weasel
35380,train,34,weasel
35381,test,34,weasel
35382,validation,34,weasel
35383,test,34,weasel
35384,train,34,weasel
35385,test,34,weasel
35386,train,34,weasel
35387,train,34,weasel
35388,train,34,weasel
35389,train,34,weasel
35390,train,34,weasel
35391,train,34,weasel
35392,train,34,weasel
35393,test,34,weasel
35394,test,34,weasel
35395,train,34,weasel
35396,test,34,weasel
35397,train,34,weasel
35398,train,34,weasel
35399,test,34,weasel
35400,train,34,weasel
35401,train,34,weasel
35402,train,34,weasel
35403,train,34,weasel
35404,train,34,weasel
35405,train,34,weasel
35406,train,34,weasel
35407,train,34,weasel
35408,train,34,weasel
35409,train,34,weasel
35410,train,34,weasel
35411,validation,34,weasel
35412,test,34,weasel
35413,validation,34,weasel
35414,validation,34,weasel
35415,train,34,weasel
35416,train,34,weasel
35417,validation,34,weasel
35418,train,34,weasel
35419,validation,34,weasel
35420,train,34,weasel
35421,train,34,weasel
35422,test,34,weasel
35423,train,34,weasel
35424,test,34,weasel
35425,validation,34,weasel
35426,train,34,weasel
35427,test,34,weasel
35428,train,34,weasel
35429,train,34,weasel
35430,train,34,weasel
35431,train,34,weasel
35432,train,34,weasel
35433,train,34,weasel
35434,test,34,weasel
35435,test,34,weasel
35436,train,34,weasel
35437,validation,34,weasel
35438,validation,34,weasel
35439,validation,34,weasel
35440,test,34,weasel
35441,train,34,weasel
35442,train,34,weasel
35443,train,34,weasel
35444,train,34,weasel
35445,train,34,weasel
35446,test,34,weasel
35447,train,34,weasel
35448,validation,34,weasel
35449,train,34,weasel
35450,train,34,weasel
35451,validation,34,weasel
35452,train,34,weasel
35453,validation,34,weasel
35454,validation,34,weasel
35455,validation,34,weasel
35456,test,34,weasel
35457,train,34,weasel
35458,train,34,weasel
35459,train,34,weasel
35460,validation,34,weasel
35461,train,34,weasel
35462,train,34,weasel
35463,test,34,weasel
35464,validation,34,weasel
35465,validation,34,weasel
35466,train,34,weasel
35467,train,34,weasel
35468,test,34,weasel
35469,train,34,weasel
35470,validation,34,weasel
35471,validation,34,weasel
35472,test,34,weasel
35473,train,34,weasel
35474,train,34,weasel
35475,train,34,weasel
35476,train,34,weasel
35477,test,34,weasel
35478,train,34,weasel
35479,train,34,weasel
35480,train,34,weasel
35481,train,34,weasel
35482,test,34,weasel
35483,train,34,weasel
35484,train,34,weasel
35485,train,34,weasel
35486,train,34,weasel
35487,validation,34,weasel
35488,test,34,weasel
35489,train,34,weasel
35490,train,34,weasel
35491,validation,34,weasel
35492,train,34,weasel
35493,validation,34,weasel
35494,train,34,weasel
35495,train,34,weasel
35496,test,34,weasel
35497,train,34,weasel
35498,train,34,weasel
35499,train,34,weasel
35500,train,34,weasel
35501,train,34,weasel
35502,test,34,weasel
35503,validation,34,weasel
35504,validation,34,weasel
35505,test,34,weasel
35506,validation,34,weasel
35507,test,34,weasel
35508,train,34,weasel
35509,train,34,weasel
35510,train,34,weasel
35511,train,34,weasel
35512,test,34,weasel
35513,test,34,weasel
35514,train,34,weasel
35515,validation,34,weasel
35516,test,34,weasel
35517,train,34,weasel
35518,validation,34,weasel
35519,test,34,weasel
35520,test,34,weasel
35521,train,34,weasel
35522,train,34,weasel
35523,train,34,weasel
35524,train,34,weasel
35525,train,34,weasel
35526,validation,34,weasel
35527,test,34,weasel
35528,validation,34,weasel
35529,test,34,weasel
35530,train,34,weasel
35531,train,34,weasel
35532,train,34,weasel
35533,train,34,weasel
35534,train,34,weasel
35535,train,34,weasel
35536,train,34,weasel
35537,validation,34,weasel
35538,train,34,weasel
35539,train,34,weasel
35540,validation,34,weasel
35541,train,34,weasel
35542,train,34,weasel
35543,train,34,weasel
35544,train,34,weasel
35545,train,34,weasel
35546,train,34,weasel
35547,train,34,weasel
35548,train,34,weasel
35549,train,34,weasel
35550,train,34,weasel
35551,validation,34,weasel
35552,train,34,weasel
35553,train,34,weasel
35554,validation,34,weasel
35555,train,34,weasel
35556,test,34,weasel
35557,validation,34,weasel
35558,test,34,weasel
35559,train,34,weasel
35560,validation,34,weasel
35561,validation,34,weasel
35562,train,34,weasel
35563,train,31,wolf
35564,train,31,wolf
35565,train,31,wolf
35566,train,31,wolf
35567,validation,31,wolf
35568,train,31,wolf
35569,train,31,wolf
35570,train,31,wolf
35571,train,31,wolf
35572,train,31,wolf
35573,train,31,wolf
35574,train,31,wolf
35575,test,31,wolf
35576,validation,31,wolf
35577,validation,31,wolf
35578,train,31,wolf
35579,test,31,wolf
35580,test,31,wolf
35581,validation,31,wolf
35582,train,31,wolf
35583,train,31,wolf
35584,train,31,wolf
35585,test,31,wolf
35586,train,31,wolf
35587,test,31,wolf
35588,train,31,wolf
35589,test,31,wolf
35590,validation,31,wolf
35591,train,31,wolf
35592,test,31,wolf
35593,validation,31,wolf
35594,train,31,wolf
35595,train,31,wolf
35596,test,31,wolf
35597,train,31,wolf
35598,test,31,wolf
35599,train,31,wolf
35600,train,31,wolf
35601,validation,31,wolf
35602,train,31,wolf
35603,validation,31,wolf
35604,train,31,wolf
35605,test,31,wolf
35606,train,31,wolf
35607,train,31,wolf
35608,validation,31,wolf
35609,validation,31,wolf
35610,test,31,wolf
35611,train,31,wolf
35612,train,31,wolf
35613,train,31,wolf
35614,test,31,wolf
35615,train,31,wolf
35616,validation,31,wolf
35617,validation,31,wolf
35618,train,31,wolf
35619,train,31,wolf
35620,validation,31,wolf
35621,test,31,wolf
35622,train,31,wolf
35623,train,31,wolf
35624,train,31,wolf
35625,validation,31,wolf
35626,train,31,wolf
35627,validation,31,wolf
35628,train,31,wolf
35629,train,31,wolf
35630,train,31,wolf
35631,train,31,wolf
35632,validation,31,wolf
35633,train,31,wolf
35634,train,31,wolf
35635,train,31,wolf
35636,test,31,wolf
35637,validation,31,wolf
35638,test,31,wolf
35639,validation,31,wolf
35640,train,31,wolf
35641,validation,31,wolf
35642,train,31,wolf
35643,validation,31,wolf
35644,train,31,wolf
35645,train,31,wolf
35646,validation,31,wolf
35647,train,31,wolf
35648,test,31,wolf
35649,train,31,wolf
35650,train,31,wolf
35651,test,31,wolf
35652,train,31,wolf
35653,train,31,wolf
35654,train,31,wolf
35655,validation,31,wolf
35656,train,31,wolf
35657,train,31,wolf
35658,train,31,wolf
35659,train,31,wolf
35660,validation,31,wolf
35661,train,31,wolf
35662,test,31,wolf
35663,validation,31,wolf
35664,train,31,wolf
35665,train,31,wolf
35666,validation,31,wolf
35667,validation,31,wolf
35668,validation,31,wolf
35669,validation,31,wolf
35670,train,31,wolf
35671,test,31,wolf
35672,validation,31,wolf
35673,test,31,wolf
35674,validation,31,wolf
35675,train,31,wolf
35676,train,31,wolf
35677,test,31,wolf
35678,test,31,wolf
35679,test,31,wolf
35680,test,31,wolf
35681,train,31,wolf
35682,train,31,wolf
35683,test,31,wolf
35684,train,31,wolf
35685,train,31,wolf
35686,train,31,wolf
35687,validation,31,wolf
35688,validation,31,wolf
35689,train,31,wolf
35690,train,31,wolf
35691,train,31,wolf
35692,test,31,wolf
35693,test,31,wolf
35694,train,31,wolf
35695,validation,31,wolf
35696,train,31,wolf
35697,train,31,wolf
35698,test,31,wolf
35699,validation,31,wolf
35700,train,31,wolf
35701,train,31,wolf
35702,train,31,wolf
35703,train,31,wolf
35704,train,31,wolf
35705,train,31,wolf
35706,validation,31,wolf
35707,test,31,wolf
35708,validation,31,wolf
35709,train,31,wolf
35710,train,31,wolf
35711,train,31,wolf
35712,validation,31,wolf
35713,validation,31,wolf
35714,validation,31,wolf
35715,train,31,wolf
35716,test,31,wolf
35717,train,31,wolf
35718,test,31,wolf
35719,validation,31,wolf
35720,train,31,wolf
35721,train,31,wolf
35722,train,31,wolf
35723,train,31,wolf
35724,validation,31,wolf
35725,validation,31,wolf
35726,train,31,wolf
35727,train,31,wolf
35728,validation,31,wolf
35729,train,31,wolf
35730,train,31,wolf
35731,train,31,wolf
35732,train,31,wolf
35733,validation,31,wolf
35734,test,31,wolf
35735,validation,31,wolf
35736,train,31,wolf
35737,train,31,wolf
35738,train,31,wolf
35739,train,31,wolf
35740,test,31,wolf
35741,train,31,wolf
35742,validation,31,wolf
35743,train,31,wolf
35744,train,31,wolf
35745,train,31,wolf
35746,train,31,wolf
35747,train,31,wolf
35748,train,31,wolf
35749,validation,31,wolf
35750,test,31,wolf
35751,train,31,wolf
35752,train,31,wolf
35753,train,31,wolf
35754,validation,31,wolf
35755,train,31,wolf
35756,train,31,wolf
35757,train,31,wolf
35758,test,31,wolf
35759,test,31,wolf
35760,validation,31,wolf
35761,train,31,wolf
35762,train,31,wolf
35763,train,31,wolf
35764,train,31,wolf
35765,validation,31,wolf
35766,test,31,wolf
35767,train,31,wolf
35768,train,31,wolf
35769,test,31,wolf
35770,train,31,wolf
35771,validation,31,wolf
35772,train,31,wolf
35773,train,31,wolf
35774,train,31,wolf
35775,train,31,wolf
35776,validation,31,wolf
35777,train,31,wolf
35778,train,31,wolf
35779,train,31,wolf
35780,train,31,wolf
35781,train,31,wolf
35782,train,31,wolf
35783,test,31,wolf
35784,train,31,wolf
35785,train,31,wolf
35786,train,31,wolf
35787,validation,31,wolf
35788,test,31,wolf
35789,validation,31,wolf
35790,test,31,wolf
35791,test,31,wolf
35792,validation,31,wolf
35793,train,31,wolf
35794,test,31,wolf
35795,test,31,wolf
35796,train,31,wolf
35797,train,31,wolf
35798,train,31,wolf
35799,train,31,wolf
35800,validation,31,wolf
35801,train,31,wolf
35802,test,31,wolf
35803,train,31,wolf
35804,validation,31,wolf
35805,test,31,wolf
35806,train,31,wolf
35807,train,31,wolf
35808,validation,31,wolf
35809,train,31,wolf
35810,train,31,wolf
35811,train,31,wolf
35812,train,31,wolf
35813,test,31,wolf
35814,validation,31,wolf
35815,test,31,wolf
35816,train,31,wolf
35817,train,31,wolf
35818,test,31,wolf
35819,test,31,wolf
35820,test,31,wolf
35821,validation,31,wolf
35822,train,31,wolf
35823,train,31,wolf
35824,train,31,wolf
35825,train,31,wolf
35826,train,31,wolf
35827,train,31,wolf
35828,validation,31,wolf
35829,train,31,wolf
35830,validation,31,wolf
35831,test,31,wolf
35832,validation,31,wolf
35833,train,31,wolf
35834,train,31,wolf
35835,test,31,wolf
35836,test,31,wolf
35837,train,31,wolf
35838,train,31,wolf
35839,train,31,wolf
35840,train,31,wolf
35841,test,31,wolf
35842,train,31,wolf
35843,train,31,wolf
35844,train,31,wolf
35845,train,31,wolf
35846,test,31,wolf
35847,test,31,wolf
35848,train,31,wolf
35849,train,31,wolf
35850,train,31,wolf
35851,train,31,wolf
35852,train,31,wolf
35853,train,31,wolf
35854,train,31,wolf
35855,train,31,wolf
35856,train,31,wolf
35857,test,31,wolf
35858,train,31,wolf
35859,train,31,wolf
35860,test,31,wolf
35861,train,31,wolf
35862,train,31,wolf
35863,train,31,wolf
35864,validation,31,wolf
35865,train,31,wolf
35866,train,31,wolf
35867,test,31,wolf
35868,test,31,wolf
35869,test,31,wolf
35870,train,31,wolf
35871,train,31,wolf
35872,train,31,wolf
35873,train,31,wolf
35874,train,31,wolf
35875,train,31,wolf
35876,validation,31,wolf
35877,validation,31,wolf
35878,validation,31,wolf
35879,test,31,wolf
35880,train,31,wolf
35881,train,31,wolf
35882,train,31,wolf
35883,validation,31,wolf
35884,validation,31,wolf
35885,train,31,wolf
35886,test,31,wolf
35887,train,31,wolf
35888,train,31,wolf
35889,validation,31,wolf
35890,train,31,wolf
35891,train,31,wolf
35892,test,31,wolf
35893,train,31,wolf
35894,train,31,wolf
35895,train,31,wolf
35896,train,31,wolf
35897,train,31,wolf
35898,train,31,wolf
35899,validation,31,wolf
35900,train,31,wolf
35901,validation,31,wolf
35902,train,31,wolf
35903,train,31,wolf
35904,train,31,wolf
35905,test,31,wolf
35906,train,31,wolf
35907,train,31,wolf
35908,train,31,wolf
35909,train,31,wolf
35910,train,31,wolf
35911,train,31,wolf
35912,train,31,wolf
35913,train,31,wolf
35914,validation,31,wolf
35915,test,31,wolf
35916,train,31,wolf
35917,test,31,wolf
35918,validation,31,wolf
35919,train,31,wolf
35920,train,31,wolf
35921,train,31,wolf
35922,test,31,wolf
35923,train,31,wolf
35924,test,31,wolf
35925,train,31,wolf
35926,train,31,wolf
35927,train,31,wolf
35928,train,31,wolf
35929,train,31,wolf
35930,train,31,wolf
35931,train,31,wolf
35932,validation,31,wolf
35933,train,31,wolf
35934,train,31,wolf
35935,train,31,wolf
35936,validation,31,wolf
35937,train,31,wolf
35938,train,31,wolf
35939,validation,31,wolf
35940,train,31,wolf
35941,test,31,wolf
35942,train,31,wolf
35943,train,31,wolf
35944,test,31,wolf
35945,test,31,wolf
35946,validation,31,wolf
35947,train,31,wolf
35948,train,31,wolf
35949,train,31,wolf
35950,train,31,wolf
35951,test,31,wolf
35952,train,31,wolf
35953,train,31,wolf
35954,train,31,wolf
35955,test,31,wolf
35956,test,31,wolf
35957,train,31,wolf
35958,test,31,wolf
35959,validation,31,wolf
35960,train,31,wolf
35961,test,31,wolf
35962,train,31,wolf
35963,train,31,wolf
35964,train,31,wolf
35965,validation,31,wolf
35966,test,31,wolf
35967,train,31,wolf
35968,validation,31,wolf
35969,train,31,wolf
35970,train,31,wolf
35971,train,31,wolf
35972,train,31,wolf
35973,train,31,wolf
35974,validation,31,wolf
35975,train,31,wolf
35976,validation,31,wolf
35977,train,31,wolf
35978,test,31,wolf
35979,test,31,wolf
35980,train,31,wolf
35981,train,31,wolf
35982,train,31,wolf
35983,train,31,wolf
35984,test,31,wolf
35985,train,31,wolf
35986,train,31,wolf
35987,validation,31,wolf
35988,train,31,wolf
35989,train,31,wolf
35990,train,31,wolf
35991,test,31,wolf
35992,test,31,wolf
35993,train,31,wolf
35994,validation,31,wolf
35995,train,31,wolf
35996,validation,31,wolf
35997,test,31,wolf
35998,train,31,wolf
35999,train,31,wolf
36000,validation,31,wolf
36001,train,31,wolf
36002,validation,31,wolf
36003,train,31,wolf
36004,test,31,wolf
36005,train,31,wolf
36006,train,31,wolf
36007,train,31,wolf
36008,test,31,wolf
36009,validation,31,wolf
36010,train,31,wolf
36011,test,31,wolf
36012,test,31,wolf
36013,train,31,wolf
36014,test,31,wolf
36015,train,31,wolf
36016,train,31,wolf
36017,validation,31,wolf
36018,train,31,wolf
36019,validation,31,wolf
36020,train,31,wolf
36021,test,31,wolf
36022,test,31,wolf
36023,train,31,wolf
36024,train,31,wolf
36025,validation,31,wolf
36026,train,31,wolf
36027,test,31,wolf
36028,train,31,wolf
36029,validation,31,wolf
36030,train,31,wolf
36031,train,31,wolf
36032,train,31,wolf
36033,test,31,wolf
36034,train,31,wolf
36035,train,31,wolf
36036,test,31,wolf
36037,validation,31,wolf
36038,train,31,wolf
36039,train,31,wolf
36040,train,31,wolf
36041,train,31,wolf
36042,train,31,wolf
36043,train,31,wolf
36044,test,31,wolf
36045,train,31,wolf
36046,train,31,wolf
36047,train,31,wolf
36048,train,31,wolf
36049,validation,31,wolf
36050,test,31,wolf
36051,train,31,wolf
36052,train,31,wolf
36053,train,31,wolf
36054,train,31,wolf
36055,train,31,wolf
36056,train,31,wolf
36057,test,31,wolf
36058,validation,31,wolf
36059,train,31,wolf
36060,validation,31,wolf
36061,train,31,wolf
36062,test,31,wolf
36063,train,31,wolf
36064,train,31,wolf
36065,test,31,wolf
36066,train,31,wolf
36067,train,31,wolf
36068,test,31,wolf
36069,train,31,wolf
36070,validation,31,wolf
36071,test,31,wolf
36072,train,31,wolf
36073,train,31,wolf
36074,train,31,wolf
36075,train,31,wolf
36076,test,31,wolf
36077,train,31,wolf
36078,train,31,wolf
36079,validation,31,wolf
36080,train,31,wolf
36081,train,31,wolf
36082,validation,31,wolf
36083,train,31,wolf
36084,train,31,wolf
36085,train,31,wolf
36086,test,31,wolf
36087,train,31,wolf
36088,train,31,wolf
36089,train,31,wolf
36090,train,31,wolf
36091,validation,31,wolf
36092,test,31,wolf
36093,train,31,wolf
36094,validation,31,wolf
36095,train,31,wolf
36096,train,31,wolf
36097,validation,31,wolf
36098,validation,31,wolf
36099,test,31,wolf
36100,train,31,wolf
36101,test,31,wolf
36102,validation,31,wolf
36103,validation,31,wolf
36104,train,31,wolf
36105,train,31,wolf
36106,validation,31,wolf
36107,train,31,wolf
36108,train,31,wolf
36109,train,31,wolf
36110,train,31,wolf
36111,test,31,wolf
36112,validation,31,wolf
36113,train,31,wolf
36114,train,31,wolf
36115,validation,31,wolf
36116,test,31,wolf
36117,validation,31,wolf
36118,test,31,wolf
36119,validation,31,wolf
36120,train,31,wolf
36121,train,31,wolf
36122,train,31,wolf
36123,validation,31,wolf
36124,train,31,wolf
36125,train,31,wolf
36126,train,31,wolf
36127,test,31,wolf
36128,test,31,wolf
36129,train,31,wolf
36130,validation,31,wolf
36131,validation,31,wolf
36132,validation,31,wolf
36133,test,31,wolf
36134,test,31,wolf
36135,train,31,wolf
36136,train,31,wolf
36137,train,31,wolf
36138,test,31,wolf
36139,train,31,wolf
36140,test,31,wolf
36141,train,31,wolf
36142,train,31,wolf
36143,validation,31,wolf
36144,train,31,wolf
36145,validation,31,wolf
36146,train,31,wolf
36147,train,31,wolf
36148,test,31,wolf
36149,validation,31,wolf
36150,train,31,wolf
36151,test,31,wolf
36152,train,37,zebra
36153,validation,37,zebra
36154,train,37,zebra
36155,train,37,zebra
36156,train,37,zebra
36157,train,37,zebra
36158,train,37,zebra
36159,validation,37,zebra
36160,test,37,zebra
36161,test,37,zebra
36162,train,37,zebra
36163,validation,37,zebra
36164,test,37,zebra
36165,train,37,zebra
36166,train,37,zebra
36167,train,37,zebra
36168,train,37,zebra
36169,validation,37,zebra
36170,validation,37,zebra
36171,test,37,zebra
36172,train,37,zebra
36173,validation,37,zebra
36174,train,37,zebra
36175,train,37,zebra
36176,train,37,zebra
36177,train,37,zebra
36178,test,37,zebra
36179,train,37,zebra
36180,train,37,zebra
36181,train,37,zebra
36182,validation,37,zebra
36183,train,37,zebra
36184,train,37,zebra
36185,train,37,zebra
36186,validation,37,zebra
36187,test,37,zebra
36188,train,37,zebra
36189,train,37,zebra
36190,train,37,zebra
36191,train,37,zebra
36192,validation,37,zebra
36193,test,37,zebra
36194,validation,37,zebra
36195,train,37,zebra
36196,validation,37,zebra
36197,test,37,zebra
36198,test,37,zebra
36199,test,37,zebra
36200,validation,37,zebra
36201,train,37,zebra
36202,train,37,zebra
36203,train,37,zebra
36204,validation,37,zebra
36205,validation,37,zebra
36206,train,37,zebra
36207,train,37,zebra
36208,train,37,zebra
36209,test,37,zebra
36210,validation,37,zebra
36211,validation,37,zebra
36212,train,37,zebra
36213,train,37,zebra
36214,train,37,zebra
36215,test,37,zebra
36216,train,37,zebra
36217,train,37,zebra
36218,train,37,zebra
36219,test,37,zebra
36220,train,37,zebra
36221,train,37,zebra
36222,train,37,zebra
36223,test,37,zebra
36224,test,37,zebra
36225,test,37,zebra
36226,train,37,zebra
36227,train,37,zebra
36228,train,37,zebra
36229,test,37,zebra
36230,train,37,zebra
36231,validation,37,zebra
36232,train,37,zebra
36233,train,37,zebra
36234,validation,37,zebra
36235,validation,37,zebra
36236,test,37,zebra
36237,train,37,zebra
36238,train,37,zebra
36239,test,37,zebra
36240,validation,37,zebra
36241,test,37,zebra
36242,train,37,zebra
36243,train,37,zebra
36244,train,37,zebra
36245,validation,37,zebra
36246,train,37,zebra
36247,train,37,zebra
36248,train,37,zebra
36249,train,37,zebra
36250,train,37,zebra
36251,train,37,zebra
36252,train,37,zebra
36253,train,37,zebra
36254,test,37,zebra
36255,train,37,zebra
36256,train,37,zebra
36257,validation,37,zebra
36258,test,37,zebra
36259,test,37,zebra
36260,test,37,zebra
36261,train,37,zebra
36262,validation,37,zebra
36263,train,37,zebra
36264,validation,37,zebra
36265,train,37,zebra
36266,test,37,zebra
36267,train,37,zebra
36268,train,37,zebra
36269,train,37,zebra
36270,train,37,zebra
36271,test,37,zebra
36272,validation,37,zebra
36273,train,37,zebra
36274,train,37,zebra
36275,train,37,zebra
36276,train,37,zebra
36277,validation,37,zebra
36278,test,37,zebra
36279,validation,37,zebra
36280,train,37,zebra
36281,train,37,zebra
36282,train,37,zebra
36283,test,37,zebra
36284,validation,37,zebra
36285,validation,37,zebra
36286,train,37,zebra
36287,train,37,zebra
36288,train,37,zebra
36289,train,37,zebra
36290,train,37,zebra
36291,train,37,zebra
36292,test,37,zebra
36293,train,37,zebra
36294,train,37,zebra
36295,train,37,zebra
36296,validation,37,zebra
36297,test,37,zebra
36298,test,37,zebra
36299,train,37,zebra
36300,test,37,zebra
36301,train,37,zebra
36302,train,37,zebra
36303,train,37,zebra
36304,test,37,zebra
36305,train,37,zebra
36306,validation,37,zebra
36307,train,37,zebra
36308,validation,37,zebra
36309,train,37,zebra
36310,train,37,zebra
36311,train,37,zebra
36312,test,37,zebra
36313,validation,37,zebra
36314,train,37,zebra
36315,train,37,zebra
36316,train,37,zebra
36317,test,37,zebra
36318,train,37,zebra
36319,train,37,zebra
36320,validation,37,zebra
36321,train,37,zebra
36322,validation,37,zebra
36323,train,37,zebra
36324,train,37,zebra
36325,train,37,zebra
36326,train,37,zebra
36327,validation,37,zebra
36328,train,37,zebra
36329,validation,37,zebra
36330,train,37,zebra
36331,train,37,zebra
36332,train,37,zebra
36333,train,37,zebra
36334,validation,37,zebra
36335,train,37,zebra
36336,train,37,zebra
36337,train,37,zebra
36338,test,37,zebra
36339,train,37,zebra
36340,train,37,zebra
36341,train,37,zebra
36342,train,37,zebra
36343,train,37,zebra
36344,train,37,zebra
36345,validation,37,zebra
36346,train,37,zebra
36347,validation,37,zebra
36348,train,37,zebra
36349,test,37,zebra
36350,train,37,zebra
36351,test,37,zebra
36352,test,37,zebra
36353,train,37,zebra
36354,test,37,zebra
36355,test,37,zebra
36356,test,37,zebra
36357,test,37,zebra
36358,validation,37,zebra
36359,train,37,zebra
36360,validation,37,zebra
36361,train,37,zebra
36362,train,37,zebra
36363,train,37,zebra
36364,train,37,zebra
36365,train,37,zebra
36366,train,37,zebra
36367,test,37,zebra
36368,train,37,zebra
36369,train,37,zebra
36370,test,37,zebra
36371,train,37,zebra
36372,train,37,zebra
36373,test,37,zebra
36374,train,37,zebra
36375,validation,37,zebra
36376,train,37,zebra
36377,train,37,zebra
36378,validation,37,zebra
36379,validation,37,zebra
36380,train,37,zebra
36381,train,37,zebra
36382,validation,37,zebra
36383,train,37,zebra
36384,train,37,zebra
36385,train,37,zebra
36386,train,37,zebra
36387,validation,37,zebra
36388,train,37,zebra
36389,test,37,zebra
36390,test,37,zebra
36391,validation,37,zebra
36392,train,37,zebra
36393,test,37,zebra
36394,train,37,zebra
36395,test,37,zebra
36396,train,37,zebra
36397,train,37,zebra
36398,test,37,zebra
36399,test,37,zebra
36400,train,37,zebra
36401,validation,37,zebra
36402,train,37,zebra
36403,train,37,zebra
36404,validation,37,zebra
36405,test,37,zebra
36406,train,37,zebra
36407,test,37,zebra
36408,train,37,zebra
36409,test,37,zebra
36410,train,37,zebra
36411,train,37,zebra
36412,train,37,zebra
36413,test,37,zebra
36414,validation,37,zebra
36415,test,37,zebra
36416,validation,37,zebra
36417,validation,37,zebra
36418,train,37,zebra
36419,train,37,zebra
36420,train,37,zebra
36421,validation,37,zebra
36422,train,37,zebra
36423,train,37,zebra
36424,train,37,zebra
36425,train,37,zebra
36426,train,37,zebra
36427,train,37,zebra
36428,train,37,zebra
36429,train,37,zebra
36430,test,37,zebra
36431,test,37,zebra
36432,train,37,zebra
36433,train,37,zebra
36434,test,37,zebra
36435,train,37,zebra
36436,test,37,zebra
36437,train,37,zebra
36438,validation,37,zebra
36439,train,37,zebra
36440,train,37,zebra
36441,validation,37,zebra
36442,test,37,zebra
36443,train,37,zebra
36444,validation,37,zebra
36445,train,37,zebra
36446,train,37,zebra
36447,train,37,zebra
36448,validation,37,zebra
36449,train,37,zebra
36450,train,37,zebra
36451,test,37,zebra
36452,train,37,zebra
36453,validation,37,zebra
36454,test,37,zebra
36455,test,37,zebra
36456,train,37,zebra
36457,test,37,zebra
36458,train,37,zebra
36459,train,37,zebra
36460,test,37,zebra
36461,train,37,zebra
36462,train,37,zebra
36463,test,37,zebra
36464,train,37,zebra
36465,test,37,zebra
36466,train,37,zebra
36467,train,37,zebra
36468,train,37,zebra
36469,test,37,zebra
36470,train,37,zebra
36471,train,37,zebra
36472,train,37,zebra
36473,test,37,zebra
36474,train,37,zebra
36475,test,37,zebra
36476,train,37,zebra
36477,train,37,zebra
36478,test,37,zebra
36479,train,37,zebra
36480,validation,37,zebra
36481,train,37,zebra
36482,train,37,zebra
36483,train,37,zebra
36484,validation,37,zebra
36485,test,37,zebra
36486,train,37,zebra
36487,train,37,zebra
36488,test,37,zebra
36489,train,37,zebra
36490,train,37,zebra
36491,train,37,zebra
36492,test,37,zebra
36493,test,37,zebra
36494,train,37,zebra
36495,validation,37,zebra
36496,train,37,zebra
36497,test,37,zebra
36498,test,37,zebra
36499,train,37,zebra
36500,test,37,zebra
36501,train,37,zebra
36502,train,37,zebra
36503,train,37,zebra
36504,validation,37,zebra
36505,train,37,zebra
36506,validation,37,zebra
36507,train,37,zebra
36508,validation,37,zebra
36509,test,37,zebra
36510,validation,37,zebra
36511,test,37,zebra
36512,train,37,zebra
36513,test,37,zebra
36514,train,37,zebra
36515,train,37,zebra
36516,test,37,zebra
36517,train,37,zebra
36518,train,37,zebra
36519,test,37,zebra
36520,validation,37,zebra
36521,train,37,zebra
36522,train,37,zebra
36523,test,37,zebra
36524,test,37,zebra
36525,train,37,zebra
36526,test,37,zebra
36527,train,37,zebra
36528,train,37,zebra
36529,validation,37,zebra
36530,validation,37,zebra
36531,train,37,zebra
36532,validation,37,zebra
36533,validation,37,zebra
36534,test,37,zebra
36535,train,37,zebra
36536,test,37,zebra
36537,train,37,zebra
36538,train,37,zebra
36539,train,37,zebra
36540,validation,37,zebra
36541,train,37,zebra
36542,validation,37,zebra
36543,validation,37,zebra
36544,test,37,zebra
36545,train,37,zebra
36546,validation,37,zebra
36547,train,37,zebra
36548,validation,37,zebra
36549,train,37,zebra
36550,test,37,zebra
36551,train,37,zebra
36552,train,37,zebra
36553,test,37,zebra
36554,train,37,zebra
36555,train,37,zebra
36556,train,37,zebra
36557,test,37,zebra
36558,test,37,zebra
36559,test,37,zebra
36560,train,37,zebra
36561,train,37,zebra
36562,train,37,zebra
36563,test,37,zebra
36564,train,37,zebra
36565,test,37,zebra
36566,validation,37,zebra
36567,test,37,zebra
36568,test,37,zebra
36569,validation,37,zebra
36570,train,37,zebra
36571,train,37,zebra
36572,train,37,zebra
36573,train,37,zebra
36574,train,37,zebra
36575,test,37,zebra
36576,validation,37,zebra
36577,train,37,zebra
36578,test,37,zebra
36579,train,37,zebra
36580,train,37,zebra
36581,test,37,zebra
36582,train,37,zebra
36583,train,37,zebra
36584,train,37,zebra
36585,train,37,zebra
36586,test,37,zebra
36587,test,37,zebra
36588,validation,37,zebra
36589,train,37,zebra
36590,train,37,zebra
36591,validation,37,zebra
36592,train,37,zebra
36593,validation,37,zebra
36594,train,37,zebra
36595,test,37,zebra
36596,train,37,zebra
36597,train,37,zebra
36598,train,37,zebra
36599,validation,37,zebra
36600,test,37,zebra
36601,train,37,zebra
36602,validation,37,zebra
36603,train,37,zebra
36604,train,37,zebra
36605,train,37,zebra
36606,validation,37,zebra
36607,validation,37,zebra
36608,validation,37,zebra
36609,train,37,zebra
36610,train,37,zebra
36611,train,37,zebra
36612,train,37,zebra
36613,test,37,zebra
36614,validation,37,zebra
36615,test,37,zebra
36616,validation,37,zebra
36617,validation,37,zebra
36618,test,37,zebra
36619,train,37,zebra
36620,train,37,zebra
36621,validation,37,zebra
36622,train,37,zebra
36623,train,37,zebra
36624,train,37,zebra
36625,train,37,zebra
36626,validation,37,zebra
36627,validation,37,zebra
36628,validation,37,zebra
36629,validation,37,zebra
36630,train,37,zebra
36631,test,37,zebra
36632,train,37,zebra
36633,validation,37,zebra
36634,train,37,zebra
36635,train,37,zebra
36636,train,37,zebra
36637,train,37,zebra
36638,validation,37,zebra
36639,train,37,zebra
36640,test,37,zebra
36641,test,37,zebra
36642,train,37,zebra
36643,train,37,zebra
36644,train,37,zebra
36645,test,37,zebra
36646,train,37,zebra
36647,train,37,zebra
36648,test,37,zebra
36649,train,37,zebra
36650,train,37,zebra
36651,train,37,zebra
36652,train,37,zebra
36653,train,37,zebra
36654,test,37,zebra
36655,test,37,zebra
36656,validation,37,zebra
36657,train,37,zebra
36658,train,37,zebra
36659,train,37,zebra
36660,train,37,zebra
36661,train,37,zebra
36662,validation,37,zebra
36663,train,37,zebra
36664,train,37,zebra
36665,train,37,zebra
36666,train,37,zebra
36667,test,37,zebra
36668,train,37,zebra
36669,test,37,zebra
36670,train,37,zebra
36671,train,37,zebra
36672,validation,37,zebra
36673,test,37,zebra
36674,train,37,zebra
36675,validation,37,zebra
36676,validation,37,zebra
36677,validation,37,zebra
36678,test,37,zebra
36679,train,37,zebra
36680,validation,37,zebra
36681,train,37,zebra
36682,train,37,zebra
36683,test,37,zebra
36684,train,37,zebra
36685,train,37,zebra
36686,validation,37,zebra
36687,train,37,zebra
36688,train,37,zebra
36689,train,37,zebra
36690,train,37,zebra
36691,train,37,zebra
36692,validation,37,zebra
36693,train,37,zebra
36694,validation,37,zebra
36695,validation,37,zebra
36696,test,37,zebra
36697,train,37,zebra
36698,train,37,zebra
36699,train,37,zebra
36700,train,37,zebra
36701,train,37,zebra
36702,train,37,zebra
36703,train,37,zebra
36704,train,37,zebra
36705,train,37,zebra
36706,train,37,zebra
36707,train,37,zebra
36708,test,37,zebra
36709,train,37,zebra
36710,test,37,zebra
36711,train,37,zebra
36712,validation,37,zebra
36713,validation,37,zebra
36714,train,37,zebra
36715,train,37,zebra
36716,validation,37,zebra
36717,train,37,zebra
36718,train,37,zebra
36719,train,37,zebra
36720,test,37,zebra
36721,test,37,zebra
36722,validation,37,zebra
36723,train,37,zebra
36724,train,37,zebra
36725,train,37,zebra
36726,train,37,zebra
36727,train,37,zebra
36728,train,37,zebra
36729,train,37,zebra
36730,validation,37,zebra
36731,validation,37,zebra
36732,train,37,zebra
36733,train,37,zebra
36734,test,37,zebra
36735,test,37,zebra
36736,test,37,zebra
36737,test,37,zebra
36738,validation,37,zebra
36739,test,37,zebra
36740,test,37,zebra
36741,train,37,zebra
36742,train,37,zebra
36743,train,37,zebra
36744,test,37,zebra
36745,test,37,zebra
36746,train,37,zebra
36747,train,37,zebra
36748,validation,37,zebra
36749,train,37,zebra
36750,train,37,zebra
36751,train,37,zebra
36752,train,37,zebra
36753,train,37,zebra
36754,train,37,zebra
36755,train,37,zebra
36756,train,37,zebra
36757,validation,37,zebra
36758,test,37,zebra
36759,train,37,zebra
36760,train,37,zebra
36761,train,37,zebra
36762,train,37,zebra
36763,validation,37,zebra
36764,train,37,zebra
36765,test,37,zebra
36766,validation,37,zebra
36767,train,37,zebra
36768,train,37,zebra
36769,train,37,zebra
36770,test,37,zebra
36771,train,37,zebra
36772,train,37,zebra
36773,test,37,zebra
36774,train,37,zebra
36775,train,37,zebra
36776,train,37,zebra
36777,train,37,zebra
36778,train,37,zebra
36779,train,37,zebra
36780,train,37,zebra
36781,test,37,zebra
36782,train,37,zebra
36783,train,37,zebra
36784,train,37,zebra
36785,validation,37,zebra
36786,train,37,zebra
36787,train,37,zebra
36788,train,37,zebra
36789,train,37,zebra
36790,test,37,zebra
36791,validation,37,zebra
36792,train,37,zebra
36793,train,37,zebra
36794,test,37,zebra
36795,test,37,zebra
36796,test,37,zebra
36797,train,37,zebra
36798,validation,37,zebra
36799,train,37,zebra
36800,train,37,zebra
36801,train,37,zebra
36802,train,37,zebra
36803,validation,37,zebra
36804,train,37,zebra
36805,train,37,zebra
36806,validation,37,zebra
36807,train,37,zebra
36808,validation,37,zebra
36809,train,37,zebra
36810,validation,37,zebra
36811,train,37,zebra
36812,test,37,zebra
36813,train,37,zebra
36814,train,37,zebra
36815,train,37,zebra
36816,train,37,zebra
36817,train,37,zebra
36818,train,37,zebra
36819,train,37,zebra
36820,train,37,zebra
36821,test,37,zebra
36822,train,37,zebra
36823,validation,37,zebra
36824,validation,37,zebra
36825,validation,37,zebra
36826,test,37,zebra
36827,train,37,zebra
36828,test,37,zebra
36829,train,37,zebra
36830,train,37,zebra
36831,test,37,zebra
36832,train,37,zebra
36833,validation,37,zebra
36834,train,37,zebra
36835,validation,37,zebra
36836,train,37,zebra
36837,train,37,zebra
36838,train,37,zebra
36839,train,37,zebra
36840,train,37,zebra
36841,validation,37,zebra
36842,train,37,zebra
36843,train,37,zebra
36844,test,37,zebra
36845,train,37,zebra
36846,test,37,zebra
36847,train,37,zebra
36848,train,37,zebra
36849,train,37,zebra
36850,validation,37,zebra
36851,validation,37,zebra
36852,train,37,zebra
36853,test,37,zebra
36854,train,37,zebra
36855,train,37,zebra
36856,train,37,zebra
36857,train,37,zebra
36858,train,37,zebra
36859,train,37,zebra
36860,train,37,zebra
36861,train,37,zebra
36862,train,37,zebra
36863,validation,37,zebra
36864,test,37,zebra
36865,train,37,zebra
36866,train,37,zebra
36867,validation,37,zebra
36868,train,37,zebra
36869,train,37,zebra
36870,test,37,zebra
36871,test,37,zebra
36872,test,37,zebra
36873,train,37,zebra
36874,validation,37,zebra
36875,train,37,zebra
36876,train,37,zebra
36877,test,37,zebra
36878,train,37,zebra
36879,validation,37,zebra
36880,train,37,zebra
36881,train,37,zebra
36882,train,37,zebra
36883,train,37,zebra
36884,test,37,zebra
36885,train,37,zebra
36886,train,37,zebra
36887,train,37,zebra
36888,test,37,zebra
36889,train,37,zebra
36890,train,37,zebra
36891,train,37,zebra
36892,test,37,zebra
36893,train,37,zebra
36894,train,37,zebra
36895,train,37,zebra
36896,train,37,zebra
36897,train,37,zebra
36898,train,37,zebra
36899,validation,37,zebra
36900,train,37,zebra
36901,train,37,zebra
36902,validation,37,zebra
36903,train,37,zebra
36904,train,37,zebra
36905,train,37,zebra
36906,train,37,zebra
36907,train,37,zebra
36908,validation,37,zebra
36909,train,37,zebra
36910,train,37,zebra
36911,train,37,zebra
36912,train,37,zebra
36913,train,37,zebra
36914,test,37,zebra
36915,train,37,zebra
36916,train,37,zebra
36917,train,37,zebra
36918,train,37,zebra
36919,validation,37,zebra
36920,train,37,zebra
36921,train,37,zebra
36922,train,37,zebra
36923,train,37,zebra
36924,test,37,zebra
36925,validation,37,zebra
36926,validation,37,zebra
36927,validation,37,zebra
36928,test,37,zebra
36929,validation,37,zebra
36930,validation,37,zebra
36931,train,37,zebra
36932,train,37,zebra
36933,train,37,zebra
36934,train,37,zebra
36935,train,37,zebra
36936,train,37,zebra
36937,validation,37,zebra
36938,train,37,zebra
36939,train,37,zebra
36940,train,37,zebra
36941,train,37,zebra
36942,test,37,zebra
36943,train,37,zebra
36944,train,37,zebra
36945,train,37,zebra
36946,test,37,zebra
36947,train,37,zebra
36948,test,37,zebra
36949,validation,37,zebra
36950,validation,37,zebra
36951,train,37,zebra
36952,test,37,zebra
36953,validation,37,zebra
36954,train,37,zebra
36955,validation,37,zebra
36956,train,37,zebra
36957,train,37,zebra
36958,train,37,zebra
36959,train,37,zebra
36960,test,37,zebra
36961,train,37,zebra
36962,train,37,zebra
36963,test,37,zebra
36964,train,37,zebra
36965,train,37,zebra
36966,validation,37,zebra
36967,train,37,zebra
36968,test,37,zebra
36969,test,37,zebra
36970,train,37,zebra
36971,train,37,zebra
36972,validation,37,zebra
36973,train,37,zebra
36974,test,37,zebra
36975,train,37,zebra
36976,train,37,zebra
36977,train,37,zebra
36978,train,37,zebra
36979,test,37,zebra
36980,train,37,zebra
36981,test,37,zebra
36982,train,37,zebra
36983,train,37,zebra
36984,train,37,zebra
36985,train,37,zebra
36986,train,37,zebra
36987,train,37,zebra
36988,train,37,zebra
36989,train,37,zebra
36990,train,37,zebra
36991,train,37,zebra
36992,train,37,zebra
36993,validation,37,zebra
36994,validation,37,zebra
36995,train,37,zebra
36996,validation,37,zebra
36997,validation,37,zebra
36998,train,37,zebra
36999,test,37,zebra
37000,test,37,zebra
37001,validation,37,zebra
37002,validation,37,zebra
37003,train,37,zebra
37004,train,37,zebra
37005,validation,37,zebra
37006,validation,37,zebra
37007,train,37,zebra
37008,validation,37,zebra
37009,train,37,zebra
37010,train,37,zebra
37011,validation,37,zebra
37012,validation,37,zebra
37013,test,37,zebra
37014,train,37,zebra
37015,validation,37,zebra
37016,train,37,zebra
37017,test,37,zebra
37018,train,37,zebra
37019,train,37,zebra
37020,test,37,zebra
37021,validation,37,zebra
37022,validation,37,zebra
37023,validation,37,zebra
37024,train,37,zebra
37025,test,37,zebra
37026,train,37,zebra
37027,train,37,zebra
37028,train,37,zebra
37029,validation,37,zebra
37030,validation,37,zebra
37031,train,37,zebra
37032,test,37,zebra
37033,train,37,zebra
37034,train,37,zebra
37035,train,37,zebra
37036,train,37,zebra
37037,train,37,zebra
37038,test,37,zebra
37039,train,37,zebra
37040,test,37,zebra
37041,train,37,zebra
37042,train,37,zebra
37043,train,37,zebra
37044,validation,37,zebra
37045,validation,37,zebra
37046,test,37,zebra
37047,test,37,zebra
37048,train,37,zebra
37049,validation,37,zebra
37050,validation,37,zebra
37051,train,37,zebra
37052,test,37,zebra
37053,train,37,zebra
37054,validation,37,zebra
37055,test,37,zebra
37056,validation,37,zebra
37057,train,37,zebra
37058,train,37,zebra
37059,train,37,zebra
37060,train,37,zebra
37061,train,37,zebra
37062,test,37,zebra
37063,train,37,zebra
37064,train,37,zebra
37065,test,37,zebra
37066,validation,37,zebra
37067,train,37,zebra
37068,train,37,zebra
37069,train,37,zebra
37070,validation,37,zebra
37071,test,37,zebra
37072,train,37,zebra
37073,train,37,zebra
37074,train,37,zebra
37075,validation,37,zebra
37076,train,37,zebra
37077,train,37,zebra
37078,test,37,zebra
37079,validation,37,zebra
37080,test,37,zebra
37081,train,37,zebra
37082,train,37,zebra
37083,test,37,zebra
37084,train,37,zebra
37085,train,37,zebra
37086,train,37,zebra
37087,train,37,zebra
37088,train,37,zebra
37089,train,37,zebra
37090,validation,37,zebra
37091,train,37,zebra
37092,train,37,zebra
37093,test,37,zebra
37094,test,37,zebra
37095,train,37,zebra
37096,train,37,zebra
37097,train,37,zebra
37098,train,37,zebra
37099,train,37,zebra
37100,test,37,zebra
37101,test,37,zebra
37102,train,37,zebra
37103,train,37,zebra
37104,train,37,zebra
37105,train,37,zebra
37106,train,37,zebra
37107,train,37,zebra
37108,validation,37,zebra
37109,train,37,zebra
37110,train,37,zebra
37111,test,37,zebra
37112,test,37,zebra
37113,test,37,zebra
37114,train,37,zebra
37115,train,37,zebra
37116,validation,37,zebra
37117,train,37,zebra
37118,train,37,zebra
37119,train,37,zebra
37120,validation,37,zebra
37121,validation,37,zebra
37122,test,37,zebra
37123,validation,37,zebra
37124,train,37,zebra
37125,train,37,zebra
37126,test,37,zebra
37127,test,37,zebra
37128,train,37,zebra
37129,train,37,zebra
37130,train,37,zebra
37131,validation,37,zebra
37132,train,37,zebra
37133,train,37,zebra
37134,test,37,zebra
37135,validation,37,zebra
37136,test,37,zebra
37137,train,37,zebra
37138,train,37,zebra
37139,test,37,zebra
37140,train,37,zebra
37141,test,37,zebra
37142,train,37,zebra
37143,train,37,zebra
37144,validation,37,zebra
37145,test,37,zebra
37146,train,37,zebra
37147,train,37,zebra
37148,validation,37,zebra
37149,validation,37,zebra
37150,train,37,zebra
37151,validation,37,zebra
37152,train,37,zebra
37153,validation,37,zebra
37154,validation,37,zebra
37155,train,37,zebra
37156,train,37,zebra
37157,train,37,zebra
37158,train,37,zebra
37159,train,37,zebra
37160,train,37,zebra
37161,train,37,zebra
37162,train,37,zebra
37163,validation,37,zebra
37164,validation,37,zebra
37165,train,37,zebra
37166,train,37,zebra
37167,test,37,zebra
37168,train,37,zebra
37169,train,37,zebra
37170,test,37,zebra
37171,train,37,zebra
37172,validation,37,zebra
37173,train,37,zebra
37174,test,37,zebra
37175,validation,37,zebra
37176,train,37,zebra
37177,train,37,zebra
37178,train,37,zebra
37179,train,37,zebra
37180,train,37,zebra
37181,train,37,zebra
37182,train,37,zebra
37183,validation,37,zebra
37184,train,37,zebra
37185,train,37,zebra
37186,train,37,zebra
37187,train,37,zebra
37188,test,37,zebra
37189,validation,37,zebra
37190,train,37,zebra
37191,train,37,zebra
37192,train,37,zebra
37193,train,37,zebra
37194,test,37,zebra
37195,train,37,zebra
37196,train,37,zebra
37197,train,37,zebra
37198,train,37,zebra
37199,validation,37,zebra
37200,train,37,zebra
37201,test,37,zebra
37202,validation,37,zebra
37203,train,37,zebra
37204,train,37,zebra
37205,train,37,zebra
37206,test,37,zebra
37207,train,37,zebra
37208,test,37,zebra
37209,train,37,zebra
37210,train,37,zebra
37211,train,37,zebra
37212,train,37,zebra
37213,train,37,zebra
37214,test,37,zebra
37215,train,37,zebra
37216,test,37,zebra
37217,validation,37,zebra
37218,train,37,zebra
37219,train,37,zebra
37220,test,37,zebra
37221,train,37,zebra
37222,train,37,zebra
37223,train,37,zebra
37224,test,37,zebra
37225,train,37,zebra
37226,validation,37,zebra
37227,train,37,zebra
37228,train,37,zebra
37229,validation,37,zebra
37230,train,37,zebra
37231,validation,37,zebra
37232,validation,37,zebra
37233,train,37,zebra
37234,validation,37,zebra
37235,validation,37,zebra
37236,train,37,zebra
37237,test,37,zebra
37238,test,37,zebra
37239,train,37,zebra
37240,validation,37,zebra
37241,train,37,zebra
37242,validation,37,zebra
37243,train,37,zebra
37244,train,37,zebra
37245,train,37,zebra
37246,train,37,zebra
37247,test,37,zebra
37248,train,37,zebra
37249,validation,37,zebra
37250,train,37,zebra
37251,validation,37,zebra
37252,train,37,zebra
37253,train,37,zebra
37254,train,37,zebra
37255,train,37,zebra
37256,train,37,zebra
37257,test,37,zebra
37258,train,37,zebra
37259,validation,37,zebra
37260,train,37,zebra
37261,train,37,zebra
37262,validation,37,zebra
37263,validation,37,zebra
37264,validation,37,zebra
37265,train,37,zebra
37266,test,37,zebra
37267,validation,37,zebra
37268,validation,37,zebra
37269,train,37,zebra
37270,validation,37,zebra
37271,test,37,zebra
37272,train,37,zebra
37273,train,37,zebra
37274,test,37,zebra
37275,train,37,zebra
37276,test,37,zebra
37277,validation,37,zebra
37278,train,37,zebra
37279,validation,37,zebra
37280,train,37,zebra
37281,test,37,zebra
37282,test,37,zebra
37283,validation,37,zebra
37284,train,37,zebra
37285,train,37,zebra
37286,train,37,zebra
37287,train,37,zebra
37288,train,37,zebra
37289,test,37,zebra
37290,train,37,zebra
37291,validation,37,zebra
37292,validation,37,zebra
37293,train,37,zebra
37294,train,37,zebra
37295,train,37,zebra
37296,train,37,zebra
37297,validation,37,zebra
37298,test,37,zebra
37299,train,37,zebra
37300,test,37,zebra
37301,train,37,zebra
37302,validation,37,zebra
37303,validation,37,zebra
37304,train,37,zebra
37305,train,37,zebra
37306,train,37,zebra
37307,train,37,zebra
37308,validation,37,zebra
37309,train,37,zebra
37310,train,37,zebra
37311,train,37,zebra
37312,test,37,zebra
37313,train,37,zebra
37314,validation,37,zebra
37315,train,37,zebra
37316,train,37,zebra
37317,validation,37,zebra
37318,train,37,zebra
37319,validation,37,zebra
37320,train,37,zebra
37321,validation,37,zebra
