sample_position,rule_id,method,rule_length,topk_antecedent_agreement,signed_direction_agreement,spearman_rule_salience,surrogate_predicted_class,true_label
4917,R0021,LIME-style,4,0.5,0.5,0.4121120667911454,48,48
4917,R0021,SHAP-style,4,0.25,0.75,0.15454202504667952,48,48
5019,R0026,LIME-style,4,0.25,0.5,-0.02575700417444659,14,14
5019,R0026,SHAP-style,4,0.5,0.5,0.2575700417444659,14,14
6487,R0027,LIME-style,4,0.0,0.25,-0.4121120667911454,42,5
6487,R0027,SHAP-style,4,0.0,0.5,-0.15454202504667952,42,5
4327,R0034,LIME-style,4,0.0,0.6666666666666666,-0.2060560333955727,19,33
4327,R0034,SHAP-style,4,0.0,0.6666666666666666,-0.15454202504667952,19,33
6955,R0013,LIME-style,4,0.5,0.6666666666666666,0.4893830793144852,26,26
6955,R0013,SHAP-style,4,0.25,0.6666666666666666,0.30908405009335904,26,26
1867,R0038,LIME-style,4,0.0,1.0,-0.2060560333955727,37,37
1867,R0038,SHAP-style,4,0.25,0.3333333333333333,-0.07727101252333976,37,37
6098,R0036,LIME-style,4,0.0,0.75,-0.5408970876633784,7,5
6098,R0036,SHAP-style,4,0.0,0.75,-0.10302801669778636,7,5
7291,R0015,LIME-style,4,0.25,0.5,0.2318130375700193,22,22
7291,R0015,SHAP-style,4,0.25,0.5,-0.02575700417444659,22,22
1548,R0016,LIME-style,3,0.3333333333333333,0.6666666666666666,0.2729648400830565,23,23
1548,R0016,SHAP-style,3,0.3333333333333333,1.0,0.41663054538992833,23,23
2746,R0027,LIME-style,4,0.25,0.25,0.0,1,31
2746,R0027,SHAP-style,4,0.25,0.75,0.18029902922112614,1,31
4499,R0048,LIME-style,4,0.25,0.6666666666666666,0.07727101252333976,30,18
4499,R0048,SHAP-style,4,0.5,0.0,0.2833270459189125,30,18
6301,R0038,LIME-style,4,0.0,0.0,-0.12878502087223295,6,0
6301,R0038,SHAP-style,4,0.0,0.6666666666666666,0.0,6,0
6814,R0027,LIME-style,4,0.0,0.5,-0.5408970876633784,21,21
6814,R0027,SHAP-style,4,0.25,0.25,-0.05151400834889318,21,21
2108,R0011,LIME-style,3,0.0,1.0,-0.3304311222058053,42,42
2108,R0011,SHAP-style,3,0.3333333333333333,0.6666666666666666,-0.07183285265343593,42,42
4961,R0043,LIME-style,4,0.0,0.5,-0.4893830793144852,38,38
4961,R0043,SHAP-style,4,0.0,0.25,-0.12878502087223295,38,38
3983,R0035,LIME-style,4,0.25,0.3333333333333333,0.30908405009335904,39,32
3983,R0035,SHAP-style,4,0.5,0.3333333333333333,0.4893830793144852,39,32
5926,R0015,LIME-style,4,0.75,1.0,0.3605980584422523,39,22
5926,R0015,SHAP-style,4,0.5,0.0,0.02575700417444659,39,22
288,R0028,LIME-style,4,0.0,1.0,-0.33484105426780564,44,44
288,R0028,SHAP-style,4,0.0,0.6666666666666666,-0.15454202504667952,44,44
2063,R0036,LIME-style,4,0.0,0.75,-0.6181681001867181,7,9
2063,R0036,SHAP-style,4,0.0,0.75,-0.05151400834889318,7,9
146,R0021,LIME-style,4,0.5,0.75,0.566654091837825,6,48
146,R0021,SHAP-style,4,1.0,1.0,0.7211961168845046,6,48
412,R0030,LIME-style,4,0.0,0.6666666666666666,-0.2833270459189125,18,48
412,R0030,SHAP-style,4,0.25,0.6666666666666666,-0.18029902922112614,18,48
5694,R0034,LIME-style,4,0.5,0.3333333333333333,0.30908405009335904,37,37
5694,R0034,SHAP-style,4,0.5,0.3333333333333333,0.4121120667911454,37,37
5206,R0034,LIME-style,4,0.25,1.0,-0.10302801669778636,6,0
5206,R0034,SHAP-style,4,0.25,0.3333333333333333,0.0,6,0
6057,R0020,LIME-style,6,0.3333333333333333,0.5,-0.09086217008485094,28,25
6057,R0020,SHAP-style,6,0.3333333333333333,0.6666666666666666,0.11357771260606365,28,25
6409,R0028,LIME-style,4,0.0,0.3333333333333333,-0.437869070965592,35,33
6409,R0028,SHAP-style,4,0.25,0.3333333333333333,-0.2318130375700193,35,33
3972,R0004,LIME-style,5,0.4,0.5,0.03586112771605099,37,37
3972,R0004,SHAP-style,5,0.2,0.5,-0.08367596467078565,37,37
3290,R0036,LIME-style,4,0.0,0.75,-0.566654091837825,7,47
3290,R0036,SHAP-style,4,0.0,0.75,-0.02575700417444659,7,47
2568,R0034,LIME-style,4,0.25,1.0,-0.18029902922112614,6,15
2568,R0034,SHAP-style,4,0.25,0.3333333333333333,-0.18029902922112614,6,15
966,R0028,LIME-style,4,0.5,1.0,0.4636260751400386,22,41
966,R0028,SHAP-style,4,0.5,0.3333333333333333,0.4121120667911454,22,41
5794,R0048,LIME-style,4,0.0,0.6666666666666666,-0.05151400834889318,23,27
5794,R0048,SHAP-style,4,0.0,0.3333333333333333,-0.07727101252333976,23,27
6591,R0028,LIME-style,4,0.25,0.3333333333333333,-0.07727101252333976,1,1
6591,R0028,SHAP-style,4,0.25,0.6666666666666666,0.07727101252333976,1,1
3992,R0021,LIME-style,4,0.5,0.75,0.6181681001867181,6,48
3992,R0021,SHAP-style,4,1.0,1.0,0.7211961168845046,6,48
3375,R0044,LIME-style,4,0.25,0.5,-0.30908405009335904,36,48
3375,R0044,SHAP-style,4,0.0,0.5,-0.5151400834889318,36,48
143,R0022,LIME-style,4,0.75,0.75,0.6696821085356113,17,49
143,R0022,SHAP-style,4,0.75,0.75,0.6954391127100579,17,49
765,R0036,LIME-style,4,0.0,0.0,-0.4636260751400386,26,40
765,R0036,SHAP-style,4,0.0,0.5,-0.38635506261669883,26,40
6466,R0027,LIME-style,4,0.25,0.75,-0.33484105426780564,7,7
6466,R0027,SHAP-style,4,0.25,0.75,-0.02575700417444659,7,7
2798,R0036,LIME-style,4,0.0,0.0,-0.4893830793144852,26,26
2798,R0036,SHAP-style,4,0.25,0.5,-0.10302801669778636,26,26
4403,R0053,LIME-style,4,0.25,1.0,-0.12878502087223295,21,31
4403,R0053,SHAP-style,4,0.0,0.0,0.10302801669778636,21,31
1721,R0021,LIME-style,4,0.5,0.75,0.2575700417444659,30,6
1721,R0021,SHAP-style,4,0.5,0.5,0.30908405009335904,30,6
4943,R0008,LIME-style,4,0.0,0.3333333333333333,-0.437869070965592,28,28
4943,R0008,SHAP-style,4,0.25,1.0,-0.2060560333955727,28,28
2908,R0008,LIME-style,4,0.0,0.3333333333333333,-0.3605980584422523,28,28
2908,R0008,SHAP-style,4,0.25,1.0,-0.18029902922112614,28,28
4851,R0014,LIME-style,2,0.5,1.0,0.06814662756363819,44,44
4851,R0014,SHAP-style,2,0.5,1.0,0.30665982403637193,44,44
408,R0021,LIME-style,4,0.5,0.75,0.5408970876633784,6,6
408,R0021,SHAP-style,4,1.0,1.0,0.7211961168845046,6,6
6511,R0052,LIME-style,4,0.0,0.5,-0.3605980584422523,39,39
6511,R0052,SHAP-style,4,0.0,0.25,-0.4636260751400386,39,39
2062,R0021,LIME-style,4,0.5,0.75,0.5408970876633784,6,15
2062,R0021,SHAP-style,4,1.0,1.0,0.7211961168845046,6,15
4783,R0035,LIME-style,4,0.0,0.3333333333333333,-0.2060560333955727,21,21
4783,R0035,SHAP-style,4,0.0,0.3333333333333333,-0.05151400834889318,21,21
5912,R0008,LIME-style,4,0.0,0.3333333333333333,-0.5408970876633784,28,28
5912,R0008,SHAP-style,4,0.25,1.0,-0.12878502087223295,28,28
122,R0052,LIME-style,4,0.0,0.75,-0.38635506261669883,22,22
122,R0052,SHAP-style,4,0.0,0.5,-0.2575700417444659,22,22
3817,R0044,LIME-style,4,0.0,0.5,-0.30908405009335904,22,22
3817,R0044,SHAP-style,4,0.25,0.5,-0.2833270459189125,22,22
2985,R0017,LIME-style,3,0.3333333333333333,0.5,0.15803227583755905,19,19
2985,R0017,SHAP-style,3,0.3333333333333333,1.0,0.21549855796030778,19,19
3164,R0052,LIME-style,4,0.25,0.75,-0.12878502087223295,37,37
3164,R0052,SHAP-style,4,0.5,0.5,-0.07727101252333976,37,37
243,R0052,LIME-style,4,0.5,0.5,0.4121120667911454,7,32
243,R0052,SHAP-style,4,0.25,0.75,0.10302801669778636,7,32
3498,R0021,LIME-style,4,0.25,0.75,0.2060560333955727,18,18
3498,R0021,SHAP-style,4,0.5,0.5,0.437869070965592,18,18
6282,R0011,LIME-style,3,0.0,0.6666666666666666,-0.21549855796030778,12,40
6282,R0011,SHAP-style,3,0.6666666666666666,0.3333333333333333,0.15803227583755905,12,40
2927,R0038,LIME-style,4,0.0,0.3333333333333333,-0.5151400834889318,18,18
2927,R0038,SHAP-style,4,0.0,1.0,-0.4121120667911454,18,18
3036,R0009,LIME-style,2,0.0,0.0,-0.1022199413454573,18,42
3036,R0009,SHAP-style,2,0.0,0.0,0.06814662756363819,18,42
2332,R0027,LIME-style,4,0.0,0.25,-0.33484105426780564,42,5
2332,R0027,SHAP-style,4,0.0,0.25,-0.18029902922112614,42,5
5721,R0020,LIME-style,6,0.16666666666666666,0.6666666666666666,-0.022715542521212734,26,25
5721,R0020,SHAP-style,6,0.16666666666666666,0.5,0.09086217008485094,26,25
873,R0013,LIME-style,4,0.5,0.6666666666666666,0.4636260751400386,26,47
873,R0013,SHAP-style,4,0.5,0.6666666666666666,0.5151400834889318,26,47
7421,R0030,LIME-style,4,0.0,0.6666666666666666,-0.4636260751400386,44,46
7421,R0030,SHAP-style,4,0.0,0.6666666666666666,-0.437869070965592,44,46
149,R0017,LIME-style,3,0.3333333333333333,0.5,0.1867654168989334,19,24
149,R0017,SHAP-style,3,0.3333333333333333,1.0,0.1005659937148103,19,24
6296,R0020,LIME-style,6,0.3333333333333333,0.5,-0.09086217008485094,28,25
6296,R0020,SHAP-style,6,0.5,0.6666666666666666,0.31801759529697826,28,25
4506,R0041,LIME-style,4,0.0,0.5,0.12878502087223295,28,28
4506,R0041,SHAP-style,4,0.5,0.75,0.4121120667911454,28,28
87,R0035,LIME-style,4,0.5,0.6666666666666666,0.18029902922112614,22,45
87,R0035,SHAP-style,4,0.5,0.0,0.18029902922112614,22,45
4760,R0007,LIME-style,4,0.0,0.75,-0.05151400834889318,37,37
4760,R0007,SHAP-style,4,0.0,0.25,0.10302801669778636,37,37
6530,R0017,LIME-style,3,0.3333333333333333,0.5,0.1867654168989334,19,19
6530,R0017,SHAP-style,3,0.3333333333333333,1.0,0.1005659937148103,19,19
1335,R0014,LIME-style,2,0.5,1.0,0.1703665689090955,44,44
1335,R0014,SHAP-style,2,0.0,1.0,0.1703665689090955,44,44
290,R0015,LIME-style,4,0.5,0.5,0.2833270459189125,22,22
290,R0015,SHAP-style,4,0.0,0.5,0.02575700417444659,22,22
6915,R0014,LIME-style,2,0.0,0.5,0.1022199413454573,1,1
6915,R0014,SHAP-style,2,0.5,0.5,0.2044398826909146,1,1
2369,R0021,LIME-style,4,0.75,0.25,0.566654091837825,22,20
2369,R0021,SHAP-style,4,0.75,0.0,0.5408970876633784,22,20
3186,R0004,LIME-style,5,0.4,0.5,0.10758338314815298,37,37
3186,R0004,SHAP-style,5,0.2,0.5,-0.10758338314815298,37,37
4643,R0046,LIME-style,4,0.0,0.3333333333333333,-0.33484105426780564,23,23
4643,R0046,SHAP-style,4,0.25,0.6666666666666666,-0.15454202504667952,23,23
7179,R0036,LIME-style,4,0.5,0.75,0.02575700417444659,38,38
7179,R0036,SHAP-style,4,0.5,0.75,0.2060560333955727,38,38
5424,R0053,LIME-style,4,0.5,0.5,0.33484105426780564,4,41
5424,R0053,SHAP-style,4,0.25,0.5,0.2318130375700193,4,41
5443,R0038,LIME-style,4,0.25,0.6666666666666666,0.18029902922112614,4,4
5443,R0038,SHAP-style,4,0.0,0.0,-0.15454202504667952,4,4
2187,R0022,LIME-style,4,1.0,0.75,0.7211961168845046,17,17
2187,R0022,SHAP-style,4,1.0,0.75,0.7211961168845046,17,17
2001,R0027,LIME-style,4,0.25,0.75,-0.2575700417444659,7,45
2001,R0027,SHAP-style,4,0.25,0.75,0.10302801669778636,7,45
4350,R0027,LIME-style,4,0.25,0.75,-0.33484105426780564,7,7
4350,R0027,SHAP-style,4,0.25,1.0,0.0,7,7
5839,R0018,LIME-style,2,0.5,1.0,0.340733137818191,13,13
5839,R0018,SHAP-style,2,1.0,0.5,0.5451730205091055,13,13
5393,R0036,LIME-style,4,0.0,0.5,-0.3605980584422523,35,35
5393,R0036,SHAP-style,4,0.0,0.5,-0.3605980584422523,35,35
7204,R0021,LIME-style,4,0.5,0.75,0.5924110960122716,6,6
7204,R0021,SHAP-style,4,0.75,1.0,0.5408970876633784,6,6
6308,R0001,LIME-style,4,0.0,0.5,-0.30908405009335904,12,12
6308,R0001,SHAP-style,4,0.5,0.25,0.18029902922112614,12,12
1426,R0027,LIME-style,4,0.25,0.75,-0.3605980584422523,7,32
1426,R0027,SHAP-style,4,0.0,0.75,-0.18029902922112614,7,32
7365,R0048,LIME-style,4,0.25,0.3333333333333333,0.07727101252333976,6,7
7365,R0048,SHAP-style,4,0.25,0.3333333333333333,0.30908405009335904,6,7
410,R0041,LIME-style,4,0.25,0.5,0.18029902922112614,28,28
410,R0041,SHAP-style,4,0.5,0.75,0.38635506261669883,28,28
4357,R0028,LIME-style,4,0.25,0.3333333333333333,-0.10302801669778636,1,1
4357,R0028,SHAP-style,4,0.5,0.6666666666666666,0.12878502087223295,1,1
825,R0003,LIME-style,6,0.5,1.0,0.06814662756363819,39,0
825,R0003,SHAP-style,6,0.5,0.3333333333333333,0.11357771260606365,39,0
4967,R0015,LIME-style,4,0.5,0.5,0.18029902922112614,22,22
4967,R0015,SHAP-style,4,0.25,0.5,0.18029902922112614,22,22
816,R0017,LIME-style,3,0.3333333333333333,0.5,0.1867654168989334,19,19
816,R0017,SHAP-style,3,0.3333333333333333,1.0,0.21549855796030778,19,19
530,R0006,LIME-style,5,0.8,1.0,0.6335465896502342,38,38
530,R0006,SHAP-style,5,0.6,1.0,0.46619466030866297,38,38
4330,R0011,LIME-style,3,0.0,0.6666666666666666,-0.1867654168989334,7,7
4330,R0011,SHAP-style,3,0.0,0.6666666666666666,-0.24423169902168215,7,7
4550,R0027,LIME-style,4,0.25,0.75,-0.2833270459189125,7,45
4550,R0027,SHAP-style,4,0.25,0.75,-0.02575700417444659,7,45
560,R0038,LIME-style,4,0.0,0.3333333333333333,-0.4893830793144852,18,18
560,R0038,SHAP-style,4,0.0,1.0,-0.2060560333955727,18,18
7025,R0003,LIME-style,6,0.3333333333333333,0.6666666666666666,0.15900879764848913,6,0
7025,R0003,SHAP-style,6,0.5,0.6666666666666666,0.2953020527757655,6,0
4906,R0027,LIME-style,4,0.25,0.75,-0.2833270459189125,7,5
4906,R0027,SHAP-style,4,0.5,0.75,0.05151400834889318,7,5
1524,R0008,LIME-style,4,0.0,0.3333333333333333,-0.3605980584422523,28,28
1524,R0008,SHAP-style,4,0.25,1.0,-0.15454202504667952,28,28
4535,R0030,LIME-style,4,0.25,0.6666666666666666,-0.02575700417444659,48,36
4535,R0030,SHAP-style,4,0.25,0.6666666666666666,0.07727101252333976,48,36
2629,R0017,LIME-style,3,0.3333333333333333,0.5,0.1867654168989334,19,19
2629,R0017,SHAP-style,3,0.3333333333333333,1.0,0.21549855796030778,19,19
2571,R0009,LIME-style,2,0.5,1.0,0.30665982403637193,30,30
2571,R0009,SHAP-style,2,0.5,1.0,0.4429530791636483,30,30
375,R0052,LIME-style,4,0.0,0.5,-0.10302801669778636,30,30
375,R0052,SHAP-style,4,0.0,0.75,-0.10302801669778636,30,30
4764,R0021,LIME-style,4,0.5,0.75,0.566654091837825,6,6
4764,R0021,SHAP-style,4,0.75,1.0,0.6439251043611647,6,6
2079,R0034,LIME-style,4,0.0,0.6666666666666666,-0.2575700417444659,39,0
2079,R0034,SHAP-style,4,0.25,0.6666666666666666,0.15454202504667952,39,0
3922,R0002,LIME-style,6,0.5,0.75,0.0,12,12
3922,R0002,SHAP-style,6,0.5,0.5,0.13629325512727639,12,12
2823,R0034,LIME-style,4,0.25,0.6666666666666666,0.10302801669778636,30,32
2823,R0034,SHAP-style,4,0.25,0.6666666666666666,0.2060560333955727,30,32
5726,R0034,LIME-style,4,0.5,0.3333333333333333,0.33484105426780564,37,0
5726,R0034,SHAP-style,4,0.75,0.3333333333333333,0.4893830793144852,37,0
3514,R0031,LIME-style,4,0.0,0.6666666666666666,-0.2575700417444659,13,13
3514,R0031,SHAP-style,4,0.0,0.0,-0.38635506261669883,13,13
7430,R0009,LIME-style,2,0.5,1.0,0.30665982403637193,30,30
7430,R0009,SHAP-style,2,0.5,1.0,0.30665982403637193,30,30
1756,R0017,LIME-style,3,0.3333333333333333,0.5,0.15803227583755905,19,19
1756,R0017,SHAP-style,3,0.3333333333333333,1.0,-0.04309971159206155,19,19
6698,R0025,LIME-style,4,0.0,0.5,-0.4636260751400386,42,42
6698,R0025,SHAP-style,4,0.25,0.75,0.10302801669778636,42,42
2558,R0036,LIME-style,4,0.25,0.5,0.02575700417444659,25,5
2558,R0036,SHAP-style,4,0.5,1.0,0.437869070965592,25,5
2608,R0006,LIME-style,5,0.8,1.0,0.6335465896502342,38,38
2608,R0006,SHAP-style,5,0.8,1.0,0.6096391711728669,38,38
1196,R0007,LIME-style,4,0.0,0.75,-0.07727101252333976,37,37
1196,R0007,SHAP-style,4,0.0,0.5,0.10302801669778636,37,37
2159,R0015,LIME-style,4,0.0,0.5,-0.2318130375700193,17,0
2159,R0015,SHAP-style,4,0.0,0.5,-0.15454202504667952,17,0
2728,R0027,LIME-style,4,0.25,0.75,0.05151400834889318,4,45
2728,R0027,SHAP-style,4,0.5,0.25,0.18029902922112614,4,45
795,R0039,LIME-style,4,0.5,0.75,0.18029902922112614,19,19
795,R0039,SHAP-style,4,0.5,0.5,0.30908405009335904,19,19
6606,R0027,LIME-style,4,0.0,0.5,-0.5408970876633784,21,21
6606,R0027,SHAP-style,4,0.0,0.5,-0.2575700417444659,21,21
4373,R0021,LIME-style,4,0.5,0.75,0.5408970876633784,6,6
4373,R0021,SHAP-style,4,0.75,1.0,0.6954391127100579,6,6
3535,R0025,LIME-style,4,0.0,0.5,-0.4636260751400386,42,40
3535,R0025,SHAP-style,4,0.25,0.75,0.2060560333955727,42,40
1262,R0013,LIME-style,4,0.25,0.3333333333333333,0.05151400834889318,28,26
1262,R0013,SHAP-style,4,0.25,1.0,0.02575700417444659,28,26
3178,R0025,LIME-style,4,0.0,0.25,-0.3605980584422523,12,12
3178,R0025,SHAP-style,4,0.5,0.5,0.2833270459189125,12,12
364,R0018,LIME-style,2,0.5,1.0,0.340733137818191,13,13
364,R0018,SHAP-style,2,0.5,0.5,0.5110997067272866,13,13
4759,R0010,LIME-style,6,0.16666666666666666,0.4,0.09086217008485094,22,42
4759,R0010,SHAP-style,6,0.3333333333333333,0.2,0.2271554252121273,22,42
2815,R0013,LIME-style,4,0.5,0.6666666666666666,0.4636260751400386,26,26
2815,R0013,SHAP-style,4,0.25,0.6666666666666666,0.30908405009335904,26,26
5088,R0005,LIME-style,5,0.2,0.3333333333333333,-0.2510278940123569,12,12
5088,R0005,SHAP-style,5,0.2,0.3333333333333333,-0.059768546193418315,12,12
351,R0036,LIME-style,4,0.25,0.75,0.2833270459189125,19,29
351,R0036,SHAP-style,4,0.5,0.25,0.4636260751400386,19,29
244,R0007,LIME-style,4,0.0,0.75,-0.07727101252333976,37,37
244,R0007,SHAP-style,4,0.25,0.25,0.18029902922112614,37,37
5090,R0020,LIME-style,6,0.3333333333333333,0.5,-0.06814662756363819,28,25
5090,R0020,SHAP-style,6,0.5,0.5,0.18172434016970188,28,25
2599,R0027,LIME-style,4,0.0,0.5,-0.4636260751400386,21,47
2599,R0027,SHAP-style,4,0.0,0.5,-0.5408970876633784,21,47
1958,R0043,LIME-style,4,0.0,0.25,-0.5151400834889318,26,26
1958,R0043,SHAP-style,4,0.0,1.0,-0.5408970876633784,26,26
6784,R0007,LIME-style,4,0.0,0.75,0.05151400834889318,37,37
6784,R0007,SHAP-style,4,0.25,0.5,0.0,37,37
2755,R0052,LIME-style,4,0.0,0.5,-0.07727101252333976,30,30
2755,R0052,SHAP-style,4,0.25,0.75,-0.10302801669778636,30,30
1589,R0014,LIME-style,2,0.5,0.5,0.06814662756363819,44,1
1589,R0014,SHAP-style,2,0.5,1.0,0.23851319647273372,44,1
258,R0026,LIME-style,4,0.25,0.5,0.02575700417444659,14,14
258,R0026,SHAP-style,4,0.5,0.75,0.30908405009335904,14,14
7024,R0011,LIME-style,3,0.0,0.6666666666666666,-0.21549855796030778,12,12
7024,R0011,SHAP-style,3,0.3333333333333333,0.3333333333333333,0.014366570530687184,12,12
6573,R0028,LIME-style,4,0.25,0.3333333333333333,-0.02575700417444659,1,1
6573,R0028,SHAP-style,4,0.25,0.3333333333333333,0.07727101252333976,1,1
4284,R0022,LIME-style,4,0.25,0.75,0.07727101252333976,49,49
4284,R0022,SHAP-style,4,0.25,0.5,0.2060560333955727,49,49
4769,R0038,LIME-style,4,0.0,1.0,-0.15454202504667952,37,37
4769,R0038,SHAP-style,4,0.25,0.3333333333333333,0.0,37,37
5630,R0027,LIME-style,4,0.25,0.5,0.18029902922112614,6,31
5630,R0027,SHAP-style,4,0.25,0.5,0.12878502087223295,6,31
4434,R0021,LIME-style,4,0.25,0.75,0.2833270459189125,18,18
4434,R0021,SHAP-style,4,0.5,0.75,0.07727101252333976,18,18
5782,R0036,LIME-style,4,0.0,0.75,-0.566654091837825,7,9
5782,R0036,SHAP-style,4,0.0,0.75,-0.07727101252333976,7,9
41,R0052,LIME-style,4,0.0,0.25,-0.2060560333955727,42,42
41,R0052,SHAP-style,4,0.0,0.5,-0.12878502087223295,42,42
6912,R0039,LIME-style,4,0.5,0.75,0.2060560333955727,19,24
6912,R0039,SHAP-style,4,0.5,0.5,0.30908405009335904,19,24
6811,R0020,LIME-style,6,0.3333333333333333,0.5,-0.022715542521212734,28,25
6811,R0020,SHAP-style,6,0.5,0.6666666666666666,0.15900879764848913,28,25
1020,R0022,LIME-style,4,0.75,0.75,0.6696821085356113,17,17
1020,R0022,SHAP-style,4,0.75,0.75,0.6954391127100579,17,17
1538,R0021,LIME-style,4,0.5,0.75,0.5408970876633784,6,15
1538,R0021,SHAP-style,4,1.0,1.0,0.7211961168845046,6,15
1175,R0021,LIME-style,4,0.5,0.5,0.38635506261669883,48,20
1175,R0021,SHAP-style,4,0.25,0.75,0.2318130375700193,48,20
879,R0027,LIME-style,4,0.25,0.75,-0.2833270459189125,7,7
879,R0027,SHAP-style,4,0.25,0.75,-0.02575700417444659,7,7
3323,R0027,LIME-style,4,0.25,0.25,0.02575700417444659,1,47
3323,R0027,SHAP-style,4,0.25,0.75,0.2575700417444659,1,47
3632,R0015,LIME-style,4,0.25,1.0,0.07727101252333976,6,6
3632,R0015,SHAP-style,4,0.25,0.0,-0.02575700417444659,6,6
1172,R0050,LIME-style,4,0.0,0.5,-0.3605980584422523,35,3
1172,R0050,SHAP-style,4,0.0,0.5,-0.2060560333955727,35,3
5886,R0017,LIME-style,3,0.3333333333333333,0.5,0.15803227583755905,19,24
5886,R0017,SHAP-style,3,0.3333333333333333,1.0,0.15803227583755905,19,24
1447,R0030,LIME-style,4,0.0,0.3333333333333333,0.05151400834889318,17,8
1447,R0030,SHAP-style,4,0.0,0.3333333333333333,0.0,17,8
3707,R0044,LIME-style,4,0.5,0.75,0.38635506261669883,45,32
3707,R0044,SHAP-style,4,0.0,0.25,-0.10302801669778636,45,32
7273,R0046,LIME-style,4,0.0,1.0,-0.30908405009335904,23,23
7273,R0046,SHAP-style,4,0.0,0.6666666666666666,-0.15454202504667952,23,23
7278,R0038,LIME-style,4,0.0,0.6666666666666666,-0.2318130375700193,13,27
7278,R0038,SHAP-style,4,0.5,0.6666666666666666,0.2833270459189125,13,27
2076,R0022,LIME-style,4,0.5,0.5,0.566654091837825,35,3
2076,R0022,SHAP-style,4,0.5,0.5,0.30908405009335904,35,3
7280,R0052,LIME-style,4,0.0,0.25,-0.2060560333955727,42,42
7280,R0052,SHAP-style,4,0.0,0.5,-0.437869070965592,42,42
7220,R0034,LIME-style,4,0.0,0.6666666666666666,-0.15454202504667952,39,39
7220,R0034,SHAP-style,4,0.25,0.6666666666666666,-0.2575700417444659,39,39
7174,R0021,LIME-style,4,0.25,0.75,0.2575700417444659,18,20
7174,R0021,SHAP-style,4,0.5,0.25,0.33484105426780564,18,20
5396,R0017,LIME-style,3,0.3333333333333333,0.5,0.15803227583755905,19,19
5396,R0017,SHAP-style,3,0.3333333333333333,1.0,0.24423169902168215,19,19
7151,R0007,LIME-style,4,0.0,0.75,-0.07727101252333976,37,37
7151,R0007,SHAP-style,4,0.25,0.25,0.18029902922112614,37,37
4665,R0012,LIME-style,4,0.0,0.6666666666666666,-0.4121120667911454,30,30
4665,R0012,SHAP-style,4,0.0,0.6666666666666666,-0.38635506261669883,30,30
28,R0014,LIME-style,2,0.5,1.0,0.06814662756363819,44,44
28,R0014,SHAP-style,2,0.5,1.0,0.27258651025455277,44,44
6430,R0052,LIME-style,4,0.25,0.75,-0.10302801669778636,48,48
6430,R0052,SHAP-style,4,0.25,0.5,-0.30908405009335904,48,48
4259,R0027,LIME-style,4,0.25,0.75,-0.33484105426780564,7,7
4259,R0027,SHAP-style,4,0.25,0.75,-0.07727101252333976,7,7
948,R0027,LIME-style,4,0.25,0.75,0.02575700417444659,4,45
948,R0027,SHAP-style,4,0.5,0.25,0.18029902922112614,4,45
3730,R0054,LIME-style,4,0.0,0.25,0.05151400834889318,17,13
3730,R0054,SHAP-style,4,0.0,0.75,-0.15454202504667952,17,13
1713,R0036,LIME-style,4,0.0,0.25,-0.2575700417444659,35,47
1713,R0036,SHAP-style,4,0.25,0.5,0.05151400834889318,35,47
7217,R0052,LIME-style,4,0.0,0.25,-0.12878502087223295,42,42
7217,R0052,SHAP-style,4,0.0,0.5,-0.437869070965592,42,42
7200,R0031,LIME-style,4,0.0,0.6666666666666666,-0.07727101252333976,35,11
7200,R0031,SHAP-style,4,0.0,0.6666666666666666,-0.4121120667911454,35,11
916,R0029,LIME-style,4,0.25,0.6666666666666666,0.07727101252333976,19,24
916,R0029,SHAP-style,4,0.25,0.6666666666666666,0.30908405009335904,19,24
3725,R0019,LIME-style,4,0.25,0.75,0.30908405009335904,22,45
3725,R0019,SHAP-style,4,0.25,0.0,0.02575700417444659,22,45
1424,R0019,LIME-style,4,0.5,0.5,0.10302801669778636,35,35
1424,R0019,SHAP-style,4,0.25,0.75,0.2318130375700193,35,35
6830,R0052,LIME-style,4,0.0,0.25,-0.5408970876633784,6,39
6830,R0052,SHAP-style,4,0.0,0.5,-0.5924110960122716,6,39
7160,R0050,LIME-style,4,0.0,0.5,-0.4121120667911454,35,35
7160,R0050,SHAP-style,4,0.0,0.5,-0.18029902922112614,35,35
4607,R0007,LIME-style,4,0.0,0.75,0.0,37,37
4607,R0007,SHAP-style,4,0.5,0.25,0.12878502087223295,37,37
1334,R0022,LIME-style,4,0.75,0.75,0.6696821085356113,17,17
1334,R0022,SHAP-style,4,0.75,0.75,0.6954391127100579,17,17
6288,R0003,LIME-style,6,0.16666666666666666,1.0,-0.11357771260606365,0,0
6288,R0003,SHAP-style,6,0.6666666666666666,0.3333333333333333,0.4997419354666801,0,0
3779,R0022,LIME-style,4,0.75,0.75,0.6696821085356113,17,17
3779,R0022,SHAP-style,4,0.75,0.75,0.6954391127100579,17,17
6792,R0004,LIME-style,5,0.4,0.5,0.10758338314815298,37,37
6792,R0004,SHAP-style,5,0.2,0.5,0.011953709238683665,37,37
3261,R0036,LIME-style,4,0.0,0.75,-0.5924110960122716,7,7
3261,R0036,SHAP-style,4,0.0,0.75,-0.10302801669778636,7,7
4827,R0036,LIME-style,4,0.5,0.5,0.2060560333955727,4,10
4827,R0036,SHAP-style,4,0.5,0.5,0.38635506261669883,4,10
1942,R0017,LIME-style,3,0.3333333333333333,0.5,0.12929913477618465,19,19
1942,R0017,SHAP-style,3,0.3333333333333333,1.0,0.014366570530687184,19,19
2204,R0041,LIME-style,4,0.25,0.5,0.18029902922112614,28,28
2204,R0041,SHAP-style,4,0.5,0.75,0.30908405009335904,28,28
3674,R0048,LIME-style,4,0.0,1.0,-0.4636260751400386,18,15
3674,R0048,SHAP-style,4,0.0,0.3333333333333333,-0.18029902922112614,18,15
6563,R0026,LIME-style,4,0.5,0.5,0.437869070965592,12,12
6563,R0026,SHAP-style,4,0.75,0.5,0.6181681001867181,12,12
3227,R0001,LIME-style,4,0.0,0.5,-0.33484105426780564,12,12
3227,R0001,SHAP-style,4,0.5,0.25,0.2318130375700193,12,12
6533,R0034,LIME-style,4,0.5,0.3333333333333333,0.33484105426780564,14,14
6533,R0034,SHAP-style,4,0.25,0.3333333333333333,0.0,14,14
2966,R0044,LIME-style,4,0.5,0.75,0.2575700417444659,13,13
2966,R0044,SHAP-style,4,0.0,0.0,0.05151400834889318,13,13
7192,R0053,LIME-style,4,0.5,0.5,0.12878502087223295,7,31
7192,R0053,SHAP-style,4,0.75,0.5,0.4121120667911454,7,31
5143,R0021,LIME-style,4,0.25,0.5,0.30908405009335904,48,48
5143,R0021,SHAP-style,4,0.5,0.75,0.566654091837825,48,48
783,R0039,LIME-style,4,0.5,0.75,0.2575700417444659,19,19
783,R0039,SHAP-style,4,0.25,0.5,0.33484105426780564,19,19
700,R0028,LIME-style,4,0.25,0.3333333333333333,-0.07727101252333976,1,1
700,R0028,SHAP-style,4,0.25,0.6666666666666666,0.07727101252333976,1,1
2538,R0003,LIME-style,6,0.3333333333333333,0.3333333333333333,0.022715542521212734,37,39
2538,R0003,SHAP-style,6,0.3333333333333333,1.0,-0.04543108504242547,37,39
1244,R0034,LIME-style,4,0.25,1.0,-0.12878502087223295,6,39
1244,R0034,SHAP-style,4,0.25,0.3333333333333333,-0.2318130375700193,6,39
789,R0011,LIME-style,3,0.0,0.6666666666666666,-0.21549855796030778,12,12
789,R0011,SHAP-style,3,0.3333333333333333,0.3333333333333333,0.014366570530687184,12,12
5041,R0004,LIME-style,5,0.4,0.5,0.059768546193418315,37,37
5041,R0004,SHAP-style,5,0.2,0.5,-0.08367596467078565,37,37
109,R0021,LIME-style,4,0.5,0.75,0.5408970876633784,6,6
109,R0021,SHAP-style,4,0.75,1.0,0.6439251043611647,6,6
2440,R0013,LIME-style,4,0.5,0.6666666666666666,0.4636260751400386,26,26
2440,R0013,SHAP-style,4,0.5,0.6666666666666666,0.4636260751400386,26,26
4728,R0034,LIME-style,4,0.25,0.6666666666666666,0.02575700417444659,30,30
4728,R0034,SHAP-style,4,0.25,0.6666666666666666,0.07727101252333976,30,30
6383,R0015,LIME-style,4,0.0,0.0,-0.4893830793144852,44,44
6383,R0015,SHAP-style,4,0.0,0.5,-0.566654091837825,44,44
1508,R0015,LIME-style,4,0.25,0.5,0.2060560333955727,22,39
1508,R0015,SHAP-style,4,0.25,0.5,0.12878502087223295,22,39
302,R0034,LIME-style,4,0.25,1.0,-0.15454202504667952,6,15
302,R0034,SHAP-style,4,0.25,0.3333333333333333,-0.15454202504667952,6,15
5457,R0022,LIME-style,4,0.75,0.75,0.566654091837825,17,49
5457,R0022,SHAP-style,4,1.0,0.75,0.7211961168845046,17,49
4653,R0028,LIME-style,4,0.5,1.0,0.437869070965592,22,41
4653,R0028,SHAP-style,4,0.5,0.3333333333333333,0.2060560333955727,22,41
5588,R0014,LIME-style,2,0.5,1.0,0.13629325512727639,44,44
5588,R0014,SHAP-style,2,0.5,1.0,0.2044398826909146,44,44
6002,R0022,LIME-style,4,0.75,0.75,0.6954391127100579,17,8
6002,R0022,SHAP-style,4,0.75,0.75,0.6954391127100579,17,8
6911,R0052,LIME-style,4,0.0,0.5,-0.18029902922112614,38,38
6911,R0052,SHAP-style,4,0.0,0.25,-0.07727101252333976,38,38
3332,R0009,LIME-style,2,0.5,1.0,0.23851319647273372,30,30
3332,R0009,SHAP-style,2,0.5,1.0,0.4088797653818292,30,30
6986,R0034,LIME-style,4,0.0,0.6666666666666666,-0.15454202504667952,39,39
6986,R0034,SHAP-style,4,0.0,0.6666666666666666,-0.10302801669778636,39,39
2196,R0013,LIME-style,4,0.5,0.6666666666666666,0.4893830793144852,26,26
2196,R0013,SHAP-style,4,0.5,0.6666666666666666,0.4121120667911454,26,26
1751,R0003,LIME-style,6,0.5,1.0,0.09086217008485094,39,0
1751,R0003,SHAP-style,6,0.5,0.3333333333333333,-0.04543108504242547,39,0
2299,R0034,LIME-style,4,0.5,0.3333333333333333,0.38635506261669883,14,14
2299,R0034,SHAP-style,4,0.5,0.3333333333333333,0.2575700417444659,14,14
6740,R0044,LIME-style,4,0.25,0.75,-0.12878502087223295,38,38
6740,R0044,SHAP-style,4,0.0,0.25,-0.2060560333955727,38,38
6613,R0027,LIME-style,4,0.0,0.5,-0.4893830793144852,21,21
6613,R0027,SHAP-style,4,0.0,0.25,-0.2575700417444659,21,21
7434,R0030,LIME-style,4,0.25,0.6666666666666666,-0.02575700417444659,48,48
7434,R0030,SHAP-style,4,0.0,0.6666666666666666,-0.2318130375700193,48,48
5126,R0026,LIME-style,4,0.25,0.5,0.02575700417444659,14,14
5126,R0026,SHAP-style,4,0.5,0.5,0.33484105426780564,14,14
4356,R0022,LIME-style,4,1.0,0.75,0.7211961168845046,17,17
4356,R0022,SHAP-style,4,0.75,0.75,0.6954391127100579,17,17
4328,R0052,LIME-style,4,0.0,0.5,-0.12878502087223295,30,39
4328,R0052,SHAP-style,4,0.0,0.75,-0.12878502087223295,30,39
3229,R0013,LIME-style,4,0.25,0.3333333333333333,0.05151400834889318,28,26
3229,R0013,SHAP-style,4,0.25,0.6666666666666666,-0.02575700417444659,28,26
372,R0041,LIME-style,4,0.25,0.5,0.15454202504667952,28,33
372,R0041,SHAP-style,4,0.5,0.5,0.2833270459189125,28,33
461,R0025,LIME-style,4,0.5,0.75,0.18029902922112614,14,14
461,R0025,SHAP-style,4,0.75,0.5,0.5408970876633784,14,14
5295,R0034,LIME-style,4,0.25,1.0,-0.15454202504667952,6,39
5295,R0034,SHAP-style,4,0.25,0.3333333333333333,-0.10302801669778636,6,39
4238,R0018,LIME-style,2,0.5,1.0,0.340733137818191,13,27
4238,R0018,SHAP-style,2,0.5,0.5,0.5110997067272866,13,27
5174,R0027,LIME-style,4,0.5,0.75,0.38635506261669883,22,7
5174,R0027,SHAP-style,4,0.75,0.25,0.6181681001867181,22,7
4563,R0036,LIME-style,4,0.0,0.75,-0.566654091837825,7,9
4563,R0036,SHAP-style,4,0.5,0.75,0.12878502087223295,7,9
3430,R0039,LIME-style,4,0.5,0.75,0.2060560333955727,19,24
3430,R0039,SHAP-style,4,0.5,0.5,0.30908405009335904,19,24
996,R0039,LIME-style,4,0.5,0.75,0.18029902922112614,19,24
996,R0039,SHAP-style,4,0.25,0.75,0.10302801669778636,19,24
663,R0009,LIME-style,2,0.5,1.0,0.30665982403637193,30,30
663,R0009,SHAP-style,2,0.5,1.0,0.4429530791636483,30,30
5783,R0036,LIME-style,4,0.25,0.75,-0.05151400834889318,38,38
5783,R0036,SHAP-style,4,0.5,0.75,0.33484105426780564,38,38
6376,R0034,LIME-style,4,0.25,1.0,-0.18029902922112614,6,6
6376,R0034,SHAP-style,4,0.25,0.3333333333333333,-0.10302801669778636,6,6
5409,R0048,LIME-style,4,0.25,0.6666666666666666,0.05151400834889318,36,36
5409,R0048,SHAP-style,4,0.5,0.3333333333333333,0.10302801669778636,36,36
7233,R0027,LIME-style,4,0.25,0.75,-0.30908405009335904,7,45
7233,R0027,SHAP-style,4,0.25,0.75,-0.02575700417444659,7,45
7150,R0035,LIME-style,4,0.0,0.3333333333333333,-0.2318130375700193,21,21
7150,R0035,SHAP-style,4,0.0,0.3333333333333333,-0.12878502087223295,21,21
5779,R0017,LIME-style,3,0.3333333333333333,0.5,0.1867654168989334,19,19
5779,R0017,SHAP-style,3,0.3333333333333333,1.0,-0.04309971159206155,19,19
3522,R0026,LIME-style,4,0.5,0.5,0.38635506261669883,12,12
3522,R0026,SHAP-style,4,0.75,0.5,0.6439251043611647,12,12
4450,R0044,LIME-style,4,0.5,0.75,0.2060560333955727,13,41
4450,R0044,SHAP-style,4,0.5,0.25,0.30908405009335904,13,41
3680,R0054,LIME-style,4,0.0,0.5,0.0,19,19
3680,R0054,SHAP-style,4,0.25,0.5,0.0,19,19
4853,R0044,LIME-style,4,0.0,0.5,-0.4893830793144852,22,41
4853,R0044,SHAP-style,4,0.25,0.5,-0.18029902922112614,22,41
1197,R0016,LIME-style,3,0.3333333333333333,0.6666666666666666,0.1005659937148103,49,49
1197,R0016,SHAP-style,3,0.3333333333333333,0.3333333333333333,0.2729648400830565,49,49
7457,R0014,LIME-style,2,0.5,0.5,0.27258651025455277,35,35
7457,R0014,SHAP-style,2,0.5,0.5,0.06814662756363819,35,35
2208,R0004,LIME-style,5,0.4,0.5,0.10758338314815298,37,37
2208,R0004,SHAP-style,5,0.4,0.5,0.011953709238683665,37,37
3143,R0027,LIME-style,4,0.25,0.75,-0.30908405009335904,7,31
3143,R0027,SHAP-style,4,0.25,0.75,-0.15454202504667952,7,31
3911,R0038,LIME-style,4,0.0,1.0,-0.2575700417444659,37,37
3911,R0038,SHAP-style,4,0.25,0.3333333333333333,0.0,37,37
1748,R0017,LIME-style,3,0.3333333333333333,0.5,0.1867654168989334,19,19
1748,R0017,SHAP-style,3,0.3333333333333333,0.5,0.1005659937148103,19,19
2772,R0034,LIME-style,4,0.25,0.3333333333333333,0.12878502087223295,22,0
2772,R0034,SHAP-style,4,0.25,0.3333333333333333,0.12878502087223295,22,0
3919,R0052,LIME-style,4,0.0,0.25,-0.2060560333955727,42,42
3919,R0052,SHAP-style,4,0.0,0.5,-0.3605980584422523,42,42
3385,R0052,LIME-style,4,0.25,0.5,-0.18029902922112614,37,39
3385,R0052,SHAP-style,4,0.5,0.5,-0.02575700417444659,37,39
6441,R0029,LIME-style,4,0.0,0.6666666666666666,-0.2575700417444659,18,18
6441,R0029,SHAP-style,4,0.25,0.6666666666666666,0.12878502087223295,18,18
1428,R0028,LIME-style,4,0.0,0.3333333333333333,-0.18029902922112614,44,1
1428,R0028,SHAP-style,4,0.0,0.6666666666666666,-0.15454202504667952,44,1
768,R0022,LIME-style,4,0.25,0.5,0.15454202504667952,49,49
768,R0022,SHAP-style,4,0.25,0.5,0.18029902922112614,49,49
2132,R0034,LIME-style,4,0.0,0.6666666666666666,-0.2060560333955727,39,0
2132,R0034,SHAP-style,4,0.25,0.6666666666666666,-0.02575700417444659,39,0
1823,R0053,LIME-style,4,0.0,0.5,-0.33484105426780564,12,40
1823,R0053,SHAP-style,4,0.0,0.5,-0.15454202504667952,12,40
2885,R0025,LIME-style,4,0.0,0.5,-0.437869070965592,42,40
2885,R0025,SHAP-style,4,0.25,0.75,0.12878502087223295,42,40
3054,R0012,LIME-style,4,0.0,0.6666666666666666,-0.2833270459189125,30,0
3054,R0012,SHAP-style,4,0.0,0.6666666666666666,-0.3605980584422523,30,0
5663,R0052,LIME-style,4,0.0,0.5,-0.10302801669778636,30,39
5663,R0052,SHAP-style,4,0.0,0.75,-0.05151400834889318,30,39
6596,R0030,LIME-style,4,0.0,1.0,-0.4121120667911454,7,7
6596,R0030,SHAP-style,4,0.0,0.0,-0.5924110960122716,7,7
874,R0016,LIME-style,3,0.3333333333333333,0.6666666666666666,0.07183285265343593,49,49
874,R0016,SHAP-style,3,0.3333333333333333,0.3333333333333333,0.1867654168989334,49,49
3995,R0008,LIME-style,4,0.0,0.3333333333333333,-0.3605980584422523,28,28
3995,R0008,SHAP-style,4,0.25,1.0,-0.12878502087223295,28,28
3473,R0027,LIME-style,4,0.25,0.75,-0.3605980584422523,7,5
3473,R0027,SHAP-style,4,0.25,0.75,-0.07727101252333976,7,5
1880,R0028,LIME-style,4,0.0,0.6666666666666666,-0.18029902922112614,44,44
1880,R0028,SHAP-style,4,0.0,1.0,-0.18029902922112614,44,44
5093,R0029,LIME-style,4,0.0,0.3333333333333333,0.12878502087223295,6,36
5093,R0029,SHAP-style,4,0.75,1.0,0.6181681001867181,6,36
2498,R0036,LIME-style,4,0.5,0.75,0.0,38,38
2498,R0036,SHAP-style,4,0.5,0.75,0.2575700417444659,38,38
3031,R0029,LIME-style,4,0.0,0.6666666666666666,-0.2318130375700193,18,27
3031,R0029,SHAP-style,4,0.5,0.6666666666666666,0.2060560333955727,18,27
6250,R0034,LIME-style,4,0.25,1.0,-0.07727101252333976,6,39
6250,R0034,SHAP-style,4,0.25,0.3333333333333333,-0.07727101252333976,6,39
6679,R0034,LIME-style,4,0.0,0.6666666666666666,-0.2318130375700193,39,0
6679,R0034,SHAP-style,4,0.0,0.6666666666666666,0.0,39,0
5514,R0030,LIME-style,4,0.25,0.3333333333333333,0.15454202504667952,22,48
5514,R0030,SHAP-style,4,0.25,0.3333333333333333,0.2060560333955727,22,48
2448,R0028,LIME-style,4,0.0,0.3333333333333333,-0.2060560333955727,44,44
2448,R0028,SHAP-style,4,0.0,1.0,-0.2060560333955727,44,44
6428,R0027,LIME-style,4,0.25,0.75,-0.3605980584422523,7,9
6428,R0027,SHAP-style,4,0.25,0.75,0.07727101252333976,7,9
6566,R0052,LIME-style,4,0.0,0.75,-0.3605980584422523,22,22
6566,R0052,SHAP-style,4,0.25,0.5,-0.10302801669778636,22,22
6842,R0022,LIME-style,4,0.75,0.75,0.6954391127100579,17,8
6842,R0022,SHAP-style,4,0.75,0.75,0.6954391127100579,17,8
3001,R0021,LIME-style,4,0.25,0.5,0.33484105426780564,48,48
3001,R0021,SHAP-style,4,0.5,0.75,0.38635506261669883,48,48
5955,R0027,LIME-style,4,0.0,0.25,-0.2318130375700193,30,32
5955,R0027,SHAP-style,4,0.0,1.0,-0.2060560333955727,30,32
3418,R0009,LIME-style,2,0.5,1.0,0.30665982403637193,30,30
3418,R0009,SHAP-style,2,0.5,1.0,0.4429530791636483,30,30
6667,R0004,LIME-style,5,0.4,0.5,0.08367596467078565,37,37
6667,R0004,SHAP-style,5,0.2,0.5,-0.03586112771605099,37,37
6159,R0039,LIME-style,4,0.5,0.75,0.2060560333955727,19,16
6159,R0039,SHAP-style,4,0.25,0.5,0.18029902922112614,19,16
3605,R0030,LIME-style,4,0.0,0.6666666666666666,0.02575700417444659,19,1
3605,R0030,SHAP-style,4,0.25,0.0,0.2575700417444659,19,1
1130,R0022,LIME-style,4,1.0,0.75,0.7211961168845046,17,17
1130,R0022,SHAP-style,4,0.75,0.75,0.6954391127100579,17,17
6996,R0013,LIME-style,4,0.5,0.6666666666666666,0.5408970876633784,26,43
6996,R0013,SHAP-style,4,0.5,0.3333333333333333,0.30908405009335904,26,43
4775,R0034,LIME-style,4,0.5,0.6666666666666666,0.2575700417444659,18,18
4775,R0034,SHAP-style,4,0.5,0.3333333333333333,0.18029902922112614,18,18
5395,R0052,LIME-style,4,0.0,0.5,-0.07727101252333976,30,0
5395,R0052,SHAP-style,4,0.0,0.75,-0.18029902922112614,30,0
233,R0015,LIME-style,4,0.25,0.5,0.15454202504667952,22,22
233,R0015,SHAP-style,4,0.5,0.5,0.2318130375700193,22,22
4133,R0019,LIME-style,4,0.5,0.5,0.07727101252333976,35,23
4133,R0019,SHAP-style,4,0.5,0.5,0.30908405009335904,35,23
3369,R0012,LIME-style,4,0.0,0.6666666666666666,-0.437869070965592,30,30
3369,R0012,SHAP-style,4,0.0,0.6666666666666666,-0.2060560333955727,30,30
5622,R0022,LIME-style,4,0.25,0.75,0.10302801669778636,49,2
5622,R0022,SHAP-style,4,0.25,0.5,0.2575700417444659,49,2
3168,R0031,LIME-style,4,0.25,0.3333333333333333,-0.10302801669778636,26,29
3168,R0031,SHAP-style,4,0.25,1.0,0.2318130375700193,26,29
4002,R0031,LIME-style,4,0.0,0.3333333333333333,-0.5151400834889318,13,13
4002,R0031,SHAP-style,4,0.0,0.0,-0.437869070965592,13,13
3282,R0034,LIME-style,4,0.25,0.3333333333333333,0.12878502087223295,22,39
3282,R0034,SHAP-style,4,0.0,0.6666666666666666,-0.07727101252333976,22,39
2306,R0021,LIME-style,4,0.5,0.75,0.566654091837825,6,6
2306,R0021,SHAP-style,4,0.75,1.0,0.566654091837825,6,6
869,R0036,LIME-style,4,0.0,0.25,-0.4893830793144852,26,5
869,R0036,SHAP-style,4,0.25,0.5,-0.2833270459189125,26,5
4593,R0025,LIME-style,4,0.0,0.5,-0.4121120667911454,42,42
4593,R0025,SHAP-style,4,0.25,0.75,0.12878502087223295,42,42
2845,R0019,LIME-style,4,0.5,0.75,0.12878502087223295,35,35
2845,R0019,SHAP-style,4,0.5,0.75,0.18029902922112614,35,35
2270,R0036,LIME-style,4,0.0,0.5,-0.05151400834889318,21,21
2270,R0036,SHAP-style,4,0.5,0.0,0.4121120667911454,21,21
2397,R0038,LIME-style,4,0.0,1.0,-0.4121120667911454,48,48
2397,R0038,SHAP-style,4,0.0,0.3333333333333333,-0.18029902922112614,48,48
2155,R0011,LIME-style,3,0.0,1.0,-0.387897404328554,42,42
2155,R0011,SHAP-style,3,0.3333333333333333,0.6666666666666666,-0.014366570530687184,42,42
980,R0001,LIME-style,4,0.0,0.75,-0.5151400834889318,42,42
980,R0001,SHAP-style,4,0.25,0.5,-0.33484105426780564,42,42
3938,R0013,LIME-style,4,0.5,0.6666666666666666,0.4636260751400386,26,26
3938,R0013,SHAP-style,4,0.5,0.6666666666666666,0.4893830793144852,26,26
4449,R0025,LIME-style,4,0.0,0.5,-0.4636260751400386,42,40
4449,R0025,SHAP-style,4,0.25,0.75,0.15454202504667952,42,40
2904,R0028,LIME-style,4,0.25,0.3333333333333333,-0.10302801669778636,1,1
2904,R0028,SHAP-style,4,0.25,0.6666666666666666,0.10302801669778636,1,1
2699,R0018,LIME-style,2,0.5,1.0,0.30665982403637193,13,13
2699,R0018,SHAP-style,2,0.5,0.5,0.47702639294546745,13,13
3089,R0015,LIME-style,4,0.5,0.5,0.18029902922112614,22,22
3089,R0015,SHAP-style,4,0.5,0.5,0.3605980584422523,22,22
6215,R0001,LIME-style,4,0.0,0.5,-0.2575700417444659,12,12
6215,R0001,SHAP-style,4,0.25,0.25,0.10302801669778636,12,12
5983,R0020,LIME-style,6,0.3333333333333333,0.5,0.0,28,25
5983,R0020,SHAP-style,6,0.5,0.6666666666666666,0.2953020527757655,28,25
1754,R0020,LIME-style,6,0.16666666666666666,0.8333333333333334,-0.13629325512727639,26,33
1754,R0020,SHAP-style,6,0.3333333333333333,0.3333333333333333,0.2044398826909146,26,33
616,R0034,LIME-style,4,0.25,0.6666666666666666,-0.02575700417444659,30,0
616,R0034,SHAP-style,4,0.25,0.6666666666666666,0.10302801669778636,30,0
303,R0031,LIME-style,4,0.0,0.6666666666666666,-0.5408970876633784,13,13
303,R0031,SHAP-style,4,0.0,0.3333333333333333,-0.3605980584422523,13,13
284,R0018,LIME-style,2,0.5,1.0,0.340733137818191,13,13
284,R0018,SHAP-style,2,0.5,0.5,0.5110997067272866,13,13
3177,R0027,LIME-style,4,0.25,0.75,-0.10302801669778636,24,31
3177,R0027,SHAP-style,4,0.0,0.75,-0.18029902922112614,24,31
4465,R0020,LIME-style,6,0.3333333333333333,0.5,-0.04543108504242547,28,25
4465,R0020,SHAP-style,6,0.5,0.6666666666666666,0.27258651025455277,28,25
3155,R0041,LIME-style,4,0.25,0.5,0.15454202504667952,28,28
3155,R0041,SHAP-style,4,0.5,0.75,0.3605980584422523,28,28
2752,R0009,LIME-style,2,0.5,1.0,0.30665982403637193,30,30
2752,R0009,SHAP-style,2,0.5,1.0,0.37480645160001,30,30
607,R0036,LIME-style,4,0.0,0.5,-0.33484105426780564,44,7
607,R0036,SHAP-style,4,0.0,1.0,0.2060560333955727,44,7
4655,R0014,LIME-style,2,0.5,1.0,0.23851319647273372,44,44
4655,R0014,SHAP-style,2,0.5,1.0,0.30665982403637193,44,44
2955,R0017,LIME-style,3,0.3333333333333333,0.5,0.1867654168989334,19,24
2955,R0017,SHAP-style,3,0.3333333333333333,1.0,-0.15803227583755905,19,24
7315,R0007,LIME-style,4,0.0,0.75,0.0,37,37
7315,R0007,SHAP-style,4,0.0,0.75,0.0,37,37
685,R0019,LIME-style,4,0.5,0.5,0.18029902922112614,35,47
685,R0019,SHAP-style,4,0.5,0.5,0.15454202504667952,35,47
5945,R0052,LIME-style,4,0.0,0.25,-0.2575700417444659,42,42
5945,R0052,SHAP-style,4,0.0,0.5,-0.2318130375700193,42,42
1283,R0022,LIME-style,4,0.25,0.5,0.15454202504667952,49,17
1283,R0022,SHAP-style,4,0.25,0.5,0.2575700417444659,49,17
55,R0034,LIME-style,4,0.25,0.6666666666666666,0.05151400834889318,30,39
55,R0034,SHAP-style,4,0.25,0.6666666666666666,0.12878502087223295,30,39
93,R0018,LIME-style,2,0.5,1.0,0.37480645160001,13,41
93,R0018,SHAP-style,2,0.5,0.5,0.5110997067272866,13,41
3297,R0008,LIME-style,4,0.0,0.3333333333333333,-0.4893830793144852,28,28
3297,R0008,SHAP-style,4,0.25,1.0,-0.12878502087223295,28,28
5220,R0036,LIME-style,4,0.25,0.25,-0.10302801669778636,42,42
5220,R0036,SHAP-style,4,0.5,0.75,0.18029902922112614,42,42
1962,R0005,LIME-style,5,0.2,0.3333333333333333,-0.15539822010288762,12,12
1962,R0005,SHAP-style,5,0.2,0.0,-0.059768546193418315,12,12
4156,R0044,LIME-style,4,0.0,0.5,-0.437869070965592,22,41
4156,R0044,SHAP-style,4,0.25,0.5,-0.18029902922112614,22,41
5024,R0021,LIME-style,4,0.5,0.75,0.566654091837825,6,6
5024,R0021,SHAP-style,4,0.75,1.0,0.6181681001867181,6,6
4501,R0025,LIME-style,4,0.5,0.75,0.2318130375700193,14,40
4501,R0025,SHAP-style,4,0.75,0.5,0.5924110960122716,14,40
5067,R0011,LIME-style,3,0.0,1.0,-0.3304311222058053,42,42
5067,R0011,SHAP-style,3,0.0,0.6666666666666666,-0.04309971159206155,42,42
629,R0021,LIME-style,4,0.75,0.75,0.6181681001867181,6,6
629,R0021,SHAP-style,4,0.25,1.0,0.15454202504667952,6,6
7210,R0036,LIME-style,4,0.25,0.25,-0.12878502087223295,42,5
7210,R0036,SHAP-style,4,0.5,0.75,0.437869070965592,42,5
5459,R0028,LIME-style,4,0.0,0.6666666666666666,-0.30908405009335904,44,1
5459,R0028,SHAP-style,4,0.0,0.6666666666666666,-0.12878502087223295,44,1
6864,R0025,LIME-style,4,0.0,0.5,-0.4893830793144852,42,42
6864,R0025,SHAP-style,4,0.25,0.75,0.15454202504667952,42,42
5123,R0004,LIME-style,5,0.4,0.5,0.15539822010288762,37,37
5123,R0004,SHAP-style,5,0.2,0.25,-0.03586112771605099,37,37
6929,R0014,LIME-style,2,0.0,0.5,0.23851319647273372,23,23
6929,R0014,SHAP-style,2,0.0,0.5,0.1703665689090955,23,23
3202,R0015,LIME-style,4,0.25,0.5,0.2060560333955727,22,22
3202,R0015,SHAP-style,4,0.25,0.5,0.30908405009335904,22,22
559,R0048,LIME-style,4,0.25,0.6666666666666666,0.02575700417444659,36,41
559,R0048,SHAP-style,4,0.5,0.6666666666666666,0.30908405009335904,36,41
415,R0036,LIME-style,4,0.5,0.75,0.05151400834889318,38,10
415,R0036,SHAP-style,4,0.5,0.75,0.2575700417444659,38,10
5946,R0015,LIME-style,4,0.5,0.5,0.2575700417444659,22,22
5946,R0015,SHAP-style,4,0.25,0.5,-0.05151400834889318,22,22
2294,R0034,LIME-style,4,0.25,1.0,-0.07727101252333976,6,6
2294,R0034,SHAP-style,4,0.25,0.3333333333333333,-0.12878502087223295,6,6
3095,R0020,LIME-style,6,0.16666666666666666,0.6666666666666666,-0.11357771260606365,26,25
3095,R0020,SHAP-style,6,0.16666666666666666,0.5,0.06814662756363819,26,25
1688,R0034,LIME-style,4,0.0,0.6666666666666666,-0.2318130375700193,39,39
1688,R0034,SHAP-style,4,0.25,0.6666666666666666,-0.05151400834889318,39,39
5963,R0038,LIME-style,4,0.0,1.0,-0.2060560333955727,37,37
5963,R0038,SHAP-style,4,0.25,0.3333333333333333,0.12878502087223295,37,37
6855,R0009,LIME-style,2,0.5,1.0,0.30665982403637193,30,30
6855,R0009,SHAP-style,2,0.0,1.0,0.4088797653818292,30,30
140,R0034,LIME-style,4,0.25,0.3333333333333333,0.12878502087223295,22,39
140,R0034,SHAP-style,4,0.0,0.3333333333333333,-0.07727101252333976,22,39
1750,R0044,LIME-style,4,0.0,0.5,-0.38635506261669883,22,41
1750,R0044,SHAP-style,4,0.25,0.5,-0.05151400834889318,22,41
7387,R0027,LIME-style,4,0.0,0.5,-0.4893830793144852,21,21
7387,R0027,SHAP-style,4,0.0,0.5,-0.2575700417444659,21,21
1108,R0025,LIME-style,4,0.0,0.5,-0.4636260751400386,42,42
1108,R0025,SHAP-style,4,0.25,0.75,-0.05151400834889318,42,42
7234,R0012,LIME-style,4,0.5,0.6666666666666666,0.05151400834889318,4,4
7234,R0012,SHAP-style,4,0.5,0.0,0.18029902922112614,4,4
592,R0029,LIME-style,4,0.0,0.6666666666666666,-0.15454202504667952,48,20
592,R0029,SHAP-style,4,0.25,0.6666666666666666,0.2833270459189125,48,20
4850,R0011,LIME-style,3,0.0,0.0,-0.6464956738809234,44,1
4850,R0011,SHAP-style,3,0.0,0.6666666666666666,-0.4740968275126771,44,1
6107,R0044,LIME-style,4,0.0,0.5,-0.2318130375700193,39,22
6107,R0044,SHAP-style,4,0.25,0.5,-0.05151400834889318,39,22
2184,R0013,LIME-style,4,0.5,0.6666666666666666,0.437869070965592,26,26
2184,R0013,SHAP-style,4,0.5,0.6666666666666666,0.5408970876633784,26,26
6297,R0020,LIME-style,6,0.5,0.5,0.0,28,25
6297,R0020,SHAP-style,6,0.5,0.6666666666666666,0.2953020527757655,28,25
5752,R0046,LIME-style,4,0.25,0.3333333333333333,-0.2060560333955727,17,46
5752,R0046,SHAP-style,4,0.25,0.3333333333333333,-0.10302801669778636,17,46
4162,R0021,LIME-style,4,0.5,0.75,0.5408970876633784,6,6
4162,R0021,SHAP-style,4,1.0,1.0,0.7211961168845046,6,6
4962,R0027,LIME-style,4,0.25,0.75,0.05151400834889318,4,45
4962,R0027,SHAP-style,4,0.5,0.25,0.2060560333955727,4,45
354,R0034,LIME-style,4,0.25,1.0,-0.15454202504667952,6,39
354,R0034,SHAP-style,4,0.25,0.3333333333333333,-0.18029902922112614,6,39
5042,R0009,LIME-style,2,0.5,1.0,0.30665982403637193,30,30
5042,R0009,SHAP-style,2,0.0,1.0,0.2044398826909146,30,30
85,R0027,LIME-style,4,0.25,0.0,-0.12878502087223295,28,33
85,R0027,SHAP-style,4,0.0,0.75,-0.15454202504667952,28,33
1034,R0043,LIME-style,4,0.25,0.0,-0.05151400834889318,28,10
1034,R0043,SHAP-style,4,0.0,0.75,0.02575700417444659,28,10
5330,R0027,LIME-style,4,0.25,0.5,0.12878502087223295,6,31
5330,R0027,SHAP-style,4,0.5,0.5,0.38635506261669883,6,31
3965,R0036,LIME-style,4,0.5,0.5,0.2318130375700193,4,10
3965,R0036,SHAP-style,4,0.75,0.5,0.4893830793144852,4,10
3350,R0029,LIME-style,4,0.25,0.3333333333333333,-0.05151400834889318,27,27
3350,R0029,SHAP-style,4,0.25,0.6666666666666666,-0.05151400834889318,27,27
1866,R0035,LIME-style,4,0.0,0.3333333333333333,-0.30908405009335904,21,21
1866,R0035,SHAP-style,4,0.0,0.3333333333333333,-0.2060560333955727,21,21
5713,R0026,LIME-style,4,0.5,0.5,0.4121120667911454,12,12
5713,R0026,SHAP-style,4,0.75,0.5,0.6439251043611647,12,12
546,R0044,LIME-style,4,0.0,0.25,-0.02575700417444659,26,26
546,R0044,SHAP-style,4,0.0,0.75,-0.02575700417444659,26,26
3174,R0034,LIME-style,4,0.0,0.6666666666666666,-0.2318130375700193,39,0
3174,R0034,SHAP-style,4,0.25,0.6666666666666666,-0.05151400834889318,39,0
7158,R0041,LIME-style,4,0.25,0.5,-0.02575700417444659,28,28
7158,R0041,SHAP-style,4,0.5,0.75,0.4893830793144852,28,28
3409,R0026,LIME-style,4,0.5,0.5,0.3605980584422523,12,12
3409,R0026,SHAP-style,4,0.75,0.5,0.566654091837825,12,12
3285,R0053,LIME-style,4,0.0,0.5,-0.33484105426780564,38,38
3285,R0053,SHAP-style,4,0.0,0.5,-0.30908405009335904,38,38
4565,R0036,LIME-style,4,0.5,0.75,-0.02575700417444659,38,38
4565,R0036,SHAP-style,4,0.5,0.75,0.2318130375700193,38,38
1487,R0022,LIME-style,4,0.25,0.75,0.10302801669778636,49,49
1487,R0022,SHAP-style,4,0.25,0.5,0.2318130375700193,49,49
5644,R0009,LIME-style,2,0.5,1.0,0.2044398826909146,30,30
5644,R0009,SHAP-style,2,0.0,1.0,0.4088797653818292,30,30
704,R0029,LIME-style,4,0.0,0.6666666666666666,-0.2833270459189125,18,18
704,R0029,SHAP-style,4,0.5,0.6666666666666666,0.2060560333955727,18,18
492,R0014,LIME-style,2,0.5,1.0,0.13629325512727639,44,44
492,R0014,SHAP-style,2,0.5,1.0,0.23851319647273372,44,44
4511,R0009,LIME-style,2,0.5,1.0,0.27258651025455277,30,30
4511,R0009,SHAP-style,2,0.5,1.0,0.27258651025455277,30,30
1700,R0009,LIME-style,2,0.5,1.0,0.30665982403637193,30,30
1700,R0009,SHAP-style,2,0.5,1.0,0.4429530791636483,30,30
509,R0030,LIME-style,4,0.25,0.3333333333333333,0.12878502087223295,22,22
509,R0030,SHAP-style,4,0.0,0.6666666666666666,-0.12878502087223295,22,22
1086,R0015,LIME-style,4,0.5,0.5,0.2575700417444659,22,22
1086,R0015,SHAP-style,4,0.0,0.5,-0.05151400834889318,22,22
4703,R0020,LIME-style,6,0.5,0.5,0.0,28,25
4703,R0020,SHAP-style,6,0.5,0.6666666666666666,0.18172434016970188,28,25
5210,R0015,LIME-style,4,0.25,0.5,0.2833270459189125,22,22
5210,R0015,SHAP-style,4,0.0,0.5,-0.10302801669778636,22,22
6526,R0052,LIME-style,4,0.0,0.75,-0.2318130375700193,22,39
6526,R0052,SHAP-style,4,0.0,0.5,-0.2833270459189125,22,39
2776,R0007,LIME-style,4,0.25,0.25,0.0,18,7
2776,R0007,SHAP-style,4,0.25,0.25,-0.05151400834889318,18,7
7364,R0023,LIME-style,4,0.5,1.0,0.4636260751400386,19,24
7364,R0023,SHAP-style,4,0.5,0.6666666666666666,0.5151400834889318,19,24
917,R0022,LIME-style,4,0.75,0.75,0.566654091837825,17,17
917,R0022,SHAP-style,4,0.75,0.75,0.6954391127100579,17,17
6754,R0001,LIME-style,4,0.0,0.5,-0.4121120667911454,12,12
6754,R0001,SHAP-style,4,0.25,0.25,0.12878502087223295,12,12
2085,R0029,LIME-style,4,0.0,0.0,-0.2833270459189125,13,36
2085,R0029,SHAP-style,4,0.0,0.6666666666666666,-0.18029902922112614,13,36
3999,R0021,LIME-style,4,0.5,0.5,0.33484105426780564,48,48
3999,R0021,SHAP-style,4,0.5,1.0,0.2833270459189125,48,48
1202,R0015,LIME-style,4,0.25,0.5,0.2060560333955727,22,22
1202,R0015,SHAP-style,4,0.0,0.5,-0.2575700417444659,22,22
2266,R0048,LIME-style,4,0.25,0.6666666666666666,0.02575700417444659,19,24
2266,R0048,SHAP-style,4,0.25,0.3333333333333333,0.12878502087223295,19,24
64,R0034,LIME-style,4,0.25,0.6666666666666666,0.05151400834889318,30,32
64,R0034,SHAP-style,4,0.25,0.6666666666666666,-0.02575700417444659,30,32
5805,R0015,LIME-style,4,0.5,0.5,0.30908405009335904,22,22
5805,R0015,SHAP-style,4,0.25,0.5,-0.07727101252333976,22,22
5808,R0021,LIME-style,4,0.5,0.75,0.5408970876633784,6,6
5808,R0021,SHAP-style,4,1.0,1.0,0.7211961168845046,6,6
5404,R0053,LIME-style,4,0.5,0.5,0.12878502087223295,35,31
5404,R0053,SHAP-style,4,0.5,0.5,0.10302801669778636,35,31
3300,R0028,LIME-style,4,0.25,0.3333333333333333,0.0,1,1
3300,R0028,SHAP-style,4,0.25,0.6666666666666666,0.02575700417444659,1,1
286,R0038,LIME-style,4,0.0,0.0,-0.2060560333955727,6,0
286,R0038,SHAP-style,4,0.0,0.6666666666666666,0.02575700417444659,6,0
4780,R0027,LIME-style,4,0.0,0.5,0.2060560333955727,6,31
4780,R0027,SHAP-style,4,0.25,0.5,0.2833270459189125,6,31
3546,R0027,LIME-style,4,0.25,0.0,-0.2060560333955727,26,32
3546,R0027,SHAP-style,4,0.0,0.5,-0.38635506261669883,26,32
2400,R0013,LIME-style,4,0.5,0.6666666666666666,0.4893830793144852,26,26
2400,R0013,SHAP-style,4,0.25,0.6666666666666666,0.4121120667911454,26,26
3545,R0046,LIME-style,4,0.25,0.6666666666666666,-0.07727101252333976,17,13
3545,R0046,SHAP-style,4,0.25,0.3333333333333333,-0.02575700417444659,17,13
1983,R0022,LIME-style,4,0.25,0.5,0.10302801669778636,49,49
1983,R0022,SHAP-style,4,0.25,0.5,0.2060560333955727,49,49
6036,R0036,LIME-style,4,0.5,0.75,0.05151400834889318,38,38
6036,R0036,SHAP-style,4,0.5,0.75,0.2060560333955727,38,38
1964,R0035,LIME-style,4,0.0,0.3333333333333333,-0.33484105426780564,35,47
1964,R0035,SHAP-style,4,0.25,0.0,-0.33484105426780564,35,47
958,R0026,LIME-style,4,0.5,0.5,0.437869070965592,12,12
958,R0026,SHAP-style,4,0.5,0.5,0.4636260751400386,12,12
5864,R0017,LIME-style,3,0.3333333333333333,0.5,0.21549855796030778,19,24
5864,R0017,SHAP-style,3,0.3333333333333333,0.5,0.1867654168989334,19,24
2320,R0046,LIME-style,4,0.25,0.3333333333333333,-0.15454202504667952,28,29
2320,R0046,SHAP-style,4,0.0,1.0,-0.10302801669778636,28,29
6337,R0028,LIME-style,4,0.0,0.3333333333333333,-0.3605980584422523,38,38
6337,R0028,SHAP-style,4,0.0,0.6666666666666666,-0.33484105426780564,38,38
393,R0009,LIME-style,2,0.5,1.0,0.340733137818191,30,30
393,R0009,SHAP-style,2,0.5,1.0,0.30665982403637193,30,30
796,R0028,LIME-style,4,0.25,0.6666666666666666,-0.12878502087223295,1,1
796,R0028,SHAP-style,4,0.5,0.6666666666666666,0.15454202504667952,1,1
3407,R0012,LIME-style,4,0.5,1.0,0.05151400834889318,4,4
3407,R0012,SHAP-style,4,0.25,0.3333333333333333,-0.05151400834889318,4,4
930,R0020,LIME-style,6,0.5,0.5,-0.022715542521212734,28,25
930,R0020,SHAP-style,6,0.5,0.6666666666666666,0.18172434016970188,28,25
5767,R0041,LIME-style,4,0.25,0.5,0.12878502087223295,28,28
5767,R0041,SHAP-style,4,0.5,0.75,0.4121120667911454,28,28
6995,R0034,LIME-style,4,0.25,1.0,-0.12878502087223295,6,48
6995,R0034,SHAP-style,4,0.25,0.3333333333333333,0.0,6,48
5687,R0004,LIME-style,5,0.4,0.5,0.10758338314815298,37,37
5687,R0004,SHAP-style,5,0.2,0.5,-0.08367596467078565,37,37
4469,R0035,LIME-style,4,0.0,0.3333333333333333,-0.2833270459189125,35,35
4469,R0035,SHAP-style,4,0.0,0.3333333333333333,-0.437869070965592,35,35
3477,R0029,LIME-style,4,0.0,0.6666666666666666,-0.2833270459189125,18,18
3477,R0029,SHAP-style,4,0.25,0.6666666666666666,0.0,18,18
2910,R0052,LIME-style,4,0.0,0.5,-0.05151400834889318,30,39
2910,R0052,SHAP-style,4,0.0,0.75,-0.15454202504667952,30,39
5386,R0028,LIME-style,4,0.0,0.3333333333333333,-0.38635506261669883,35,35
5386,R0028,SHAP-style,4,0.0,0.3333333333333333,-0.2060560333955727,35,35
6948,R0012,LIME-style,4,0.5,0.6666666666666666,0.12878502087223295,4,4
6948,R0012,SHAP-style,4,0.25,0.3333333333333333,0.07727101252333976,4,4
6987,R0031,LIME-style,4,0.0,0.6666666666666666,-0.02575700417444659,35,43
6987,R0031,SHAP-style,4,0.0,0.6666666666666666,-0.07727101252333976,35,43
5380,R0025,LIME-style,4,0.0,0.5,-0.5408970876633784,42,42
5380,R0025,SHAP-style,4,0.25,0.75,0.02575700417444659,42,42
1221,R0036,LIME-style,4,0.5,0.75,-0.02575700417444659,38,38
1221,R0036,SHAP-style,4,0.5,0.75,0.30908405009335904,38,38
5524,R0011,LIME-style,3,0.0,1.0,-0.387897404328554,42,42
5524,R0011,SHAP-style,3,0.3333333333333333,0.6666666666666666,-0.12929913477618465,42,42
1331,R0015,LIME-style,4,0.0,0.5,-0.3605980584422523,17,3
1331,R0015,SHAP-style,4,0.0,0.5,-0.4121120667911454,17,3
125,R0009,LIME-style,2,0.0,0.0,-0.034073313781819096,12,12
125,R0009,SHAP-style,2,0.0,0.0,0.27258651025455277,12,12
3722,R0021,LIME-style,4,0.25,0.25,-0.18029902922112614,49,29
3722,R0021,SHAP-style,4,0.0,0.5,-0.2575700417444659,49,29
3951,R0021,LIME-style,4,0.5,0.75,0.566654091837825,6,6
3951,R0021,SHAP-style,4,0.75,1.0,0.437869070965592,6,6
6156,R0008,LIME-style,4,0.0,0.3333333333333333,-0.38635506261669883,28,28
6156,R0008,SHAP-style,4,0.25,1.0,-0.07727101252333976,28,28
7418,R0009,LIME-style,2,0.5,1.0,0.340733137818191,30,30
7418,R0009,SHAP-style,2,0.5,1.0,0.4429530791636483,30,30
4155,R0038,LIME-style,4,0.0,0.3333333333333333,-0.4893830793144852,39,15
4155,R0038,SHAP-style,4,0.0,0.3333333333333333,-0.5408970876633784,39,15
5476,R0030,LIME-style,4,0.25,0.3333333333333333,0.12878502087223295,22,22
5476,R0030,SHAP-style,4,0.25,0.3333333333333333,0.437869070965592,22,22
6769,R0020,LIME-style,6,0.3333333333333333,0.5,-0.04543108504242547,28,28
6769,R0020,SHAP-style,6,0.3333333333333333,0.6666666666666666,0.09086217008485094,28,28
6539,R0036,LIME-style,4,0.5,0.75,0.0,38,38
6539,R0036,SHAP-style,4,0.5,0.75,0.12878502087223295,38,38
1111,R0015,LIME-style,4,0.0,0.0,-0.2060560333955727,44,23
1111,R0015,SHAP-style,4,0.0,0.5,-0.5924110960122716,44,23
3049,R0036,LIME-style,4,0.0,0.75,-0.6181681001867181,7,5
3049,R0036,SHAP-style,4,0.0,0.75,-0.02575700417444659,7,5
747,R0044,LIME-style,4,0.0,0.5,-0.3605980584422523,22,22
747,R0044,SHAP-style,4,0.25,0.25,-0.3605980584422523,22,22
2388,R0017,LIME-style,3,0.0,1.0,-0.12929913477618465,24,16
2388,R0017,SHAP-style,3,0.0,0.5,0.24423169902168215,24,16
5185,R0025,LIME-style,4,0.25,0.25,0.15454202504667952,30,14
5185,R0025,SHAP-style,4,0.25,0.5,0.38635506261669883,30,14
2961,R0020,LIME-style,6,0.3333333333333333,0.5,-0.06814662756363819,28,33
2961,R0020,SHAP-style,6,0.5,0.6666666666666666,0.18172434016970188,28,33
7091,R0021,LIME-style,4,0.5,0.75,0.5408970876633784,6,39
7091,R0021,SHAP-style,4,0.75,1.0,0.566654091837825,6,39
2279,R0028,LIME-style,4,0.0,0.3333333333333333,-0.10302801669778636,44,44
2279,R0028,SHAP-style,4,0.0,0.6666666666666666,-0.12878502087223295,44,44
5379,R0043,LIME-style,4,0.0,0.5,-0.3605980584422523,38,38
5379,R0043,SHAP-style,4,0.0,0.5,-0.2833270459189125,38,38
2686,R0009,LIME-style,2,0.5,1.0,0.30665982403637193,30,30
2686,R0009,SHAP-style,2,0.0,1.0,0.30665982403637193,30,30
5098,R0016,LIME-style,3,0.0,0.3333333333333333,0.2729648400830565,13,46
5098,R0016,SHAP-style,3,0.0,0.0,0.35916426326717965,13,46
1890,R0018,LIME-style,2,0.5,1.0,0.340733137818191,13,13
1890,R0018,SHAP-style,2,0.5,0.5,0.47702639294546745,13,13
3692,R0021,LIME-style,4,0.5,0.75,0.5408970876633784,6,6
3692,R0021,SHAP-style,4,1.0,1.0,0.7211961168845046,6,6
4224,R0052,LIME-style,4,0.25,0.75,-0.10302801669778636,48,36
4224,R0052,SHAP-style,4,0.25,0.5,-0.2060560333955727,48,36
636,R0021,LIME-style,4,0.25,0.75,0.2318130375700193,18,18
636,R0021,SHAP-style,4,0.25,0.5,0.15454202504667952,18,18
5618,R0026,LIME-style,4,0.5,0.75,0.2575700417444659,30,30
5618,R0026,SHAP-style,4,0.5,1.0,0.33484105426780564,30,30
1621,R0021,LIME-style,4,0.5,0.75,0.5408970876633784,6,6
1621,R0021,SHAP-style,4,1.0,1.0,0.7211961168845046,6,6
4352,R0006,LIME-style,5,0.2,1.0,-0.17930563858025497,44,38
4352,R0006,SHAP-style,5,0.4,1.0,0.1314908016255203,44,38
3987,R0022,LIME-style,4,1.0,0.75,0.7211961168845046,17,49
3987,R0022,SHAP-style,4,0.75,0.75,0.6954391127100579,17,49
6218,R0029,LIME-style,4,0.5,0.6666666666666666,0.5151400834889318,22,27
6218,R0029,SHAP-style,4,0.75,0.0,0.5408970876633784,22,27
214,R0034,LIME-style,4,0.0,0.6666666666666666,-0.18029902922112614,39,0
214,R0034,SHAP-style,4,0.25,0.6666666666666666,-0.05151400834889318,39,0
3222,R0027,LIME-style,4,0.0,0.75,-0.4893830793144852,21,21
3222,R0027,SHAP-style,4,0.0,0.25,-0.33484105426780564,21,21
3924,R0045,LIME-style,4,0.5,1.0,0.30908405009335904,17,17
3924,R0045,SHAP-style,4,0.5,1.0,0.6181681001867181,17,17
4407,R0029,LIME-style,4,0.0,0.6666666666666666,-0.2575700417444659,18,18
4407,R0029,SHAP-style,4,0.25,0.6666666666666666,0.12878502087223295,18,18
4680,R0029,LIME-style,4,0.0,0.0,-0.18029902922112614,13,48
4680,R0029,SHAP-style,4,0.0,0.6666666666666666,0.10302801669778636,13,48
5517,R0021,LIME-style,4,0.5,0.75,0.5408970876633784,6,6
5517,R0021,SHAP-style,4,1.0,1.0,0.7211961168845046,6,6
1746,R0014,LIME-style,2,0.5,0.5,0.30665982403637193,35,44
1746,R0014,SHAP-style,2,0.0,0.0,0.06814662756363819,35,44
7176,R0017,LIME-style,3,0.3333333333333333,0.5,0.1867654168989334,19,19
7176,R0017,SHAP-style,3,0.3333333333333333,0.5,-0.12929913477618465,19,19
6091,R0046,LIME-style,4,0.0,0.3333333333333333,-0.33484105426780564,13,13
6091,R0046,SHAP-style,4,0.0,0.3333333333333333,-0.33484105426780564,13,13
1567,R0027,LIME-style,4,0.25,1.0,-0.33484105426780564,7,45
1567,R0027,SHAP-style,4,0.0,0.75,-0.10302801669778636,7,45
1209,R0014,LIME-style,2,0.5,0.5,0.034073313781819096,44,44
1209,R0014,SHAP-style,2,0.0,1.0,0.2044398826909146,44,44
2246,R0036,LIME-style,4,0.5,0.5,0.2318130375700193,4,47
2246,R0036,SHAP-style,4,0.75,0.5,0.5924110960122716,4,47
1701,R0034,LIME-style,4,0.75,0.3333333333333333,0.5151400834889318,48,20
1701,R0034,SHAP-style,4,0.75,0.6666666666666666,0.4121120667911454,48,20
31,R0044,LIME-style,4,0.25,0.75,-0.02575700417444659,38,38
31,R0044,SHAP-style,4,0.25,0.25,-0.10302801669778636,38,38
6190,R0004,LIME-style,5,0.4,0.5,0.1314908016255203,37,37
6190,R0004,SHAP-style,5,0.2,0.5,-0.2271204755349896,37,37
3858,R0034,LIME-style,4,0.25,0.6666666666666666,-0.07727101252333976,38,48
3858,R0034,SHAP-style,4,0.0,0.3333333333333333,0.05151400834889318,38,48
2667,R0028,LIME-style,4,0.25,0.0,-0.07727101252333976,28,33
2667,R0028,SHAP-style,4,0.25,1.0,0.15454202504667952,28,33
5544,R0036,LIME-style,4,0.5,0.5,0.4636260751400386,14,5
5544,R0036,SHAP-style,4,1.0,0.5,0.7211961168845046,14,5
7245,R0041,LIME-style,4,0.25,0.5,0.15454202504667952,28,26
7245,R0041,SHAP-style,4,0.5,0.75,0.4121120667911454,28,26
3955,R0009,LIME-style,2,0.5,1.0,0.27258651025455277,30,30
3955,R0009,SHAP-style,2,0.5,1.0,0.4429530791636483,30,30
2044,R0027,LIME-style,4,0.0,1.0,-0.02575700417444659,45,45
2044,R0027,SHAP-style,4,0.25,0.5,0.2060560333955727,45,45
1861,R0008,LIME-style,4,0.0,0.3333333333333333,-0.437869070965592,28,28
1861,R0008,SHAP-style,4,0.25,1.0,-0.07727101252333976,28,28
3532,R0021,LIME-style,4,0.5,0.75,0.5408970876633784,6,6
3532,R0021,SHAP-style,4,1.0,1.0,0.7211961168845046,6,6
5615,R0029,LIME-style,4,0.0,0.0,-0.15454202504667952,13,13
5615,R0029,SHAP-style,4,0.25,0.6666666666666666,0.07727101252333976,13,13
1182,R0006,LIME-style,5,0.8,1.0,0.6335465896502342,38,38
1182,R0006,SHAP-style,5,0.8,1.0,0.6813614266049689,38,38
5001,R0044,LIME-style,4,0.25,0.5,-0.05151400834889318,28,28
5001,R0044,SHAP-style,4,0.0,0.5,-0.07727101252333976,28,28
3601,R0028,LIME-style,4,0.25,0.3333333333333333,-0.12878502087223295,1,1
3601,R0028,SHAP-style,4,0.25,0.6666666666666666,0.02575700417444659,1,1
121,R0034,LIME-style,4,0.75,0.3333333333333333,0.4893830793144852,4,4
121,R0034,SHAP-style,4,0.5,0.6666666666666666,0.4121120667911454,4,4
7198,R0004,LIME-style,5,0.4,0.5,0.10758338314815298,37,37
7198,R0004,SHAP-style,5,0.2,0.25,-0.15539822010288762,37,37
2006,R0013,LIME-style,4,0.5,0.6666666666666666,0.4893830793144852,26,26
2006,R0013,SHAP-style,4,0.5,0.6666666666666666,0.4893830793144852,26,26
5691,R0044,LIME-style,4,0.5,0.75,0.10302801669778636,18,41
5691,R0044,SHAP-style,4,0.0,0.5,-0.10302801669778636,18,41
4846,R0004,LIME-style,5,0.4,0.5,0.10758338314815298,37,37
4846,R0004,SHAP-style,5,0.2,0.25,-0.10758338314815298,37,37
4067,R0017,LIME-style,3,0.3333333333333333,0.5,0.15803227583755905,19,24
4067,R0017,SHAP-style,3,0.3333333333333333,1.0,0.04309971159206155,19,24
709,R0009,LIME-style,2,0.5,1.0,0.340733137818191,30,30
709,R0009,SHAP-style,2,0.0,1.0,0.37480645160001,30,30
3126,R0007,LIME-style,4,0.0,0.75,-0.05151400834889318,37,37
3126,R0007,SHAP-style,4,0.25,0.5,0.18029902922112614,37,37
4907,R0027,LIME-style,4,0.25,0.75,-0.30908405009335904,7,45
4907,R0027,SHAP-style,4,0.25,0.75,-0.05151400834889318,7,45
4859,R0048,LIME-style,4,0.25,0.6666666666666666,0.10302801669778636,22,41
4859,R0048,SHAP-style,4,0.5,0.3333333333333333,0.5151400834889318,22,41
2586,R0044,LIME-style,4,0.25,0.25,-0.33484105426780564,6,20
2586,R0044,SHAP-style,4,0.0,0.75,-0.33484105426780564,6,20
3026,R0026,LIME-style,4,0.5,0.75,0.2318130375700193,30,30
3026,R0026,SHAP-style,4,0.25,0.5,0.05151400834889318,30,30
1814,R0046,LIME-style,4,0.0,1.0,-0.33484105426780564,23,46
1814,R0046,SHAP-style,4,0.25,0.6666666666666666,-0.12878502087223295,23,46
7296,R0021,LIME-style,4,0.25,0.75,0.2575700417444659,18,18
7296,R0021,SHAP-style,4,0.5,0.25,0.3605980584422523,18,18
6214,R0028,LIME-style,4,0.25,0.3333333333333333,-0.15454202504667952,49,7
6214,R0028,SHAP-style,4,0.25,0.6666666666666666,0.10302801669778636,49,7
7462,R0036,LIME-style,4,0.25,0.5,-0.15454202504667952,30,5
7462,R0036,SHAP-style,4,0.5,0.5,0.2060560333955727,30,5
5545,R0009,LIME-style,2,0.0,1.0,-0.1022199413454573,37,37
5545,R0009,SHAP-style,2,0.0,1.0,-0.13629325512727639,37,37
6299,R0038,LIME-style,4,0.0,1.0,0.18029902922112614,22,48
6299,R0038,SHAP-style,4,0.5,0.3333333333333333,0.30908405009335904,22,48
3182,R0034,LIME-style,4,0.25,1.0,-0.12878502087223295,6,6
3182,R0034,SHAP-style,4,0.25,0.3333333333333333,-0.07727101252333976,6,6
3979,R0009,LIME-style,2,0.0,1.0,-0.13629325512727639,37,37
3979,R0009,SHAP-style,2,0.0,1.0,-0.06814662756363819,37,37
6395,R0013,LIME-style,4,0.5,0.6666666666666666,0.4893830793144852,26,26
6395,R0013,SHAP-style,4,0.5,0.6666666666666666,0.437869070965592,26,26
498,R0021,LIME-style,4,0.5,0.75,0.566654091837825,6,6
498,R0021,SHAP-style,4,0.75,1.0,0.6954391127100579,6,6
4663,R0019,LIME-style,4,0.5,0.5,0.12878502087223295,35,35
4663,R0019,SHAP-style,4,0.5,0.5,0.2833270459189125,35,35
2462,R0027,LIME-style,4,0.25,0.5,0.05151400834889318,4,45
2462,R0027,SHAP-style,4,0.25,0.25,0.07727101252333976,4,45
5072,R0041,LIME-style,4,0.0,0.5,0.15454202504667952,28,28
5072,R0041,SHAP-style,4,0.5,0.75,0.3605980584422523,28,28
6805,R0009,LIME-style,2,0.5,1.0,0.30665982403637193,30,30
6805,R0009,SHAP-style,2,0.5,1.0,0.4429530791636483,30,30
117,R0028,LIME-style,4,0.25,0.6666666666666666,-0.07727101252333976,1,1
117,R0028,SHAP-style,4,0.0,0.3333333333333333,-0.2318130375700193,1,1
3527,R0022,LIME-style,4,0.75,0.75,0.6439251043611647,17,17
3527,R0022,SHAP-style,4,0.75,0.75,0.6954391127100579,17,17
6233,R0034,LIME-style,4,0.25,0.6666666666666666,0.05151400834889318,30,0
6233,R0034,SHAP-style,4,0.25,0.6666666666666666,0.10302801669778636,30,0
262,R0021,LIME-style,4,0.25,0.75,0.2575700417444659,18,20
262,R0021,SHAP-style,4,0.5,0.25,0.4893830793144852,18,20
6189,R0005,LIME-style,5,0.2,0.3333333333333333,-0.2510278940123569,12,12
6189,R0005,SHAP-style,5,0.0,0.3333333333333333,-0.17930563858025497,12,12
385,R0022,LIME-style,4,0.75,0.75,0.6954391127100579,17,17
385,R0022,SHAP-style,4,0.75,0.75,0.6954391127100579,17,17
692,R0001,LIME-style,4,0.0,0.5,-0.3605980584422523,12,12
692,R0001,SHAP-style,4,0.5,0.25,0.12878502087223295,12,12
3226,R0020,LIME-style,6,0.3333333333333333,0.5,-0.022715542521212734,28,25
3226,R0020,SHAP-style,6,0.5,0.6666666666666666,0.2044398826909146,28,25
5149,R0013,LIME-style,4,0.25,0.3333333333333333,0.02575700417444659,28,28
5149,R0013,SHAP-style,4,0.25,1.0,-0.02575700417444659,28,28
5853,R0020,LIME-style,6,0.3333333333333333,0.5,-0.022715542521212734,28,25
5853,R0020,SHAP-style,6,0.5,0.6666666666666666,0.2953020527757655,28,25
1695,R0022,LIME-style,4,0.25,0.5,0.15454202504667952,49,49
1695,R0022,SHAP-style,4,0.25,0.5,0.05151400834889318,49,49
997,R0034,LIME-style,4,0.0,0.6666666666666666,-0.15454202504667952,39,39
997,R0034,SHAP-style,4,0.25,0.6666666666666666,-0.10302801669778636,39,39
5414,R0022,LIME-style,4,0.25,0.75,0.18029902922112614,49,49
5414,R0022,SHAP-style,4,0.25,0.5,0.2833270459189125,49,49
6242,R0003,LIME-style,6,0.5,0.3333333333333333,0.340733137818191,30,0
6242,R0003,SHAP-style,6,0.5,0.3333333333333333,0.340733137818191,30,0
1070,R0053,LIME-style,4,0.0,0.0,-0.02575700417444659,28,28
1070,R0053,SHAP-style,4,0.0,1.0,0.05151400834889318,28,28
608,R0052,LIME-style,4,0.25,0.5,0.33484105426780564,7,7
608,R0052,SHAP-style,4,0.25,0.75,0.38635506261669883,7,7
2784,R0022,LIME-style,4,1.0,0.75,0.7211961168845046,17,17
2784,R0022,SHAP-style,4,1.0,0.75,0.7211961168845046,17,17
1349,R0027,LIME-style,4,0.25,0.75,-0.33484105426780564,7,32
1349,R0027,SHAP-style,4,0.25,0.75,0.0,7,32
660,R0053,LIME-style,4,0.0,0.0,-0.02575700417444659,28,34
660,R0053,SHAP-style,4,0.0,1.0,0.15454202504667952,28,34
3208,R0026,LIME-style,4,0.25,0.5,-0.02575700417444659,14,14
3208,R0026,SHAP-style,4,0.5,0.75,0.30908405009335904,14,14
7330,R0041,LIME-style,4,0.25,0.5,0.18029902922112614,28,26
7330,R0041,SHAP-style,4,0.25,0.75,0.05151400834889318,28,26
4394,R0006,LIME-style,5,0.2,1.0,-0.1314908016255203,44,38
4394,R0006,SHAP-style,5,0.4,1.0,0.15539822010288762,44,38
4428,R0028,LIME-style,4,0.25,0.3333333333333333,-0.07727101252333976,1,1
4428,R0028,SHAP-style,4,0.5,0.6666666666666666,0.15454202504667952,1,1
5101,R0021,LIME-style,4,0.5,0.75,0.566654091837825,6,20
5101,R0021,SHAP-style,4,0.75,1.0,0.6954391127100579,6,20
1809,R0022,LIME-style,4,0.25,0.75,0.12878502087223295,49,17
1809,R0022,SHAP-style,4,0.25,0.5,0.2575700417444659,49,17
553,R0027,LIME-style,4,0.0,0.75,-0.10302801669778636,44,31
553,R0027,SHAP-style,4,0.0,0.75,-0.07727101252333976,44,31
877,R0034,LIME-style,4,0.25,0.6666666666666666,-0.02575700417444659,28,39
877,R0034,SHAP-style,4,0.25,0.3333333333333333,-0.05151400834889318,28,39
1199,R0027,LIME-style,4,0.5,0.75,0.4636260751400386,22,32
1199,R0027,SHAP-style,4,0.5,0.25,0.33484105426780564,22,32
6261,R0015,LIME-style,4,0.25,0.5,0.10302801669778636,22,22
6261,R0015,SHAP-style,4,0.25,0.5,0.12878502087223295,22,22
4198,R0017,LIME-style,3,0.3333333333333333,0.5,0.1867654168989334,19,19
4198,R0017,SHAP-style,3,0.3333333333333333,1.0,0.21549855796030778,19,19
994,R0036,LIME-style,4,0.5,0.75,-0.02575700417444659,38,38
994,R0036,SHAP-style,4,0.5,0.75,0.33484105426780564,38,38
6843,R0046,LIME-style,4,0.5,1.0,0.30908405009335904,19,19
6843,R0046,SHAP-style,4,0.5,0.3333333333333333,0.30908405009335904,19,19
3943,R0025,LIME-style,4,0.25,0.25,0.15454202504667952,30,14
3943,R0025,SHAP-style,4,0.5,0.5,0.3605980584422523,30,14
2144,R0039,LIME-style,4,0.75,0.5,0.3605980584422523,26,26
2144,R0039,SHAP-style,4,0.5,0.75,0.4121120667911454,26,26
5778,R0022,LIME-style,4,0.75,0.75,0.6954391127100579,17,8
5778,R0022,SHAP-style,4,1.0,0.75,0.7211961168845046,17,8
7445,R0027,LIME-style,4,0.25,0.75,-0.33484105426780564,7,45
7445,R0027,SHAP-style,4,0.25,1.0,-0.07727101252333976,7,45
2594,R0052,LIME-style,4,0.0,0.75,-0.38635506261669883,22,31
2594,R0052,SHAP-style,4,0.25,0.5,-0.12878502087223295,22,31
2709,R0038,LIME-style,4,0.25,0.6666666666666666,0.10302801669778636,36,48
2709,R0038,SHAP-style,4,0.5,0.3333333333333333,0.12878502087223295,36,48
3682,R0034,LIME-style,4,0.25,0.6666666666666666,0.05151400834889318,30,39
3682,R0034,SHAP-style,4,0.25,0.6666666666666666,0.07727101252333976,30,39
7007,R0022,LIME-style,4,0.75,0.75,0.566654091837825,17,17
7007,R0022,SHAP-style,4,0.75,0.75,0.6954391127100579,17,17
3322,R0034,LIME-style,4,0.25,0.6666666666666666,0.0,30,30
3322,R0034,SHAP-style,4,0.25,0.6666666666666666,0.10302801669778636,30,30
4983,R0038,LIME-style,4,0.0,1.0,-0.18029902922112614,37,37
4983,R0038,SHAP-style,4,0.0,0.3333333333333333,-0.07727101252333976,37,37
3347,R0038,LIME-style,4,0.0,0.0,-0.2575700417444659,6,0
3347,R0038,SHAP-style,4,0.0,0.6666666666666666,0.07727101252333976,6,0
1128,R0052,LIME-style,4,0.25,0.5,0.30908405009335904,44,42
1128,R0052,SHAP-style,4,0.25,0.5,0.07727101252333976,44,42
5506,R0021,LIME-style,4,0.5,0.75,0.5924110960122716,6,6
5506,R0021,SHAP-style,4,1.0,1.0,0.7211961168845046,6,6
3373,R0020,LIME-style,6,0.3333333333333333,0.5,0.0,28,33
3373,R0020,SHAP-style,6,0.5,0.6666666666666666,0.11357771260606365,28,33
5927,R0022,LIME-style,4,0.25,0.75,0.12878502087223295,49,49
5927,R0022,SHAP-style,4,0.25,0.5,0.2318130375700193,49,49
6818,R0022,LIME-style,4,0.75,0.75,0.6954391127100579,17,17
6818,R0022,SHAP-style,4,0.75,0.75,0.6954391127100579,17,17
4033,R0044,LIME-style,4,0.0,0.5,-0.38635506261669883,22,41
4033,R0044,SHAP-style,4,0.0,0.75,-0.5151400834889318,22,41
2790,R0002,LIME-style,6,0.3333333333333333,0.75,-0.09086217008485094,12,12
2790,R0002,SHAP-style,6,0.5,0.5,0.06814662756363819,12,12
7016,R0048,LIME-style,4,0.25,0.6666666666666666,0.12878502087223295,22,22
7016,R0048,SHAP-style,4,0.5,0.3333333333333333,0.2833270459189125,22,22
3747,R0027,LIME-style,4,0.25,0.75,-0.3605980584422523,7,45
3747,R0027,SHAP-style,4,0.25,0.75,-0.07727101252333976,7,45
993,R0052,LIME-style,4,0.25,0.75,-0.18029902922112614,37,37
993,R0052,SHAP-style,4,0.25,0.5,-0.12878502087223295,37,37
2723,R0015,LIME-style,4,0.5,0.5,0.2833270459189125,22,22
2723,R0015,SHAP-style,4,0.25,0.5,0.3605980584422523,22,22
3791,R0014,LIME-style,2,0.5,1.0,0.23851319647273372,44,44
3791,R0014,SHAP-style,2,0.5,1.0,0.2044398826909146,44,44
1048,R0036,LIME-style,4,0.0,0.75,-0.12878502087223295,45,45
1048,R0036,SHAP-style,4,0.5,0.25,0.2575700417444659,45,45
1925,R0001,LIME-style,4,0.0,0.5,-0.3605980584422523,12,12
1925,R0001,SHAP-style,4,0.5,0.25,0.2318130375700193,12,12
2112,R0008,LIME-style,4,0.0,0.3333333333333333,-0.33484105426780564,28,28
2112,R0008,SHAP-style,4,0.25,1.0,-0.10302801669778636,28,28
902,R0035,LIME-style,4,0.0,0.0,-0.4121120667911454,28,5
902,R0035,SHAP-style,4,0.0,0.6666666666666666,-0.2060560333955727,28,5
4451,R0035,LIME-style,4,0.25,1.0,0.18029902922112614,4,4
4451,R0035,SHAP-style,4,0.5,0.3333333333333333,0.3605980584422523,4,4
5956,R0027,LIME-style,4,0.25,0.0,-0.15454202504667952,28,25
5956,R0027,SHAP-style,4,0.0,0.25,-0.15454202504667952,28,25
6133,R0014,LIME-style,2,0.5,1.0,0.0,44,44
6133,R0014,SHAP-style,2,0.5,1.0,0.27258651025455277,44,44
4231,R0052,LIME-style,4,0.5,0.75,0.2318130375700193,44,41
4231,R0052,SHAP-style,4,0.25,0.25,0.33484105426780564,44,41
5561,R0052,LIME-style,4,0.0,0.5,-0.05151400834889318,30,30
5561,R0052,SHAP-style,4,0.0,0.75,-0.18029902922112614,30,30
3953,R0008,LIME-style,4,0.0,0.3333333333333333,-0.33484105426780564,28,28
3953,R0008,SHAP-style,4,0.25,0.6666666666666666,-0.2575700417444659,28,28
1947,R0048,LIME-style,4,0.0,0.6666666666666666,-0.4893830793144852,18,27
1947,R0048,SHAP-style,4,0.25,0.3333333333333333,-0.05151400834889318,18,27
5790,R0027,LIME-style,4,0.5,0.75,0.38635506261669883,22,7
5790,R0027,SHAP-style,4,0.5,0.25,0.437869070965592,22,7
3745,R0021,LIME-style,4,0.5,0.75,0.5408970876633784,6,6
3745,R0021,SHAP-style,4,1.0,1.0,0.7211961168845046,6,6
4186,R0016,LIME-style,3,0.3333333333333333,0.3333333333333333,0.30169798114443086,6,23
4186,R0016,SHAP-style,3,0.6666666666666666,0.6666666666666666,0.5602962506968003,6,23
1157,R0011,LIME-style,3,0.0,0.6666666666666666,-0.3304311222058053,42,42
1157,R0011,SHAP-style,3,0.3333333333333333,0.6666666666666666,-0.014366570530687184,42,42
5818,R0022,LIME-style,4,0.5,0.5,0.3605980584422523,23,23
5818,R0022,SHAP-style,4,0.25,0.5,0.2833270459189125,23,23
1013,R0027,LIME-style,4,0.25,0.0,-0.15454202504667952,28,45
1013,R0027,SHAP-style,4,0.0,0.5,-0.10302801669778636,28,45
4144,R0021,LIME-style,4,0.5,0.75,0.566654091837825,6,6
4144,R0021,SHAP-style,4,0.75,1.0,0.6954391127100579,6,6
4364,R0022,LIME-style,4,0.75,0.75,0.6181681001867181,17,17
4364,R0022,SHAP-style,4,0.75,0.75,0.6954391127100579,17,17
5520,R0031,LIME-style,4,0.0,0.6666666666666666,-0.38635506261669883,13,29
5520,R0031,SHAP-style,4,0.0,0.0,-0.437869070965592,13,29
3044,R0015,LIME-style,4,0.25,0.5,0.2318130375700193,22,22
3044,R0015,SHAP-style,4,0.25,0.5,-0.07727101252333976,22,22
4411,R0009,LIME-style,2,0.5,1.0,0.30665982403637193,30,30
4411,R0009,SHAP-style,2,0.0,1.0,0.37480645160001,30,30
934,R0021,LIME-style,4,0.5,0.75,0.5408970876633784,6,0
934,R0021,SHAP-style,4,0.75,1.0,0.6954391127100579,6,0
5281,R0007,LIME-style,4,0.0,0.75,0.02575700417444659,37,37
5281,R0007,SHAP-style,4,0.25,0.25,0.2060560333955727,37,37
5662,R0053,LIME-style,4,0.25,0.0,-0.2318130375700193,26,26
5662,R0053,SHAP-style,4,0.25,1.0,-0.12878502087223295,26,26
6037,R0044,LIME-style,4,0.25,0.5,-0.02575700417444659,28,25
6037,R0044,SHAP-style,4,0.0,0.5,-0.07727101252333976,28,25
7030,R0017,LIME-style,3,0.0,0.5,-0.35916426326717965,44,1
7030,R0017,SHAP-style,3,0.0,1.0,-0.35916426326717965,44,1
1493,R0044,LIME-style,4,0.25,0.75,-0.07727101252333976,38,38
1493,R0044,SHAP-style,4,0.25,0.25,-0.12878502087223295,38,38
3578,R0028,LIME-style,4,0.0,0.3333333333333333,-0.10302801669778636,23,9
3578,R0028,SHAP-style,4,0.0,0.3333333333333333,-0.12878502087223295,23,9
6512,R0028,LIME-style,4,0.0,0.6666666666666666,-0.5151400834889318,35,1
6512,R0028,SHAP-style,4,0.0,0.3333333333333333,-0.4121120667911454,35,1
5161,R0048,LIME-style,4,0.0,0.6666666666666666,-0.30908405009335904,13,13
5161,R0048,SHAP-style,4,0.0,0.3333333333333333,-0.07727101252333976,13,13
534,R0041,LIME-style,4,0.25,0.5,0.15454202504667952,28,26
534,R0041,SHAP-style,4,0.5,0.75,0.4636260751400386,28,26
2152,R0020,LIME-style,6,0.3333333333333333,0.6666666666666666,-0.022715542521212734,26,26
2152,R0020,SHAP-style,6,0.16666666666666666,0.6666666666666666,0.06814662756363819,26,26
4854,R0041,LIME-style,4,0.25,0.5,0.18029902922112614,28,28
4854,R0041,SHAP-style,4,0.5,0.75,0.38635506261669883,28,28
5260,R0021,LIME-style,4,0.5,0.75,0.5408970876633784,6,6
5260,R0021,SHAP-style,4,0.75,1.0,0.6439251043611647,6,6
4900,R0052,LIME-style,4,0.25,0.75,-0.07727101252333976,48,41
4900,R0052,SHAP-style,4,0.25,0.5,-0.2318130375700193,48,41
3855,R0022,LIME-style,4,0.75,0.75,0.6954391127100579,17,17
3855,R0022,SHAP-style,4,1.0,0.75,0.7211961168845046,17,17
984,R0035,LIME-style,4,0.25,0.3333333333333333,-0.15454202504667952,7,7
984,R0035,SHAP-style,4,0.0,1.0,-0.02575700417444659,7,7
4740,R0017,LIME-style,3,0.3333333333333333,0.5,0.1867654168989334,19,19
4740,R0017,SHAP-style,3,0.3333333333333333,1.0,0.35916426326717965,19,19
4834,R0036,LIME-style,4,0.0,0.25,-0.2833270459189125,35,3
4834,R0036,SHAP-style,4,0.0,0.5,-0.05151400834889318,35,3
3199,R0004,LIME-style,5,0.4,0.5,0.1314908016255203,37,37
3199,R0004,SHAP-style,5,0.2,0.25,-0.17930563858025497,37,37
4788,R0026,LIME-style,4,0.25,0.75,0.4121120667911454,37,30
4788,R0026,SHAP-style,4,0.25,0.75,0.3605980584422523,37,30
4761,R0038,LIME-style,4,0.0,1.0,-0.2060560333955727,37,37
4761,R0038,SHAP-style,4,0.25,0.3333333333333333,0.05151400834889318,37,37
5857,R0053,LIME-style,4,0.25,0.5,-0.15454202504667952,30,40
5857,R0053,SHAP-style,4,0.25,0.5,0.10302801669778636,30,40
5870,R0023,LIME-style,4,0.5,1.0,0.4893830793144852,19,24
5870,R0023,SHAP-style,4,0.5,0.6666666666666666,0.4121120667911454,19,24
3549,R0036,LIME-style,4,0.25,0.25,-0.2060560333955727,28,5
3549,R0036,SHAP-style,4,0.25,0.75,0.2060560333955727,28,5
6444,R0017,LIME-style,3,0.0,0.5,0.1005659937148103,19,24
6444,R0017,SHAP-style,3,0.3333333333333333,1.0,0.04309971159206155,19,24
4319,R0011,LIME-style,3,0.0,0.6666666666666666,-0.3304311222058053,42,42
4319,R0011,SHAP-style,3,0.3333333333333333,0.6666666666666666,-0.1005659937148103,42,42
4006,R0026,LIME-style,4,0.5,0.5,0.38635506261669883,12,12
4006,R0026,SHAP-style,4,0.5,0.5,0.566654091837825,12,12
4075,R0014,LIME-style,2,0.5,1.0,0.2044398826909146,44,44
4075,R0014,SHAP-style,2,0.5,1.0,0.1022199413454573,44,44
1641,R0022,LIME-style,4,0.75,0.75,0.6954391127100579,17,8
1641,R0022,SHAP-style,4,0.75,0.75,0.6954391127100579,17,8
360,R0022,LIME-style,4,0.75,0.75,0.5924110960122716,17,17
360,R0022,SHAP-style,4,0.75,0.75,0.6954391127100579,17,17
6130,R0021,LIME-style,4,0.5,0.75,0.5408970876633784,6,6
6130,R0021,SHAP-style,4,1.0,1.0,0.7211961168845046,6,6
5954,R0028,LIME-style,4,0.25,0.3333333333333333,-0.05151400834889318,1,1
5954,R0028,SHAP-style,4,0.25,0.6666666666666666,-0.2575700417444659,1,1
6259,R0014,LIME-style,2,0.5,1.0,0.1703665689090955,44,44
6259,R0014,SHAP-style,2,0.5,1.0,0.2044398826909146,44,44
2804,R0022,LIME-style,4,0.75,0.75,0.6696821085356113,17,17
2804,R0022,SHAP-style,4,0.75,0.75,0.6954391127100579,17,17
7108,R0014,LIME-style,2,0.0,0.5,-0.2044398826909146,30,23
7108,R0014,SHAP-style,2,0.0,1.0,-0.27258651025455277,30,23
4692,R0021,LIME-style,4,0.5,0.75,0.566654091837825,6,6
4692,R0021,SHAP-style,4,1.0,1.0,0.7211961168845046,6,6
6665,R0035,LIME-style,4,0.0,0.0,-0.437869070965592,26,26
6665,R0035,SHAP-style,4,0.0,0.6666666666666666,-0.566654091837825,26,26
3562,R0034,LIME-style,4,0.75,0.3333333333333333,0.4893830793144852,4,4
3562,R0034,SHAP-style,4,0.5,0.3333333333333333,0.437869070965592,4,4
5316,R0021,LIME-style,4,0.75,0.25,0.5151400834889318,22,0
5316,R0021,SHAP-style,4,0.75,0.0,0.6181681001867181,22,0
775,R0031,LIME-style,4,0.0,0.0,-0.2833270459189125,17,17
775,R0031,SHAP-style,4,0.0,0.0,-0.4893830793144852,17,17
1236,R0027,LIME-style,4,0.0,0.5,-0.4636260751400386,21,21
1236,R0027,SHAP-style,4,0.25,0.25,-0.12878502087223295,21,21
4060,R0027,LIME-style,4,0.25,0.75,-0.30908405009335904,7,31
4060,R0027,SHAP-style,4,0.25,0.75,-0.18029902922112614,7,31
4433,R0015,LIME-style,4,0.25,0.0,0.12878502087223295,30,0
4433,R0015,SHAP-style,4,0.25,0.5,0.02575700417444659,30,0
3462,R0021,LIME-style,4,0.5,0.75,0.5408970876633784,6,6
3462,R0021,SHAP-style,4,1.0,1.0,0.7211961168845046,6,6
5977,R0017,LIME-style,3,0.3333333333333333,0.5,0.12929913477618465,19,19
5977,R0017,SHAP-style,3,0.3333333333333333,1.0,0.04309971159206155,19,19
3485,R0030,LIME-style,4,0.0,0.6666666666666666,-0.05151400834889318,1,1
3485,R0030,SHAP-style,4,0.25,0.6666666666666666,0.2575700417444659,1,1
6393,R0009,LIME-style,2,0.5,1.0,0.30665982403637193,30,30
6393,R0009,SHAP-style,2,0.5,1.0,0.4429530791636483,30,30
6749,R0025,LIME-style,4,0.5,0.75,0.18029902922112614,14,14
6749,R0025,SHAP-style,4,0.75,0.5,0.4893830793144852,14,14
5441,R0020,LIME-style,6,0.3333333333333333,0.5,0.022715542521212734,28,33
5441,R0020,SHAP-style,6,0.5,0.6666666666666666,0.09086217008485094,28,33
3361,R0034,LIME-style,4,0.25,0.6666666666666666,0.05151400834889318,30,4
3361,R0034,SHAP-style,4,0.25,0.6666666666666666,-0.12878502087223295,30,4
2119,R0018,LIME-style,2,0.0,0.0,-0.2044398826909146,6,46
2119,R0018,SHAP-style,2,0.0,0.5,0.034073313781819096,6,46
3997,R0018,LIME-style,2,0.5,1.0,0.340733137818191,13,13
3997,R0018,SHAP-style,2,0.5,0.5,0.4429530791636483,13,13
5969,R0027,LIME-style,4,0.25,0.0,-0.2060560333955727,12,45
5969,R0027,SHAP-style,4,0.25,0.25,0.18029902922112614,12,45
6988,R0016,LIME-style,3,0.3333333333333333,0.6666666666666666,0.3304311222058053,17,17
6988,R0016,SHAP-style,3,0.3333333333333333,0.3333333333333333,0.387897404328554,17,17
7341,R0021,LIME-style,4,0.5,0.75,0.5408970876633784,6,48
7341,R0021,SHAP-style,4,0.5,1.0,0.437869070965592,6,48
1301,R0034,LIME-style,4,0.0,0.6666666666666666,-0.18029902922112614,39,39
1301,R0034,SHAP-style,4,0.5,0.6666666666666666,0.18029902922112614,39,39
4292,R0022,LIME-style,4,0.25,0.75,0.10302801669778636,49,23
4292,R0022,SHAP-style,4,0.25,0.5,0.2060560333955727,49,23
2272,R0008,LIME-style,4,0.0,0.3333333333333333,-0.2833270459189125,28,28
2272,R0008,SHAP-style,4,0.25,1.0,-0.18029902922112614,28,28
6416,R0012,LIME-style,4,0.5,0.6666666666666666,0.05151400834889318,4,4
6416,R0012,SHAP-style,4,0.25,0.3333333333333333,0.0,4,4
5619,R0010,LIME-style,6,0.0,0.4,-0.5678885630303182,42,42
5619,R0010,SHAP-style,6,0.16666666666666666,0.4,-0.11357771260606365,42,42
595,R0019,LIME-style,4,0.25,0.75,0.30908405009335904,22,31
595,R0019,SHAP-style,4,0.25,0.0,0.38635506261669883,22,31
2935,R0038,LIME-style,4,0.0,0.0,-0.566654091837825,39,0
2935,R0038,SHAP-style,4,0.0,0.3333333333333333,-0.4121120667911454,39,0
2124,R0017,LIME-style,3,0.3333333333333333,0.5,0.15803227583755905,19,19
2124,R0017,SHAP-style,3,0.3333333333333333,1.0,0.07183285265343593,19,19
1351,R0048,LIME-style,4,0.0,0.3333333333333333,-0.33484105426780564,44,27
1351,R0048,SHAP-style,4,0.0,0.3333333333333333,-0.18029902922112614,44,27
915,R0022,LIME-style,4,0.75,0.75,0.6696821085356113,17,17
915,R0022,SHAP-style,4,0.75,0.75,0.6954391127100579,17,17
697,R0027,LIME-style,4,0.25,0.0,-0.2060560333955727,12,45
697,R0027,SHAP-style,4,0.25,0.25,0.15454202504667952,12,45
4239,R0019,LIME-style,4,0.5,0.5,0.15454202504667952,35,35
4239,R0019,SHAP-style,4,0.5,0.5,0.30908405009335904,35,35
725,R0015,LIME-style,4,0.25,0.5,0.10302801669778636,22,22
725,R0015,SHAP-style,4,0.25,0.5,0.12878502087223295,22,22
5526,R0029,LIME-style,4,0.0,0.6666666666666666,-0.3605980584422523,18,18
5526,R0029,SHAP-style,4,0.5,0.6666666666666666,0.07727101252333976,18,18
731,R0021,LIME-style,4,0.5,0.75,0.566654091837825,6,6
731,R0021,SHAP-style,4,0.75,1.0,0.6954391127100579,6,6
661,R0028,LIME-style,4,0.0,0.6666666666666666,-0.3605980584422523,35,35
661,R0028,SHAP-style,4,0.0,0.3333333333333333,-0.18029902922112614,35,35
5992,R0034,LIME-style,4,0.25,1.0,-0.12878502087223295,6,39
5992,R0034,SHAP-style,4,0.25,0.3333333333333333,-0.2060560333955727,6,39
5634,R0016,LIME-style,3,0.3333333333333333,1.0,0.1005659937148103,49,49
5634,R0016,SHAP-style,3,0.3333333333333333,0.3333333333333333,0.2729648400830565,49,49
4082,R0015,LIME-style,4,0.0,0.5,-0.2833270459189125,7,7
4082,R0015,SHAP-style,4,0.0,0.5,-0.07727101252333976,7,7
4799,R0028,LIME-style,4,0.5,0.6666666666666666,0.18029902922112614,48,41
4799,R0028,SHAP-style,4,0.25,0.3333333333333333,0.07727101252333976,48,41
3504,R0036,LIME-style,4,0.5,0.75,-0.02575700417444659,38,38
3504,R0036,SHAP-style,4,0.5,0.75,0.2575700417444659,38,38
2738,R0013,LIME-style,4,0.25,0.6666666666666666,0.05151400834889318,28,26
2738,R0013,SHAP-style,4,0.25,1.0,-0.18029902922112614,28,26
1985,R0019,LIME-style,4,0.5,0.5,0.10302801669778636,35,35
1985,R0019,SHAP-style,4,0.5,0.5,0.2318130375700193,35,35
4654,R0036,LIME-style,4,0.25,0.25,-0.15454202504667952,28,28
4654,R0036,SHAP-style,4,0.25,0.75,0.2575700417444659,28,28
5569,R0052,LIME-style,4,0.25,0.75,-0.30908405009335904,22,22
5569,R0052,SHAP-style,4,0.0,0.5,-0.2833270459189125,22,22
6388,R0053,LIME-style,4,0.0,0.0,-0.05151400834889318,28,28
6388,R0053,SHAP-style,4,0.0,1.0,0.05151400834889318,28,28
5636,R0020,LIME-style,6,0.3333333333333333,0.5,-0.18172434016970188,28,25
5636,R0020,SHAP-style,6,0.5,0.6666666666666666,0.2271554252121273,28,25
4161,R0009,LIME-style,2,0.0,0.0,0.340733137818191,39,39
4161,R0009,SHAP-style,2,0.5,0.0,0.27258651025455277,39,39
6541,R0020,LIME-style,6,0.5,0.5,-0.04543108504242547,28,25
6541,R0020,SHAP-style,6,0.5,0.6666666666666666,0.2044398826909146,28,25
3690,R0034,LIME-style,4,0.25,0.6666666666666666,0.10302801669778636,30,0
3690,R0034,SHAP-style,4,0.25,0.6666666666666666,0.02575700417444659,30,0
6178,R0046,LIME-style,4,0.0,0.3333333333333333,-0.2575700417444659,13,13
6178,R0046,SHAP-style,4,0.0,0.3333333333333333,-0.30908405009335904,13,13
1965,R0027,LIME-style,4,0.25,0.75,-0.33484105426780564,7,7
1965,R0027,SHAP-style,4,0.0,0.75,-0.15454202504667952,7,7
5399,R0041,LIME-style,4,0.25,0.5,0.15454202504667952,28,28
5399,R0041,SHAP-style,4,0.5,0.75,0.33484105426780564,28,28
1142,R0034,LIME-style,4,0.25,0.6666666666666666,0.07727101252333976,30,4
1142,R0034,SHAP-style,4,0.25,0.6666666666666666,0.2833270459189125,30,4
7266,R0011,LIME-style,3,0.0,0.6666666666666666,-0.35916426326717965,42,42
7266,R0011,SHAP-style,3,0.3333333333333333,0.6666666666666666,-0.1867654168989334,42,42
955,R0003,LIME-style,6,0.5,1.0,0.09086217008485094,39,0
955,R0003,SHAP-style,6,0.3333333333333333,0.3333333333333333,0.06814662756363819,39,0
1898,R0018,LIME-style,2,0.5,1.0,0.37480645160001,13,13
1898,R0018,SHAP-style,2,0.5,0.5,0.5110997067272866,13,13
481,R0029,LIME-style,4,0.0,0.6666666666666666,-0.2575700417444659,18,18
481,R0029,SHAP-style,4,0.25,0.6666666666666666,0.0,18,18
6382,R0016,LIME-style,3,0.3333333333333333,0.6666666666666666,0.24423169902168215,23,23
6382,R0016,SHAP-style,3,0.3333333333333333,1.0,0.24423169902168215,23,23
4246,R0014,LIME-style,2,0.5,0.5,0.1022199413454573,44,1
4246,R0014,SHAP-style,2,0.5,1.0,0.23851319647273372,44,1
7052,R0026,LIME-style,4,0.5,0.5,0.3605980584422523,12,12
7052,R0026,SHAP-style,4,0.75,0.5,0.5924110960122716,12,12
1054,R0006,LIME-style,5,0.8,1.0,0.6335465896502342,38,38
1054,R0006,SHAP-style,5,0.6,1.0,0.37056498639919355,38,38
1420,R0015,LIME-style,4,0.5,0.5,0.2833270459189125,22,22
1420,R0015,SHAP-style,4,0.25,0.5,-0.05151400834889318,22,22
1935,R0028,LIME-style,4,0.25,0.3333333333333333,-0.07727101252333976,1,1
1935,R0028,SHAP-style,4,0.5,0.6666666666666666,-0.05151400834889318,1,1
1990,R0028,LIME-style,4,0.0,0.3333333333333333,-0.12878502087223295,44,47
1990,R0028,SHAP-style,4,0.0,0.6666666666666666,-0.10302801669778636,44,47
6464,R0015,LIME-style,4,0.25,0.5,0.2318130375700193,22,22
6464,R0015,SHAP-style,4,0.0,0.5,0.10302801669778636,22,22
4053,R0021,LIME-style,4,0.25,0.75,0.2318130375700193,18,18
4053,R0021,SHAP-style,4,0.5,0.75,0.15454202504667952,18,18
2934,R0013,LIME-style,4,0.5,0.6666666666666666,0.4636260751400386,26,26
2934,R0013,SHAP-style,4,0.5,0.6666666666666666,0.4893830793144852,26,26
970,R0044,LIME-style,4,0.25,0.5,-0.18029902922112614,39,39
970,R0044,SHAP-style,4,0.0,0.5,-0.566654091837825,39,39
4735,R0034,LIME-style,4,0.25,1.0,-0.18029902922112614,6,6
4735,R0034,SHAP-style,4,0.25,0.3333333333333333,0.0,6,6
3135,R0034,LIME-style,4,0.25,0.3333333333333333,0.2060560333955727,44,29
3135,R0034,SHAP-style,4,0.25,0.3333333333333333,0.10302801669778636,44,29
4016,R0050,LIME-style,4,0.25,0.5,-0.02575700417444659,23,3
4016,R0050,SHAP-style,4,0.25,0.5,-0.2318130375700193,23,3
5869,R0027,LIME-style,4,0.25,0.75,-0.2833270459189125,7,7
5869,R0027,SHAP-style,4,0.25,0.75,0.07727101252333976,7,7
5823,R0052,LIME-style,4,0.25,0.5,0.38635506261669883,7,32
5823,R0052,SHAP-style,4,0.0,0.5,-0.4121120667911454,7,32
3706,R0004,LIME-style,5,0.4,0.5,0.1314908016255203,37,37
3706,R0004,SHAP-style,5,0.2,0.25,-0.3227501494444589,37,37
2665,R0041,LIME-style,4,0.25,0.5,0.12878502087223295,28,28
2665,R0041,SHAP-style,4,0.5,0.75,0.4121120667911454,28,28
4533,R0027,LIME-style,4,0.25,0.75,-0.3605980584422523,7,7
4533,R0027,SHAP-style,4,0.25,1.0,-0.05151400834889318,7,7
1127,R0022,LIME-style,4,0.25,0.5,0.05151400834889318,49,49
1127,R0022,SHAP-style,4,0.25,0.5,0.2318130375700193,49,49
3502,R0022,LIME-style,4,0.25,0.5,0.2060560333955727,49,2
3502,R0022,SHAP-style,4,0.25,0.5,0.2575700417444659,49,2
4172,R0022,LIME-style,4,0.25,0.5,0.07727101252333976,49,49
4172,R0022,SHAP-style,4,0.25,0.5,0.18029902922112614,49,49
5193,R0036,LIME-style,4,0.0,0.75,-0.4121120667911454,1,1
5193,R0036,SHAP-style,4,0.0,0.75,0.18029902922112614,1,1
1816,R0022,LIME-style,4,0.25,0.5,0.18029902922112614,49,2
1816,R0022,SHAP-style,4,0.25,0.5,0.18029902922112614,49,2
1147,R0051,LIME-style,4,0.5,0.5,0.4121120667911454,28,34
1147,R0051,SHAP-style,4,0.25,0.75,0.3605980584422523,28,34
178,R0008,LIME-style,4,0.0,0.3333333333333333,-0.30908405009335904,28,28
178,R0008,SHAP-style,4,0.25,1.0,-0.18029902922112614,28,28
2740,R0036,LIME-style,4,0.25,0.75,0.2833270459189125,19,19
2740,R0036,SHAP-style,4,0.5,0.25,0.5151400834889318,19,19
5724,R0015,LIME-style,4,0.25,0.5,0.2060560333955727,22,22
5724,R0015,SHAP-style,4,0.0,0.5,0.02575700417444659,22,22
2857,R0025,LIME-style,4,0.0,0.5,-0.4636260751400386,42,40
2857,R0025,SHAP-style,4,0.25,0.75,0.05151400834889318,42,40
3274,R0021,LIME-style,4,0.5,0.75,0.5408970876633784,6,6
3274,R0021,SHAP-style,4,1.0,1.0,0.7211961168845046,6,6
4288,R0034,LIME-style,4,0.0,0.6666666666666666,-0.18029902922112614,39,39
4288,R0034,SHAP-style,4,0.0,0.6666666666666666,0.02575700417444659,39,39
6682,R0041,LIME-style,4,0.25,0.5,0.15454202504667952,28,28
6682,R0041,SHAP-style,4,0.5,0.75,0.3605980584422523,28,28
4236,R0020,LIME-style,6,0.3333333333333333,0.5,-0.06814662756363819,28,32
4236,R0020,SHAP-style,6,0.3333333333333333,0.6666666666666666,-0.022715542521212734,28,32
6922,R0050,LIME-style,4,0.0,0.0,-0.33484105426780564,44,23
6922,R0050,SHAP-style,4,0.0,1.0,-0.2318130375700193,44,23
1948,R0022,LIME-style,4,0.25,0.75,0.10302801669778636,49,49
1948,R0022,SHAP-style,4,0.25,0.5,0.2060560333955727,49,49
886,R0021,LIME-style,4,0.5,0.75,0.566654091837825,6,6
886,R0021,SHAP-style,4,1.0,1.0,0.7211961168845046,6,6
2795,R0044,LIME-style,4,0.0,0.5,-0.30908405009335904,22,39
2795,R0044,SHAP-style,4,0.25,0.25,-0.2060560333955727,22,39
6824,R0038,LIME-style,4,0.25,0.6666666666666666,0.18029902922112614,4,4
6824,R0038,SHAP-style,4,0.25,0.0,0.2318130375700193,4,4
6672,R0021,LIME-style,4,0.5,0.75,0.5924110960122716,6,15
6672,R0021,SHAP-style,4,1.0,1.0,0.7211961168845046,6,15
5825,R0031,LIME-style,4,0.25,0.3333333333333333,0.18029902922112614,1,29
5825,R0031,SHAP-style,4,0.5,1.0,0.38635506261669883,1,29
7206,R0036,LIME-style,4,0.0,0.75,-0.4121120667911454,1,1
7206,R0036,SHAP-style,4,0.0,0.75,0.2060560333955727,1,1
48,R0036,LIME-style,4,0.0,0.5,-0.12878502087223295,21,21
48,R0036,SHAP-style,4,0.5,0.0,0.38635506261669883,21,21
6488,R0011,LIME-style,3,0.0,1.0,-0.41663054538992833,42,42
6488,R0011,SHAP-style,3,0.3333333333333333,0.6666666666666666,-0.014366570530687184,42,42
5087,R0003,LIME-style,6,0.3333333333333333,0.6666666666666666,0.2044398826909146,22,0
5087,R0003,SHAP-style,6,0.6666666666666666,0.0,0.590604105551531,22,0
1064,R0034,LIME-style,4,0.25,1.0,-0.10302801669778636,6,15
1064,R0034,SHAP-style,4,0.25,0.3333333333333333,-0.07727101252333976,6,15
2918,R0028,LIME-style,4,0.0,0.3333333333333333,-0.38635506261669883,35,3
2918,R0028,SHAP-style,4,0.0,0.3333333333333333,-0.3605980584422523,35,3
3812,R0052,LIME-style,4,0.0,0.25,-0.15454202504667952,42,42
3812,R0052,SHAP-style,4,0.0,0.5,-0.2833270459189125,42,42
5841,R0001,LIME-style,4,0.0,0.5,-0.2575700417444659,12,12
5841,R0001,SHAP-style,4,0.25,0.25,0.15454202504667952,12,12
990,R0012,LIME-style,4,0.25,1.0,0.02575700417444659,37,48
990,R0012,SHAP-style,4,0.25,0.3333333333333333,-0.05151400834889318,37,48
3283,R0005,LIME-style,5,0.2,0.3333333333333333,-0.2271204755349896,12,12
3283,R0005,SHAP-style,5,0.0,0.3333333333333333,-0.1314908016255203,12,12
2202,R0021,LIME-style,4,0.5,0.75,0.5408970876633784,6,15
2202,R0021,SHAP-style,4,0.75,1.0,0.6439251043611647,6,15
6320,R0005,LIME-style,5,0.2,0.3333333333333333,-0.27493531248972425,12,12
6320,R0005,SHAP-style,5,0.2,0.3333333333333333,-0.03586112771605099,12,12
3676,R0034,LIME-style,4,0.0,0.6666666666666666,-0.15454202504667952,39,39
3676,R0034,SHAP-style,4,0.0,0.6666666666666666,-0.10302801669778636,39,39
4136,R0011,LIME-style,3,0.0,1.0,-0.35916426326717965,42,42
4136,R0011,SHAP-style,3,0.3333333333333333,0.6666666666666666,-0.04309971159206155,42,42
3811,R0004,LIME-style,5,0.4,0.5,0.08367596467078565,37,37
3811,R0004,SHAP-style,5,0.2,0.5,-0.17930563858025497,37,37
388,R0043,LIME-style,4,0.0,0.5,-0.437869070965592,38,38
388,R0043,SHAP-style,4,0.0,0.25,-0.10302801669778636,38,38
4139,R0027,LIME-style,4,0.25,0.75,-0.30908405009335904,7,45
4139,R0027,SHAP-style,4,0.25,0.75,0.02575700417444659,7,45
7427,R0053,LIME-style,4,0.25,0.0,-0.2833270459189125,26,26
7427,R0053,SHAP-style,4,0.25,1.0,-0.2060560333955727,26,26
5239,R0034,LIME-style,4,0.25,1.0,-0.2060560333955727,6,29
5239,R0034,SHAP-style,4,0.25,0.3333333333333333,0.15454202504667952,6,29
5048,R0034,LIME-style,4,0.25,0.3333333333333333,0.10302801669778636,22,39
5048,R0034,SHAP-style,4,0.25,0.6666666666666666,0.30908405009335904,22,39
2946,R0016,LIME-style,3,0.6666666666666666,0.3333333333333333,0.5315631096354259,44,46
2946,R0016,SHAP-style,3,0.6666666666666666,0.6666666666666666,0.5315631096354259,44,46
6951,R0027,LIME-style,4,0.0,0.5,0.2060560333955727,6,7
6951,R0027,SHAP-style,4,0.25,0.5,0.2575700417444659,6,7
928,R0009,LIME-style,2,0.5,1.0,0.30665982403637193,30,30
928,R0009,SHAP-style,2,0.5,1.0,0.37480645160001,30,30
6743,R0034,LIME-style,4,0.25,1.0,-0.10302801669778636,6,39
6743,R0034,SHAP-style,4,0.25,0.3333333333333333,-0.02575700417444659,6,39
2203,R0050,LIME-style,4,0.25,0.5,-0.05151400834889318,1,1
2203,R0050,SHAP-style,4,0.25,0.5,0.0,1,1
6901,R0046,LIME-style,4,0.0,0.6666666666666666,-0.38635506261669883,23,23
6901,R0046,SHAP-style,4,0.25,0.6666666666666666,-0.18029902922112614,23,23
6628,R0038,LIME-style,4,0.0,1.0,0.2060560333955727,22,22
6628,R0038,SHAP-style,4,0.5,0.3333333333333333,0.18029902922112614,22,22
2117,R0004,LIME-style,5,0.4,0.5,0.10758338314815298,37,37
2117,R0004,SHAP-style,5,0.2,0.25,-0.08367596467078565,37,37
5165,R0043,LIME-style,4,0.0,0.5,-0.437869070965592,38,9
5165,R0043,SHAP-style,4,0.0,0.25,-0.30908405009335904,38,9
5990,R0035,LIME-style,4,0.0,0.3333333333333333,-0.2060560333955727,21,21
5990,R0035,SHAP-style,4,0.25,0.3333333333333333,-0.05151400834889318,21,21
1489,R0017,LIME-style,3,0.3333333333333333,0.5,0.1867654168989334,19,19
1489,R0017,SHAP-style,3,0.3333333333333333,1.0,0.2729648400830565,19,19
1680,R0027,LIME-style,4,0.25,0.75,-0.2318130375700193,7,7
1680,R0027,SHAP-style,4,0.25,0.75,-0.07727101252333976,7,7
265,R0036,LIME-style,4,0.5,0.75,0.0,38,38
265,R0036,SHAP-style,4,0.5,0.75,0.30908405009335904,38,38
2087,R0015,LIME-style,4,0.5,0.5,0.2833270459189125,22,22
2087,R0015,SHAP-style,4,0.0,0.5,0.02575700417444659,22,22
967,R0028,LIME-style,4,0.25,0.6666666666666666,-0.10302801669778636,7,45
967,R0028,SHAP-style,4,0.0,0.6666666666666666,0.15454202504667952,7,45
1496,R0017,LIME-style,3,0.3333333333333333,0.5,0.1005659937148103,19,19
1496,R0017,SHAP-style,3,0.3333333333333333,1.0,0.2729648400830565,19,19
4031,R0052,LIME-style,4,0.0,0.5,-0.07727101252333976,30,39
4031,R0052,SHAP-style,4,0.0,0.75,-0.15454202504667952,30,39
6579,R0034,LIME-style,4,0.0,0.6666666666666666,-0.2318130375700193,39,0
6579,R0034,SHAP-style,4,0.0,0.6666666666666666,0.05151400834889318,39,0
6704,R0052,LIME-style,4,0.25,0.5,0.3605980584422523,7,7
6704,R0052,SHAP-style,4,0.25,0.75,0.2575700417444659,7,7
5669,R0026,LIME-style,4,0.5,0.5,0.4636260751400386,12,12
5669,R0026,SHAP-style,4,0.75,0.5,0.6181681001867181,12,12
5973,R0017,LIME-style,3,0.3333333333333333,0.5,0.15803227583755905,19,19
5973,R0017,SHAP-style,3,0.3333333333333333,1.0,0.1005659937148103,19,19
2244,R0020,LIME-style,6,0.3333333333333333,0.5,-0.15900879764848913,28,25
2244,R0020,SHAP-style,6,0.5,0.6666666666666666,0.2044398826909146,28,25
5189,R0012,LIME-style,4,0.5,0.6666666666666666,0.10302801669778636,4,4
5189,R0012,SHAP-style,4,0.25,0.0,0.10302801669778636,4,4
5547,R0029,LIME-style,4,0.0,0.3333333333333333,0.18029902922112614,6,15
5547,R0029,SHAP-style,4,0.25,1.0,0.2060560333955727,6,15
438,R0035,LIME-style,4,0.0,1.0,-0.4121120667911454,37,25
438,R0035,SHAP-style,4,0.0,0.3333333333333333,-0.10302801669778636,37,25
1408,R0034,LIME-style,4,0.25,1.0,-0.12878502087223295,6,42
1408,R0034,SHAP-style,4,0.0,0.3333333333333333,-0.15454202504667952,6,42
5198,R0027,LIME-style,4,0.25,0.75,-0.2833270459189125,7,31
5198,R0027,SHAP-style,4,0.25,0.75,-0.05151400834889318,7,31
5609,R0044,LIME-style,4,0.5,0.75,0.2575700417444659,13,13
5609,R0044,SHAP-style,4,0.0,0.0,0.02575700417444659,13,13
2713,R0015,LIME-style,4,0.25,1.0,0.12878502087223295,6,48
2713,R0015,SHAP-style,4,0.0,0.0,0.02575700417444659,6,48
6463,R0026,LIME-style,4,0.5,0.75,0.30908405009335904,30,30
6463,R0026,SHAP-style,4,0.25,1.0,0.12878502087223295,30,30
3585,R0036,LIME-style,4,0.5,0.75,0.0,38,38
3585,R0036,SHAP-style,4,0.5,0.75,0.2575700417444659,38,38
6879,R0017,LIME-style,3,0.3333333333333333,0.5,0.15803227583755905,19,19
6879,R0017,SHAP-style,3,0.3333333333333333,1.0,0.12929913477618465,19,19
2614,R0028,LIME-style,4,0.25,0.3333333333333333,-0.07727101252333976,1,1
2614,R0028,SHAP-style,4,0.25,0.6666666666666666,0.07727101252333976,1,1
6112,R0053,LIME-style,4,0.25,0.0,-0.2318130375700193,26,26
6112,R0053,SHAP-style,4,0.25,1.0,-0.07727101252333976,26,26
4554,R0022,LIME-style,4,0.75,0.75,0.6696821085356113,17,17
4554,R0022,SHAP-style,4,1.0,0.75,0.7211961168845046,17,17
4493,R0004,LIME-style,5,0.4,0.5,0.08367596467078565,37,37
4493,R0004,SHAP-style,5,0.2,0.5,-0.1314908016255203,37,37
1556,R0008,LIME-style,4,0.0,0.3333333333333333,-0.3605980584422523,28,28
1556,R0008,SHAP-style,4,0.25,1.0,-0.2060560333955727,28,28
681,R0038,LIME-style,4,0.25,1.0,0.15454202504667952,22,22
681,R0038,SHAP-style,4,0.25,0.3333333333333333,0.30908405009335904,22,22
5191,R0025,LIME-style,4,0.0,0.5,-0.4636260751400386,42,42
5191,R0025,SHAP-style,4,0.25,0.75,0.05151400834889318,42,42
1051,R0014,LIME-style,2,0.5,1.0,0.1022199413454573,44,1
1051,R0014,SHAP-style,2,0.5,1.0,0.1022199413454573,44,1
7252,R0008,LIME-style,4,0.0,0.3333333333333333,-0.3605980584422523,28,28
7252,R0008,SHAP-style,4,0.25,1.0,-0.15454202504667952,28,28
1859,R0052,LIME-style,4,0.0,0.5,-0.07727101252333976,30,30
1859,R0052,SHAP-style,4,0.0,0.75,-0.12878502087223295,30,30
2256,R0038,LIME-style,4,0.0,1.0,-0.2060560333955727,37,37
2256,R0038,SHAP-style,4,0.25,0.3333333333333333,0.10302801669778636,37,37
552,R0021,LIME-style,4,0.5,0.75,0.5408970876633784,6,6
552,R0021,SHAP-style,4,1.0,1.0,0.7211961168845046,6,6
6786,R0021,LIME-style,4,0.5,0.75,0.5408970876633784,6,6
6786,R0021,SHAP-style,4,0.75,1.0,0.6181681001867181,6,6
3379,R0028,LIME-style,4,0.25,0.6666666666666666,0.2060560333955727,19,24
3379,R0028,SHAP-style,4,0.25,0.3333333333333333,0.33484105426780564,19,24
3037,R0034,LIME-style,4,0.0,0.6666666666666666,-0.18029902922112614,39,39
3037,R0034,SHAP-style,4,0.25,0.6666666666666666,0.10302801669778636,39,39
7201,R0036,LIME-style,4,0.0,0.25,-0.3605980584422523,35,47
7201,R0036,SHAP-style,4,0.5,0.5,0.15454202504667952,35,47
4683,R0052,LIME-style,4,0.0,0.75,-0.437869070965592,22,0
4683,R0052,SHAP-style,4,0.0,0.5,-0.18029902922112614,22,0
5194,R0038,LIME-style,4,0.0,1.0,-0.2060560333955727,30,30
5194,R0038,SHAP-style,4,0.0,0.3333333333333333,0.0,30,30
4583,R0015,LIME-style,4,0.25,0.5,0.18029902922112614,22,22
4583,R0015,SHAP-style,4,0.0,0.5,-0.2060560333955727,22,22
1633,R0025,LIME-style,4,0.25,0.25,0.15454202504667952,30,40
1633,R0025,SHAP-style,4,0.25,0.5,0.4121120667911454,30,40
5890,R0027,LIME-style,4,0.25,0.0,-0.12878502087223295,28,28
5890,R0027,SHAP-style,4,0.0,0.5,-0.2060560333955727,28,28
1879,R0021,LIME-style,4,0.5,0.75,0.5408970876633784,6,7
1879,R0021,SHAP-style,4,0.5,0.5,0.2833270459189125,6,7
5107,R0046,LIME-style,4,0.0,0.6666666666666666,-0.2833270459189125,23,23
5107,R0046,SHAP-style,4,0.0,0.6666666666666666,-0.18029902922112614,23,23
3941,R0028,LIME-style,4,0.0,0.3333333333333333,-0.38635506261669883,35,35
3941,R0028,SHAP-style,4,0.0,0.3333333333333333,-0.2833270459189125,35,35
1979,R0027,LIME-style,4,0.25,0.75,-0.30908405009335904,7,7
1979,R0027,SHAP-style,4,0.5,0.75,0.10302801669778636,7,7
6874,R0036,LIME-style,4,0.0,0.75,-0.566654091837825,7,5
6874,R0036,SHAP-style,4,0.0,0.75,-0.07727101252333976,7,5
6222,R0034,LIME-style,4,0.25,0.3333333333333333,0.12878502087223295,22,39
6222,R0034,SHAP-style,4,0.25,0.3333333333333333,-0.10302801669778636,22,39
7074,R0052,LIME-style,4,0.25,0.75,-0.2318130375700193,21,21
7074,R0052,SHAP-style,4,0.25,0.5,-0.2318130375700193,21,21
3244,R0015,LIME-style,4,0.5,0.5,0.2060560333955727,22,22
3244,R0015,SHAP-style,4,0.0,0.5,0.18029902922112614,22,22
2264,R0052,LIME-style,4,0.0,0.5,-0.3605980584422523,39,0
2264,R0052,SHAP-style,4,0.0,0.25,-0.2575700417444659,39,0
4195,R0027,LIME-style,4,0.0,0.75,-0.05151400834889318,44,9
4195,R0027,SHAP-style,4,0.0,1.0,0.02575700417444659,44,9
6208,R0022,LIME-style,4,0.75,0.75,0.6954391127100579,17,49
6208,R0022,SHAP-style,4,0.75,0.75,0.6954391127100579,17,49
1218,R0031,LIME-style,4,0.0,0.6666666666666666,-0.07727101252333976,35,43
1218,R0031,SHAP-style,4,0.0,0.6666666666666666,-0.07727101252333976,35,43
37,R0021,LIME-style,4,0.5,0.75,0.5408970876633784,6,48
37,R0021,SHAP-style,4,0.75,1.0,0.6439251043611647,6,48
3353,R0052,LIME-style,4,0.0,0.25,-0.2318130375700193,42,42
3353,R0052,SHAP-style,4,0.0,0.5,-0.4121120667911454,42,42
3907,R0030,LIME-style,4,0.0,0.6666666666666666,0.02575700417444659,1,36
3907,R0030,SHAP-style,4,0.5,0.6666666666666666,0.10302801669778636,1,36
332,R0022,LIME-style,4,0.75,0.75,0.6439251043611647,17,17
332,R0022,SHAP-style,4,0.75,0.75,0.6954391127100579,17,17
6762,R0022,LIME-style,4,0.25,0.5,0.10302801669778636,49,2
6762,R0022,SHAP-style,4,0.25,0.5,0.18029902922112614,49,2
3875,R0028,LIME-style,4,0.25,0.3333333333333333,-0.05151400834889318,1,1
3875,R0028,SHAP-style,4,0.25,0.6666666666666666,-0.18029902922112614,1,1
1730,R0022,LIME-style,4,1.0,0.75,0.7211961168845046,17,17
1730,R0022,SHAP-style,4,0.75,0.75,0.6954391127100579,17,17
199,R0004,LIME-style,5,0.4,0.5,0.08367596467078565,37,37
199,R0004,SHAP-style,5,0.0,0.5,-0.1314908016255203,37,37
4609,R0028,LIME-style,4,0.25,0.3333333333333333,0.0,1,1
4609,R0028,SHAP-style,4,0.25,0.6666666666666666,-0.05151400834889318,1,1
6321,R0026,LIME-style,4,0.5,0.5,0.3605980584422523,12,12
6321,R0026,SHAP-style,4,0.5,0.5,0.5924110960122716,12,12
5265,R0029,LIME-style,4,0.5,0.6666666666666666,0.5151400834889318,22,48
5265,R0029,SHAP-style,4,0.5,0.0,0.437869070965592,22,48
4844,R0014,LIME-style,2,0.5,0.5,0.27258651025455277,35,35
4844,R0014,SHAP-style,2,0.0,0.5,0.23851319647273372,35,35
3980,R0038,LIME-style,4,0.0,1.0,0.15454202504667952,22,48
3980,R0038,SHAP-style,4,0.5,0.3333333333333333,0.4636260751400386,22,48
3558,R0027,LIME-style,4,0.25,0.75,-0.33484105426780564,7,45
3558,R0027,SHAP-style,4,0.25,0.75,-0.2833270459189125,7,45
1167,R0044,LIME-style,4,0.0,0.5,-0.4121120667911454,22,22
1167,R0044,SHAP-style,4,0.25,0.5,-0.10302801669778636,22,22
4066,R0034,LIME-style,4,0.25,0.6666666666666666,0.07727101252333976,7,32
4066,R0034,SHAP-style,4,0.5,0.3333333333333333,0.07727101252333976,7,32
3116,R0021,LIME-style,4,0.25,0.5,0.3605980584422523,48,20
3116,R0021,SHAP-style,4,0.5,1.0,0.437869070965592,48,20
1639,R0018,LIME-style,2,0.5,0.0,0.37480645160001,23,23
1639,R0018,SHAP-style,2,0.5,0.5,0.4088797653818292,23,23
5222,R0034,LIME-style,4,0.25,0.6666666666666666,0.38635506261669883,12,12
5222,R0034,SHAP-style,4,0.0,0.6666666666666666,-0.02575700417444659,12,12
6287,R0014,LIME-style,2,0.5,1.0,0.1703665689090955,44,44
6287,R0014,SHAP-style,2,0.5,1.0,0.30665982403637193,44,44
3081,R0025,LIME-style,4,0.0,0.5,-0.4636260751400386,42,42
3081,R0025,SHAP-style,4,0.25,0.75,0.12878502087223295,42,42
3931,R0022,LIME-style,4,0.25,0.75,0.05151400834889318,49,49
3931,R0022,SHAP-style,4,0.25,0.5,0.2318130375700193,49,49
3519,R0034,LIME-style,4,0.5,0.3333333333333333,0.2575700417444659,13,41
3519,R0034,SHAP-style,4,0.5,0.0,0.05151400834889318,13,41
5135,R0034,LIME-style,4,0.75,0.3333333333333333,0.4893830793144852,48,48
5135,R0034,SHAP-style,4,0.5,0.6666666666666666,0.2060560333955727,48,48
522,R0013,LIME-style,4,0.25,0.3333333333333333,0.02575700417444659,28,26
522,R0013,SHAP-style,4,0.5,1.0,0.10302801669778636,28,26
4241,R0004,LIME-style,5,0.4,0.5,0.1314908016255203,37,37
4241,R0004,SHAP-style,5,0.2,0.25,-0.17930563858025497,37,37
5813,R0027,LIME-style,4,0.5,0.75,0.437869070965592,22,45
5813,R0027,SHAP-style,4,0.75,0.25,0.3605980584422523,22,45
7423,R0022,LIME-style,4,0.5,0.5,0.33484105426780564,23,49
7423,R0022,SHAP-style,4,0.25,0.5,0.2833270459189125,23,49
213,R0034,LIME-style,4,0.25,0.6666666666666666,0.05151400834889318,30,0
213,R0034,SHAP-style,4,0.25,0.6666666666666666,0.05151400834889318,30,0
1312,R0013,LIME-style,4,0.25,0.3333333333333333,0.0,28,26
1312,R0013,SHAP-style,4,0.25,1.0,-0.15454202504667952,28,26
7136,R0022,LIME-style,4,0.25,0.5,0.12878502087223295,49,49
7136,R0022,SHAP-style,4,0.25,0.5,0.07727101252333976,49,49
1807,R0036,LIME-style,4,0.5,0.5,0.2060560333955727,4,10
1807,R0036,SHAP-style,4,0.5,0.5,0.3605980584422523,4,10
2455,R0044,LIME-style,4,0.25,0.75,-0.15454202504667952,38,38
2455,R0044,SHAP-style,4,0.0,0.25,-0.2060560333955727,38,38
5156,R0020,LIME-style,6,0.3333333333333333,0.5,-0.04543108504242547,28,25
5156,R0020,SHAP-style,6,0.5,0.6666666666666666,0.15900879764848913,28,25
1963,R0008,LIME-style,4,0.0,0.3333333333333333,-0.3605980584422523,28,28
1963,R0008,SHAP-style,4,0.25,1.0,-0.15454202504667952,28,28
6957,R0036,LIME-style,4,0.0,0.0,-0.4893830793144852,26,26
6957,R0036,SHAP-style,4,0.25,0.5,-0.38635506261669883,26,26
3411,R0026,LIME-style,4,0.5,0.5,0.4121120667911454,12,12
3411,R0026,SHAP-style,4,0.75,0.5,0.6181681001867181,12,12
4781,R0038,LIME-style,4,0.0,1.0,0.2318130375700193,22,39
4781,R0038,SHAP-style,4,0.25,0.3333333333333333,0.30908405009335904,22,39
2000,R0044,LIME-style,4,0.0,0.5,-0.2060560333955727,39,32
2000,R0044,SHAP-style,4,0.25,0.5,-0.2833270459189125,39,32
6767,R0013,LIME-style,4,0.5,0.6666666666666666,0.4636260751400386,26,26
6767,R0013,SHAP-style,4,0.5,0.6666666666666666,0.10302801669778636,26,26
1044,R0016,LIME-style,3,0.3333333333333333,0.6666666666666666,0.2729648400830565,23,13
1044,R0016,SHAP-style,3,0.3333333333333333,1.0,0.35916426326717965,23,13
5995,R0027,LIME-style,4,0.0,0.5,0.0,6,31
5995,R0027,SHAP-style,4,0.5,0.5,0.33484105426780564,6,31
7026,R0006,LIME-style,5,0.8,1.0,0.6335465896502342,38,38
7026,R0006,SHAP-style,5,0.6,1.0,0.6335465896502342,38,38
1255,R0021,LIME-style,4,0.5,0.75,0.566654091837825,6,6
1255,R0021,SHAP-style,4,0.75,1.0,0.6181681001867181,6,6
6775,R0034,LIME-style,4,0.0,0.6666666666666666,-0.2060560333955727,39,39
6775,R0034,SHAP-style,4,0.25,0.6666666666666666,-0.05151400834889318,39,39
1138,R0013,LIME-style,4,0.25,0.3333333333333333,0.02575700417444659,28,26
1138,R0013,SHAP-style,4,0.25,1.0,0.05151400834889318,28,26
7355,R0017,LIME-style,3,0.3333333333333333,0.5,0.1867654168989334,19,19
7355,R0017,SHAP-style,3,0.3333333333333333,1.0,0.04309971159206155,19,19
3424,R0036,LIME-style,4,0.0,0.75,-0.18029902922112614,45,32
3424,R0036,SHAP-style,4,0.25,0.25,0.2060560333955727,45,32
174,R0035,LIME-style,4,0.0,0.0,-0.33484105426780564,28,25
174,R0035,SHAP-style,4,0.0,0.6666666666666666,-0.18029902922112614,28,25
1614,R0013,LIME-style,4,0.5,0.6666666666666666,0.4636260751400386,26,26
1614,R0013,SHAP-style,4,0.5,0.6666666666666666,0.566654091837825,26,26
827,R0044,LIME-style,4,0.0,0.5,-0.15454202504667952,48,48
827,R0044,SHAP-style,4,0.25,0.5,-0.05151400834889318,48,48
677,R0004,LIME-style,5,0.4,0.5,0.10758338314815298,37,37
677,R0004,SHAP-style,5,0.2,0.5,-0.10758338314815298,37,37
3720,R0043,LIME-style,4,0.0,0.5,-0.3605980584422523,38,38
3720,R0043,SHAP-style,4,0.25,0.25,0.02575700417444659,38,38
6716,R0052,LIME-style,4,0.0,0.25,-0.2060560333955727,42,40
6716,R0052,SHAP-style,4,0.0,0.5,-0.4893830793144852,42,40
1888,R0022,LIME-style,4,0.25,0.5,0.12878502087223295,49,2
1888,R0022,SHAP-style,4,0.25,0.5,0.2060560333955727,49,2
6489,R0027,LIME-style,4,0.0,0.5,-0.4121120667911454,21,21
6489,R0027,SHAP-style,4,0.25,0.25,-0.15454202504667952,21,21
845,R0026,LIME-style,4,0.5,0.75,0.2060560333955727,30,30
845,R0026,SHAP-style,4,0.5,0.75,0.2833270459189125,30,30
3200,R0036,LIME-style,4,0.25,0.25,-0.2575700417444659,28,5
3200,R0036,SHAP-style,4,0.25,0.75,0.12878502087223295,28,5
5268,R0052,LIME-style,4,0.0,0.25,-0.18029902922112614,42,42
5268,R0052,SHAP-style,4,0.0,0.5,-0.33484105426780564,42,42
2766,R0036,LIME-style,4,0.0,0.5,-0.30908405009335904,35,47
2766,R0036,SHAP-style,4,0.0,0.5,-0.02575700417444659,35,47
40,R0021,LIME-style,4,0.5,0.75,0.5408970876633784,6,6
40,R0021,SHAP-style,4,0.75,1.0,0.6181681001867181,6,6
6392,R0018,LIME-style,2,0.5,1.0,0.340733137818191,13,13
6392,R0018,SHAP-style,2,0.5,0.5,0.5110997067272866,13,13
4753,R0050,LIME-style,4,0.0,0.0,-0.3605980584422523,35,35
4753,R0050,SHAP-style,4,0.0,0.5,-0.15454202504667952,35,35
2386,R0027,LIME-style,4,0.25,0.75,0.05151400834889318,4,45
2386,R0027,SHAP-style,4,0.5,0.5,0.15454202504667952,4,45
4670,R0004,LIME-style,5,0.4,0.5,0.10758338314815298,37,37
4670,R0004,SHAP-style,5,0.2,0.25,-0.059768546193418315,37,37
1137,R0052,LIME-style,4,0.0,0.25,-0.4893830793144852,6,1
1137,R0052,SHAP-style,4,0.25,0.5,-0.07727101252333976,6,1
5160,R0034,LIME-style,4,0.0,0.6666666666666666,-0.2318130375700193,39,39
5160,R0034,SHAP-style,4,0.0,0.6666666666666666,0.0,39,39
5528,R0028,LIME-style,4,0.25,0.3333333333333333,-0.07727101252333976,1,1
5528,R0028,SHAP-style,4,0.5,0.6666666666666666,0.07727101252333976,1,1
729,R0028,LIME-style,4,0.0,0.0,-0.33484105426780564,38,44
729,R0028,SHAP-style,4,0.0,0.6666666666666666,-0.33484105426780564,38,44
2887,R0020,LIME-style,6,0.3333333333333333,0.5,-0.06814662756363819,28,25
2887,R0020,SHAP-style,6,0.5,0.6666666666666666,0.15900879764848913,28,25
1651,R0021,LIME-style,4,0.5,0.75,0.5408970876633784,6,6
1651,R0021,SHAP-style,4,1.0,1.0,0.7211961168845046,6,6
3150,R0007,LIME-style,4,0.0,0.75,0.02575700417444659,37,37
3150,R0007,SHAP-style,4,0.25,0.25,0.12878502087223295,37,37
6853,R0022,LIME-style,4,0.25,0.5,0.12878502087223295,49,17
6853,R0022,SHAP-style,4,0.25,0.5,0.2575700417444659,49,17
3778,R0036,LIME-style,4,0.0,0.75,-0.566654091837825,7,5
3778,R0036,SHAP-style,4,0.25,0.75,-0.10302801669778636,7,5
7100,R0014,LIME-style,2,0.5,0.5,0.27258651025455277,35,44
7100,R0014,SHAP-style,2,0.5,0.5,0.4088797653818292,35,44
5207,R0022,LIME-style,4,0.25,0.5,0.07727101252333976,49,49
5207,R0022,SHAP-style,4,0.25,0.5,0.2060560333955727,49,49
2895,R0004,LIME-style,5,0.4,0.5,0.1314908016255203,37,37
2895,R0004,SHAP-style,5,0.2,0.5,-0.10758338314815298,37,37
4240,R0021,LIME-style,4,0.5,0.75,0.5408970876633784,6,6
4240,R0021,SHAP-style,4,1.0,1.0,0.7211961168845046,6,6
804,R0044,LIME-style,4,0.0,0.5,-0.437869070965592,22,22
804,R0044,SHAP-style,4,0.0,0.5,-0.4636260751400386,22,22
4484,R0027,LIME-style,4,0.25,0.75,-0.33484105426780564,7,9
4484,R0027,SHAP-style,4,0.25,0.75,-0.07727101252333976,7,9
2923,R0036,LIME-style,4,0.5,0.75,0.0,38,10
2923,R0036,SHAP-style,4,0.5,0.75,0.33484105426780564,38,10
2096,R0021,LIME-style,4,0.5,0.75,0.566654091837825,6,6
2096,R0021,SHAP-style,4,1.0,1.0,0.7211961168845046,6,6
441,R0030,LIME-style,4,0.25,0.3333333333333333,0.07727101252333976,22,20
441,R0030,SHAP-style,4,0.25,0.3333333333333333,0.33484105426780564,22,20
622,R0038,LIME-style,4,0.0,1.0,-0.2318130375700193,37,37
622,R0038,SHAP-style,4,0.25,0.3333333333333333,0.0,37,37
875,R0053,LIME-style,4,0.5,0.5,0.2318130375700193,4,45
875,R0053,SHAP-style,4,0.25,0.5,0.2318130375700193,4,45
4868,R0018,LIME-style,2,0.0,0.0,-0.340733137818191,6,6
4868,R0018,SHAP-style,2,0.0,0.5,-0.06814662756363819,6,6
3784,R0048,LIME-style,4,0.0,0.6666666666666666,-0.2318130375700193,17,23
3784,R0048,SHAP-style,4,0.0,0.6666666666666666,-0.12878502087223295,17,23
665,R0034,LIME-style,4,0.25,0.3333333333333333,0.15454202504667952,22,39
665,R0034,SHAP-style,4,0.25,0.3333333333333333,0.07727101252333976,22,39
6191,R0046,LIME-style,4,0.0,0.6666666666666666,-0.4121120667911454,23,23
6191,R0046,SHAP-style,4,0.25,0.6666666666666666,-0.12878502087223295,23,23
6863,R0044,LIME-style,4,0.0,0.5,-0.437869070965592,22,22
6863,R0044,SHAP-style,4,0.25,0.5,-0.15454202504667952,22,22
3881,R0041,LIME-style,4,0.0,0.5,0.12878502087223295,28,28
3881,R0041,SHAP-style,4,0.5,0.75,0.437869070965592,28,28
7249,R0012,LIME-style,4,0.0,0.3333333333333333,-0.2575700417444659,19,29
7249,R0012,SHAP-style,4,0.25,0.6666666666666666,-0.07727101252333976,19,29
311,R0019,LIME-style,4,0.5,0.75,0.12878502087223295,23,35
311,R0019,SHAP-style,4,0.5,1.0,0.2060560333955727,23,35
2881,R0006,LIME-style,5,0.2,1.0,-0.1314908016255203,44,38
2881,R0006,SHAP-style,5,0.4,1.0,0.011953709238683665,44,38
4171,R0011,LIME-style,3,0.0,0.6666666666666666,-0.387897404328554,42,42
4171,R0011,SHAP-style,3,0.3333333333333333,0.6666666666666666,0.04309971159206155,42,42
2737,R0019,LIME-style,4,0.5,0.75,0.12878502087223295,35,9
2737,R0019,SHAP-style,4,0.25,0.5,0.18029902922112614,35,9
1104,R0029,LIME-style,4,0.0,0.6666666666666666,-0.2575700417444659,18,18
1104,R0029,SHAP-style,4,0.25,0.6666666666666666,-0.02575700417444659,18,18
649,R0026,LIME-style,4,0.25,0.5,-0.07727101252333976,14,14
649,R0026,SHAP-style,4,0.5,0.75,0.4121120667911454,14,14
4619,R0022,LIME-style,4,0.75,0.75,0.6954391127100579,17,2
4619,R0022,SHAP-style,4,1.0,0.75,0.7211961168845046,17,2
4928,R0021,LIME-style,4,0.5,0.75,0.566654091837825,6,48
4928,R0021,SHAP-style,4,1.0,1.0,0.7211961168845046,6,48
4944,R0021,LIME-style,4,0.5,0.75,0.566654091837825,6,6
4944,R0021,SHAP-style,4,1.0,1.0,0.7211961168845046,6,6
5095,R0022,LIME-style,4,1.0,0.75,0.7211961168845046,17,17
5095,R0022,SHAP-style,4,0.75,0.75,0.6954391127100579,17,17
7019,R0034,LIME-style,4,0.0,0.6666666666666666,-0.2060560333955727,39,0
7019,R0034,SHAP-style,4,0.25,0.6666666666666666,-0.10302801669778636,39,0
7126,R0021,LIME-style,4,0.5,0.75,0.566654091837825,6,20
7126,R0021,SHAP-style,4,1.0,1.0,0.7211961168845046,6,20
881,R0022,LIME-style,4,1.0,0.75,0.7211961168845046,17,17
881,R0022,SHAP-style,4,0.75,0.75,0.6954391127100579,17,17
2878,R0035,LIME-style,4,0.25,0.3333333333333333,-0.05151400834889318,7,9
2878,R0035,SHAP-style,4,0.0,1.0,-0.3605980584422523,7,9
2980,R0015,LIME-style,4,0.0,0.5,-0.4636260751400386,44,44
2980,R0015,SHAP-style,4,0.0,1.0,-0.437869070965592,44,44
7140,R0007,LIME-style,4,0.0,0.75,-0.07727101252333976,37,37
7140,R0007,SHAP-style,4,0.25,0.25,0.10302801669778636,37,37
959,R0008,LIME-style,4,0.0,0.3333333333333333,-0.3605980584422523,28,28
959,R0008,SHAP-style,4,0.25,1.0,-0.18029902922112614,28,28
4245,R0027,LIME-style,4,0.0,0.5,0.07727101252333976,6,31
4245,R0027,SHAP-style,4,0.5,0.5,0.30908405009335904,6,31
3599,R0006,LIME-style,5,0.0,0.5,-0.3466575679218263,45,45
3599,R0006,SHAP-style,5,0.2,0.5,-0.15539822010288762,45,45
6768,R0014,LIME-style,2,0.5,1.0,0.0,44,44
6768,R0014,SHAP-style,2,0.5,1.0,0.340733137818191,44,44
3365,R0052,LIME-style,4,0.25,0.5,0.38635506261669883,7,7
3365,R0052,SHAP-style,4,0.5,0.75,0.2833270459189125,7,7
6548,R0036,LIME-style,4,0.25,0.25,-0.2060560333955727,28,10
6548,R0036,SHAP-style,4,0.25,0.75,0.2060560333955727,28,10
3428,R0019,LIME-style,4,0.5,0.75,0.07727101252333976,35,35
3428,R0019,SHAP-style,4,0.5,0.5,0.2318130375700193,35,35
4410,R0013,LIME-style,4,0.5,0.6666666666666666,0.4636260751400386,26,33
4410,R0013,SHAP-style,4,0.5,0.6666666666666666,0.33484105426780564,26,33
1634,R0019,LIME-style,4,0.5,0.5,0.10302801669778636,35,35
1634,R0019,SHAP-style,4,0.25,0.5,0.18029902922112614,35,35
4586,R0036,LIME-style,4,0.0,0.0,-0.4121120667911454,26,47
4586,R0036,SHAP-style,4,0.0,0.5,-0.3605980584422523,26,47
666,R0027,LIME-style,4,0.0,0.5,-0.437869070965592,21,21
666,R0027,SHAP-style,4,0.25,0.5,-0.2833270459189125,21,21
1143,R0034,LIME-style,4,0.0,0.6666666666666666,-0.2060560333955727,19,24
1143,R0034,SHAP-style,4,0.0,0.3333333333333333,-0.07727101252333976,19,24
7147,R0027,LIME-style,4,0.25,0.0,-0.10302801669778636,12,45
7147,R0027,SHAP-style,4,0.0,0.25,0.15454202504667952,12,45
812,R0046,LIME-style,4,0.25,0.3333333333333333,-0.2060560333955727,17,46
812,R0046,SHAP-style,4,0.25,0.3333333333333333,-0.02575700417444659,17,46
1882,R0020,LIME-style,6,0.5,0.5,-0.022715542521212734,28,33
1882,R0020,SHAP-style,6,0.5,0.6666666666666666,0.18172434016970188,28,33
4417,R0022,LIME-style,4,1.0,0.75,0.7211961168845046,17,2
4417,R0022,SHAP-style,4,0.75,0.75,0.6954391127100579,17,2
1801,R0028,LIME-style,4,0.25,0.3333333333333333,-0.07727101252333976,1,1
1801,R0028,SHAP-style,4,0.25,0.6666666666666666,-0.05151400834889318,1,1
5543,R0008,LIME-style,4,0.0,0.3333333333333333,-0.38635506261669883,28,28
5543,R0008,SHAP-style,4,0.25,1.0,-0.15454202504667952,28,28
2286,R0036,LIME-style,4,0.0,0.75,-0.566654091837825,7,9
2286,R0036,SHAP-style,4,0.25,0.75,0.0,7,9
1190,R0034,LIME-style,4,0.25,1.0,-0.15454202504667952,6,6
1190,R0034,SHAP-style,4,0.25,0.3333333333333333,0.07727101252333976,6,6
6113,R0028,LIME-style,4,0.25,0.6666666666666666,0.15454202504667952,19,24
6113,R0028,SHAP-style,4,0.25,0.3333333333333333,0.3605980584422523,19,24
2574,R0028,LIME-style,4,0.25,0.0,-0.10302801669778636,28,11
2574,R0028,SHAP-style,4,0.25,1.0,0.15454202504667952,28,11
565,R0019,LIME-style,4,0.25,0.5,-0.15454202504667952,49,5
565,R0019,SHAP-style,4,0.25,0.25,-0.15454202504667952,49,5
4580,R0015,LIME-style,4,0.5,0.5,0.2833270459189125,22,22
4580,R0015,SHAP-style,4,0.5,0.5,0.3605980584422523,22,22
5408,R0012,LIME-style,4,0.0,0.6666666666666666,-0.38635506261669883,30,33
5408,R0012,SHAP-style,4,0.0,0.3333333333333333,-0.02575700417444659,30,33
6163,R0027,LIME-style,4,0.0,0.75,-0.5408970876633784,21,47
6163,R0027,SHAP-style,4,0.0,0.0,-0.3605980584422523,21,47
1492,R0027,LIME-style,4,0.0,0.5,-0.4893830793144852,21,21
1492,R0027,SHAP-style,4,0.0,0.25,-0.2060560333955727,21,21
7058,R0027,LIME-style,4,0.25,0.75,-0.33484105426780564,7,7
7058,R0027,SHAP-style,4,0.25,0.75,0.10302801669778636,7,7
1248,R0038,LIME-style,4,0.0,0.0,-0.10302801669778636,6,15
1248,R0038,SHAP-style,4,0.0,0.3333333333333333,-0.33484105426780564,6,15
1937,R0036,LIME-style,4,0.0,0.25,-0.4893830793144852,26,47
1937,R0036,SHAP-style,4,0.25,0.5,-0.12878502087223295,26,47
2319,R0021,LIME-style,4,0.5,0.75,0.5408970876633784,6,6
2319,R0021,SHAP-style,4,1.0,1.0,0.7211961168845046,6,6
5586,R0013,LIME-style,4,0.5,0.6666666666666666,0.5151400834889318,26,26
5586,R0013,SHAP-style,4,0.5,0.3333333333333333,0.4636260751400386,26,26
6203,R0028,LIME-style,4,0.25,0.6666666666666666,0.2060560333955727,19,24
6203,R0028,SHAP-style,4,0.25,0.3333333333333333,0.05151400834889318,19,24
2089,R0052,LIME-style,4,0.0,0.5,-0.07727101252333976,30,30
2089,R0052,SHAP-style,4,0.0,0.75,-0.12878502087223295,30,30
3464,R0020,LIME-style,6,0.3333333333333333,0.5,-0.06814662756363819,28,25
3464,R0020,SHAP-style,6,0.5,0.6666666666666666,0.18172434016970188,28,25
2813,R0027,LIME-style,4,0.25,0.75,-0.2833270459189125,7,45
2813,R0027,SHAP-style,4,0.25,0.75,-0.02575700417444659,7,45
5106,R0052,LIME-style,4,0.0,0.25,-0.12878502087223295,42,42
5106,R0052,SHAP-style,4,0.0,0.5,-0.33484105426780564,42,42
2893,R0015,LIME-style,4,0.5,0.5,0.15454202504667952,22,22
2893,R0015,SHAP-style,4,0.0,0.5,0.0,22,22
1278,R0029,LIME-style,4,0.0,0.3333333333333333,0.02575700417444659,6,6
1278,R0029,SHAP-style,4,0.5,1.0,0.4121120667911454,6,6
5311,R0027,LIME-style,4,0.0,0.75,-0.10302801669778636,49,7
5311,R0027,SHAP-style,4,0.0,0.25,-0.02575700417444659,49,7
6520,R0025,LIME-style,4,0.5,0.75,0.18029902922112614,14,40
6520,R0025,SHAP-style,4,0.75,0.5,0.5924110960122716,14,40
1711,R0017,LIME-style,3,0.3333333333333333,0.5,0.1005659937148103,19,19
1711,R0017,SHAP-style,3,0.3333333333333333,1.0,0.21549855796030778,19,19
7441,R0026,LIME-style,4,0.25,0.5,-0.05151400834889318,14,14
7441,R0026,SHAP-style,4,0.5,0.75,0.10302801669778636,14,14
1663,R0022,LIME-style,4,0.25,0.5,0.15454202504667952,49,49
1663,R0022,SHAP-style,4,0.25,0.5,0.2318130375700193,49,49
6875,R0011,LIME-style,3,0.0,1.0,-0.3304311222058053,42,42
6875,R0011,SHAP-style,3,0.0,0.6666666666666666,-0.21549855796030778,42,42
3507,R0027,LIME-style,4,0.25,0.25,0.05151400834889318,1,31
3507,R0027,SHAP-style,4,0.25,0.75,0.2575700417444659,1,31
220,R0013,LIME-style,4,0.25,0.3333333333333333,0.02575700417444659,28,26
220,R0013,SHAP-style,4,0.25,1.0,0.0,28,26
3068,R0036,LIME-style,4,0.0,0.5,-0.15454202504667952,21,21
3068,R0036,SHAP-style,4,0.25,0.0,0.4121120667911454,21,21
6586,R0034,LIME-style,4,0.0,0.6666666666666666,-0.15454202504667952,39,0
6586,R0034,SHAP-style,4,0.25,0.6666666666666666,-0.07727101252333976,39,0
1308,R0020,LIME-style,6,0.5,0.5,-0.06814662756363819,28,25
1308,R0020,SHAP-style,6,0.5,0.6666666666666666,0.2271554252121273,28,25
4785,R0046,LIME-style,4,0.0,0.6666666666666666,-0.30908405009335904,18,46
4785,R0046,SHAP-style,4,0.0,0.3333333333333333,-0.15454202504667952,18,46
585,R0041,LIME-style,4,0.25,0.5,0.18029902922112614,28,28
585,R0041,SHAP-style,4,0.5,0.75,0.38635506261669883,28,28
7188,R0007,LIME-style,4,0.0,0.75,0.02575700417444659,37,37
7188,R0007,SHAP-style,4,0.0,0.25,0.07727101252333976,37,37
6194,R0027,LIME-style,4,0.0,0.75,-0.38635506261669883,7,45
6194,R0027,SHAP-style,4,0.25,1.0,-0.2318130375700193,7,45
4380,R0053,LIME-style,4,0.0,0.5,-0.38635506261669883,12,34
4380,R0053,SHAP-style,4,0.25,0.5,-0.10302801669778636,12,34
3326,R0017,LIME-style,3,0.3333333333333333,0.5,0.12929913477618465,19,24
3326,R0017,SHAP-style,3,0.3333333333333333,1.0,0.21549855796030778,19,24
3662,R0011,LIME-style,3,0.3333333333333333,0.3333333333333333,0.15803227583755905,6,42
3662,R0011,SHAP-style,3,0.3333333333333333,0.6666666666666666,0.30169798114443086,6,42
2562,R0022,LIME-style,4,0.25,0.5,0.18029902922112614,49,49
2562,R0022,SHAP-style,4,0.25,0.5,0.2575700417444659,49,49
5838,R0045,LIME-style,4,0.5,0.5,0.6181681001867181,35,3
5838,R0045,SHAP-style,4,0.5,0.5,0.566654091837825,35,3
7061,R0034,LIME-style,4,0.0,0.6666666666666666,-0.18029902922112614,19,24
7061,R0034,SHAP-style,4,0.25,0.6666666666666666,0.18029902922112614,19,24
1057,R0025,LIME-style,4,0.5,0.75,0.2318130375700193,14,40
1057,R0025,SHAP-style,4,0.75,0.5,0.566654091837825,14,40
2932,R0048,LIME-style,4,0.25,0.6666666666666666,0.2060560333955727,22,28
2932,R0048,SHAP-style,4,0.25,0.3333333333333333,0.2575700417444659,22,28
6379,R0044,LIME-style,4,0.0,0.5,-0.12878502087223295,28,33
6379,R0044,SHAP-style,4,0.25,0.5,-0.15454202504667952,28,33
4649,R0036,LIME-style,4,0.5,0.75,0.02575700417444659,38,38
4649,R0036,SHAP-style,4,0.5,0.75,0.2833270459189125,38,38
6210,R0028,LIME-style,4,0.25,0.3333333333333333,-0.07727101252333976,1,3
6210,R0028,SHAP-style,4,0.5,0.6666666666666666,0.2060560333955727,1,3
2965,R0004,LIME-style,5,0.4,0.5,0.1314908016255203,37,37
2965,R0004,SHAP-style,5,0.2,0.5,-0.17930563858025497,37,37
4181,R0053,LIME-style,4,0.5,0.5,0.2060560333955727,4,45
4181,R0053,SHAP-style,4,0.25,0.5,0.2575700417444659,4,45
3704,R0025,LIME-style,4,0.0,0.5,-0.4636260751400386,42,40
3704,R0025,SHAP-style,4,0.25,0.75,0.10302801669778636,42,40
7228,R0012,LIME-style,4,0.5,0.6666666666666666,0.05151400834889318,4,4
7228,R0012,SHAP-style,4,0.25,0.0,0.0,4,4
4386,R0046,LIME-style,4,0.0,0.6666666666666666,-0.2833270459189125,23,46
4386,R0046,SHAP-style,4,0.25,0.6666666666666666,-0.10302801669778636,23,46
4913,R0021,LIME-style,4,0.5,0.75,0.5408970876633784,6,6
4913,R0021,SHAP-style,4,0.75,1.0,0.6954391127100579,6,6
3088,R0052,LIME-style,4,0.0,0.5,0.12878502087223295,30,39
3088,R0052,SHAP-style,4,0.0,0.75,-0.2060560333955727,30,39
2894,R0016,LIME-style,3,0.3333333333333333,0.6666666666666666,0.2729648400830565,23,23
2894,R0016,SHAP-style,3,0.3333333333333333,1.0,0.15803227583755905,23,23
1015,R0017,LIME-style,3,0.3333333333333333,0.5,0.1867654168989334,19,19
1015,R0017,SHAP-style,3,0.3333333333333333,1.0,0.1005659937148103,19,19
1595,R0035,LIME-style,4,0.0,0.3333333333333333,-0.2060560333955727,7,9
1595,R0035,SHAP-style,4,0.25,1.0,-0.12878502087223295,7,9
4924,R0028,LIME-style,4,0.25,0.3333333333333333,-0.07727101252333976,49,43
4924,R0028,SHAP-style,4,0.25,0.6666666666666666,0.12878502087223295,49,43
4486,R0052,LIME-style,4,0.0,0.5,-0.10302801669778636,30,30
4486,R0052,SHAP-style,4,0.25,0.75,-0.10302801669778636,30,30
6793,R0038,LIME-style,4,0.0,1.0,-0.12878502087223295,30,30
6793,R0038,SHAP-style,4,0.0,0.3333333333333333,0.12878502087223295,30,30
4322,R0025,LIME-style,4,0.0,0.25,-0.30908405009335904,12,31
4322,R0025,SHAP-style,4,0.5,0.5,0.2575700417444659,12,31
601,R0012,LIME-style,4,0.25,0.6666666666666666,0.02575700417444659,4,4
601,R0012,SHAP-style,4,0.25,0.0,0.2318130375700193,4,4
3271,R0017,LIME-style,3,0.3333333333333333,0.5,0.15803227583755905,19,24
3271,R0017,SHAP-style,3,0.3333333333333333,1.0,0.2729648400830565,19,24
2911,R0034,LIME-style,4,0.5,0.3333333333333333,0.30908405009335904,37,0
2911,R0034,SHAP-style,4,0.5,0.3333333333333333,0.30908405009335904,37,0
708,R0036,LIME-style,4,0.5,0.75,-0.05151400834889318,38,38
708,R0036,SHAP-style,4,0.5,0.75,0.437869070965592,38,38
614,R0020,LIME-style,6,0.3333333333333333,0.5,-0.09086217008485094,28,25
614,R0020,SHAP-style,6,0.5,0.6666666666666666,0.15900879764848913,28,25
772,R0017,LIME-style,3,0.3333333333333333,0.5,0.15803227583755905,19,19
772,R0017,SHAP-style,3,0.3333333333333333,1.0,0.014366570530687184,19,19
36,R0044,LIME-style,4,0.25,0.5,-0.05151400834889318,28,43
36,R0044,SHAP-style,4,0.0,0.5,-0.3605980584422523,28,43
3984,R0034,LIME-style,4,0.25,0.3333333333333333,0.15454202504667952,22,48
3984,R0034,SHAP-style,4,0.25,0.3333333333333333,-0.02575700417444659,22,48
4779,R0027,LIME-style,4,0.25,0.5,-0.07727101252333976,25,9
4779,R0027,SHAP-style,4,0.5,1.0,0.33484105426780564,25,9
7307,R0034,LIME-style,4,0.0,0.6666666666666666,-0.18029902922112614,39,0
7307,R0034,SHAP-style,4,0.25,0.6666666666666666,-0.12878502087223295,39,0
6007,R0021,LIME-style,4,0.5,0.75,0.566654091837825,6,20
6007,R0021,SHAP-style,4,1.0,1.0,0.7211961168845046,6,20
4750,R0020,LIME-style,6,0.3333333333333333,0.5,0.0,28,25
4750,R0020,SHAP-style,6,0.5,0.6666666666666666,0.13629325512727639,28,25
2840,R0015,LIME-style,4,0.0,1.0,-0.2060560333955727,13,41
2840,R0015,SHAP-style,4,0.0,0.0,-0.18029902922112614,13,41
