dataset,seed,scope,eval_position,source_row_index,true_label,true_class,base_prediction,base_class,prediction,rule_class,mode,abstained,conflict,activated_rules,n_activated,covered,correct_when_covered,faithful_to_base_when_covered,normalized_image_path,alpha_bucket,scene_category,scene_leaf,filename,split_membership,official_attribute_row,official_attribute_match,n_official_attributes
SUN,42,closed_world_seen_test,0,982,49,bakery shop,49,bakery shop,-1,,exact,True,True,R0297;R0302;R0304;R0308;R0311;R0315;R0318;R0319;R0320;R0322,163,False,False,False,b/bakery/shop/sun_abjonbyzovhazgcr.jpg,b,bakery/shop,shop,sun_abjonbyzovhazgcr.jpg,test_seen_loc,982,True,102
SUN,42,closed_world_seen_test,1,985,49,bakery shop,192,crawl space,-1,,exact,True,True,R0297;R0302;R0304;R0308;R0311;R0315;R0318;R0319;R0320;R0322,163,False,False,False,b/bakery/shop/sun_abtdevdjvtutgwbq.jpg,b,bakery/shop,shop,sun_abtdevdjvtutgwbq.jpg,test_seen_loc,985,True,102
SUN,42,closed_world_seen_test,2,989,49,bakery shop,49,bakery shop,-1,,exact,True,True,R0252;R0297;R0300;R0302;R0303;R0304;R0305;R0306;R0308;R0311,248,False,False,False,b/bakery/shop/sun_acrhyzlnnrejuoqr.jpg,b,bakery/shop,shop,sun_acrhyzlnnrejuoqr.jpg,test_seen_loc,989,True,102
SUN,42,closed_world_seen_test,3,992,49,bakery shop,49,bakery shop,370,kitchen,fallback,False,False,,0,True,False,False,b/bakery/shop/sun_addnegsqlicnnkat.jpg,b,bakery/shop,shop,sun_addnegsqlicnnkat.jpg,test_seen_loc,992,True,102
SUN,42,closed_world_seen_test,4,1227,61,bar,269,florist shop indoor,-1,,exact,True,True,R0252;R0300;R0302;R0303;R0304;R0306;R0308;R0311;R0312;R0315,179,False,False,False,b/bar/sun_afjxmcgnmfnasvah.jpg,b,bar,bar,sun_afjxmcgnmfnasvah.jpg,test_seen_loc,1227,True,102
SUN,42,closed_world_seen_test,5,1236,61,bar,185,corridor,-1,,exact,True,True,R0256;R0297;R0300;R0303;R0306;R0308;R0314;R0315;R0318;R0320,151,False,False,False,b/bar/sun_ahvavfyysltrogug.jpg,b,bar,bar,sun_ahvavfyysltrogug.jpg,test_seen_loc,1236,True,102
SUN,42,closed_world_seen_test,6,1228,61,bar,618,tearoom,-1,,exact,True,True,R0300;R0302;R0303;R0304;R0308;R0317;R0318;R0319;R0320;R0322,75,False,False,False,b/bar/sun_afoivrpibhwxyyzh.jpg,b,bar,bar,sun_afoivrpibhwxyyzh.jpg,test_seen_loc,1228,True,102
SUN,42,closed_world_seen_test,7,1226,61,bar,334,hotel breakfast area,-1,,exact,True,True,R0300;R0302;R0303;R0304;R0306;R0308;R0311;R0315;R0317;R0318,173,False,False,False,b/bar/sun_afftugomdmhkmiln.jpg,b,bar,bar,sun_afftugomdmhkmiln.jpg,test_seen_loc,1226,True,102
SUN,42,closed_world_seen_test,8,1259,62,barn,62,barn,-1,,exact,True,True,R0018;R0028;R0135;R0154;R0158;R0169;R0216;R0224;R0244;R0248,26,False,False,False,b/barn/sun_aosynzzzqkumvgzw.jpg,b,barn,barn,sun_aosynzzzqkumvgzw.jpg,test_seen_loc,1259,True,102
SUN,42,closed_world_seen_test,9,1244,62,barn,62,barn,-1,,exact,True,True,R0056;R0067;R0123;R0138;R0142;R0147;R0153;R0159;R0181;R0202,26,False,False,False,b/barn/sun_adwlqmlxitrowbny.jpg,b,barn,barn,sun_adwlqmlxitrowbny.jpg,test_seen_loc,1244,True,102
SUN,42,closed_world_seen_test,10,1246,62,barn,62,barn,-1,,exact,True,True,R0117;R0183;R0202;R0217;R0258;R0260;R0263;R0266;R0267;R0270,31,False,False,False,b/barn/sun_aesoqvoddjwshqmr.jpg,b,barn,barn,sun_aesoqvoddjwshqmr.jpg,test_seen_loc,1246,True,102
SUN,42,closed_world_seen_test,11,1242,62,barn,318,hayfield,-1,,exact,True,True,R0082;R0109;R0129;R0138;R0149;R0159;R0160;R0161;R0165;R0167,24,False,False,False,b/barn/sun_actgvanvbyqjwchx.jpg,b,barn,barn,sun_actgvanvbyqjwchx.jpg,test_seen_loc,1242,True,102
SUN,42,closed_world_seen_test,12,1891,94,boathouse,94,boathouse,-1,,exact,True,True,R0014;R0017;R0019;R0022;R0072;R0075;R0081;R0096;R0097;R0098,57,False,False,False,b/boathouse/sun_aleccvdjdpjlhrcp.jpg,b,boathouse,boathouse,sun_aleccvdjdpjlhrcp.jpg,test_seen_loc,1891,True,102
SUN,42,closed_world_seen_test,13,1892,94,boathouse,73,bayou,-1,,exact,True,True,R0017;R0022;R0038;R0057;R0118;R0124;R0125;R0139;R0158;R0169,34,False,False,False,b/boathouse/sun_alopjrvkdjmijecc.jpg,b,boathouse,boathouse,sun_alopjrvkdjmijecc.jpg,test_seen_loc,1892,True,102
SUN,42,closed_world_seen_test,14,1889,94,boathouse,519,raft,437,naval base,exact,False,False,R0006;R0019;R0022;R0081;R0096;R0097;R0098;R0099;R0100;R0101,24,True,False,False,b/boathouse/sun_ajudvqtzbdczjzeo.jpg,b,boathouse,boathouse,sun_ajudvqtzbdczjzeo.jpg,test_seen_loc,1889,True,102
SUN,42,closed_world_seen_test,15,1883,94,boathouse,308,grotto,-1,,exact,True,True,R0019;R0022;R0081;R0111;R0118;R0124;R0131;R0150;R0158;R0169,24,False,False,False,b/boathouse/sun_aebbsstbdvtedjzz.jpg,b,boathouse,boathouse,sun_aebbsstbdvtedjzz.jpg,test_seen_loc,1883,True,102
SUN,42,closed_world_seen_test,16,1936,96,bookstore,391,liquor store indoor,-1,,exact,True,True,R0300;R0302;R0304;R0306;R0308;R0311;R0315;R0318;R0319;R0320,110,False,False,False,b/bookstore/sun_ajcmsiqmsvqmmomi.jpg,b,bookstore,bookstore,sun_ajcmsiqmsvqmmomi.jpg,test_seen_loc,1936,True,102
SUN,42,closed_world_seen_test,17,1938,96,bookstore,96,bookstore,-1,,exact,True,True,R0322;R0339;R0342;R0360;R0406;R0496,6,False,False,False,b/bookstore/sun_akalsutuabbheyhn.jpg,b,bookstore,bookstore,sun_akalsutuabbheyhn.jpg,test_seen_loc,1938,True,102
SUN,42,closed_world_seen_test,18,1930,96,bookstore,96,bookstore,-1,,exact,True,True,R0252;R0256;R0297;R0300;R0302;R0303;R0304;R0305;R0306;R0308,227,False,False,False,b/bookstore/sun_aftwrxwximdikluf.jpg,b,bookstore,bookstore,sun_aftwrxwximdikluf.jpg,test_seen_loc,1930,True,102
SUN,42,closed_world_seen_test,19,1933,96,bookstore,96,bookstore,-1,,exact,True,True,R0032;R0252;R0300;R0302;R0318;R0319;R0320;R0333;R0334;R0339,19,False,False,False,b/bookstore/sun_ahsqkpyxpyepjgxn.jpg,b,bookstore,bookstore,sun_ahsqkpyxpyepjgxn.jpg,test_seen_loc,1933,True,102
SUN,42,closed_world_seen_test,20,2125,106,bridge,454,oilrig,-1,,exact,True,True,R0017;R0069;R0072;R0073;R0075;R0113;R0118;R0124;R0195;R0212,41,False,False,False,b/bridge/sun_aghuugrssxlpepdg.jpg,b,bridge,bridge,sun_aghuugrssxlpepdg.jpg,test_seen_loc,2125,True,102
SUN,42,closed_world_seen_test,21,2132,106,bridge,692,waterfall cataract,-1,,exact,True,True,R0070;R0072;R0076;R0077;R0080;R0088;R0089;R0103;R0104;R0105,32,False,False,False,b/bridge/sun_ankzgforvzlebrby.jpg,b,bridge,bridge,sun_ankzgforvzlebrby.jpg,test_seen_loc,2132,True,102
SUN,42,closed_world_seen_test,22,2137,106,bridge,449,ocean,-1,,fallback,True,False,,0,False,False,False,b/bridge/sun_aqrosartlqtxmcru.jpg,b,bridge,bridge,sun_aqrosartlqtxmcru.jpg,test_seen_loc,2137,True,102
SUN,42,closed_world_seen_test,23,2139,106,bridge,519,raft,-1,,exact,True,True,R0022;R0081;R0096;R0097;R0098;R0099;R0100;R0101;R0102;R0111,29,False,False,False,b/bridge/sun_arfhyhtzzdhgszyb.jpg,b,bridge,bridge,sun_arfhyhtzzdhgszyb.jpg,test_seen_loc,2139,True,102
SUN,42,closed_world_seen_test,24,2321,116,butchers shop,116,butchers shop,613,swimming pool indoor,fallback,False,False,,0,True,False,False,b/butchers_shop/sun_abwlmoaetqdbftta.jpg,b,butchers_shop,butchers_shop,sun_abwlmoaetqdbftta.jpg,test_seen_loc,2321,True,102
SUN,42,closed_world_seen_test,25,2335,116,butchers shop,116,butchers shop,-1,,exact,True,True,R0256;R0277;R0297;R0303;R0311;R0314;R0315;R0318;R0324;R0331,90,False,False,False,b/butchers_shop/sun_aqtmcippkbzzvmkz.jpg,b,butchers_shop,butchers_shop,sun_aqtmcippkbzzvmkz.jpg,test_seen_loc,2335,True,102
SUN,42,closed_world_seen_test,26,2339,116,butchers shop,116,butchers shop,-1,,exact,True,True,R0253;R0312;R0330;R0442;R0468;R0470;R0478;R0499;R0533;R0536,10,False,False,False,b/butchers_shop/sun_ashshcdkqbsefpok.jpg,b,butchers_shop,butchers_shop,sun_ashshcdkqbsefpok.jpg,test_seen_loc,2339,True,102
SUN,42,closed_world_seen_test,27,2325,116,butchers shop,404,market outdoor,-1,,exact,True,True,R0093;R0191;R0197;R0246;R0305;R0371;R0395;R0417;R0423;R0490,15,False,False,False,b/butchers_shop/sun_agybqsstynciqlwi.jpg,b,butchers_shop,butchers_shop,sun_agybqsstynciqlwi.jpg,test_seen_loc,2325,True,102
SUN,42,closed_world_seen_test,28,2522,126,candy store,391,liquor store indoor,-1,,exact,True,True,R0256;R0277;R0297;R0303;R0305;R0308;R0311;R0314;R0315;R0318,171,False,False,False,c/candy_store/sun_adpwhdnfcjlzirvm.jpg,c,candy_store,candy_store,sun_adpwhdnfcjlzirvm.jpg,test_seen_loc,2522,True,102
SUN,42,closed_world_seen_test,29,2536,126,candy store,126,candy store,-1,,exact,True,True,R0252;R0300;R0304;R0305;R0308;R0311;R0312;R0314;R0317;R0320,165,False,False,False,c/candy_store/sun_annjanpinarqmgvt.jpg,c,candy_store,candy_store,sun_annjanpinarqmgvt.jpg,test_seen_loc,2536,True,102
SUN,42,closed_world_seen_test,30,2534,126,candy store,49,bakery shop,-1,,exact,True,True,R0256;R0297;R0300;R0302;R0303;R0306;R0314;R0315;R0317;R0318,172,False,False,False,c/candy_store/sun_anikqhdmzwnczpje.jpg,c,candy_store,candy_store,sun_anikqhdmzwnczpje.jpg,test_seen_loc,2534,True,102
SUN,42,closed_world_seen_test,31,2532,126,candy store,391,liquor store indoor,-1,,exact,True,True,R0302;R0304;R0308;R0318;R0319;R0320;R0322;R0324;R0333;R0334,50,False,False,False,c/candy_store/sun_amobvsbovyucvqmj.jpg,c,candy_store,candy_store,sun_amobvsbovyucvqmj.jpg,test_seen_loc,2532,True,102
SUN,42,closed_world_seen_test,32,2727,136,carrousel,136,carrousel,-1,,exact,True,True,R0093;R0246;R0304;R0311;R0315;R0324;R0329;R0334;R0344;R0347,51,False,False,False,c/carrousel/sun_aitthfgaunoxmgxv.jpg,c,carrousel,carrousel,sun_aitthfgaunoxmgxv.jpg,test_seen_loc,2727,True,102
SUN,42,closed_world_seen_test,33,2722,136,carrousel,136,carrousel,-1,,exact,True,True,R0196;R0304;R0308;R0311;R0314;R0315;R0317;R0320;R0322;R0324,199,False,False,False,c/carrousel/sun_aahgmfuwkxfvrezk.jpg,c,carrousel,carrousel,sun_aahgmfuwkxfvrezk.jpg,test_seen_loc,2722,True,102
SUN,42,closed_world_seen_test,34,2728,136,carrousel,136,carrousel,-1,,exact,True,True,R0196;R0197;R0222;R0451;R0498;R0509;R0519;R0520;R0534;R0556,12,False,False,False,c/carrousel/sun_aixdtcisjilpdlnl.jpg,c,carrousel,carrousel,sun_aixdtcisjilpdlnl.jpg,test_seen_loc,2728,True,102
SUN,42,closed_world_seen_test,35,2721,136,carrousel,136,carrousel,-1,,exact,True,True,R0039;R0040;R0059;R0061;R0092;R0112;R0134;R0144;R0145;R0200,210,False,False,False,c/carrousel/sun_aadxnypuygohebii.jpg,c,carrousel,carrousel,sun_aadxnypuygohebii.jpg,test_seen_loc,2721,True,102
SUN,42,closed_world_seen_test,36,2788,139,castle,139,castle,-1,,exact,True,True,R0121;R0137;R0163;R0165;R0166;R0228;R0231;R0241;R0257;R0260,24,False,False,False,c/castle/sun_adzwffzsxqkfnytu.jpg,c,castle,castle,sun_adzwffzsxqkfnytu.jpg,test_seen_loc,2788,True,102
SUN,42,closed_world_seen_test,37,2794,139,castle,373,labyrinth indoor,-1,,exact,True,True,R0056;R0067;R0123;R0135;R0136;R0138;R0142;R0147;R0153;R0159,29,False,False,False,c/castle/sun_agmewmmqblivekrg.jpg,c,castle,castle,sun_agmewmmqblivekrg.jpg,test_seen_loc,2794,True,102
SUN,42,closed_world_seen_test,38,2785,139,castle,219,dolmen,-1,,exact,True,True,R0109;R0136;R0138;R0142;R0149;R0153;R0159;R0165;R0171;R0172,33,False,False,False,c/castle/sun_abnfnnmldiyhhuxz.jpg,c,castle,castle,sun_abnfnnmldiyhhuxz.jpg,test_seen_loc,2785,True,102
SUN,42,closed_world_seen_test,39,2790,139,castle,139,castle,-1,,exact,True,True,R0108;R0117;R0158;R0164;R0169;R0171;R0183;R0190;R0194;R0202,79,False,False,False,c/castle/sun_aekqyyljtquivrns.jpg,c,castle,castle,sun_aekqyyljtquivrns.jpg,test_seen_loc,2790,True,102
SUN,42,closed_world_seen_test,40,3315,165,cliff,522,rainforest,-1,,exact,True,True,R0063;R0068;R0070;R0071;R0076;R0077;R0080;R0087;R0122;R0172,19,False,False,False,c/cliff/sun_awzypjwcihzhfeza.jpg,c,cliff,cliff,sun_awzypjwcihzhfeza.jpg,test_seen_loc,3315,True,102
SUN,42,closed_world_seen_test,41,3314,165,cliff,600,stone circle,-1,,exact,True,True,R0025;R0055;R0060;R0062;R0064;R0066;R0072;R0081;R0083;R0085,82,False,False,False,c/cliff/sun_awzbjeagiubfdruy.jpg,c,cliff,cliff,sun_awzbjeagiubfdruy.jpg,test_seen_loc,3314,True,102
SUN,42,closed_world_seen_test,42,3316,165,cliff,600,stone circle,-1,,exact,True,True,R0058;R0066;R0078;R0085;R0094;R0103;R0104;R0105;R0106;R0107,46,False,False,False,c/cliff/sun_axapvekmxlnfrwox.jpg,c,cliff,cliff,sun_axapvekmxlnfrwox.jpg,test_seen_loc,3316,True,102
SUN,42,closed_world_seen_test,43,3300,165,cliff,668,van interior,-1,,exact,True,True,R0029;R0068;R0089;R0227;R0253;R0262;R0265;R0284;R0286,9,False,False,False,c/cliff/sun_abeikrfiemiqxxyj.jpg,c,cliff,cliff,sun_abeikrfiemiqxxyj.jpg,test_seen_loc,3300,True,102
SUN,42,closed_world_seen_test,44,3376,168,closet,168,closet,664,underwater pool,exact,False,False,R0001,1,True,False,False,c/closet/sun_aioqyrrgfmkqqtds.jpg,c,closet,closet,sun_aioqyrrgfmkqqtds.jpg,test_seen_loc,3376,True,102
SUN,42,closed_world_seen_test,45,3361,168,closet,168,closet,-1,,exact,True,True,R0256;R0297;R0303;R0314;R0318;R0331;R0335;R0338;R0340;R0341,55,False,False,False,c/closet/sun_aautbewprusmsfki.jpg,c,closet,closet,sun_aautbewprusmsfki.jpg,test_seen_loc,3361,True,102
SUN,42,closed_world_seen_test,46,3379,168,closet,168,closet,-1,,exact,True,True,R0252;R0297;R0300;R0302;R0303;R0304;R0305;R0306;R0308;R0312,224,False,False,False,c/closet/sun_akqxesqypzrwbquy.jpg,c,closet,closet,sun_akqxesqypzrwbquy.jpg,test_seen_loc,3379,True,102
SUN,42,closed_world_seen_test,47,3362,168,closet,168,closet,-1,,exact,True,True,R0252;R0256;R0277;R0297;R0302;R0303;R0304;R0305;R0308;R0314,197,False,False,False,c/closet/sun_aazyarazogyqnprd.jpg,c,closet,closet,sun_aazyarazogyqnprd.jpg,test_seen_loc,3362,True,102
SUN,42,closed_world_seen_test,48,3415,170,coast,449,ocean,-1,,exact,True,True,R0054;R0055;R0060;R0062;R0064;R0072;R0081;R0083;R0086;R0088,49,False,False,False,c/coast/sun_adanufzkphcccspa.jpg,c,coast,coast,sun_adanufzkphcccspa.jpg,test_seen_loc,3415,True,102
SUN,42,closed_world_seen_test,49,3403,170,coast,76,beach,-1,,exact,True,True,R0025;R0055;R0060;R0062;R0064;R0066;R0072;R0081;R0083;R0085,82,False,False,False,c/coast/sun_abacczqzmassivlz.jpg,c,coast,coast,sun_abacczqzmassivlz.jpg,test_seen_loc,3403,True,102
SUN,42,closed_world_seen_test,50,3401,170,coast,76,beach,-1,,exact,True,True,R0054;R0055;R0060;R0062;R0064;R0081;R0083;R0086;R0088;R0090,42,False,False,False,c/coast/sun_aafqtwpwdjhubknk.jpg,c,coast,coast,sun_aafqtwpwdjhubknk.jpg,test_seen_loc,3401,True,102
SUN,42,closed_world_seen_test,51,3402,170,coast,76,beach,-1,,exact,True,True,R0055;R0062;R0064;R0081;R0083;R0086;R0090;R0096;R0097;R0098,39,False,False,False,c/coast/sun_aaxfjkdosftycscz.jpg,c,coast,coast,sun_aaxfjkdosftycscz.jpg,test_seen_loc,3402,True,102
SUN,42,closed_world_seen_test,52,4008,200,dam,603,strip mine,-1,,exact,True,True,R0066;R0085;R0121;R0137;R0165;R0167;R0168;R0185;R0186;R0214,21,False,False,False,d/dam/sun_dhtlnyhakmfzsigb.jpg,d,dam,dam,sun_dhtlnyhakmfzsigb.jpg,test_seen_loc,4008,True,102
SUN,42,closed_world_seen_test,53,4007,200,dam,565,sea cliff,226,drill rig,exact,False,False,R0078,1,True,False,False,d/dam/sun_dehxtevmhertslku.jpg,d,dam,dam,sun_dehxtevmhertslku.jpg,test_seen_loc,4007,True,102
SUN,42,closed_world_seen_test,54,4001,200,dam,485,pig farm,354,jacuzzi outdoor,exact,False,False,R0017;R0197;R0250;R0264;R0268;R0281;R0282;R0313;R0498;R0509,15,True,False,False,d/dam/sun_apafmvrzsvclrefi.jpg,d,dam,dam,sun_apafmvrzsvclrefi.jpg,test_seen_loc,4001,True,102
SUN,42,closed_world_seen_test,55,4003,200,dam,680,volcano,-1,,exact,True,True,R0029;R0066;R0070;R0076;R0077;R0080;R0091;R0094;R0103;R0104,87,False,False,False,d/dam/sun_dauvddlmpihedptn.jpg,d,dam,dam,sun_dauvddlmpihedptn.jpg,test_seen_loc,4003,True,102
SUN,42,closed_world_seen_test,56,4375,218,dock,218,dock,-1,,exact,True,True,R0060;R0072;R0089;R0096;R0097;R0098;R0099;R0100;R0101;R0102,23,False,False,False,d/dock/sun_bjeuvumpsiuihhhl.jpg,d,dock,dock,sun_bjeuvumpsiuihhhl.jpg,test_seen_loc,4375,True,102
SUN,42,closed_world_seen_test,57,4371,218,dock,377,lake natural,-1,,exact,True,True,R0025;R0054;R0055;R0060;R0062;R0063;R0064;R0072;R0081;R0083,72,False,False,False,d/dock/sun_bgqtyzdihmaobaqt.jpg,d,dock,dock,sun_bgqtyzdihmaobaqt.jpg,test_seen_loc,4371,True,102
SUN,42,closed_world_seen_test,58,4379,218,dock,566,seawall,-1,,exact,True,True,R0060;R0096;R0097;R0098;R0099;R0100;R0101;R0102;R0110;R0155,18,False,False,False,d/dock/sun_bvmcqhmvhctwjzgj.jpg,d,dock,dock,sun_bvmcqhmvhctwjzgj.jpg,test_seen_loc,4379,True,102
SUN,42,closed_world_seen_test,59,4361,218,dock,73,bayou,-1,,exact,True,True,R0014;R0019;R0072;R0096;R0097;R0098;R0099;R0100;R0101;R0102,16,False,False,False,d/dock/sun_ajskauvxmvogayxs.jpg,d,dock,dock,sun_ajskauvxmvogayxs.jpg,test_seen_loc,4361,True,102
SUN,42,closed_world_seen_test,60,5027,251,fastfood restaurant,213,dining car,-1,,exact,True,True,R0277;R0297;R0302;R0303;R0304;R0308;R0311;R0314;R0315;R0317,240,False,False,False,f/fastfood_restaurant/sun_abwevkvmnccbpjch.jpg,f,fastfood_restaurant,fastfood_restaurant,sun_abwevkvmnccbpjch.jpg,test_seen_loc,5027,True,102
SUN,42,closed_world_seen_test,61,5039,251,fastfood restaurant,129,car interior backseat,-1,,exact,True,True,R0256;R0304;R0314;R0317;R0325;R0329;R0330;R0334;R0335;R0340,112,False,False,False,f/fastfood_restaurant/sun_akocwzqzyfvracmn.jpg,f,fastfood_restaurant,fastfood_restaurant,sun_akocwzqzyfvracmn.jpg,test_seen_loc,5039,True,102
SUN,42,closed_world_seen_test,62,5034,251,fastfood restaurant,391,liquor store indoor,-1,,exact,True,True,R0256;R0277;R0297;R0302;R0303;R0304;R0308;R0311;R0314;R0315,219,False,False,False,f/fastfood_restaurant/sun_ahgzubmukqdthrhi.jpg,f,fastfood_restaurant,fastfood_restaurant,sun_ahgzubmukqdthrhi.jpg,test_seen_loc,5034,True,102
SUN,42,closed_world_seen_test,63,5021,251,fastfood restaurant,175,conference hall,-1,,exact,True,True,R0256;R0297;R0300;R0302;R0303;R0304;R0306;R0308;R0311;R0314,220,False,False,False,f/fastfood_restaurant/sun_aapxwxuoibctxfhq.jpg,f,fastfood_restaurant,fastfood_restaurant,sun_aapxwxuoibctxfhq.jpg,test_seen_loc,5021,True,102
SUN,42,closed_world_seen_test,64,5411,270,fly bridge,668,van interior,-1,,exact,True,True,R0084;R0135;R0154;R0173;R0191;R0196;R0212;R0233;R0236;R0282,27,False,False,False,f/fly_bridge/sun_arexvgybcirtegzv.jpg,f,fly_bridge,fly_bridge,sun_arexvgybcirtegzv.jpg,test_seen_loc,5411,True,102
SUN,42,closed_world_seen_test,65,5406,270,fly bridge,129,car interior backseat,-1,,exact,True,True,R0084;R0135;R0154;R0173;R0191;R0196;R0212;R0233;R0236;R0282,28,False,False,False,f/fly_bridge/sun_ambwhgcwpvokxmwe.jpg,f,fly_bridge,fly_bridge,sun_ambwhgcwpvokxmwe.jpg,test_seen_loc,5406,True,102
SUN,42,closed_world_seen_test,66,5408,270,fly bridge,270,fly bridge,-1,,exact,True,True,R0140;R0206;R0212;R0222;R0277;R0305;R0460;R0461;R0462;R0475,22,False,False,False,f/fly_bridge/sun_anihtvfznlvekcpe.jpg,f,fly_bridge,fly_bridge,sun_anihtvfznlvekcpe.jpg,test_seen_loc,5408,True,102
SUN,42,closed_world_seen_test,67,5402,270,fly bridge,380,laundromat,-1,,exact,True,True,R0302;R0304;R0318;R0324;R0333;R0341;R0348;R0360;R0370;R0372,35,False,False,False,f/fly_bridge/sun_adhabzylrbsghcwl.jpg,f,fly_bridge,fly_bridge,sun_adhabzylrbsghcwl.jpg,test_seen_loc,5402,True,102
SUN,42,closed_world_seen_test,68,5648,282,fountain,19,aquatic theater,-1,,exact,True,True,R0173;R0191;R0197;R0233;R0245;R0282;R0498;R0509;R0519;R0520,13,False,False,False,f/fountain/sun_amnhcplovucnuecp.jpg,f,fountain,fountain,sun_amnhcplovucnuecp.jpg,test_seen_loc,5648,True,102
SUN,42,closed_world_seen_test,69,5655,282,fountain,690,waterfall block,551,rubble,exact,False,False,R0068,1,True,False,False,f/fountain/sun_attlvbosotfxcnsm.jpg,f,fountain,fountain,sun_attlvbosotfxcnsm.jpg,test_seen_loc,5655,True,102
SUN,42,closed_world_seen_test,70,5640,282,fountain,282,fountain,-1,,exact,True,True,R0015;R0074;R0095;R0109;R0123;R0136;R0138;R0142;R0153;R0159,18,False,False,False,f/fountain/sun_abhimdlygpbldiwf.jpg,f,fountain,fountain,sun_abhimdlygpbldiwf.jpg,test_seen_loc,5640,True,102
SUN,42,closed_world_seen_test,71,5657,282,fountain,583,skyscraper,-1,,exact,True,True,R0166;R0183;R0217;R0231;R0240;R0260;R0272;R0273;R0291;R0293,14,False,False,False,f/fountain/sun_awbdhycuuknwlqnq.jpg,f,fountain,fountain,sun_awbdhycuuknwlqnq.jpg,test_seen_loc,5657,True,102
SUN,42,closed_world_seen_test,72,6555,327,home theater,327,home theater,-1,,exact,True,True,R0039;R0040;R0059;R0061;R0092;R0112;R0134;R0144;R0145;R0256,229,False,False,False,h/home_theater/sun_buqlbzcwvawvqqbw.jpg,h,home_theater,home_theater,sun_buqlbzcwvawvqqbw.jpg,test_seen_loc,6555,True,102
SUN,42,closed_world_seen_test,73,6551,327,home theater,327,home theater,-1,,exact,True,True,R0302;R0303;R0304;R0317;R0318;R0324;R0331;R0333;R0341;R0348,45,False,False,False,h/home_theater/sun_bnitsimnbwgbbhfs.jpg,h,home_theater,home_theater,sun_bnitsimnbwgbbhfs.jpg,test_seen_loc,6551,True,102
SUN,42,closed_world_seen_test,74,6557,327,home theater,668,van interior,-1,,exact,True,True,R0039;R0040;R0059;R0061;R0092;R0112;R0134;R0144;R0145;R0297,250,False,False,False,h/home_theater/sun_bwgxunrpgvrjiutz.jpg,h,home_theater,home_theater,sun_bwgxunrpgvrjiutz.jpg,test_seen_loc,6557,True,102
SUN,42,closed_world_seen_test,75,6549,327,home theater,327,home theater,-1,,exact,True,True,R0256;R0277;R0297;R0302;R0303;R0314;R0315;R0317;R0318;R0319,167,False,False,False,h/home_theater/sun_bmsbeqwitvwvcgyq.jpg,h,home_theater,home_theater,sun_bmsbeqwitvwvcgyq.jpg,test_seen_loc,6549,True,102
SUN,42,closed_world_seen_test,76,6740,337,house,337,house,-1,,exact,True,True,R0148;R0154;R0158;R0169;R0216;R0224;R0228;R0244;R0248;R0260,28,False,False,False,h/house/sun_abcaoiwkiofeweig.jpg,h,house,house,sun_abcaoiwkiofeweig.jpg,test_seen_loc,6740,True,102
SUN,42,closed_world_seen_test,77,6743,337,house,492,plantation house,-1,,exact,True,True,R0148;R0177;R0182;R0203;R0238;R0241;R0257;R0262;R0268;R0276,17,False,False,False,h/house/sun_admwlghhtfixlbsf.jpg,h,house,house,sun_admwlghhtfixlbsf.jpg,test_seen_loc,6743,True,102
SUN,42,closed_world_seen_test,78,6746,337,house,337,house,-1,,exact,True,True,R0108;R0148;R0158;R0177;R0192;R0231;R0238;R0241;R0242;R0257,24,False,False,False,h/house/sun_akyuehyynfuutglc.jpg,h,house,house,sun_akyuehyynfuutglc.jpg,test_seen_loc,6746,True,102
SUN,42,closed_world_seen_test,79,6741,337,house,337,house,-1,,exact,True,True,R0043;R0053;R0089;R0162;R0169;R0177;R0192;R0203;R0224;R0232,82,False,False,False,h/house/sun_acwigxgnajtqwtgz.jpg,h,house,house,sun_acwigxgnajtqwtgz.jpg,test_seen_loc,6741,True,102
SUN,42,closed_world_seen_test,80,7767,388,lift bridge,226,drill rig,-1,,exact,True,True,R0038;R0052;R0075;R0084;R0124;R0127;R0140;R0212;R0220;R0232,30,False,False,False,l/lift_bridge/sun_bbgxmkgjvcwvchvh.jpg,l,lift_bridge,lift_bridge,sun_bbgxmkgjvcwvchvh.jpg,test_seen_loc,7767,True,102
SUN,42,closed_world_seen_test,81,7774,388,lift bridge,218,dock,-1,,exact,True,True,R0014;R0019;R0022;R0096;R0097;R0098;R0099;R0100;R0101;R0102,16,False,False,False,l/lift_bridge/sun_bipmqgagpvbmbxgg.jpg,l,lift_bridge,lift_bridge,sun_bipmqgagpvbmbxgg.jpg,test_seen_loc,7774,True,102
SUN,42,closed_world_seen_test,82,7760,388,lift bridge,106,bridge,-1,,exact,True,True,R0064;R0072;R0081;R0083;R0086;R0096;R0097;R0098;R0099;R0100,32,False,False,False,l/lift_bridge/sun_aaxppqqoemukaosc.jpg,l,lift_bridge,lift_bridge,sun_aaxppqqoemukaosc.jpg,test_seen_loc,7760,True,102
SUN,42,closed_world_seen_test,83,7770,388,lift bridge,454,oilrig,614,swimming pool outdoor,exact,False,False,R0014;R0060;R0064;R0069;R0072;R0073;R0081;R0083;R0086;R0096,42,True,False,False,l/lift_bridge/sun_bgdzhohbfevknswz.jpg,l,lift_bridge,lift_bridge,sun_bgdzhohbfevknswz.jpg,test_seen_loc,7770,True,102
SUN,42,closed_world_seen_test,84,7783,389,lighthouse,687,water tower,-1,,exact,True,True,R0027;R0057;R0074;R0113;R0125;R0139;R0166;R0183;R0190;R0217,38,False,False,False,l/lighthouse/sun_aefkcmsyhzbdplox.jpg,l,lighthouse,lighthouse,sun_aefkcmsyhzbdplox.jpg,test_seen_loc,7783,True,102
SUN,42,closed_world_seen_test,85,7786,389,lighthouse,687,water tower,-1,,exact,True,True,R0054;R0060;R0064;R0083;R0086;R0096;R0097;R0098;R0099;R0100,30,False,False,False,l/lighthouse/sun_aflecuhesmwzfahg.jpg,l,lighthouse,lighthouse,sun_aflecuhesmwzfahg.jpg,test_seen_loc,7786,True,102
SUN,42,closed_world_seen_test,86,7796,389,lighthouse,687,water tower,-1,,exact,True,True,R0073;R0078;R0157;R0170;R0187;R0188;R0226;R0229,8,False,False,False,l/lighthouse/sun_anykxncobciqnjta.jpg,l,lighthouse,lighthouse,sun_anykxncobciqnjta.jpg,test_seen_loc,7796,True,102
SUN,42,closed_world_seen_test,87,7784,389,lighthouse,442,nuclear power plant outdoor,-1,,exact,True,True,R0015;R0078;R0157;R0170;R0187;R0188;R0226;R0229;R0279,9,False,False,False,l/lighthouse/sun_aeuofiqnhhknxbsa.jpg,l,lighthouse,lighthouse,sun_aeuofiqnhhknxbsa.jpg,test_seen_loc,7784,True,102
SUN,42,closed_world_seen_test,88,8043,402,manufactured home,402,manufactured home,-1,,exact,True,True,R0029;R0069;R0073;R0079;R0136;R0138;R0141;R0142;R0143;R0149,54,False,False,False,m/manufactured_home/sun_bcbhmguxiokpqhvh.jpg,m,manufactured_home,manufactured_home,sun_bcbhmguxiokpqhvh.jpg,test_seen_loc,8043,True,102
SUN,42,closed_world_seen_test,89,8041,402,manufactured home,402,manufactured home,-1,,exact,True,True,R0056;R0065;R0074;R0123;R0138;R0149;R0166;R0228;R0240;R0241,25,False,False,False,m/manufactured_home/sun_amgzqhzyobzzoghn.jpg,m,manufactured_home,manufactured_home,sun_amgzqhzyobzzoghn.jpg,test_seen_loc,8041,True,102
SUN,42,closed_world_seen_test,90,8050,402,manufactured home,402,manufactured home,-1,,exact,True,True,R0065;R0069;R0136;R0198;R0202;R0235;R0237;R0247;R0259;R0261,47,False,False,False,m/manufactured_home/sun_bjhjdqnyglmmwusx.jpg,m,manufactured_home,manufactured_home,sun_bjhjdqnyglmmwusx.jpg,test_seen_loc,8050,True,102
SUN,42,closed_world_seen_test,91,8053,402,manufactured home,402,manufactured home,-1,,exact,True,True,R0053;R0069;R0073;R0075;R0117;R0124;R0126;R0143;R0154;R0158,75,False,False,False,m/manufactured_home/sun_bpdyhanjqepzpczy.jpg,m,manufactured_home,manufactured_home,sun_bpdyhanjqepzpczy.jpg,test_seen_loc,8053,True,102
SUN,42,closed_world_seen_test,92,8389,419,mobile home,646,trailer park,-1,,exact,True,True,R0053;R0089;R0162;R0203;R0261;R0262;R0265;R0283;R0285;R0286,19,False,False,False,m/mobile_home/sun_bipwbfzkgdidfwum.jpg,m,mobile_home,mobile_home,sun_bipwbfzkgdidfwum.jpg,test_seen_loc,8389,True,102
SUN,42,closed_world_seen_test,93,8386,419,mobile home,129,car interior backseat,-1,,exact,True,True,R0089;R0127;R0140;R0154;R0184;R0203;R0213;R0236;R0239;R0261,35,False,False,False,m/mobile_home/sun_beudhriowyzsbcop.jpg,m,mobile_home,mobile_home,sun_beudhriowyzsbcop.jpg,test_seen_loc,8386,True,102
SUN,42,closed_world_seen_test,94,8394,419,mobile home,129,car interior backseat,-1,,exact,True,True,R0089;R0162;R0184;R0198;R0203;R0213;R0236;R0239;R0259;R0261,72,False,False,False,m/mobile_home/sun_bmaitcyodsfflkgk.jpg,m,mobile_home,mobile_home,sun_bmaitcyodsfflkgk.jpg,test_seen_loc,8394,True,102
SUN,42,closed_world_seen_test,95,8390,419,mobile home,269,florist shop indoor,-1,,exact,True,True,R0173;R0184;R0191;R0197;R0198;R0213;R0224;R0233;R0245;R0261,61,False,False,False,m/mobile_home/sun_biuhwofaknavsqzr.jpg,m,mobile_home,mobile_home,sun_biuhwofaknavsqzr.jpg,test_seen_loc,8390,True,102
SUN,42,closed_world_seen_test,96,8867,443,nursery,443,nursery,-1,,exact,True,True,R0256;R0277;R0297;R0302;R0303;R0304;R0308;R0311;R0314;R0315,219,False,False,False,n/nursery/sun_aebbiraixqiozhwf.jpg,n,nursery,nursery,sun_aebbiraixqiozhwf.jpg,test_seen_loc,8867,True,102
SUN,42,closed_world_seen_test,97,8860,443,nursery,52,ball pit,-1,,exact,True,True,R0277;R0304;R0306;R0308;R0311;R0314;R0315;R0317;R0320;R0322,203,False,False,False,n/nursery/sun_aabvrxgnybehkkxu.jpg,n,nursery,nursery,sun_aabvrxgnybehkkxu.jpg,test_seen_loc,8860,True,102
SUN,42,closed_world_seen_test,98,8879,443,nursery,52,ball pit,-1,,exact,True,True,R0277;R0297;R0302;R0303;R0304;R0308;R0311;R0314;R0315;R0317,240,False,False,False,n/nursery/sun_ajbwkywmsqkldfml.jpg,n,nursery,nursery,sun_ajbwkywmsqkldfml.jpg,test_seen_loc,8879,True,102
SUN,42,closed_world_seen_test,99,8878,443,nursery,464,pagoda,-1,,exact,True,True,R0277;R0297;R0303;R0311;R0314;R0318;R0320;R0322;R0331;R0335,141,False,False,False,n/nursery/sun_ailsrvlolnostqld.jpg,n,nursery,nursery,sun_ailsrvlolnostqld.jpg,test_seen_loc,8878,True,102
SUN,42,closed_world_seen_test,100,9309,465,palace,678,village,-1,,exact,True,True,R0053;R0066;R0117;R0121;R0137;R0163;R0165;R0214;R0218;R0228,60,False,False,False,p/palace/sun_auvmfiwovtxoeqyk.jpg,p,palace,palace,sun_auvmfiwovtxoeqyk.jpg,test_seen_loc,9309,True,102
SUN,42,closed_world_seen_test,101,9316,465,palace,514,quadrangle,-1,,exact,True,True,R0028;R0108;R0124;R0126;R0135;R0143;R0158;R0164;R0166;R0169,45,False,False,False,p/palace/sun_bgdenpwkgpspjsec.jpg,p,palace,palace,sun_bgdenpwkgpspjsec.jpg,test_seen_loc,9316,True,102
SUN,42,closed_world_seen_test,102,9317,465,palace,19,aquatic theater,-1,,exact,True,True,R0014;R0017;R0019;R0021;R0022;R0026;R0036;R0037;R0041;R0042,46,False,False,False,p/palace/sun_bgmicimsbzyznmom.jpg,p,palace,palace,sun_bgmicimsbzyznmom.jpg,test_seen_loc,9317,True,102
SUN,42,closed_world_seen_test,103,9315,465,palace,418,moat water,-1,,exact,True,True,R0081;R0083;R0086;R0111;R0131;R0150;R0151;R0160;R0161;R0170,20,False,False,False,p/palace/sun_bfzoxbkvsfqxsyle.jpg,p,palace,palace,sun_bfzoxbkvsfqxsyle.jpg,test_seen_loc,9315,True,102
SUN,42,closed_world_seen_test,104,9505,475,patio,373,labyrinth indoor,-1,,exact,True,True,R0084;R0089;R0140;R0154;R0173;R0182;R0191;R0197;R0212;R0227,26,False,False,False,p/patio/sun_adhtpyobcfvepvnb.jpg,p,patio,patio,sun_adhtpyobcfvepvnb.jpg,test_seen_loc,9505,True,102
SUN,42,closed_world_seen_test,105,9502,475,patio,402,manufactured home,-1,,exact,True,True,R0056;R0065;R0089;R0143;R0166;R0203;R0220;R0234;R0241;R0286,15,False,False,False,p/patio/sun_acdnquypmsshhsbk.jpg,p,patio,patio,sun_acdnquypmsshhsbk.jpg,test_seen_loc,9502,True,102
SUN,42,closed_world_seen_test,106,9510,475,patio,383,lecture room,-1,,exact,True,True,R0052;R0093;R0130;R0184;R0198;R0213;R0224;R0245;R0246;R0259,77,False,False,False,p/patio/sun_bakfcrhdtcursuwb.jpg,p,patio,patio,sun_bakfcrhdtcursuwb.jpg,test_seen_loc,9510,True,102
SUN,42,closed_world_seen_test,107,9519,475,patio,475,patio,-1,,exact,True,True,R0093;R0120;R0130;R0192;R0197;R0222;R0246;R0274;R0300;R0346,39,False,False,False,p/patio/sun_bsfnymefhswsfjgw.jpg,p,patio,patio,sun_bsfnymefhswsfjgw.jpg,test_seen_loc,9519,True,102
SUN,42,closed_world_seen_test,108,9687,484,pier,484,pier,-1,,exact,True,True,R0014;R0017;R0019;R0022;R0072;R0075;R0084;R0111;R0124;R0131,38,False,False,False,p/pier/sun_akhntdcrznstidyd.jpg,p,pier,pier,sun_akhntdcrznstidyd.jpg,test_seen_loc,9687,True,102
SUN,42,closed_world_seen_test,109,9699,484,pier,484,pier,-1,,exact,True,True,R0064;R0072;R0081;R0083;R0086;R0096;R0097;R0098;R0099;R0100,27,False,False,False,p/pier/sun_bqthurmppqnvaznc.jpg,p,pier,pier,sun_bqthurmppqnvaznc.jpg,test_seen_loc,9699,True,102
SUN,42,closed_world_seen_test,110,9690,484,pier,660,underwater ice,-1,,exact,True,True,R0038;R0057;R0075;R0113;R0124;R0125;R0139;R0158;R0169;R0177,43,False,False,False,p/pier/sun_apgerhkkoswiffre.jpg,p,pier,pier,sun_apgerhkkoswiffre.jpg,test_seen_loc,9690,True,102
SUN,42,closed_world_seen_test,111,9698,484,pier,484,pier,-1,,exact,True,True,R0014;R0017;R0019;R0064;R0081;R0083;R0086;R0096;R0097;R0098,41,False,False,False,p/pier/sun_bjtbunjbgqikmlfl.jpg,p,pier,pier,sun_bjtbunjbgqikmlfl.jpg,test_seen_loc,9698,True,102
SUN,42,closed_world_seen_test,112,10711,535,restaurant,241,engine room,-1,,exact,True,True,R0093;R0197;R0222;R0246;R0305;R0312;R0344;R0371;R0386;R0395,39,False,False,False,r/restaurant/sun_aejvqzvtonxptams.jpg,r,restaurant,restaurant,sun_aejvqzvtonxptams.jpg,test_seen_loc,10711,True,102
SUN,42,closed_world_seen_test,113,10713,535,restaurant,618,tearoom,-1,,exact,True,True,R0256;R0297;R0300;R0303;R0306;R0308;R0311;R0314;R0315;R0318,170,False,False,False,r/restaurant/sun_afaqizmoaowptpwa.jpg,r,restaurant,restaurant,sun_afaqizmoaowptpwa.jpg,test_seen_loc,10713,True,102
SUN,42,closed_world_seen_test,114,10706,535,restaurant,618,tearoom,-1,,exact,True,True,R0300;R0304;R0308;R0311;R0320;R0324;R0325;R0329;R0333;R0334,96,False,False,False,r/restaurant/sun_adozleohzzjtcftc.jpg,r,restaurant,restaurant,sun_adozleohzzjtcftc.jpg,test_seen_loc,10706,True,102
SUN,42,closed_world_seen_test,115,10705,535,restaurant,269,florist shop indoor,-1,,exact,True,True,R0297;R0300;R0302;R0303;R0304;R0306;R0308;R0311;R0314;R0315,241,False,False,False,r/restaurant/sun_adhyulyxoccpsmlu.jpg,r,restaurant,restaurant,sun_adhyulyxoccpsmlu.jpg,test_seen_loc,10705,True,102
SUN,42,closed_world_seen_test,116,10747,537,restaurant patio,383,lecture room,-1,,exact,True,True,R0093;R0130;R0146;R0184;R0191;R0192;R0197;R0198;R0213;R0224,97,False,False,False,r/restaurant_patio/sun_aexjnjimtlmqhtfy.jpg,r,restaurant_patio,restaurant_patio,sun_aexjnjimtlmqhtfy.jpg,test_seen_loc,10747,True,102
SUN,42,closed_world_seen_test,117,10758,537,restaurant patio,535,restaurant,-1,,exact,True,True,R0274;R0300;R0306;R0322;R0325;R0329;R0338;R0342;R0344;R0350,85,False,False,False,r/restaurant_patio/sun_alfyxziavorwrczv.jpg,r,restaurant_patio,restaurant_patio,sun_alfyxziavorwrczv.jpg,test_seen_loc,10758,True,102
SUN,42,closed_world_seen_test,118,10752,537,restaurant patio,86,bicycle racks,-1,,exact,True,True,R0052;R0084;R0140;R0173;R0191;R0212;R0233;R0236;R0282;R0460,25,False,False,False,r/restaurant_patio/sun_agojjixakyovlagr.jpg,r,restaurant_patio,restaurant_patio,sun_agojjixakyovlagr.jpg,test_seen_loc,10752,True,102
SUN,42,closed_world_seen_test,119,10757,537,restaurant patio,137,casino indoor,-1,,exact,True,True,R0191;R0233;R0262;R0282,4,False,False,False,r/restaurant_patio/sun_ajeuvumpsiuihhhl.jpg,r,restaurant_patio,restaurant_patio,sun_ajeuvumpsiuihhhl.jpg,test_seen_loc,10757,True,102
SUN,42,closed_world_seen_test,120,10950,547,roof,373,labyrinth indoor,-1,,exact,True,True,R0046;R0182;R0227;R0245,4,False,False,False,r/roof/sun_ameyzkspnrtzzyig.jpg,r,roof,roof,sun_ameyzkspnrtzzyig.jpg,test_seen_loc,10950,True,102
SUN,42,closed_world_seen_test,121,10940,547,roof,707,witness stand,-1,,exact,True,True,R0108;R0117;R0135;R0158;R0164;R0169;R0192;R0194;R0216;R0224,64,False,False,False,r/roof/sun_abpshscjzsvidajk.jpg,r,roof,roof,sun_abpshscjzsvidajk.jpg,test_seen_loc,10940,True,102
SUN,42,closed_world_seen_test,122,10958,547,roof,626,tent indoor,-1,,exact,True,True,R0135;R0202;R0261;R0271;R0285;R0292;R0307;R0528;R0535;R0537,20,False,False,False,r/roof/sun_asrztwexxagrlhem.jpg,r,roof,roof,sun_asrztwexxagrlhem.jpg,test_seen_loc,10958,True,102
SUN,42,closed_world_seen_test,123,10951,547,roof,391,liquor store indoor,-1,,exact,True,True,R0084;R0135;R0196;R0222;R0282;R0460;R0461;R0462;R0486;R0502,14,False,False,False,r/roof/sun_aotoohnbacnsurxj.jpg,r,roof,roof,sun_aotoohnbacnsurxj.jpg,test_seen_loc,10951,True,102
SUN,42,closed_world_seen_test,124,10993,549,rope bridge,549,rope bridge,-1,,exact,True,True,R0094;R0103;R0104;R0105;R0106;R0107;R0114;R0115;R0116;R0119,32,False,False,False,r/rope_bridge/sun_akwhxbkpzqfabnhz.jpg,r,rope_bridge,rope_bridge,sun_akwhxbkpzqfabnhz.jpg,test_seen_loc,10993,True,102
SUN,42,closed_world_seen_test,125,10981,549,rope bridge,549,rope bridge,161,circus tent outdoor,exact,False,False,R0018;R0261;R0285;R0292;R0494,5,True,False,False,r/rope_bridge/sun_aaikbnfeiupowbrw.jpg,r,rope_bridge,rope_bridge,sun_aaikbnfeiupowbrw.jpg,test_seen_loc,10981,True,102
SUN,42,closed_world_seen_test,126,10992,549,rope bridge,549,rope bridge,549,rope bridge,exact,False,False,R0015;R0121;R0135;R0137;R0139;R0163;R0166;R0226;R0260;R0273,13,True,True,True,r/rope_bridge/sun_akeyvslxauecammm.jpg,r,rope_bridge,rope_bridge,sun_akeyvslxauecammm.jpg,test_seen_loc,10992,True,102
SUN,42,closed_world_seen_test,127,10980,549,rope bridge,310,gulch,-1,,exact,True,True,R0094;R0103;R0104;R0105;R0106;R0107;R0114;R0115;R0116;R0119,33,False,False,False,r/rope_bridge/sun_aaakpznbjxnbesif.jpg,r,rope_bridge,rope_bridge,sun_aaakpznbjxnbesif.jpg,test_seen_loc,10980,True,102
SUN,42,closed_world_seen_test,128,11146,557,sandbar,207,desert sand,-1,,exact,True,True,R0025;R0055;R0060;R0062;R0064;R0066;R0081;R0083;R0085;R0086,44,False,False,False,s/sandbar/sun_ajqbxjvwcvhpbvtu.jpg,s,sandbar,sandbar,sun_ajqbxjvwcvhpbvtu.jpg,test_seen_loc,11146,True,102
SUN,42,closed_world_seen_test,129,11153,557,sandbar,557,sandbar,-1,,exact,True,True,R0054;R0055;R0060;R0062;R0064;R0081;R0083;R0086;R0088;R0090,36,False,False,False,s/sandbar/sun_atbapfxfhmlzcdrn.jpg,s,sandbar,sandbar,sun_atbapfxfhmlzcdrn.jpg,test_seen_loc,11153,True,102
SUN,42,closed_world_seen_test,130,11140,557,sandbar,664,underwater pool,614,swimming pool outdoor,exact,False,False,R0014;R0060;R0064;R0069;R0073;R0081;R0083;R0086;R0096;R0097,28,True,False,False,s/sandbar/sun_adovqdocqlbuyiix.jpg,s,sandbar,sandbar,sun_adovqdocqlbuyiix.jpg,test_seen_loc,11140,True,102
SUN,42,closed_world_seen_test,131,11148,557,sandbar,76,beach,-1,,exact,True,True,R0054;R0055;R0060;R0062;R0064;R0072;R0081;R0083;R0086;R0088,48,False,False,False,s/sandbar/sun_amfsfhvduayinuhx.jpg,s,sandbar,sandbar,sun_amfsfhvduayinuhx.jpg,test_seen_loc,11148,True,102
SUN,42,closed_world_seen_test,132,11226,561,sawmill,480,phone booth,-1,,exact,True,True,R0046;R0182;R0227;R0245;R0580,5,False,False,False,s/sawmill/sun_aqmitgiqzuzhtazv.jpg,s,sawmill,sawmill,sun_aqmitgiqzuzhtazv.jpg,test_seen_loc,11226,True,102
SUN,42,closed_world_seen_test,133,11223,561,sawmill,241,engine room,-1,,exact,True,True,R0256;R0297;R0300;R0302;R0303;R0304;R0306;R0308;R0311;R0314,220,False,False,False,s/sawmill/sun_aiduueqzjitbivyh.jpg,s,sawmill,sawmill,sun_aiduueqzjitbivyh.jpg,test_seen_loc,11223,True,102
SUN,42,closed_world_seen_test,134,11239,561,sawmill,672,ventilation shaft,-1,,exact,True,True,R0297;R0302;R0304;R0308;R0311;R0315;R0318;R0319;R0320;R0322,163,False,False,False,s/sawmill/sun_bmrbcfrctouuaeyn.jpg,s,sawmill,sawmill,sun_bmrbcfrctouuaeyn.jpg,test_seen_loc,11239,True,102
SUN,42,closed_world_seen_test,135,11228,561,sawmill,706,winery,-1,,exact,True,True,R0047;R0057;R0068;R0089;R0253;R0262;R0265;R0286,8,False,False,False,s/sawmill/sun_atymoyqvcpmosbfx.jpg,s,sawmill,sawmill,sun_atymoyqvcpmosbfx.jpg,test_seen_loc,11228,True,102
SUN,42,closed_world_seen_test,136,11315,565,sea cliff,565,sea cliff,-1,,exact,True,True,R0025;R0055;R0060;R0062;R0064;R0066;R0081;R0083;R0085;R0086,62,False,False,False,s/sea_cliff/sun_ayvlehnquecatash.jpg,s,sea_cliff,sea_cliff,sun_ayvlehnquecatash.jpg,test_seen_loc,11315,True,102
SUN,42,closed_world_seen_test,137,11301,565,sea cliff,565,sea cliff,-1,,exact,True,True,R0022;R0025;R0046;R0055;R0062;R0096;R0097;R0098;R0099;R0100,20,False,False,False,s/sea_cliff/sun_aeogvbkrnycuuceb.jpg,s,sea_cliff,sea_cliff,sun_aeogvbkrnycuuceb.jpg,test_seen_loc,11301,True,102
SUN,42,closed_world_seen_test,138,11307,565,sea cliff,73,bayou,-1,,exact,True,True,R0025;R0055;R0060;R0062;R0064;R0066;R0070;R0072;R0076;R0077,88,False,False,False,s/sea_cliff/sun_aqfpcetzpfirylrm.jpg,s,sea_cliff,sea_cliff,sun_aqfpcetzpfirylrm.jpg,test_seen_loc,11307,True,102
SUN,42,closed_world_seen_test,139,11311,565,sea cliff,600,stone circle,-1,,exact,True,True,R0025;R0034;R0060;R0062;R0064;R0066;R0083;R0085;R0086;R0088,74,False,False,False,s/sea_cliff/sun_aumzbhxpmriqdbkr.jpg,s,sea_cliff,sea_cliff,sun_aumzbhxpmriqdbkr.jpg,test_seen_loc,11311,True,102
SUN,42,closed_world_seen_test,140,11328,566,seawall,519,raft,-1,,exact,True,True,R0064;R0081;R0083;R0086;R0096;R0097;R0098;R0099;R0100;R0101,24,False,False,False,s/seawall/sun_alwmzpuogkfjpmmz.jpg,s,seawall,seawall,sun_alwmzpuogkfjpmmz.jpg,test_seen_loc,11328,True,102
SUN,42,closed_world_seen_test,141,11327,566,seawall,566,seawall,-1,,exact,True,True,R0060;R0064;R0083;R0086;R0110;R0160;R0161;R0170;R0187;R0188,29,False,False,False,s/seawall/sun_akxpaebnsevtoyrz.jpg,s,seawall,seawall,sun_akxpaebnsevtoyrz.jpg,test_seen_loc,11327,True,102
SUN,42,closed_world_seen_test,142,11331,566,seawall,555,salt plain,-1,,exact,True,True,R0064;R0081;R0083;R0086;R0096;R0097;R0098;R0099;R0100;R0101,22,False,False,False,s/seawall/sun_arebqfwfopivbfzi.jpg,s,seawall,seawall,sun_arebqfwfopivbfzi.jpg,test_seen_loc,11331,True,102
SUN,42,closed_world_seen_test,143,11339,566,seawall,566,seawall,-1,,exact,True,True,R0019;R0054;R0060;R0064;R0072;R0081;R0083;R0086;R0096;R0097,35,False,False,False,s/seawall/sun_bgxiscbsnyvimyxs.jpg,s,seawall,seawall,sun_bgxiscbsnyvimyxs.jpg,test_seen_loc,11339,True,102
SUN,42,closed_world_seen_test,144,11017,550,roundabout,550,roundabout,-1,,exact,True,True,R0124;R0135;R0154;R0158;R0169;R0196;R0197;R0212;R0216;R0224,48,False,False,False,r/roundabout/sun_aeajtwxsftghiagd.jpg,r,roundabout,roundabout,sun_aeajtwxsftghiagd.jpg,test_seen_loc,11017,True,102
SUN,42,closed_world_seen_test,145,11019,550,roundabout,518,raceway,-1,,exact,True,True,R0069;R0073;R0108;R0117;R0126;R0158;R0164;R0194;R0197;R0224,93,False,False,False,r/roundabout/sun_aeyyaqmtavokcdmn.jpg,r,roundabout,roundabout,sun_aeyyaqmtavokcdmn.jpg,test_seen_loc,11019,True,102
SUN,42,closed_world_seen_test,146,11016,550,roundabout,400,manhole,-1,,exact,True,True,R0069;R0073;R0108;R0117;R0124;R0126;R0140;R0143;R0158;R0164,86,False,False,False,r/roundabout/sun_adwhzfziaqbyjpqo.jpg,r,roundabout,roundabout,sun_adwhzfziaqbyjpqo.jpg,test_seen_loc,11016,True,102
SUN,42,closed_world_seen_test,147,11009,550,roundabout,1,access road,-1,,exact,True,True,R0069;R0073;R0148;R0158;R0170;R0187;R0188;R0197;R0225;R0229,26,False,False,False,r/roundabout/sun_acbofyiofumanprm.jpg,r,roundabout,roundabout,sun_acbofyiofumanprm.jpg,test_seen_loc,11009,True,102
SUN,42,closed_world_seen_test,148,12854,642,toyshop,494,playroom,-1,,exact,True,True,R0277;R0297;R0302;R0303;R0304;R0308;R0311;R0314;R0315;R0317,240,False,False,False,t/toyshop/sun_ahygoodtlfhtdxoj.jpg,t,toyshop,toyshop,sun_ahygoodtlfhtdxoj.jpg,test_seen_loc,12854,True,102
SUN,42,closed_world_seen_test,149,12857,642,toyshop,52,ball pit,-1,,exact,True,True,R0222;R0414;R0423;R0454;R0456;R0458;R0459;R0491;R0492;R0493,17,False,False,False,t/toyshop/sun_ajuudgzqmvdfiqwg.jpg,t,toyshop,toyshop,sun_ajuudgzqmvdfiqwg.jpg,test_seen_loc,12857,True,102
SUN,42,closed_world_seen_test,150,12841,642,toyshop,391,liquor store indoor,-1,,exact,True,True,R0252;R0297;R0300;R0302;R0303;R0304;R0305;R0306;R0308;R0311,248,False,False,False,t/toyshop/sun_aalpemuejwtahbbz.jpg,t,toyshop,toyshop,sun_aalpemuejwtahbbz.jpg,test_seen_loc,12841,True,102
SUN,42,closed_world_seen_test,151,12847,642,toyshop,459,ossuary,-1,,exact,True,True,R0252;R0256;R0277;R0297;R0302;R0303;R0304;R0305;R0308;R0311,222,False,False,False,t/toyshop/sun_aepfpjfsiaheldml.jpg,t,toyshop,toyshop,sun_aepfpjfsiaheldml.jpg,test_seen_loc,12847,True,102
SUN,42,closed_world_seen_test,152,13117,655,trestle bridge,484,pier,-1,,exact,True,True,R0054;R0060;R0064;R0081;R0083;R0086;R0096;R0097;R0098;R0099,37,False,False,False,t/trestle_bridge/sun_bevlvafcbeiitxqh.jpg,t,trestle_bridge,trestle_bridge,sun_bevlvafcbeiitxqh.jpg,test_seen_loc,13117,True,102
SUN,42,closed_world_seen_test,153,13102,655,trestle bridge,549,rope bridge,-1,,exact,True,True,R0029;R0109;R0136;R0138;R0142;R0153;R0159;R0171;R0174;R0175,41,False,False,False,t/trestle_bridge/sun_aeouuowftgjipjdo.jpg,t,trestle_bridge,trestle_bridge,sun_aeouuowftgjipjdo.jpg,test_seen_loc,13102,True,102
SUN,42,closed_world_seen_test,154,13106,655,trestle bridge,485,pig farm,-1,,exact,True,True,R0074;R0166;R0183;R0217;R0258;R0260;R0267;R0273;R0279;R0288,14,False,False,False,t/trestle_bridge/sun_ammmywdjxwjestqt.jpg,t,trestle_bridge,trestle_bridge,sun_ammmywdjxwjestqt.jpg,test_seen_loc,13106,True,102
SUN,42,closed_world_seen_test,155,13107,655,trestle bridge,373,labyrinth indoor,-1,,exact,True,True,R0024;R0063;R0070;R0071;R0076;R0077;R0080;R0082;R0087;R0091,69,False,False,False,t/trestle_bridge/sun_amqyzblgicdnovdi.jpg,t,trestle_bridge,trestle_bridge,sun_amqyzblgicdnovdi.jpg,test_seen_loc,13107,True,102
SUN,42,closed_world_seen_test,156,13197,659,underwater coral reef,659,underwater coral reef,-1,,exact,True,True,R0068;R0096;R0097;R0098;R0099;R0100;R0101;R0102;R0155;R0180,14,False,False,False,u/underwater/coral_reef/sun_ayvippsvnzhhkxhv.jpg,u,underwater/coral_reef,coral_reef,sun_ayvippsvnzhhkxhv.jpg,test_seen_loc,13197,True,102
SUN,42,closed_world_seen_test,157,13192,659,underwater coral reef,661,underwater kelp forest,662,underwater ocean deep,exact,False,False,R0005;R0027;R0288;R0291,4,True,False,False,u/underwater/coral_reef/sun_ariuogbciolqkpms.jpg,u,underwater/coral_reef,coral_reef,sun_ariuogbciolqkpms.jpg,test_seen_loc,13192,True,102
SUN,42,closed_world_seen_test,158,13188,659,underwater coral reef,663,underwater ocean shallow,-1,,exact,True,True,R0089;R0203;R0238;R0257;R0262;R0265;R0286;R0291;R0309;R0355,11,False,False,False,u/underwater/coral_reef/sun_aoftgoidcdwsbehm.jpg,u,underwater/coral_reef,coral_reef,sun_aoftgoidcdwsbehm.jpg,test_seen_loc,13188,True,102
SUN,42,closed_world_seen_test,159,13196,659,underwater coral reef,659,underwater coral reef,-1,,exact,True,True,R0047;R0127;R0190;R0281;R0440,5,False,False,False,u/underwater/coral_reef/sun_axctpftepdlenuoo.jpg,u,underwater/coral_reef,coral_reef,sun_axctpftepdlenuoo.jpg,test_seen_loc,13196,True,102
SUN,42,closed_world_seen_test,160,13312,665,underwater wreck,660,underwater ice,-1,,exact,True,True,R0111;R0131;R0150;R0180,4,False,False,False,u/underwater/wreck/sun_bppecllvtnomvukw.jpg,u,underwater/wreck,wreck,sun_bppecllvtnomvukw.jpg,test_seen_loc,13312,True,102
SUN,42,closed_world_seen_test,161,13317,665,underwater wreck,661,underwater kelp forest,661,underwater kelp forest,exact,False,False,R0007;R0011;R0265;R0291;R0309;R0355;R0441,7,True,False,True,u/underwater/wreck/sun_bxogjiupvrfefazq.jpg,u,underwater/wreck,wreck,sun_bxogjiupvrfefazq.jpg,test_seen_loc,13317,True,102
SUN,42,closed_world_seen_test,162,13318,665,underwater wreck,661,underwater kelp forest,661,underwater kelp forest,exact,False,False,R0003;R0007;R0072;R0131;R0265;R0291;R0309;R0355;R0441,9,True,False,True,u/underwater/wreck/sun_bxqjalcdjxwhkinm.jpg,u,underwater/wreck,wreck,sun_bxqjalcdjxwhkinm.jpg,test_seen_loc,13318,True,102
SUN,42,closed_world_seen_test,163,13314,665,underwater wreck,661,underwater kelp forest,661,underwater kelp forest,exact,False,False,R0003;R0007;R0011;R0253,4,True,False,True,u/underwater/wreck/sun_btwetrxiqxjpxjwu.jpg,u,underwater/wreck,wreck,sun_btwetrxiqxjpxjwu.jpg,test_seen_loc,13314,True,102
SUN,42,closed_world_seen_test,164,13359,667,valley,302,glacier,-1,,exact,True,True,R0025;R0034;R0058;R0066;R0085;R0086;R0088;R0094;R0103;R0104,55,False,False,False,v/valley/sun_aiwxuknpaqprymjv.jpg,v,valley,valley,sun_aiwxuknpaqprymjv.jpg,test_seen_loc,13359,True,102
SUN,42,closed_world_seen_test,165,13347,667,valley,429,mountain snowy,-1,,exact,True,True,R0066;R0094;R0103;R0104;R0105;R0106;R0107;R0114;R0115;R0116,59,False,False,False,v/valley/sun_aebpikdycchwzage.jpg,v,valley,valley,sun_aebpikdycchwzage.jpg,test_seen_loc,13347,True,102
SUN,42,closed_world_seen_test,166,13340,667,valley,628,terrace farm,-1,,exact,True,True,R0082;R0085;R0091;R0094;R0103;R0104;R0105;R0106;R0107;R0114,46,False,False,False,v/valley/sun_aazlbfdpdeqpbvxh.jpg,v,valley,valley,sun_aazlbfdpdeqpbvxh.jpg,test_seen_loc,13340,True,102
SUN,42,closed_world_seen_test,167,13356,667,valley,325,hill,-1,,exact,True,True,R0081;R0083;R0086;R0090;R0111;R0119;R0121;R0137;R0151;R0152,34,False,False,False,v/valley/sun_aikmwpawvmyvhdjf.jpg,v,valley,valley,sun_aikmwpawvmyvhdjf.jpg,test_seen_loc,13356,True,102
SUN,42,closed_world_seen_test,168,13523,676,viaduct,20,aqueduct,-1,,exact,True,True,R0027;R0078;R0113;R0157;R0160;R0161;R0170;R0187;R0188;R0217,19,False,False,False,v/viaduct/sun_acnefddubsghbwpr.jpg,v,viaduct,viaduct,sun_acnefddubsghbwpr.jpg,test_seen_loc,13523,True,102
SUN,42,closed_world_seen_test,169,13529,676,viaduct,485,pig farm,-1,,exact,True,True,R0079;R0082;R0091;R0129;R0138;R0141;R0152;R0167;R0168;R0174,27,False,False,False,v/viaduct/sun_asrdrjvvufkbawwk.jpg,v,viaduct,viaduct,sun_asrdrjvvufkbawwk.jpg,test_seen_loc,13529,True,102
SUN,42,closed_world_seen_test,170,13528,676,viaduct,20,aqueduct,-1,,exact,True,True,R0027;R0078;R0113;R0157;R0160;R0161;R0163;R0167;R0168;R0170,23,False,False,False,v/viaduct/sun_aqjnvsmedietgkja.jpg,v,viaduct,viaduct,sun_aqjnvsmedietgkja.jpg,test_seen_loc,13528,True,102
SUN,42,closed_world_seen_test,171,13520,676,viaduct,131,caravansary,-1,,exact,True,True,R0074;R0166;R0228;R0231;R0238;R0240;R0241;R0257;R0260;R0265,27,False,False,False,v/viaduct/sun_aakbkcbpeyabthub.jpg,v,viaduct,viaduct,sun_aakbkcbpeyabthub.jpg,test_seen_loc,13520,True,102
SUN,42,closed_world_seen_test,172,13617,680,volcano,680,volcano,144,cavern indoor,exact,False,False,R0009;R0034;R0103;R0104;R0105;R0106;R0107;R0114;R0115;R0116,20,True,False,False,v/volcano/sun_ayavklbckqqucieo.jpg,v,volcano,volcano,sun_ayavklbckqqucieo.jpg,test_seen_loc,13617,True,102
SUN,42,closed_world_seen_test,173,13618,680,volcano,680,volcano,660,underwater ice,exact,False,False,R0011;R0025;R0034;R0055;R0085;R0086;R0094;R0103;R0104;R0105,44,True,False,False,v/volcano/sun_azheykrcqcrpsvih.jpg,v,volcano,volcano,sun_azheykrcqcrpsvih.jpg,test_seen_loc,13618,True,102
SUN,42,closed_world_seen_test,174,13616,680,volcano,680,volcano,-1,,exact,True,True,R0034;R0066;R0085;R0094;R0103;R0104;R0105;R0106;R0107;R0113,52,False,False,False,v/volcano/sun_axzavlcbmaotwbdb.jpg,v,volcano,volcano,sun_axzavlcbmaotwbdb.jpg,test_seen_loc,13616,True,102
SUN,42,closed_world_seen_test,175,13607,680,volcano,680,volcano,-1,,exact,True,True,R0034;R0066;R0085;R0088;R0094;R0113;R0128;R0178;R0179;R0193,34,False,False,False,v/volcano/sun_amntiizmakyntrnx.jpg,v,volcano,volcano,sun_amntiizmakyntrnx.jpg,test_seen_loc,13607,True,102
SUN,42,closed_world_seen_test,176,13755,687,water tower,687,water tower,-1,,exact,True,True,R0236;R0580,2,False,False,False,w/water_tower/sun_ajheupgnjhllxeyc.jpg,w,water_tower,water_tower,sun_ajheupgnjhllxeyc.jpg,test_seen_loc,13755,True,102
SUN,42,closed_world_seen_test,177,13743,687,water tower,424,mosque outdoor,-1,,exact,True,True,R0069;R0073;R0075;R0093;R0108;R0117;R0126;R0130;R0158;R0164,111,False,False,False,w/water_tower/sun_abfnxcxrrkcbdheo.jpg,w,water_tower,water_tower,sun_abfnxcxrrkcbdheo.jpg,test_seen_loc,13743,True,102
SUN,42,closed_world_seen_test,178,13748,687,water tower,687,water tower,-1,,exact,True,True,R0069;R0073;R0108;R0117;R0126;R0158;R0164;R0170;R0187;R0188,103,False,False,False,w/water_tower/sun_aeetntdnpdrepimm.jpg,w,water_tower,water_tower,sun_aeetntdnpdrepimm.jpg,test_seen_loc,13748,True,102
SUN,42,closed_world_seen_test,179,13742,687,water tower,687,water tower,-1,,exact,True,True,R0027;R0074;R0078;R0113;R0157;R0160;R0161;R0170;R0187;R0188,27,False,False,False,w/water_tower/sun_abapzwtlabefrzyy.jpg,w,water_tower,water_tower,sun_abapzwtlabefrzyy.jpg,test_seen_loc,13742,True,102
SUN,42,closed_world_seen_test,180,13380,669,vegetable garden,323,herb garden,-1,,exact,True,True,R0065;R0067;R0095;R0109;R0123;R0136;R0142;R0149;R0153;R0159,71,False,False,False,v/vegetable_garden/sun_aaktidlqfwmplzqb.jpg,v,vegetable_garden,vegetable_garden,sun_aaktidlqfwmplzqb.jpg,test_seen_loc,13380,True,102
SUN,42,closed_world_seen_test,181,13398,669,vegetable garden,277,formal garden,-1,,exact,True,True,R0029;R0068;R0071;R0076;R0077;R0087;R0166;R0199;R0237;R0262,13,False,False,False,v/vegetable_garden/sun_azcqrwhyfjvnoqye.jpg,v,vegetable_garden,vegetable_garden,sun_azcqrwhyfjvnoqye.jpg,test_seen_loc,13398,True,102
SUN,42,closed_world_seen_test,182,13385,669,vegetable garden,187,cottage garden,-1,,exact,True,True,R0056;R0067;R0123;R0136;R0142;R0147;R0153;R0159;R0181;R0202,44,False,False,False,v/vegetable_garden/sun_ajyttttktngknvth.jpg,v,vegetable_garden,vegetable_garden,sun_ajyttttktngknvth.jpg,test_seen_loc,13385,True,102
SUN,42,closed_world_seen_test,183,13381,669,vegetable garden,269,florist shop indoor,-1,,exact,True,True,R0063;R0068;R0070;R0071;R0076;R0077;R0080;R0087;R0122;R0136,51,False,False,False,v/vegetable_garden/sun_acxdbnqiuuveygjo.jpg,v,vegetable_garden,vegetable_garden,sun_acxdbnqiuuveygjo.jpg,test_seen_loc,13381,True,102
SUN,42,closed_world_seen_test,184,3034,151,chemical plant,454,oilrig,-1,,exact,True,True,R0014;R0019;R0060;R0064;R0069;R0072;R0073;R0081;R0083;R0086,43,False,False,False,c/chemical_plant/sun_bnaupuvngpdodrrm.jpg,c,chemical_plant,chemical_plant,sun_bnaupuvngpdodrrm.jpg,test_seen_loc,3034,True,102
SUN,42,closed_world_seen_test,185,3026,151,chemical plant,454,oilrig,-1,,exact,True,True,R0069;R0075;R0084;R0089;R0124;R0127;R0140;R0212;R0220;R0232,32,False,False,False,c/chemical_plant/sun_bbveetwglziikcry.jpg,c,chemical_plant,chemical_plant,sun_bbveetwglziikcry.jpg,test_seen_loc,3026,True,102
SUN,42,closed_world_seen_test,186,3027,151,chemical plant,454,oilrig,-1,,exact,True,True,R0089;R0203;R0236;R0239;R0261;R0285;R0286;R0292;R0306;R0312,18,False,False,False,c/chemical_plant/sun_bcepkfxenxxrdxnc.jpg,c,chemical_plant,chemical_plant,sun_bcepkfxenxxrdxnc.jpg,test_seen_loc,3027,True,102
SUN,42,closed_world_seen_test,187,3039,151,chemical plant,696,wave,-1,,exact,True,True,R0027;R0047;R0127;R0166;R0281;R0288,6,False,False,False,c/chemical_plant/sun_bvfuuzwkbpftxdyu.jpg,c,chemical_plant,chemical_plant,sun_bvfuuzwkbpftxdyu.jpg,test_seen_loc,3039,True,102
SUN,42,closed_world_seen_test,188,10675,533,residential neighborhood,533,residential neighborhood,-1,,exact,True,True,R0154;R0158;R0164;R0166;R0169;R0194;R0216;R0223;R0228;R0248,19,False,False,False,r/residential_neighborhood/sun_dnjmtwozwtghedlm.jpg,r,residential_neighborhood,residential_neighborhood,sun_dnjmtwozwtghedlm.jpg,test_seen_loc,10675,True,102
SUN,42,closed_world_seen_test,189,10678,533,residential neighborhood,125,canal urban,-1,,exact,True,True,R0043;R0182;R0192;R0203;R0227;R0245;R0246;R0259;R0276;R0284,13,False,False,False,r/residential_neighborhood/sun_dqavxvdosvmyfihn.jpg,r,residential_neighborhood,residential_neighborhood,sun_dqavxvdosvmyfihn.jpg,test_seen_loc,10678,True,102
SUN,42,closed_world_seen_test,190,10663,533,residential neighborhood,446,oast house,-1,,exact,True,True,R0029;R0108;R0138;R0142;R0147;R0149;R0153;R0159;R0164;R0166,34,False,False,False,r/residential_neighborhood/sun_aqpamdzqqmkrkdnr.jpg,r,residential_neighborhood,residential_neighborhood,sun_aqpamdzqqmkrkdnr.jpg,test_seen_loc,10663,True,102
SUN,42,closed_world_seen_test,191,10679,533,residential neighborhood,550,roundabout,-1,,exact,True,True,R0056;R0067;R0123;R0136;R0138;R0142;R0147;R0149;R0153;R0159,38,False,False,False,r/residential_neighborhood/sun_dqvucdlfafkyefqo.jpg,r,residential_neighborhood,residential_neighborhood,sun_dqvucdlfafkyefqo.jpg,test_seen_loc,10679,True,102
SUN,42,closed_world_seen_test,192,12522,626,tent indoor,626,tent indoor,626,tent indoor,exact,False,False,R0035;R0471;R0479;R0483;R0500;R0523;R0528;R0535;R0537;R0545,20,True,True,True,t/tent/indoor/sun_aetczgypmfatfgbb.jpg,t,tent/indoor,indoor,sun_aetczgypmfatfgbb.jpg,test_seen_loc,12522,True,102
SUN,42,closed_world_seen_test,193,12532,626,tent indoor,626,tent indoor,-1,,exact,True,True,R0206;R0222;R0274;R0336;R0337;R0357;R0367;R0385;R0386;R0417,82,False,False,False,t/tent/indoor/sun_bghglupnigdyefru.jpg,t,tent/indoor,indoor,sun_bghglupnigdyefru.jpg,test_seen_loc,12532,True,102
SUN,42,closed_world_seen_test,194,12526,626,tent indoor,626,tent indoor,-1,,exact,True,True,R0084;R0127;R0140;R0146;R0173;R0184;R0191;R0198;R0212;R0213,106,False,False,False,t/tent/indoor/sun_aoxplgvtpsuvnymv.jpg,t,tent/indoor,indoor,sun_aoxplgvtpsuvnymv.jpg,test_seen_loc,12526,True,102
SUN,42,closed_world_seen_test,195,12528,626,tent indoor,626,tent indoor,-1,,exact,True,True,R0479;R0483;R0494;R0506;R0507;R0508;R0526;R0528;R0530;R0531,29,False,False,False,t/tent/indoor/sun_awcansfnuwcuawkc.jpg,t,tent/indoor,indoor,sun_awcansfnuwcuawkc.jpg,test_seen_loc,12528,True,102
SUN,42,closed_world_seen_test,196,13332,666,utility room,666,utility room,-1,,exact,True,True,R0252;R0256;R0305;R0312;R0314;R0317;R0325;R0329;R0330;R0334,107,False,False,False,u/utility_room/sun_djfghirsuxxpftar.jpg,u,utility_room,utility_room,sun_djfghirsuxxpftar.jpg,test_seen_loc,13332,True,102
SUN,42,closed_world_seen_test,197,13333,666,utility room,666,utility room,-1,,exact,True,True,R0252;R0302;R0303;R0304;R0308;R0311;R0315;R0317;R0318;R0319,173,False,False,False,u/utility_room/sun_djtgsjltfhjhnzzl.jpg,u,utility_room,utility_room,sun_djtgsjltfhjhnzzl.jpg,test_seen_loc,13333,True,102
SUN,42,closed_world_seen_test,198,13331,666,utility room,666,utility room,-1,,exact,True,True,R0032;R0265,2,False,False,False,u/utility_room/sun_dhuergsrzxbapurz.jpg,u,utility_room,utility_room,sun_dhuergsrzxbapurz.jpg,test_seen_loc,13331,True,102
SUN,42,closed_world_seen_test,199,13326,666,utility room,666,utility room,-1,,exact,True,True,R0252;R0297;R0300;R0302;R0304;R0305;R0306;R0308;R0311;R0312,172,False,False,False,u/utility_room/sun_dazjbjoeqmrelzeb.jpg,u,utility_room,utility_room,sun_dazjbjoeqmrelzeb.jpg,test_seen_loc,13326,True,102
SUN,42,closed_world_seen_test,200,12251,612,swimming hole,611,swamp,-1,,exact,True,True,R0054;R0063;R0070;R0071;R0080;R0081;R0087;R0090;R0091;R0109,36,False,False,False,s/swimming_hole/sun_aizarxlotjplllat.jpg,s,swimming_hole,swimming_hole,sun_aizarxlotjplllat.jpg,test_seen_loc,12251,True,102
SUN,42,closed_world_seen_test,201,12247,612,swimming hole,612,swimming hole,-1,,exact,True,True,R0103;R0104;R0105;R0106;R0107;R0114;R0115;R0116;R0119;R0132,15,False,False,False,s/swimming_hole/sun_afcdejvqagboqjgq.jpg,s,swimming_hole,swimming_hole,sun_afcdejvqagboqjgq.jpg,test_seen_loc,12247,True,102
SUN,42,closed_world_seen_test,202,12246,612,swimming hole,519,raft,-1,,exact,True,True,R0022;R0025;R0055;R0060;R0062;R0066;R0081;R0088;R0090;R0094,68,False,False,False,s/swimming_hole/sun_aepjahgtgsgpxhvq.jpg,s,swimming_hole,swimming_hole,sun_aepjahgtgsgpxhvq.jpg,test_seen_loc,12246,True,102
SUN,42,closed_world_seen_test,203,12240,612,swimming hole,519,raft,-1,,exact,True,True,R0022;R0025;R0055;R0060;R0062;R0088;R0096;R0097;R0098;R0099,24,False,False,False,s/swimming_hole/sun_aagknnechdmnkcoh.jpg,s,swimming_hole,swimming_hole,sun_aagknnechdmnkcoh.jpg,test_seen_loc,12240,True,102
SUN,42,closed_world_seen_test,204,4035,201,darkroom,661,underwater kelp forest,626,tent indoor,exact,False,False,R0035,1,True,False,False,d/darkroom/sun_aswdzakphiiyiqpm.jpg,d,darkroom,darkroom,sun_aswdzakphiiyiqpm.jpg,test_seen_loc,4035,True,102
SUN,42,closed_world_seen_test,205,4024,201,darkroom,129,car interior backseat,-1,,exact,True,True,R0206;R0274;R0277;R0297;R0322;R0336;R0337;R0338;R0339;R0350,91,False,False,False,d/darkroom/sun_aejwtpsgdwabczpr.jpg,d,darkroom,darkroom,sun_aejwtpsgdwabczpr.jpg,test_seen_loc,4024,True,102
SUN,42,closed_world_seen_test,206,4022,201,darkroom,480,phone booth,-1,,exact,True,True,R0300;R0314;R0320;R0335;R0340;R0350;R0351;R0352;R0361;R0362,99,False,False,False,d/darkroom/sun_adbskxgdaolyrtni.jpg,d,darkroom,darkroom,sun_adbskxgdaolyrtni.jpg,test_seen_loc,4022,True,102
SUN,42,closed_world_seen_test,207,4032,201,darkroom,383,lecture room,-1,,exact,True,True,R0140;R0206;R0212;R0274;R0277;R0292;R0297;R0322;R0338;R0339,68,False,False,False,d/darkroom/sun_arkmpvztmxjjydfw.jpg,d,darkroom,darkroom,sun_arkmpvztmxjjydfw.jpg,test_seen_loc,4032,True,102
SUN,42,closed_world_seen_test,208,11415,570,shipping room,455,operating room,-1,,exact,True,True,R0277;R0297;R0302;R0303;R0311;R0314;R0315;R0317;R0318;R0319,198,False,False,False,s/shipping_room/sun_aoovvcywkikwrmda.jpg,s,shipping_room,shipping_room,sun_aoovvcywkikwrmda.jpg,test_seen_loc,11415,True,102
SUN,42,closed_world_seen_test,209,11400,570,shipping room,19,aquatic theater,-1,,exact,True,True,R0256;R0297;R0302;R0303;R0304;R0308;R0311;R0314;R0315;R0317,215,False,False,False,s/shipping_room/sun_aadbgvqukuoscmnz.jpg,s,shipping_room,shipping_room,sun_aadbgvqukuoscmnz.jpg,test_seen_loc,11400,True,102
SUN,42,closed_world_seen_test,210,11411,570,shipping room,168,closet,-1,,exact,True,True,R0252;R0277;R0297;R0302;R0303;R0304;R0305;R0308;R0311;R0314,243,False,False,False,s/shipping_room/sun_amfszgsfnkdaikkg.jpg,s,shipping_room,shipping_room,sun_amfszgsfnkdaikkg.jpg,test_seen_loc,11411,True,102
SUN,42,closed_world_seen_test,211,11403,570,shipping room,391,liquor store indoor,-1,,exact,True,True,R0256;R0302;R0303;R0304;R0311;R0315;R0317;R0318;R0323;R0324,85,False,False,False,s/shipping_room/sun_acjuvobqlxmsvicj.jpg,s,shipping_room,shipping_room,sun_acjuvobqlxmsvicj.jpg,test_seen_loc,11403,True,102
SUN,42,closed_world_seen_test,212,11399,569,shed,666,utility room,-1,,exact,True,True,R0127;R0198;R0261;R0271;R0278;R0283;R0285;R0292;R0310;R0476,15,False,False,False,s/shed/sun_bpblrxfuwqudamfi.jpg,s,shed,shed,sun_bpblrxfuwqudamfi.jpg,test_seen_loc,11399,True,102
SUN,42,closed_world_seen_test,213,11392,569,shed,402,manufactured home,-1,,exact,True,True,R0136;R0147;R0235;R0259;R0284;R0483;R0511,7,False,False,False,s/shed/sun_bhmyvcqcrfamjgcy.jpg,s,shed,shed,sun_bhmyvcqcrfamjgcy.jpg,test_seen_loc,11392,True,102
SUN,42,closed_world_seen_test,214,11384,569,shed,198,dacha,-1,,exact,True,True,R0056;R0065;R0067;R0123;R0136;R0142;R0147;R0149;R0153;R0159,61,False,False,False,s/shed/sun_atnbmrefdrqhzzgz.jpg,s,shed,shed,sun_atnbmrefdrqhzzgz.jpg,test_seen_loc,11384,True,102
SUN,42,closed_world_seen_test,215,11385,569,shed,402,manufactured home,-1,,exact,True,True,R0043;R0182;R0227;R0245;R0246;R0259;R0284;R0451;R0495;R0511,11,False,False,False,s/shed/sun_bcdkcubvontosfqm.jpg,s,shed,shed,sun_bcdkcubvontosfqm.jpg,test_seen_loc,11385,True,102
SUN,42,closed_world_seen_test,216,5764,288,gangplank,232,earth fissure,-1,,exact,True,True,R0016;R0160;R0161;R0258;R0267,5,False,False,False,g/gangplank/sun_adtjjfjlbgyvuppi.jpg,g,gangplank,gangplank,sun_adtjjfjlbgyvuppi.jpg,test_seen_loc,5764,True,102
SUN,42,closed_world_seen_test,217,5768,288,gangplank,485,pig farm,-1,,exact,True,True,R0173;R0206;R0330;R0456;R0499;R0536,6,False,False,False,g/gangplank/sun_aifwozwtzlwowlhx.jpg,g,gangplank,gangplank,sun_aifwozwtzlwowlhx.jpg,test_seen_loc,5768,True,102
SUN,42,closed_world_seen_test,218,5773,288,gangplank,549,rope bridge,-1,,exact,True,True,R0046;R0196;R0268;R0501,4,False,False,False,g/gangplank/sun_awezudyyvwocdeij.jpg,g,gangplank,gangplank,sun_awezudyyvwocdeij.jpg,test_seen_loc,5773,True,102
SUN,42,closed_world_seen_test,219,5761,288,gangplank,243,escalator outdoor,-1,,exact,True,True,R0084;R0135;R0154;R0196,4,False,False,False,g/gangplank/sun_aclmrnpzdajlfgmc.jpg,g,gangplank,gangplank,sun_aclmrnpzdajlfgmc.jpg,test_seen_loc,5761,True,102
SUN,42,closed_world_seen_test,220,5460,273,forest broadleaf,519,raft,-1,,exact,True,True,R0027;R0065;R0074;R0095;R0109;R0123;R0138;R0149;R0166;R0183,33,False,False,False,f/forest/broadleaf/sun_aanwybhpvpvtmrcr.jpg,f,forest/broadleaf,broadleaf,sun_aanwybhpvpvtmrcr.jpg,test_seen_loc,5460,True,102
SUN,42,closed_world_seen_test,221,5469,273,forest broadleaf,273,forest broadleaf,-1,,exact,True,True,R0063;R0070;R0071;R0080;R0087;R0091;R0109;R0136;R0138;R0142,44,False,False,False,f/forest/broadleaf/sun_abvrazjxgpqhvszy.jpg,f,forest/broadleaf,broadleaf,sun_abvrazjxgpqhvszy.jpg,test_seen_loc,5469,True,102
SUN,42,closed_world_seen_test,222,5464,273,forest broadleaf,659,underwater coral reef,-1,,exact,True,True,R0063;R0070;R0071;R0076;R0077;R0080;R0082;R0087;R0091;R0109,55,False,False,False,f/forest/broadleaf/sun_abbbbfhfjmdeltyl.jpg,f,forest/broadleaf,broadleaf,sun_abbbbfhfjmdeltyl.jpg,test_seen_loc,5464,True,102
SUN,42,closed_world_seen_test,223,5479,273,forest broadleaf,187,cottage garden,-1,,exact,True,True,R0071;R0076;R0077;R0087;R0091;R0109;R0138;R0156;R0166;R0174,26,False,False,False,f/forest/broadleaf/sun_admgptczcopaahjn.jpg,f,forest/broadleaf,broadleaf,sun_admgptczcopaahjn.jpg,test_seen_loc,5479,True,102
SUN,42,closed_world_seen_test,224,5070,253,ferryboat outdoor,129,car interior backseat,-1,,exact,True,True,R0120;R0184;R0191;R0206;R0213;R0274;R0300;R0305;R0312;R0358,24,False,False,False,f/ferryboat/outdoor/sun_bhnlzvvhrsdrzjde.jpg,f,ferryboat/outdoor,outdoor,sun_bhnlzvvhrsdrzjde.jpg,test_seen_loc,5070,True,102
SUN,42,closed_world_seen_test,225,5077,253,ferryboat outdoor,41,auto racing paddock,-1,,exact,True,True,R0084;R0089;R0191;R0203;R0233;R0236;R0262;R0265;R0282;R0286,20,False,False,False,f/ferryboat/outdoor/sun_bsdkhapnkjoridnm.jpg,f,ferryboat/outdoor,outdoor,sun_bsdkhapnkjoridnm.jpg,test_seen_loc,5077,True,102
SUN,42,closed_world_seen_test,226,5079,253,ferryboat outdoor,668,van interior,-1,,exact,True,True,R0140;R0173;R0191;R0206;R0212;R0277;R0460;R0461;R0462;R0475,22,False,False,False,f/ferryboat/outdoor/sun_byndjpjerokjswsb.jpg,f,ferryboat/outdoor,outdoor,sun_byndjpjerokjswsb.jpg,test_seen_loc,5079,True,102
SUN,42,closed_world_seen_test,227,5075,253,ferryboat outdoor,668,van interior,-1,,exact,True,True,R0127;R0261;R0284;R0285;R0292;R0307;R0476;R0479;R0494;R0545,13,False,False,False,f/ferryboat/outdoor/sun_bpgkfypqwjncberk.jpg,f,ferryboat/outdoor,outdoor,sun_bpgkfypqwjncberk.jpg,test_seen_loc,5075,True,102
SUN,42,closed_world_seen_test,228,2474,123,campus,581,ski slope,-1,,exact,True,True,R0056;R0065;R0203;R0241;R0262;R0286;R0309;R0355;R0441,9,False,False,False,c/campus/sun_aprhwrjtwebfkcsp.jpg,c,campus,campus,sun_aprhwrjtwebfkcsp.jpg,test_seen_loc,2474,True,102
SUN,42,closed_world_seen_test,229,2478,123,campus,583,skyscraper,-1,,exact,True,True,R0117;R0171;R0183;R0202;R0217;R0247;R0258;R0260;R0263;R0266,41,False,False,False,c/campus/sun_atqyakdayddmrzdi.jpg,c,campus,campus,sun_atqyakdayddmrzdi.jpg,test_seen_loc,2478,True,102
SUN,42,closed_world_seen_test,230,2475,123,campus,123,campus,-1,,exact,True,True,R0056;R0123;R0136;R0142;R0147;R0149;R0153;R0159;R0181;R0202,38,False,False,False,c/campus/sun_aqexnwunchjvqias.jpg,c,campus,campus,sun_aqexnwunchjvqias.jpg,test_seen_loc,2475,True,102
SUN,42,closed_world_seen_test,231,2463,123,campus,139,castle,-1,,exact,True,True,R0067;R0095;R0109;R0123;R0135;R0136;R0138;R0142;R0153;R0159,32,False,False,False,c/campus/sun_agruqaefvrvumwod.jpg,c,campus,campus,sun_agruqaefvrvumwod.jpg,test_seen_loc,2463,True,102
SUN,42,closed_world_seen_test,232,10410,520,railroad track,373,labyrinth indoor,-1,,exact,True,True,R0052;R0075;R0237;R0259;R0264;R0313;R0344;R0395;R0414;R0451,13,False,False,False,r/railroad_track/sun_amrwwigmaxipolze.jpg,r,railroad_track,railroad_track,sun_amrwwigmaxipolze.jpg,test_seen_loc,10410,True,102
SUN,42,closed_world_seen_test,233,10418,520,railroad track,206,desert road,281,foundry outdoor,fallback,False,False,,0,True,False,False,r/railroad_track/sun_attdtbujlaxisvly.jpg,r,railroad_track,railroad_track,sun_attdtbujlaxisvly.jpg,test_seen_loc,10418,True,102
SUN,42,closed_world_seen_test,234,10414,520,railroad track,255,field road,-1,,exact,True,True,R0024;R0065;R0073;R0079;R0082;R0095;R0109;R0123;R0129;R0141,31,False,False,False,r/railroad_track/sun_apygwbawndrfxvof.jpg,r,railroad_track,railroad_track,sun_apygwbawndrfxvof.jpg,test_seen_loc,10414,True,102
SUN,42,closed_world_seen_test,235,10412,520,railroad track,520,railroad track,-1,,exact,True,True,R0065;R0067;R0095;R0109;R0123;R0142;R0153;R0159;R0162;R0181,43,False,False,False,r/railroad_track/sun_apkyagytekpxaoeq.jpg,r,railroad_track,railroad_track,sun_apkyagytekpxaoeq.jpg,test_seen_loc,10412,True,102
SUN,42,closed_world_seen_test,236,820,41,auto racing paddock,86,bicycle racks,-1,,exact,True,True,R0084;R0112;R0135;R0146;R0173;R0184;R0191;R0196;R0212;R0213,52,False,False,False,a/auto_racing_paddock/sun_abbmjmtyccealnxn.jpg,a,auto_racing_paddock,auto_racing_paddock,sun_abbmjmtyccealnxn.jpg,test_seen_loc,820,True,102
SUN,42,closed_world_seen_test,237,825,41,auto racing paddock,41,auto racing paddock,-1,,exact,True,True,R0084;R0135;R0154;R0196;R0227;R0233;R0236,7,False,False,False,a/auto_racing_paddock/sun_bbjrtdufnwfcxibg.jpg,a,auto_racing_paddock,auto_racing_paddock,sun_bbjrtdufnwfcxibg.jpg,test_seen_loc,825,True,102
SUN,42,closed_world_seen_test,238,828,41,auto racing paddock,41,auto racing paddock,-1,,exact,True,True,R0018;R0046;R0135;R0261;R0269;R0271;R0285;R0292;R0307;R0310,23,False,False,False,a/auto_racing_paddock/sun_bcxfpfdstfmuptuz.jpg,a,auto_racing_paddock,auto_racing_paddock,sun_bcxfpfdstfmuptuz.jpg,test_seen_loc,828,True,102
SUN,42,closed_world_seen_test,239,832,41,auto racing paddock,464,pagoda,-1,,exact,True,True,R0127;R0154;R0236;R0261;R0285;R0292;R0508;R0530;R0540;R0560,10,False,False,False,a/auto_racing_paddock/sun_bgnrompuempspttw.jpg,a,auto_racing_paddock,auto_racing_paddock,sun_bgnrompuempspttw.jpg,test_seen_loc,832,True,102
SUN,42,closed_world_seen_test,240,14322,716,zoo,485,pig farm,-1,,exact,True,True,R0120;R0191;R0197;R0305;R0312,5,False,False,False,z/zoo/sun_almpnlehqyjysxax.jpg,z,zoo,zoo,sun_almpnlehqyjysxax.jpg,test_seen_loc,14322,True,102
SUN,42,closed_world_seen_test,241,14320,716,zoo,485,pig farm,-1,,exact,True,True,R0127;R0202;R0261;R0271;R0285;R0292;R0307;R0479;R0483;R0494,23,False,False,False,z/zoo/sun_aeatspveumfvmfej.jpg,z,zoo,zoo,sun_aeatspveumfvmfej.jpg,test_seen_loc,14320,True,102
SUN,42,closed_world_seen_test,242,14331,716,zoo,70,batters box,671,velodrome outdoor,exact,False,False,R0008;R0021;R0037;R0042;R0048;R0049;R0125;R0169;R0176;R0232,14,True,False,False,z/zoo/sun_bjqbiwzgviedhick.jpg,z,zoo,zoo,sun_bjqbiwzgviedhick.jpg,test_seen_loc,14331,True,102
SUN,42,closed_world_seen_test,243,14335,716,zoo,485,pig farm,-1,,exact,True,True,R0043;R0068;R0190;R0202;R0237;R0238;R0247;R0253;R0257;R0261,47,False,False,False,z/zoo/sun_btrzacrppbrmmpaj.jpg,z,zoo,zoo,sun_btrzacrppbrmmpaj.jpg,test_seen_loc,14335,True,102
SUN,42,closed_world_seen_test,244,5817,290,garage outdoor,491,planetarium outdoor,-1,,exact,True,True,R0043;R0093;R0130;R0146;R0173;R0184;R0191;R0197;R0198;R0213,113,False,False,False,g/garage/outdoor/sun_bvhiagvxhexpexsc.jpg,g,garage/outdoor,outdoor,sun_bvhiagvxhexpexsc.jpg,test_seen_loc,5817,True,102
SUN,42,closed_world_seen_test,245,5819,290,garage outdoor,402,manufactured home,-1,,exact,True,True,R0069;R0148;R0197;R0250;R0264;R0268;R0282;R0305;R0313;R0498,18,False,False,False,g/garage/outdoor/sun_bxvsgqokzenoyfon.jpg,g,garage/outdoor,outdoor,sun_bxvsgqokzenoyfon.jpg,test_seen_loc,5819,True,102
SUN,42,closed_world_seen_test,246,5816,290,garage outdoor,636,ticket window outdoor,-1,,exact,True,True,R0084;R0127;R0140;R0154;R0173;R0184;R0191;R0212;R0213;R0233,48,False,False,False,g/garage/outdoor/sun_bveoknyeunalbomw.jpg,g,garage/outdoor,outdoor,sun_bveoknyeunalbomw.jpg,test_seen_loc,5816,True,102
SUN,42,closed_world_seen_test,247,5805,290,garage outdoor,700,wheat field,-1,,exact,True,True,R0197;R0198;R0224;R0244;R0250;R0261;R0264;R0268;R0278;R0281,42,False,False,False,g/garage/outdoor/sun_bdjcquzhefvkkthl.jpg,g,garage/outdoor,outdoor,sun_bdjcquzhefvkkthl.jpg,test_seen_loc,5805,True,102
SUN,42,closed_world_seen_test,248,12067,603,strip mine,603,strip mine,-1,,exact,True,True,R0034;R0085;R0094;R0103;R0104;R0105;R0106;R0107;R0114;R0115,51,False,False,False,s/strip_mine/sun_bebmburwnarjjsum.jpg,s,strip_mine,strip_mine,sun_bebmburwnarjjsum.jpg,test_seen_loc,12067,True,102
SUN,42,closed_world_seen_test,249,12068,603,strip mine,603,strip mine,-1,,exact,True,True,R0094;R0103;R0104;R0105;R0106;R0107;R0114;R0115;R0116;R0119,31,False,False,False,s/strip_mine/sun_beqekqxejfkdalmg.jpg,s,strip_mine,strip_mine,sun_beqekqxejfkdalmg.jpg,test_seen_loc,12068,True,102
SUN,42,closed_world_seen_test,250,12065,603,strip mine,603,strip mine,-1,,exact,True,True,R0066;R0085;R0094;R0103;R0104;R0105;R0106;R0107;R0114;R0115,49,False,False,False,s/strip_mine/sun_azubtlhouquhkqul.jpg,s,strip_mine,strip_mine,sun_azubtlhouquhkqul.jpg,test_seen_loc,12065,True,102
SUN,42,closed_world_seen_test,251,12070,603,strip mine,410,mesa,-1,,exact,True,True,R0034;R0066;R0085;R0094;R0103;R0104;R0105;R0106;R0107;R0114,60,False,False,False,s/strip_mine/sun_bhuddqpwljovcjiq.jpg,s,strip_mine,strip_mine,sun_bhuddqpwljovcjiq.jpg,test_seen_loc,12070,True,102
SUN,42,closed_world_seen_test,252,5222,261,fish farm,454,oilrig,-1,,exact,True,True,R0014;R0019;R0060;R0096;R0097;R0098;R0099;R0100;R0101;R0102,14,False,False,False,f/fish_farm/sun_aecnktwrtqddauke.jpg,f,fish_farm,fish_farm,sun_aecnktwrtqddauke.jpg,test_seen_loc,5222,True,102
SUN,42,closed_world_seen_test,253,5236,261,fish farm,611,swamp,662,underwater ocean deep,exact,False,False,R0005;R0071;R0095;R0111;R0127;R0131;R0150;R0234;R0288,9,True,False,False,f/fish_farm/sun_babmkmpbqhgzvwae.jpg,f,fish_farm,fish_farm,sun_babmkmpbqhgzvwae.jpg,test_seen_loc,5236,True,102
SUN,42,closed_world_seen_test,254,5227,261,fish farm,519,raft,-1,,exact,True,True,R0019;R0054;R0060;R0064;R0081;R0083;R0086;R0096;R0097;R0098,29,False,False,False,f/fish_farm/sun_ahcymvgyswsrhjkp.jpg,f,fish_farm,fish_farm,sun_ahcymvgyswsrhjkp.jpg,test_seen_loc,5227,True,102
SUN,42,closed_world_seen_test,255,5225,261,fish farm,19,aquatic theater,-1,,exact,True,True,R0055;R0062;R0064;R0081;R0083;R0086;R0090;R0096;R0097;R0098,38,False,False,False,f/fish_farm/sun_afsitnaugltltdnk.jpg,f,fish_farm,fish_farm,sun_afsitnaugltltdnk.jpg,test_seen_loc,5225,True,102
SUN,42,closed_world_seen_test,256,55,2,airfield,553,runway,-1,,exact,True,True,R0024;R0082;R0095;R0109;R0123;R0129;R0142;R0153;R0159;R0160,26,False,False,False,a/airfield/sun_bdpfkpghqgvzsipc.jpg,a,airfield,airfield,sun_bdpfkpghqgvzsipc.jpg,test_seen_loc,55,True,102
SUN,42,closed_world_seen_test,257,42,2,airfield,449,ocean,-1,,exact,True,True,R0025;R0086;R0157;R0160;R0161;R0170;R0187;R0188;R0193;R0207,22,False,False,False,a/airfield/sun_afrlkwnfslkydaly.jpg,a,airfield,airfield,sun_afrlkwnfslkydaly.jpg,test_seen_loc,42,True,102
SUN,42,closed_world_seen_test,258,57,2,airfield,2,airfield,-1,,exact,True,True,R0074;R0157;R0160;R0161;R0170;R0187;R0188;R0226;R0229;R0279,11,False,False,False,a/airfield/sun_bjdpgbtglrjtkrsl.jpg,a,airfield,airfield,sun_bjdpgbtglrjtkrsl.jpg,test_seen_loc,57,True,102
SUN,42,closed_world_seen_test,259,48,2,airfield,70,batters box,-1,,exact,True,True,R0018;R0021;R0023;R0037;R0044;R0049;R0117;R0202;R0247;R0260,42,False,False,False,a/airfield/sun_amitrosygehdeufb.jpg,a,airfield,airfield,sun_amitrosygehdeufb.jpg,test_seen_loc,48,True,102
SUN,42,closed_world_seen_test,260,6040,302,glacier,302,glacier,-1,,exact,True,True,R0025;R0055;R0060;R0062;R0064;R0066;R0072;R0081;R0083;R0085,82,False,False,False,g/glacier/sun_abputjiaskfwzgxx.jpg,g,glacier,glacier,sun_abputjiaskfwzgxx.jpg,test_seen_loc,6040,True,102
SUN,42,closed_world_seen_test,261,6051,302,glacier,429,mountain snowy,-1,,exact,True,True,R0078;R0085;R0094;R0103;R0104;R0105;R0106;R0107;R0114;R0115,37,False,False,False,g/glacier/sun_blzpphygfelncehj.jpg,g,glacier,glacier,sun_blzpphygfelncehj.jpg,test_seen_loc,6051,True,102
SUN,42,closed_world_seen_test,262,6049,302,glacier,696,wave,-1,,exact,True,True,R0025;R0034;R0055;R0060;R0062;R0064;R0066;R0072;R0081;R0083,52,False,False,False,g/glacier/sun_bhxtfeugtmehwrvp.jpg,g,glacier,glacier,sun_bhxtfeugtmehwrvp.jpg,test_seen_loc,6049,True,102
SUN,42,closed_world_seen_test,263,6056,302,glacier,426,mountain,-1,,exact,True,True,R0034;R0058;R0066;R0078;R0085;R0094;R0103;R0104;R0105;R0106,63,False,False,False,g/glacier/sun_bqluzslcwrjbadml.jpg,g,glacier,glacier,sun_bqluzslcwrjbadml.jpg,test_seen_loc,6056,True,102
SUN,42,closed_world_seen_test,264,4390,219,dolmen,219,dolmen,-1,,exact,True,True,R0066;R0070;R0080;R0091;R0094;R0103;R0104;R0105;R0106;R0107,56,False,False,False,d/dolmen/sun_bhuguvgzkombpica.jpg,d,dolmen,dolmen,sun_bhuguvgzkombpica.jpg,test_seen_loc,4390,True,102
SUN,42,closed_world_seen_test,265,4383,219,dolmen,600,stone circle,-1,,exact,True,True,R0066;R0085;R0094;R0103;R0104;R0105;R0106;R0107;R0114;R0115,46,False,False,False,d/dolmen/sun_axesbqjacwoxtwrj.jpg,d,dolmen,dolmen,sun_axesbqjacwoxtwrj.jpg,test_seen_loc,4383,True,102
SUN,42,closed_world_seen_test,266,4396,219,dolmen,600,stone circle,-1,,exact,True,True,R0029;R0066;R0070;R0076;R0077;R0080;R0082;R0085;R0091;R0094,68,False,False,False,d/dolmen/sun_bthmlyxqjdcgohbe.jpg,d,dolmen,dolmen,sun_bthmlyxqjdcgohbe.jpg,test_seen_loc,4396,True,102
SUN,42,closed_world_seen_test,267,4397,219,dolmen,600,stone circle,-1,,exact,True,True,R0066;R0094;R0103;R0104;R0105;R0106;R0107;R0114;R0115;R0116,53,False,False,False,d/dolmen/sun_buvcqohiqgcgohcg.jpg,d,dolmen,dolmen,sun_buvcqohiqgcgohcg.jpg,test_seen_loc,4397,True,102
SUN,42,closed_world_seen_test,268,1811,90,bistro outdoor,480,phone booth,-1,,exact,True,True,R0093;R0130;R0197;R0222;R0246;R0269;R0308;R0310;R0344;R0346,79,False,False,False,b/bistro/outdoor/sun_axqwcildrlkpglkj.jpg,b,bistro/outdoor,outdoor,sun_axqwcildrlkpglkj.jpg,test_seen_loc,1811,True,102
SUN,42,closed_world_seen_test,269,1819,90,bistro outdoor,621,temple east asia,-1,,exact,True,True,R0052;R0093;R0130;R0146;R0173;R0184;R0191;R0197;R0198;R0213,113,False,False,False,b/bistro/outdoor/sun_bzubzomfvpisqgpx.jpg,b,bistro/outdoor,outdoor,sun_bzubzomfvpisqgpx.jpg,test_seen_loc,1819,True,102
SUN,42,closed_world_seen_test,270,1800,90,bistro outdoor,392,liquor store outdoor,-1,,exact,True,True,R0120;R0173;R0184;R0191;R0213;R0274;R0299;R0300;R0305;R0306,100,False,False,False,b/bistro/outdoor/sun_abtwcajzjhehpdcq.jpg,b,bistro/outdoor,outdoor,sun_abtwcajzjhehpdcq.jpg,test_seen_loc,1800,True,102
SUN,42,closed_world_seen_test,271,1807,90,bistro outdoor,392,liquor store outdoor,-1,,exact,True,True,R0033;R0120;R0222;R0274;R0300;R0306;R0323;R0336;R0337;R0344,91,False,False,False,b/bistro/outdoor/sun_aoggqmaumxkbduis.jpg,b,bistro/outdoor,outdoor,sun_aoggqmaumxkbduis.jpg,test_seen_loc,1807,True,102
SUN,42,closed_world_seen_test,272,8688,434,music store,434,music store,-1,,exact,True,True,R0304;R0311;R0314;R0315;R0317;R0324;R0325;R0329;R0330;R0334,143,False,False,False,m/music_store/sun_dkowxswtzyxhfppk.jpg,m,music_store,music_store,sun_dkowxswtzyxhfppk.jpg,test_seen_loc,8688,True,102
SUN,42,closed_world_seen_test,273,8689,434,music store,434,music store,-1,,exact,True,True,R0274;R0297;R0322;R0325;R0329;R0336;R0337;R0338;R0339;R0344,104,False,False,False,m/music_store/sun_dnivcoyxdjmpwpft.jpg,m,music_store,music_store,sun_dnivcoyxdjmpwpft.jpg,test_seen_loc,8689,True,102
SUN,42,closed_world_seen_test,274,8685,434,music store,675,veterinarians office,-1,,exact,True,True,R0252;R0297;R0300;R0302;R0303;R0304;R0305;R0306;R0308;R0311,248,False,False,False,m/music_store/sun_djskmwiztkajspnj.jpg,m,music_store,music_store,sun_djskmwiztkajspnj.jpg,test_seen_loc,8685,True,102
SUN,42,closed_world_seen_test,275,8692,434,music store,434,music store,-1,,exact,True,True,R0252;R0304;R0305;R0308;R0311;R0314;R0317;R0320;R0324;R0325,162,False,False,False,m/music_store/sun_duorxnojdppddbbr.jpg,m,music_store,music_store,sun_duorxnojdppddbbr.jpg,test_seen_loc,8692,True,102
SUN,42,closed_world_seen_test,276,4209,210,diner outdoor,392,liquor store outdoor,-1,,exact,True,True,R0053;R0073;R0108;R0117;R0158;R0162;R0164;R0169;R0177;R0192,114,False,False,False,d/diner/outdoor/sun_anohvpbmpdxiboce.jpg,d,diner/outdoor,outdoor,sun_anohvpbmpdxiboce.jpg,test_seen_loc,4209,True,102
SUN,42,closed_world_seen_test,277,4213,210,diner outdoor,480,phone booth,-1,,exact,True,True,R0173;R0191;R0206;R0277;R0305;R0330;R0356;R0414;R0423;R0454,34,False,False,False,d/diner/outdoor/sun_aszhhikrzaotowgn.jpg,d,diner/outdoor,outdoor,sun_aszhhikrzaotowgn.jpg,test_seen_loc,4213,True,102
SUN,42,closed_world_seen_test,278,4215,210,diner outdoor,390,limousine interior,-1,,exact,True,True,R0120;R0173;R0184;R0191;R0206;R0213;R0274;R0300;R0306;R0323,90,False,False,False,d/diner/outdoor/sun_avfdmqqtfftwxmzv.jpg,d,diner/outdoor,outdoor,sun_avfdmqqtfftwxmzv.jpg,test_seen_loc,4215,True,102
SUN,42,closed_world_seen_test,279,4217,210,diner outdoor,41,auto racing paddock,-1,,exact,True,True,R0166;R0228;R0231;R0238;R0240;R0241;R0253;R0257;R0260;R0265,27,False,False,False,d/diner/outdoor/sun_awnavpljkomoksnu.jpg,d,diner/outdoor,outdoor,sun_awnavpljkomoksnu.jpg,test_seen_loc,4217,True,102
SUN,42,closed_world_seen_test,280,5947,297,general store outdoor,116,butchers shop,-1,,exact,True,True,R0222;R0252;R0300;R0305;R0306;R0308;R0312;R0323;R0344;R0353,79,False,False,False,g/general_store/outdoor/sun_bhlxgwgprktxlbzm.jpg,g,general_store/outdoor,outdoor,sun_bhlxgwgprktxlbzm.jpg,test_seen_loc,5947,True,102
SUN,42,closed_world_seen_test,281,5957,297,general store outdoor,621,temple east asia,-1,,exact,True,True,R0093;R0146;R0173;R0182;R0191;R0197;R0233;R0245;R0282;R0344,36,False,False,False,g/general_store/outdoor/sun_brrmcyvcniksoblh.jpg,g,general_store/outdoor,outdoor,sun_brrmcyvcniksoblh.jpg,test_seen_loc,5957,True,102
SUN,42,closed_world_seen_test,282,5951,297,general store outdoor,402,manufactured home,-1,,exact,True,True,R0069;R0073;R0108;R0117;R0140;R0143;R0158;R0164;R0169;R0194,65,False,False,False,g/general_store/outdoor/sun_bjzsvbicgostsyra.jpg,g,general_store/outdoor,outdoor,sun_bjzsvbicgostsyra.jpg,test_seen_loc,5951,True,102
SUN,42,closed_world_seen_test,283,5948,297,general store outdoor,502,portico,-1,,exact,True,True,R0069;R0075;R0148;R0177;R0182;R0197;R0238;R0241;R0250;R0257,30,False,False,False,g/general_store/outdoor/sun_bjglcwpznlotwtvb.jpg,g,general_store/outdoor,outdoor,sun_bjglcwpznlotwtvb.jpg,test_seen_loc,5948,True,102
SUN,42,closed_world_seen_test,284,2193,109,bullpen,70,batters box,-1,,exact,True,True,R0023;R0026;R0030;R0037;R0041;R0042;R0044;R0048;R0049;R0084,90,False,False,False,b/bullpen/sun_amkdmdkyhsbkzfjw.jpg,b,bullpen,bullpen,sun_amkdmdkyhsbkzfjw.jpg,test_seen_loc,2193,True,102
SUN,42,closed_world_seen_test,285,2180,109,bullpen,625,tennis court outdoor,-1,,exact,True,True,R0026;R0036;R0041;R0042;R0045;R0048;R0050;R0173;R0176;R0191,20,False,False,False,b/bullpen/sun_abhbcqmeixxvfimf.jpg,b,bullpen,bullpen,sun_abhbcqmeixxvfimf.jpg,test_seen_loc,2180,True,102
SUN,42,closed_world_seen_test,286,2181,109,bullpen,625,tennis court outdoor,-1,,exact,True,True,R0021;R0044;R0048;R0108;R0117;R0158;R0164;R0170;R0187;R0188,56,False,False,False,b/bullpen/sun_abpypnqwervkeaar.jpg,b,bullpen,bullpen,sun_abpypnqwervkeaar.jpg,test_seen_loc,2181,True,102
SUN,42,closed_world_seen_test,287,2198,109,bullpen,488,pitchers mound,-1,,exact,True,True,R0020;R0021;R0026;R0030;R0036;R0041;R0042;R0044;R0045;R0048,106,False,False,False,b/bullpen/sun_apjbitvugpwpfbpm.jpg,b,bullpen,bullpen,sun_apjbitvugpwpfbpm.jpg,test_seen_loc,2198,True,102
SUN,42,closed_world_seen_test,288,1267,63,barndoor,63,barndoor,501,porch,exact,False,False,R0093,1,True,False,False,b/barndoor/sun_affphsqvxvrczeek.jpg,b,barndoor,barndoor,sun_affphsqvxvrczeek.jpg,test_seen_loc,1267,True,102
SUN,42,closed_world_seen_test,289,1275,63,barndoor,340,hut,-1,,exact,True,True,R0052;R0068;R0202;R0224;R0245;R0246;R0261;R0262;R0269;R0276,46,False,False,False,b/barndoor/sun_amydkgquihpzayht.jpg,b,barndoor,barndoor,sun_amydkgquihpzayht.jpg,test_seen_loc,1275,True,102
SUN,42,closed_world_seen_test,290,1266,63,barndoor,63,barndoor,-1,,exact,True,True,R0046;R0093;R0130;R0146;R0173;R0184;R0191;R0197;R0198;R0213,107,False,False,False,b/barndoor/sun_affjtmqxvifpdimp.jpg,b,barndoor,barndoor,sun_affjtmqxvifpdimp.jpg,test_seen_loc,1266,True,102
SUN,42,closed_world_seen_test,291,1272,63,barndoor,71,batting cage indoor,-1,,exact,True,True,R0093;R0126;R0130;R0146;R0197;R0198;R0224;R0242;R0244;R0246,116,False,False,False,b/barndoor/sun_alrhdzutmejwmpex.jpg,b,barndoor,barndoor,sun_alrhdzutmejwmpex.jpg,test_seen_loc,1272,True,102
SUN,42,closed_world_seen_test,292,4354,217,discotheque,116,butchers shop,-1,,exact,True,True,R0039;R0040;R0059;R0061;R0092;R0112;R0134;R0144;R0145;R0196,224,False,False,False,d/discotheque/sun_aowtnuutbvzxhfii.jpg,d,discotheque,discotheque,sun_aowtnuutbvzxhfii.jpg,test_seen_loc,4354,True,102
SUN,42,closed_world_seen_test,293,4346,217,discotheque,18,aquarium,-1,,exact,True,True,R0031;R0059;R0144;R0145;R0222;R0277;R0319;R0330;R0353;R0356,55,False,False,False,d/discotheque/sun_afiijygghltsrgbt.jpg,d,discotheque,discotheque,sun_afiijygghltsrgbt.jpg,test_seen_loc,4346,True,102
SUN,42,closed_world_seen_test,294,4357,217,discotheque,519,raft,577,skatepark,exact,False,False,R0135,1,True,False,False,d/discotheque/sun_aucjmiqceahwtayr.jpg,d,discotheque,discotheque,sun_aucjmiqceahwtayr.jpg,test_seen_loc,4357,True,102
SUN,42,closed_world_seen_test,295,4355,217,discotheque,661,underwater kelp forest,-1,,exact,True,True,R0269;R0319;R0471;R0477;R0483;R0511;R0535;R0562;R0568,9,False,False,False,d/discotheque/sun_atldlcrzjmopqywm.jpg,d,discotheque,discotheque,sun_atldlcrzjmopqywm.jpg,test_seen_loc,4355,True,102
SUN,42,closed_world_seen_test,296,10008,500,poolroom home,499,poolroom establishment,-1,,exact,True,True,R0196;R0206;R0325;R0329;R0330;R0350;R0356;R0392;R0393;R0400,51,False,False,False,p/poolroom/home/sun_afogkramgshqpxxk.jpg,p,poolroom/home,home,sun_afogkramgshqpxxk.jpg,test_seen_loc,10008,True,102
SUN,42,closed_world_seen_test,297,10010,500,poolroom home,499,poolroom establishment,-1,,exact,True,True,R0196;R0314;R0335;R0340;R0350;R0351;R0352;R0361;R0362;R0363,86,False,False,False,p/poolroom/home/sun_agmpkryunkmpnmur.jpg,p,poolroom/home,home,sun_agmpkryunkmpnmur.jpg,test_seen_loc,10010,True,102
SUN,42,closed_world_seen_test,298,10003,500,poolroom home,500,poolroom home,-1,,exact,True,True,R0302;R0304;R0311;R0315;R0318;R0324;R0333;R0338;R0341;R0347,60,False,False,False,p/poolroom/home/sun_aejolfheqlxungxu.jpg,p,poolroom/home,home,sun_aejolfheqlxungxu.jpg,test_seen_loc,10003,True,102
SUN,42,closed_world_seen_test,299,10016,500,poolroom home,500,poolroom home,-1,,exact,True,True,R0196;R0325;R0329;R0350;R0392;R0393;R0414;R0421;R0423;R0430,30,False,False,False,p/poolroom/home/sun_aoftspscecqkstsv.jpg,p,poolroom/home,home,sun_aoftspscecqkstsv.jpg,test_seen_loc,10016,True,102
SUN,42,closed_world_seen_test,300,13691,684,warehouse indoor,664,underwater pool,-1,,exact,True,True,R0256;R0277;R0314;R0317;R0325;R0329;R0330;R0334;R0335;R0340,105,False,False,False,w/warehouse/indoor/sun_aebhsbijjdfmkwfc.jpg,w,warehouse/indoor,indoor,sun_aebhsbijjdfmkwfc.jpg,test_seen_loc,13691,True,102
SUN,42,closed_world_seen_test,301,13680,684,warehouse indoor,391,liquor store indoor,-1,,exact,True,True,R0252;R0297;R0300;R0302;R0303;R0304;R0305;R0306;R0308;R0312,222,False,False,False,w/warehouse/indoor/sun_aaawomlbokrxmfyj.jpg,w,warehouse/indoor,indoor,sun_aaawomlbokrxmfyj.jpg,test_seen_loc,13680,True,102
SUN,42,closed_world_seen_test,302,13681,684,warehouse indoor,87,bindery,-1,,exact,True,True,R0256;R0274;R0322;R0338;R0339;R0357;R0360;R0367;R0383;R0384,28,False,False,False,w/warehouse/indoor/sun_aadtsgkouwrqwvwl.jpg,w,warehouse/indoor,indoor,sun_aadtsgkouwrqwvwl.jpg,test_seen_loc,13681,True,102
SUN,42,closed_world_seen_test,303,13686,684,warehouse indoor,609,supermarket,-1,,exact,True,True,R0297;R0300;R0302;R0303;R0304;R0306;R0308;R0311;R0314;R0315,241,False,False,False,w/warehouse/indoor/sun_abkrbcvovvnsyijc.jpg,w,warehouse/indoor,indoor,sun_abkrbcvovvnsyijc.jpg,test_seen_loc,13686,True,102
SUN,42,closed_world_seen_test,304,631,31,art studio,126,candy store,-1,,exact,True,True,R0252;R0297;R0300;R0302;R0303;R0304;R0305;R0306;R0308;R0311,248,False,False,False,a/art_studio/sun_adcbplhqqljxbkse.jpg,a,art_studio,art_studio,sun_adcbplhqqljxbkse.jpg,test_seen_loc,631,True,102
SUN,42,closed_world_seen_test,305,627,31,art studio,675,veterinarians office,-1,,exact,True,True,R0256;R0306;R0311;R0312;R0324;R0338;R0341;R0342;R0351;R0352,36,False,False,False,a/art_studio/sun_achzuakvpckxzdas.jpg,a,art_studio,art_studio,sun_achzuakvpckxzdas.jpg,test_seen_loc,627,True,102
SUN,42,closed_world_seen_test,306,624,31,art studio,27,armory,-1,,exact,True,True,R0300;R0302;R0303;R0304;R0308;R0317;R0318;R0319;R0320;R0322,65,False,False,False,a/art_studio/sun_abuodsjchygnuemo.jpg,a,art_studio,art_studio,sun_abuodsjchygnuemo.jpg,test_seen_loc,624,True,102
SUN,42,closed_world_seen_test,307,622,31,art studio,675,veterinarians office,-1,,exact,True,True,R0297;R0302;R0304;R0308;R0315;R0318;R0319;R0320;R0322;R0325,137,False,False,False,a/art_studio/sun_aalngzwizgszgiax.jpg,a,art_studio,art_studio,sun_aalngzwizgszgiax.jpg,test_seen_loc,622,True,102
SUN,42,closed_world_seen_test,308,12671,633,thriftshop,168,closet,-1,,exact,True,True,R0225;R0256;R0302;R0303;R0304;R0308;R0311;R0315;R0317;R0318,154,False,False,False,t/thriftshop/sun_bhzrmtzbnkaikjjl.jpg,t,thriftshop,thriftshop,sun_bhzrmtzbnkaikjjl.jpg,test_seen_loc,12671,True,102
SUN,42,closed_world_seen_test,309,12668,633,thriftshop,168,closet,-1,,exact,True,True,R0256;R0314;R0317;R0325;R0329;R0330;R0334;R0335;R0340;R0347,104,False,False,False,t/thriftshop/sun_azpjluklwjeipgvc.jpg,t,thriftshop,thriftshop,sun_azpjluklwjeipgvc.jpg,test_seen_loc,12668,True,102
SUN,42,closed_world_seen_test,310,12673,633,thriftshop,269,florist shop indoor,-1,,exact,True,True,R0297;R0300;R0302;R0306;R0315;R0318;R0319;R0320;R0322;R0325,116,False,False,False,t/thriftshop/sun_bnqztgofssbvobky.jpg,t,thriftshop,thriftshop,sun_bnqztgofssbvobky.jpg,test_seen_loc,12673,True,102
SUN,42,closed_world_seen_test,311,12666,633,thriftshop,675,veterinarians office,-1,,exact,True,True,R0252;R0297;R0300;R0302;R0304;R0305;R0306;R0308;R0311;R0312,172,False,False,False,t/thriftshop/sun_avbtvnmrolpryizy.jpg,t,thriftshop,thriftshop,sun_avbtvnmrolpryizy.jpg,test_seen_loc,12666,True,102
SUN,42,closed_world_seen_test,312,2451,122,campsite,122,campsite,-1,,exact,True,True,R0056;R0136;R0147;R0202;R0235;R0247;R0261;R0275;R0285;R0289,27,False,False,False,c/campsite/sun_ahvodfpzghaczear.jpg,c,campsite,campsite,sun_ahvodfpzghaczear.jpg,test_seen_loc,2451,True,102
SUN,42,closed_world_seen_test,313,2443,122,campsite,627,tent outdoor,-1,,exact,True,True,R0029;R0109;R0136;R0138;R0142;R0149;R0153;R0159;R0165;R0172,49,False,False,False,c/campsite/sun_acukoytnzqadqxdv.jpg,c,campsite,campsite,sun_acukoytnzqadqxdv.jpg,test_seen_loc,2443,True,102
SUN,42,closed_world_seen_test,314,2452,122,campsite,362,junkyard,-1,,exact,True,True,R0043;R0198;R0203;R0259;R0261;R0262;R0269;R0284;R0285;R0286,35,False,False,False,c/campsite/sun_akiwswsstotfdxqk.jpg,c,campsite,campsite,sun_akiwswsstotfdxqk.jpg,test_seen_loc,2452,True,102
SUN,42,closed_world_seen_test,315,2454,122,campsite,627,tent outdoor,-1,,exact,True,True,R0109;R0136;R0138;R0142;R0149;R0153;R0159;R0165;R0166;R0172,30,False,False,False,c/campsite/sun_anmecamskdglxzju.jpg,c,campsite,campsite,sun_anmecamskdglxzju.jpg,test_seen_loc,2454,True,102
SUN,42,closed_world_seen_test,316,6077,303,golf course,556,sand trap,586,soccer field,exact,False,False,R0012;R0071;R0082;R0087;R0091;R0109;R0129;R0152;R0157;R0160,33,True,False,False,g/golf_course/sun_alzfjlsffskqxejf.jpg,g,golf_course,golf_course,sun_alzfjlsffskqxejf.jpg,test_seen_loc,6077,True,102
SUN,42,closed_world_seen_test,317,6071,303,golf course,345,iceberg,-1,,exact,True,True,R0082;R0085;R0090;R0091;R0094;R0103;R0104;R0105;R0106;R0107,46,False,False,False,g/golf_course/sun_aggoqozyzaivknyk.jpg,g,golf_course,golf_course,sun_aggoqozyzaivknyk.jpg,test_seen_loc,6071,True,102
SUN,42,closed_world_seen_test,318,6066,303,golf course,70,batters box,-1,,exact,True,True,R0024;R0152;R0160;R0161;R0163;R0167;R0168;R0170;R0185;R0186,26,False,False,False,g/golf_course/sun_aexkpdpaovyqtprx.jpg,g,golf_course,golf_course,sun_aexkpdpaovyqtprx.jpg,test_seen_loc,6066,True,102
SUN,42,closed_world_seen_test,319,6073,303,golf course,488,pitchers mound,586,soccer field,exact,False,False,R0012;R0013;R0042;R0044;R0056;R0079;R0082;R0123;R0129;R0138,28,True,False,False,g/golf_course/sun_ahzohpkhrovyqewy.jpg,g,golf_course,golf_course,sun_ahzohpkhrovyqewy.jpg,test_seen_loc,6073,True,102
SUN,42,closed_world_seen_test,320,7103,356,jail indoor,606,subway station corridor,-1,,exact,True,True,R0225;R0302;R0303;R0304;R0308;R0311;R0315;R0317;R0318;R0319,166,False,False,False,j/jail/indoor/sun_agwjgiplovscuyte.jpg,j,jail/indoor,indoor,sun_agwjgiplovscuyte.jpg,test_seen_loc,7103,True,102
SUN,42,closed_world_seen_test,321,7108,356,jail indoor,356,jail indoor,-1,,exact,True,True,R0146;R0173;R0184;R0191;R0198;R0213;R0233;R0259;R0261;R0282,98,False,False,False,j/jail/indoor/sun_ajkchyoqrxiqvsmg.jpg,j,jail/indoor,indoor,sun_ajkchyoqrxiqvsmg.jpg,test_seen_loc,7108,True,102
SUN,42,closed_world_seen_test,322,7113,356,jail indoor,356,jail indoor,-1,,exact,True,True,R0277;R0297;R0302;R0303;R0304;R0308;R0311;R0314;R0315;R0317,240,False,False,False,j/jail/indoor/sun_amxnvsstaqdstqtt.jpg,j,jail/indoor,indoor,sun_amxnvsstaqdstqtt.jpg,test_seen_loc,7113,True,102
SUN,42,closed_world_seen_test,323,7117,356,jail indoor,668,van interior,-1,,exact,True,True,R0039;R0040;R0059;R0061;R0092;R0112;R0134;R0144;R0145;R0256,226,False,False,False,j/jail/indoor/sun_arluwsgcswjzbcvw.jpg,j,jail/indoor,indoor,sun_arluwsgcswjzbcvw.jpg,test_seen_loc,7117,True,102
SUN,42,closed_world_seen_test,324,12967,648,train railway,648,train railway,-1,,exact,True,True,R0027;R0078;R0113;R0157;R0160;R0161;R0170;R0187;R0188;R0217,18,False,False,False,t/train_railway/sun_atutomffrubpoiva.jpg,t,train_railway,train_railway,sun_atutomffrubpoiva.jpg,test_seen_loc,12967,True,102
SUN,42,closed_world_seen_test,325,12971,648,train railway,648,train railway,-1,,exact,True,True,R0053;R0162;R0265;R0292;R0300;R0406;R0418,7,False,False,False,t/train_railway/sun_azmvasvseueupvyd.jpg,t,train_railway,train_railway,sun_azmvasvseueupvyd.jpg,test_seen_loc,12971,True,102
SUN,42,closed_world_seen_test,326,12974,648,train railway,648,train railway,-1,,exact,True,True,R0053;R0069;R0075;R0089;R0143;R0154;R0169;R0177;R0182;R0212,52,False,False,False,t/train_railway/sun_bbxmsasfrczhllxn.jpg,t,train_railway,train_railway,sun_bbxmsasfrczhllxn.jpg,test_seen_loc,12974,True,102
SUN,42,closed_world_seen_test,327,12961,648,train railway,648,train railway,-1,,exact,True,True,R0052;R0053;R0162;R0184;R0192;R0213;R0224;R0236;R0239;R0245,52,False,False,False,t/train_railway/sun_alybtsllhpxcmfuj.jpg,t,train_railway,train_railway,sun_alybtsllhpxcmfuj.jpg,test_seen_loc,12961,True,102
SUN,42,closed_world_seen_test,328,2702,135,carport outdoor,269,florist shop indoor,-1,,exact,True,True,R0043;R0053;R0089;R0162;R0169;R0177;R0192;R0198;R0203;R0224,95,False,False,False,c/carport/outdoor/sun_aewgwnffkwxftayz.jpg,c,carport/outdoor,outdoor,sun_aewgwnffkwxftayz.jpg,test_seen_loc,2702,True,102
SUN,42,closed_world_seen_test,329,2704,135,carport outdoor,269,florist shop indoor,-1,,exact,True,True,R0043;R0146;R0173;R0184;R0191;R0197;R0198;R0213;R0224;R0233,97,False,False,False,c/carport/outdoor/sun_aupcypsivhdpnrzb.jpg,c,carport/outdoor,outdoor,sun_aupcypsivhdpnrzb.jpg,test_seen_loc,2704,True,102
SUN,42,closed_world_seen_test,330,2719,135,carport outdoor,380,laundromat,-1,,exact,True,True,R0043;R0069;R0075;R0177;R0198;R0224;R0237;R0242;R0244;R0246,84,False,False,False,c/carport/outdoor/sun_bunjhqouyifxrvxx.jpg,c,carport/outdoor,outdoor,sun_bunjhqouyifxrvxx.jpg,test_seen_loc,2719,True,102
SUN,42,closed_world_seen_test,331,2715,135,carport outdoor,476,pavilion,-1,,exact,True,True,R0043;R0182;R0192;R0236;R0245;R0246;R0249;R0259;R0284;R0495,14,False,False,False,c/carport/outdoor/sun_bmrlosvzvajuspqm.jpg,c,carport/outdoor,outdoor,sun_bmrlosvzvajuspqm.jpg,test_seen_loc,2715,True,102
SUN,42,closed_world_seen_test,332,729,36,atrium public,306,greenhouse indoor,-1,,exact,True,True,R0198;R0259;R0261;R0262;R0269;R0285;R0299;R0300;R0310;R0323,32,False,False,False,a/atrium/public/sun_awoolfnzvpiestyy.jpg,a,atrium/public,public,sun_awoolfnzvpiestyy.jpg,test_seen_loc,729,True,102
SUN,42,closed_world_seen_test,333,732,36,atrium public,343,ice skating rink indoor,-1,,exact,True,True,R0274;R0344;R0395;R0414;R0451;R0458;R0459;R0466;R0471;R0477,57,False,False,False,a/atrium/public/sun_batbgslafkstgayn.jpg,a,atrium/public,public,sun_batbgslafkstgayn.jpg,test_seen_loc,732,True,102
SUN,42,closed_world_seen_test,334,720,36,atrium public,242,escalator indoor,-1,,exact,True,True,R0026;R0036;R0039;R0040;R0041;R0044;R0045;R0048;R0051;R0059,134,False,False,False,a/atrium/public/sun_acpggluskildlivv.jpg,a,atrium/public,public,sun_acpggluskildlivv.jpg,test_seen_loc,720,True,102
SUN,42,closed_world_seen_test,335,736,36,atrium public,485,pig farm,-1,,exact,True,True,R0277;R0297;R0302;R0303;R0304;R0311;R0314;R0315;R0317;R0318,124,False,False,False,a/atrium/public/sun_bhjisshwcbzqudia.jpg,a,atrium/public,public,sun_bhjisshwcbzqudia.jpg,test_seen_loc,736,True,102
SUN,42,closed_world_seen_test,336,8668,433,museum outdoor,431,movie theater outdoor,-1,,exact,True,True,R0075;R0108;R0117;R0126;R0158;R0164;R0177;R0194;R0197;R0218,104,False,False,False,m/museum/outdoor/sun_ajncqcokpwkqgxyt.jpg,m,museum/outdoor,outdoor,sun_ajncqcokpwkqgxyt.jpg,test_seen_loc,8668,True,102
SUN,42,closed_world_seen_test,337,8670,433,museum outdoor,233,editing room,-1,,exact,True,True,R0018;R0074;R0117;R0183;R0202;R0217;R0258;R0260;R0263;R0266,22,False,False,False,m/museum/outdoor/sun_alfyzmzicogstimn.jpg,m,museum/outdoor,outdoor,sun_alfyzmzicogstimn.jpg,test_seen_loc,8670,True,102
SUN,42,closed_world_seen_test,338,8671,433,museum outdoor,318,hayfield,-1,,exact,True,True,R0053;R0069;R0073;R0075;R0108;R0117;R0124;R0126;R0158;R0162,147,False,False,False,m/museum/outdoor/sun_ambfjdegfnmzixvx.jpg,m,museum/outdoor,outdoor,sun_ambfjdegfnmzixvx.jpg,test_seen_loc,8671,True,102
SUN,42,closed_world_seen_test,339,8663,433,museum outdoor,502,portico,-1,,exact,True,True,R0089;R0162;R0203;R0238;R0241;R0257;R0262;R0265;R0286;R0291,13,False,False,False,m/museum/outdoor/sun_aexozikzrtfzlglv.jpg,m,museum/outdoor,outdoor,sun_aexozikzrtfzlglv.jpg,test_seen_loc,8663,True,102
SUN,42,closed_world_seen_test,340,14174,708,woodland,273,forest broadleaf,-1,,exact,True,True,R0029;R0063;R0070;R0071;R0076;R0077;R0080;R0087;R0091;R0109,59,False,False,False,w/woodland/sun_bpjnlbflktnolcpt.jpg,w,woodland,woodland,sun_bpjnlbflktnolcpt.jpg,test_seen_loc,14174,True,102
SUN,42,closed_world_seen_test,341,14160,708,woodland,708,woodland,-1,,exact,True,True,R0071;R0076;R0077;R0087;R0091;R0109;R0174;R0175;R0183;R0193,23,False,False,False,w/woodland/sun_agvgjjheumikthmm.jpg,w,woodland,woodland,sun_agvgjjheumikthmm.jpg,test_seen_loc,14160,True,102
SUN,42,closed_world_seen_test,342,14177,708,woodland,708,woodland,-1,,exact,True,True,R0063;R0070;R0071;R0076;R0077;R0080;R0087;R0091;R0109;R0119,50,False,False,False,w/woodland/sun_bsivmrlaunkpbgzi.jpg,w,woodland,woodland,sun_bsivmrlaunkpbgzi.jpg,test_seen_loc,14177,True,102
SUN,42,closed_world_seen_test,343,14172,708,woodland,708,woodland,-1,,exact,True,True,R0029;R0063;R0070;R0071;R0076;R0077;R0080;R0087;R0091;R0109,69,False,False,False,w/woodland/sun_bltpvkjpblbcavup.jpg,w,woodland,woodland,sun_bltpvkjpblbcavup.jpg,test_seen_loc,14172,True,102
SUN,42,closed_world_seen_test,344,5140,257,fire escape,502,portico,-1,,exact,True,True,R0148;R0203;R0239;R0241;R0244;R0261;R0285;R0343;R0406;R0437,23,False,False,False,f/fire_escape/sun_aahanthaveptbcbb.jpg,f,fire_escape,fire_escape,sun_aahanthaveptbcbb.jpg,test_seen_loc,5140,True,102
SUN,42,closed_world_seen_test,345,5144,257,fire escape,257,fire escape,-1,,exact,True,True,R0173;R0191;R0206;R0277;R0330;R0356;R0414;R0423;R0454;R0456,33,False,False,False,f/fire_escape/sun_adiwlljpmliivkyf.jpg,f,fire_escape,fire_escape,sun_adiwlljpmliivkyf.jpg,test_seen_loc,5144,True,102
SUN,42,closed_world_seen_test,346,5143,257,fire escape,257,fire escape,-1,,exact,True,True,R0222;R0305;R0344;R0371;R0414;R0417;R0423;R0454;R0456;R0458,26,False,False,False,f/fire_escape/sun_abuigwrwidepthxe.jpg,f,fire_escape,fire_escape,sun_abuigwrwidepthxe.jpg,test_seen_loc,5143,True,102
SUN,42,closed_world_seen_test,347,5158,257,fire escape,125,canal urban,-1,,exact,True,True,R0043;R0093;R0146;R0173;R0182;R0191;R0197;R0227;R0233;R0245,44,False,False,False,f/fire_escape/sun_aljlfxmeipitxcpz.jpg,f,fire_escape,fire_escape,sun_aljlfxmeipitxcpz.jpg,test_seen_loc,5158,True,102
SUN,42,closed_world_seen_test,348,5277,263,fjord,429,mountain snowy,-1,,exact,True,True,R0085;R0094;R0103;R0104;R0105;R0106;R0107;R0114;R0115;R0116,14,False,False,False,f/fjord/sun_bykjwqekdomwcvff.jpg,f,fjord,fjord,sun_bykjwqekdomwcvff.jpg,test_seen_loc,5277,True,102
SUN,42,closed_world_seen_test,349,5278,263,fjord,680,volcano,-1,,exact,True,True,R0034;R0078;R0085;R0094;R0103;R0104;R0105;R0106;R0107;R0113,50,False,False,False,f/fjord/sun_bypbmgigdnuxxdrv.jpg,f,fjord,fjord,sun_bypbmgigdnuxxdrv.jpg,test_seen_loc,5278,True,102
SUN,42,closed_world_seen_test,350,5265,263,fjord,429,mountain snowy,-1,,exact,True,True,R0034;R0058;R0066;R0078;R0085;R0094;R0103;R0104;R0105;R0106,63,False,False,False,f/fjord/sun_bayxgizfbvjzbdvl.jpg,f,fjord,fjord,sun_bayxgizfbvjzbdvl.jpg,test_seen_loc,5265,True,102
SUN,42,closed_world_seen_test,351,5279,263,fjord,449,ocean,-1,,exact,True,True,R0025;R0055;R0060;R0062;R0064;R0066;R0072;R0081;R0083;R0085,74,False,False,False,f/fjord/sun_byuerhcbuouzxsqj.jpg,f,fjord,fjord,sun_byuerhcbuouzxsqj.jpg,test_seen_loc,5279,True,102
SUN,42,closed_world_seen_test,352,2082,104,brewery outdoor,159,church outdoor,-1,,exact,True,True,R0053;R0108;R0117;R0158;R0162;R0164;R0169;R0171;R0177;R0183,107,False,False,False,b/brewery/outdoor/sun_acwfxccxhrhyqkky.jpg,b,brewery/outdoor,outdoor,sun_acwfxccxhrhyqkky.jpg,test_seen_loc,2082,True,102
SUN,42,closed_world_seen_test,353,2097,104,brewery outdoor,641,town house,-1,,exact,True,True,R0126;R0146;R0198;R0244;R0247;R0250;R0259;R0261;R0264;R0275,101,False,False,False,b/brewery/outdoor/sun_axqumcisxaaevuok.jpg,b,brewery/outdoor,outdoor,sun_axqumcisxaaevuok.jpg,test_seen_loc,2097,True,102
SUN,42,closed_world_seen_test,354,2085,104,brewery outdoor,28,arrival gate outdoor,-1,,exact,True,True,R0073;R0108;R0117;R0124;R0126;R0140;R0158;R0164;R0169;R0192,108,False,False,False,b/brewery/outdoor/sun_afnmqpypecviwoah.jpg,b,brewery/outdoor,outdoor,sun_afnmqpypecviwoah.jpg,test_seen_loc,2085,True,102
SUN,42,closed_world_seen_test,355,2088,104,brewery outdoor,392,liquor store outdoor,-1,,exact,True,True,R0092;R0108;R0117;R0135;R0158;R0164;R0169;R0192;R0194;R0216,65,False,False,False,b/brewery/outdoor/sun_akygzxwpisspmlzc.jpg,b,brewery/outdoor,outdoor,sun_akygzxwpisspmlzc.jpg,test_seen_loc,2088,True,102
SUN,42,closed_world_seen_test,356,12166,608,sun deck,454,oilrig,626,tent indoor,exact,False,False,R0035;R0506;R0508;R0530;R0538;R0540;R0560;R0572,8,True,False,False,s/sun_deck/sun_amevqgwhmwepdwxw.jpg,s,sun_deck,sun_deck,sun_amevqgwhmwepdwxw.jpg,test_seen_loc,12166,True,102
SUN,42,closed_world_seen_test,357,12162,608,sun deck,70,batters box,-1,,exact,True,True,R0084;R0135;R0191;R0196;R0233;R0236;R0282;R0460;R0461;R0462,16,False,False,False,s/sun_deck/sun_ahisnozpxnrbtnlt.jpg,s,sun_deck,sun_deck,sun_ahisnozpxnrbtnlt.jpg,test_seen_loc,12162,True,102
SUN,42,closed_world_seen_test,358,12176,608,sun deck,491,planetarium outdoor,-1,,exact,True,True,R0124;R0139;R0216;R0255;R0277;R0290;R0321,7,False,False,False,s/sun_deck/sun_bjfywhmhvgwjfomx.jpg,s,sun_deck,sun_deck,sun_bjfywhmhvgwjfomx.jpg,test_seen_loc,12176,True,102
SUN,42,closed_world_seen_test,359,12169,608,sun deck,129,car interior backseat,-1,,exact,True,True,R0084;R0127;R0140;R0212;R0222;R0277;R0282;R0460;R0461;R0462,23,False,False,False,s/sun_deck/sun_ayloaaieqhhumvbn.jpg,s,sun_deck,sun_deck,sun_ayloaaieqhhumvbn.jpg,test_seen_loc,12169,True,102
SUN,42,closed_world_seen_test,360,1030,51,balcony interior,383,lecture room,-1,,exact,True,True,R0052;R0068;R0127,3,False,False,False,b/balcony/interior/sun_bjvszycdbpvpjzgz.jpg,b,balcony/interior,interior,sun_bjvszycdbpvpjzgz.jpg,test_seen_loc,1030,True,102
SUN,42,closed_world_seen_test,361,1038,51,balcony interior,86,bicycle racks,-1,,exact,True,True,R0033;R0093;R0120;R0130;R0197;R0222;R0224;R0246;R0269;R0274,107,False,False,False,b/balcony/interior/sun_buumcxwfjfqczyql.jpg,b,balcony/interior,interior,sun_buumcxwfjfqczyql.jpg,test_seen_loc,1038,True,102
SUN,42,closed_world_seen_test,362,1039,51,balcony interior,373,labyrinth indoor,-1,,exact,True,True,R0274;R0297;R0322;R0325;R0329;R0336;R0337;R0338;R0339;R0360,89,False,False,False,b/balcony/interior/sun_bvzkbxxdfonoatlj.jpg,b,balcony/interior,interior,sun_bvzkbxxdfonoatlj.jpg,test_seen_loc,1039,True,102
SUN,42,closed_world_seen_test,363,1037,51,balcony interior,480,phone booth,-1,,exact,True,True,R0033;R0120;R0222;R0274;R0300;R0305;R0306;R0312;R0323;R0336,66,False,False,False,b/balcony/interior/sun_bruldmvhxnbebvhu.jpg,b,balcony/interior,interior,sun_bruldmvhxnbebvhu.jpg,test_seen_loc,1037,True,102
SUN,42,closed_world_seen_test,364,13544,677,videostore,609,supermarket,-1,,exact,True,True,R0277;R0297;R0302;R0303;R0304;R0308;R0311;R0314;R0315;R0317,240,False,False,False,v/videostore/sun_aeamtajdcbnpdvca.jpg,v,videostore,videostore,sun_aeamtajdcbnpdvca.jpg,test_seen_loc,13544,True,102
SUN,42,closed_world_seen_test,365,13552,677,videostore,391,liquor store indoor,-1,,exact,True,True,R0252;R0297;R0300;R0302;R0303;R0304;R0305;R0306;R0308;R0311,248,False,False,False,v/videostore/sun_ajiyoyusqmwojoho.jpg,v,videostore,videostore,sun_ajiyoyusqmwojoho.jpg,test_seen_loc,13552,True,102
SUN,42,closed_world_seen_test,366,13559,677,videostore,391,liquor store indoor,-1,,exact,True,True,R0308;R0311;R0318;R0320;R0322;R0324;R0338;R0339;R0341;R0360,64,False,False,False,v/videostore/sun_amwsfsyozkpvdxqb.jpg,v,videostore,videostore,sun_amwsfsyozkpvdxqb.jpg,test_seen_loc,13559,True,102
SUN,42,closed_world_seen_test,367,13546,677,videostore,479,pharmacy,-1,,exact,True,True,R0252;R0297;R0302;R0303;R0305;R0314;R0317;R0318;R0319;R0320,152,False,False,False,v/videostore/sun_afvpkopeaqbqhskl.jpg,v,videostore,videostore,sun_afvpkopeaqbqhskl.jpg,test_seen_loc,13546,True,102
SUN,42,closed_world_seen_test,368,13233,661,underwater kelp forest,661,underwater kelp forest,661,underwater kelp forest,exact,False,False,R0007;R0027;R0054;R0238;R0253;R0257;R0309;R0355;R0441,9,True,True,True,u/underwater/kelp_forest/sun_bqqpstjetezzrziu.jpg,u,underwater/kelp_forest,kelp_forest,sun_bqqpstjetezzrziu.jpg,test_seen_loc,13233,True,102
SUN,42,closed_world_seen_test,369,13230,661,underwater kelp forest,659,underwater coral reef,661,underwater kelp forest,exact,False,False,R0003;R0007;R0011;R0265;R0291;R0309;R0355;R0441,8,True,True,False,u/underwater/kelp_forest/sun_bmyyiglrgrlnwyna.jpg,u,underwater/kelp_forest,kelp_forest,sun_bmyyiglrgrlnwyna.jpg,test_seen_loc,13230,True,102
SUN,42,closed_world_seen_test,370,13224,661,underwater kelp forest,661,underwater kelp forest,661,underwater kelp forest,exact,False,False,R0007;R0014;R0069;R0072;R0131;R0238;R0257;R0309;R0355;R0441,10,True,True,True,u/underwater/kelp_forest/sun_bewcifhlkjqewvtk.jpg,u,underwater/kelp_forest,kelp_forest,sun_bewcifhlkjqewvtk.jpg,test_seen_loc,13224,True,102
SUN,42,closed_world_seen_test,371,13223,661,underwater kelp forest,661,underwater kelp forest,-1,,exact,True,True,R0054;R0127;R0288;R0440,4,False,False,False,u/underwater/kelp_forest/sun_beiqxtghimwoyijq.jpg,u,underwater/kelp_forest,kelp_forest,sun_beiqxtghimwoyijq.jpg,test_seen_loc,13223,True,102
SUN,42,closed_world_seen_test,372,11589,579,ski lodge,581,ski slope,-1,,exact,True,True,R0056;R0065;R0067;R0123;R0136;R0142;R0147;R0149;R0153;R0159,67,False,False,False,s/ski_lodge/sun_bdtnvugnfebluiuv.jpg,s,ski_lodge,ski_lodge,sun_bdtnvugnfebluiuv.jpg,test_seen_loc,11589,True,102
SUN,42,closed_world_seen_test,373,11590,579,ski lodge,345,iceberg,-1,,exact,True,True,R0171;R0217;R0231;R0238;R0241;R0247;R0254;R0257;R0269;R0270,39,False,False,False,s/ski_lodge/sun_bfyumjlqapvssnlg.jpg,s,ski_lodge,ski_lodge,sun_bfyumjlqapvssnlg.jpg,test_seen_loc,11590,True,102
SUN,42,closed_world_seen_test,374,11580,579,ski lodge,346,igloo,-1,,exact,True,True,R0043;R0202;R0203;R0261;R0262;R0269;R0284;R0285;R0286;R0299,35,False,False,False,s/ski_lodge/sun_acmyxcivqppdscfj.jpg,s,ski_lodge,ski_lodge,sun_acmyxcivqppdscfj.jpg,test_seen_loc,11580,True,102
SUN,42,closed_world_seen_test,375,11585,579,ski lodge,346,igloo,-1,,exact,True,True,R0203;R0238;R0241;R0257;R0262;R0286;R0309;R0355;R0441,9,False,False,False,s/ski_lodge/sun_aqrjmhechhuxxayi.jpg,s,ski_lodge,ski_lodge,sun_aqrjmhechhuxxayi.jpg,test_seen_loc,11585,True,102
SUN,42,closed_world_seen_test,376,3943,197,cybercafe,121,call center,-1,,exact,True,True,R0297;R0300;R0302;R0303;R0304;R0306;R0308;R0311;R0314;R0315,241,False,False,False,c/cybercafe/sun_afexfrbeofkoqmgp.jpg,c,cybercafe,cybercafe,sun_afexfrbeofkoqmgp.jpg,test_seen_loc,3943,True,102
SUN,42,closed_world_seen_test,377,3949,197,cybercafe,4,airplane cabin,-1,,exact,True,True,R0256;R0314;R0317;R0325;R0329;R0330;R0334;R0335;R0340;R0347,104,False,False,False,c/cybercafe/sun_axwykpgqriisjqma.jpg,c,cybercafe,cybercafe,sun_axwykpgqriisjqma.jpg,test_seen_loc,3949,True,102
SUN,42,closed_world_seen_test,378,3958,197,cybercafe,168,closet,-1,,exact,True,True,R0297;R0302;R0303;R0314;R0317;R0319;R0325;R0329;R0330;R0331,131,False,False,False,c/cybercafe/sun_brssdffyhujvlhxt.jpg,c,cybercafe,cybercafe,sun_brssdffyhujvlhxt.jpg,test_seen_loc,3958,True,102
SUN,42,closed_world_seen_test,379,3951,197,cybercafe,233,editing room,-1,,exact,True,True,R0277;R0297;R0302;R0303;R0304;R0308;R0311;R0314;R0315;R0317,240,False,False,False,c/cybercafe/sun_bfawynfrdrmprivi.jpg,c,cybercafe,cybercafe,sun_bfawynfrdrmprivi.jpg,test_seen_loc,3951,True,102
SUN,42,closed_world_seen_test,380,12551,627,tent outdoor,626,tent indoor,161,circus tent outdoor,exact,False,False,R0018;R0198;R0202;R0247;R0259;R0261;R0269;R0271;R0275;R0283,32,True,False,False,t/tent/outdoor/sun_bkkihgonzyjfekdb.jpg,t,tent/outdoor,outdoor,sun_bkkihgonzyjfekdb.jpg,test_seen_loc,12551,True,102
SUN,42,closed_world_seen_test,381,12552,627,tent outdoor,346,igloo,-1,,exact,True,True,R0038;R0071;R0087;R0091;R0109;R0119;R0121;R0137;R0139;R0174,20,False,False,False,t/tent/outdoor/sun_bksegsmtqcbnqgoc.jpg,t,tent/outdoor,outdoor,sun_bksegsmtqcbnqgoc.jpg,test_seen_loc,12552,True,102
SUN,42,closed_world_seen_test,382,12554,627,tent outdoor,626,tent indoor,-1,,exact,True,True,R0117;R0135;R0171;R0183;R0190;R0202;R0217;R0228;R0247;R0258,45,False,False,False,t/tent/outdoor/sun_bpzimyjkcqeltfvg.jpg,t,tent/outdoor,outdoor,sun_bpzimyjkcqeltfvg.jpg,test_seen_loc,12554,True,102
SUN,42,closed_world_seen_test,383,12540,627,tent outdoor,519,raft,22,archaelogical excavation,exact,False,False,R0010;R0162;R0262;R0265;R0291;R0309;R0418,7,True,False,False,t/tent/outdoor/sun_agsfmafoxjeasnkn.jpg,t,tent/outdoor,outdoor,sun_agsfmafoxjeasnkn.jpg,test_seen_loc,12540,True,102
SUN,42,closed_world_seen_test,384,5285,264,flea market indoor,42,auto showroom,-1,,exact,True,True,R0252;R0300;R0304;R0305;R0306;R0308;R0311;R0312;R0314;R0315,211,False,False,False,f/flea_market/indoor/sun_asgdcrttqnbyszzr.jpg,f,flea_market/indoor,indoor,sun_asgdcrttqnbyszzr.jpg,test_seen_loc,5285,True,102
SUN,42,closed_world_seen_test,385,5294,264,flea market indoor,49,bakery shop,-1,,exact,True,True,R0140;R0206;R0212;R0222;R0277;R0460;R0461;R0462;R0475;R0486,21,False,False,False,f/flea_market/indoor/sun_botrhyxsjudukmae.jpg,f,flea_market/indoor,indoor,sun_botrhyxsjudukmae.jpg,test_seen_loc,5294,True,102
SUN,42,closed_world_seen_test,386,5288,264,flea market indoor,168,closet,-1,,exact,True,True,R0040;R0059;R0144;R0145;R0200;R0314;R0317;R0320;R0322;R0325,160,False,False,False,f/flea_market/indoor/sun_bgvthqibmformhuh.jpg,f,flea_market/indoor,indoor,sun_bgvthqibmformhuh.jpg,test_seen_loc,5288,True,102
SUN,42,closed_world_seen_test,387,5287,264,flea market indoor,82,beer hall,-1,,exact,True,True,R0256;R0277;R0297;R0303;R0308;R0311;R0314;R0315;R0318;R0320,169,False,False,False,f/flea_market/indoor/sun_battwvxwghyopbyp.jpg,f,flea_market/indoor,indoor,sun_battwvxwghyopbyp.jpg,test_seen_loc,5287,True,102
SUN,42,closed_world_seen_test,388,4045,202,day care center,202,day care center,-1,,exact,True,True,R0297;R0302;R0304;R0308;R0311;R0315;R0318;R0319;R0320;R0322,163,False,False,False,d/day_care_center/sun_awfhlhivmdsmnrub.jpg,d,day_care_center,day_care_center,sun_awfhlhivmdsmnrub.jpg,test_seen_loc,4045,True,102
SUN,42,closed_world_seen_test,389,4054,202,day care center,494,playroom,-1,,exact,True,True,R0297;R0302;R0304;R0308;R0311;R0315;R0318;R0319;R0320;R0322,163,False,False,False,d/day_care_center/sun_bosbjqywamhpjkdk.jpg,d,day_care_center,day_care_center,sun_bosbjqywamhpjkdk.jpg,test_seen_loc,4054,True,102
SUN,42,closed_world_seen_test,390,4046,202,day care center,367,kindergarden classroom,-1,,exact,True,True,R0297;R0300;R0302;R0303;R0304;R0306;R0308;R0311;R0314;R0315,241,False,False,False,d/day_care_center/sun_badwzazcljlpeezq.jpg,d,day_care_center,day_care_center,sun_badwzazcljlpeezq.jpg,test_seen_loc,4046,True,102
SUN,42,closed_world_seen_test,391,4056,202,day care center,494,playroom,-1,,exact,True,True,R0300;R0302;R0304;R0306;R0308;R0311;R0315;R0318;R0319;R0320,121,False,False,False,d/day_care_center/sun_bpxztosigxhkmzni.jpg,d,day_care_center,day_care_center,sun_bpxztosigxhkmzni.jpg,test_seen_loc,4056,True,102
SUN,42,closed_world_seen_test,392,13578,678,village,224,downtown,-1,,exact,True,True,R0074;R0166;R0183;R0217;R0258;R0260;R0263;R0267;R0273;R0279,15,False,False,False,v/village/sun_aqaynwvvfrejrkmp.jpg,v,village,village,sun_aqaynwvvfrejrkmp.jpg,test_seen_loc,13578,True,102
SUN,42,closed_world_seen_test,393,13566,678,village,581,ski slope,-1,,exact,True,True,R0078;R0085;R0094;R0103;R0104;R0105;R0106;R0107;R0113;R0114,48,False,False,False,v/village/sun_ahkuvrtfuiafcksu.jpg,v,village,village,sun_ahkuvrtfuiafcksu.jpg,test_seen_loc,13566,True,102
SUN,42,closed_world_seen_test,394,13564,678,village,678,village,-1,,exact,True,True,R0121;R0137;R0163;R0166;R0260;R0263;R0273;R0293;R0294;R0295,11,False,False,False,v/village/sun_afbzmmfpobxzlmai.jpg,v,village,village,sun_afbzmmfpobxzlmai.jpg,test_seen_loc,13564,True,102
SUN,42,closed_world_seen_test,395,13573,678,village,678,village,-1,,exact,True,True,R0125;R0139;R0183;R0190;R0217;R0226;R0228;R0258;R0260;R0267,18,False,False,False,v/village/sun_akgxscmodjpwioti.jpg,v,village,village,sun_akgxscmodjpwioti.jpg,test_seen_loc,13573,True,102
SUN,42,closed_world_seen_test,396,8202,410,mesa,207,desert sand,-1,,exact,True,True,R0034;R0078;R0085;R0094;R0103;R0104;R0105;R0106;R0107;R0114,16,False,False,False,m/mesa/sun_agmitcyakljtlnoq.jpg,m,mesa,mesa,sun_agmitcyakljtlnoq.jpg,test_seen_loc,8202,True,102
SUN,42,closed_world_seen_test,397,8205,410,mesa,129,car interior backseat,-1,,exact,True,True,R0085;R0094;R0103;R0104;R0105;R0106;R0107;R0114;R0115;R0116,44,False,False,False,m/mesa/sun_bpnlqqrbvcbhlaai.jpg,m,mesa,mesa,sun_bpnlqqrbvcbhlaai.jpg,test_seen_loc,8205,True,102
SUN,42,closed_world_seen_test,398,8218,410,mesa,207,desert sand,-1,,exact,True,True,R0034;R0066;R0085;R0094;R0103;R0104;R0105;R0106;R0107;R0114,72,False,False,False,m/mesa/sun_dxhdasjscoggbofz.jpg,m,mesa,mesa,sun_dxhdasjscoggbofz.jpg,test_seen_loc,8218,True,102
SUN,42,closed_world_seen_test,399,8206,410,mesa,128,canyon,-1,,exact,True,True,R0078;R0085;R0094;R0103;R0104;R0105;R0106;R0107;R0114;R0115,37,False,False,False,m/mesa/sun_ddeffkllyrzlelhh.jpg,m,mesa,mesa,sun_ddeffkllyrzlelhh.jpg,test_seen_loc,8206,True,102
SUN,42,closed_world_seen_test,400,8152,407,mastaba,207,desert sand,-1,,exact,True,True,R0034;R0066;R0085;R0094;R0103;R0104;R0105;R0106;R0107;R0113,55,False,False,False,m/mastaba/sun_bcxwxdtwxnxulqqs.jpg,m,mastaba,mastaba,sun_bcxwxdtwxnxulqqs.jpg,test_seen_loc,8152,True,102
SUN,42,closed_world_seen_test,401,8154,407,mastaba,117,butte,-1,,exact,True,True,R0034;R0058;R0066;R0078;R0085;R0094;R0103;R0104;R0105;R0106,64,False,False,False,m/mastaba/sun_bfckcivoqzqwwzbc.jpg,m,mastaba,mastaba,sun_bfckcivoqzqwwzbc.jpg,test_seen_loc,8154,True,102
SUN,42,closed_world_seen_test,402,8140,407,mastaba,603,strip mine,-1,,exact,True,True,R0034;R0058;R0066;R0078;R0085;R0094;R0103;R0104;R0105;R0106,55,False,False,False,m/mastaba/sun_afhjeouixixchgbi.jpg,m,mastaba,mastaba,sun_afhjeouixixchgbi.jpg,test_seen_loc,8140,True,102
SUN,42,closed_world_seen_test,403,8153,407,mastaba,364,kasbah,-1,,exact,True,True,R0068;R0089;R0162;R0202;R0253;R0261;R0262;R0265;R0271;R0284,35,False,False,False,m/mastaba/sun_bejtmocmsunrvjcs.jpg,m,mastaba,mastaba,sun_bejtmocmsunrvjcs.jpg,test_seen_loc,8153,True,102
SUN,42,closed_world_seen_test,404,12111,605,subway interior,605,subway interior,-1,,exact,True,True,R0252;R0277;R0297;R0302;R0303;R0304;R0305;R0308;R0311;R0314,243,False,False,False,s/subway_interior/sun_agpnhsuccwnvcjwe.jpg,s,subway_interior,subway_interior,sun_agpnhsuccwnvcjwe.jpg,test_seen_loc,12111,True,102
SUN,42,closed_world_seen_test,405,12119,605,subway interior,54,bamboo forest,-1,,exact,True,True,R0225;R0308;R0319;R0353;R0471;R0477;R0500;R0525;R0528;R0535,24,False,False,False,s/subway_interior/sun_akjzlwspibzwjugw.jpg,s,subway_interior,subway_interior,sun_akjzlwspibzwjugw.jpg,test_seen_loc,12119,True,102
SUN,42,closed_world_seen_test,406,12112,605,subway interior,668,van interior,-1,,exact,True,True,R0252;R0277;R0297;R0302;R0303;R0304;R0305;R0308;R0311;R0314,243,False,False,False,s/subway_interior/sun_ahtsgbyxahuvpgps.jpg,s,subway_interior,subway_interior,sun_ahtsgbyxahuvpgps.jpg,test_seen_loc,12112,True,102
SUN,42,closed_world_seen_test,407,12110,605,subway interior,42,auto showroom,-1,,exact,True,True,R0206;R0256;R0274;R0297;R0300;R0306;R0322;R0336;R0337;R0338,99,False,False,False,s/subway_interior/sun_aggvjrrqmxpujylp.jpg,s,subway_interior,subway_interior,sun_aggvjrrqmxpujylp.jpg,test_seen_loc,12110,True,102
SUN,42,closed_world_seen_test,408,7276,363,jury box,177,confessional,-1,,exact,True,True,R0120;R0274;R0300;R0306;R0322;R0323;R0338;R0339;R0342;R0350,74,False,False,False,j/jury_box/sun_awtujgoefuyfgxww.jpg,j,jury_box,jury_box,sun_awtujgoefuyfgxww.jpg,test_seen_loc,7276,True,102
SUN,42,closed_world_seen_test,409,7264,363,jury box,707,witness stand,-1,,exact,True,True,R0059;R0144;R0145;R0200;R0314;R0317;R0325;R0329;R0330;R0334,125,False,False,False,j/jury_box/sun_adddxkdmsswwqjuc.jpg,j,jury_box,jury_box,sun_adddxkdmsswwqjuc.jpg,test_seen_loc,7264,True,102
SUN,42,closed_world_seen_test,410,7266,363,jury box,496,podium indoor,-1,,exact,True,True,R0040;R0112;R0134;R0144;R0145;R0277;R0297;R0303;R0308;R0314,165,False,False,False,j/jury_box/sun_afadbhqnlnmedexz.jpg,j,jury_box,jury_box,sun_afadbhqnlnmedexz.jpg,test_seen_loc,7266,True,102
SUN,42,closed_world_seen_test,411,7275,363,jury box,363,jury box,-1,,exact,True,True,R0039;R0040;R0061;R0092;R0134;R0302;R0303;R0304;R0311;R0315,92,False,False,False,j/jury_box/sun_awmxougtavniaare.jpg,j,jury_box,jury_box,sun_awmxougtavniaare.jpg,test_seen_loc,7275,True,102
SUN,42,closed_world_seen_test,412,4653,232,earth fissure,232,earth fissure,-1,,exact,True,True,R0034;R0058;R0066;R0078;R0085;R0094;R0103;R0104;R0105;R0106,64,False,False,False,e/earth_fissure/sun_dnolkkkrxymlfwyy.jpg,e,earth_fissure,earth_fissure,sun_dnolkkkrxymlfwyy.jpg,test_seen_loc,4653,True,102
SUN,42,closed_world_seen_test,413,4640,232,earth fissure,485,pig farm,22,archaelogical excavation,exact,False,False,R0010;R0057;R0125;R0127;R0281;R0288;R0440,7,True,False,False,e/earth_fissure/sun_dbtrzpblubhwlqwu.jpg,e,earth_fissure,earth_fissure,sun_dbtrzpblubhwlqwu.jpg,test_seen_loc,4640,True,102
SUN,42,closed_world_seen_test,414,4658,232,earth fissure,232,earth fissure,-1,,exact,True,True,R0058;R0066;R0078;R0085;R0086;R0094;R0103;R0104;R0105;R0106,47,False,False,False,e/earth_fissure/sun_dwupwthndtsdlfay.jpg,e,earth_fissure,earth_fissure,sun_dwupwthndtsdlfay.jpg,test_seen_loc,4658,True,102
SUN,42,closed_world_seen_test,415,4647,232,earth fissure,232,earth fissure,-1,,exact,True,True,R0066;R0122;R0152;R0163;R0165;R0167;R0168;R0170;R0185;R0186,41,False,False,False,e/earth_fissure/sun_dfitsrwqskyxkaxs.jpg,e,earth_fissure,earth_fissure,sun_dfitsrwqskyxkaxs.jpg,test_seen_loc,4647,True,102
SUN,42,closed_world_seen_test,416,6467,323,herb garden,654,trench,-1,,exact,True,True,R0034;R0066;R0070;R0076;R0077;R0080;R0091;R0122;R0136;R0142,82,False,False,False,h/herb_garden/sun_bdzizggydvbzazkx.jpg,h,herb_garden,herb_garden,sun_bdzizggydvbzazkx.jpg,test_seen_loc,6467,True,102
SUN,42,closed_world_seen_test,417,6474,323,herb garden,70,batters box,-1,,exact,True,True,R0056;R0067;R0123;R0135;R0136;R0142;R0147;R0153;R0159;R0181,38,False,False,False,h/herb_garden/sun_boanfldvnpwctsjp.jpg,h,herb_garden,herb_garden,sun_boanfldvnpwctsjp.jpg,test_seen_loc,6474,True,102
SUN,42,closed_world_seen_test,418,6469,323,herb garden,187,cottage garden,-1,,exact,True,True,R0063;R0070;R0071;R0076;R0077;R0080;R0087;R0091;R0109;R0122,69,False,False,False,h/herb_garden/sun_bfurigkinamjktcr.jpg,h,herb_garden,herb_garden,sun_bfurigkinamjktcr.jpg,test_seen_loc,6469,True,102
SUN,42,closed_world_seen_test,419,6460,323,herb garden,320,hedge maze,-1,,exact,True,True,R0029;R0073;R0079;R0109;R0136;R0138;R0141;R0142;R0149;R0153,54,False,False,False,h/herb_garden/sun_amnmkcxhonzzzayv.jpg,h,herb_garden,herb_garden,sun_amnmkcxhonzzzayv.jpg,test_seen_loc,6460,True,102
SUN,42,closed_world_seen_test,420,2934,146,chalet,675,veterinarians office,-1,,exact,True,True,R0203;R0286,2,False,False,False,c/chalet/sun_aiycpfzpnzhghcnd.jpg,c,chalet,chalet,sun_aiycpfzpnzhghcnd.jpg,test_seen_loc,2934,True,102
SUN,42,closed_world_seen_test,421,2932,146,chalet,252,fence,-1,,exact,True,True,R0053;R0069;R0073;R0075;R0108;R0117;R0158;R0162;R0164;R0169,120,False,False,False,c/chalet/sun_aidpjgseakclsvdf.jpg,c,chalet,chalet,sun_aidpjgseakclsvdf.jpg,test_seen_loc,2932,True,102
SUN,42,closed_world_seen_test,422,2928,146,chalet,198,dacha,-1,,exact,True,True,R0056;R0065,2,False,False,False,c/chalet/sun_agozuvpujnhkusgh.jpg,c,chalet,chalet,sun_agozuvpujnhkusgh.jpg,test_seen_loc,2928,True,102
SUN,42,closed_world_seen_test,423,2927,146,chalet,198,dacha,-1,,exact,True,True,R0029;R0056;R0065;R0067;R0108;R0123;R0138;R0142;R0147;R0149,56,False,False,False,c/chalet/sun_afkhhjdggydphoez.jpg,c,chalet,chalet,sun_afkhhjdggydphoez.jpg,test_seen_loc,2927,True,102
SUN,42,closed_world_seen_test,424,1637,81,beer garden,499,poolroom establishment,-1,,exact,True,True,R0182;R0227;R0245;R0580,4,False,False,False,b/beer_garden/sun_bxekmsgvkpekonwu.jpg,b,beer_garden,beer_garden,sun_bxekmsgvkpekonwu.jpg,test_seen_loc,1637,True,102
SUN,42,closed_world_seen_test,425,1635,81,beer garden,383,lecture room,-1,,exact,True,True,R0061;R0092;R0184;R0198;R0213;R0225;R0259;R0261;R0285;R0299,61,False,False,False,b/beer_garden/sun_bqzkruomwjllnpua.jpg,b,beer_garden,beer_garden,sun_bqzkruomwjllnpua.jpg,test_seen_loc,1635,True,102
SUN,42,closed_world_seen_test,426,1620,81,beer garden,595,stage outdoor,714,zen garden,fallback,False,False,,0,True,False,False,b/beer_garden/sun_aagzfdhtedskkkvb.jpg,b,beer_garden,beer_garden,sun_aagzfdhtedskkkvb.jpg,test_seen_loc,1620,True,102
SUN,42,closed_world_seen_test,427,1628,81,beer garden,499,poolroom establishment,542,riding arena,exact,False,False,R0225,1,True,False,False,b/beer_garden/sun_azpscmskkkqpdbbr.jpg,b,beer_garden,beer_garden,sun_azpscmskkkqpdbbr.jpg,test_seen_loc,1628,True,102
SUN,42,closed_world_seen_test,428,3487,174,conference center,383,lecture room,-1,,exact,True,True,R0039;R0040;R0059;R0061;R0092;R0112;R0134;R0144;R0145;R0277,246,False,False,False,c/conference_center/sun_bkubigtioflxekvy.jpg,c,conference_center,conference_center,sun_bkubigtioflxekvy.jpg,test_seen_loc,3487,True,102
SUN,42,closed_world_seen_test,429,3494,174,conference center,430,movie theater indoor,-1,,exact,True,True,R0039;R0092;R0302;R0303;R0304;R0308;R0317;R0318;R0319;R0320,74,False,False,False,c/conference_center/sun_bqcjyybjrhpkdiqt.jpg,c,conference_center,conference_center,sun_bqcjyybjrhpkdiqt.jpg,test_seen_loc,3494,True,102
SUN,42,closed_world_seen_test,430,3489,174,conference center,174,conference center,-1,,exact,True,True,R0031;R0059;R0144;R0145;R0196;R0200;R0222;R0330;R0353;R0356,46,False,False,False,c/conference_center/sun_bllfgnmntfhurexa.jpg,c,conference_center,conference_center,sun_bllfgnmntfhurexa.jpg,test_seen_loc,3489,True,102
SUN,42,closed_world_seen_test,431,3495,174,conference center,174,conference center,-1,,exact,True,True,R0039;R0059;R0061;R0092;R0112;R0134;R0144;R0145;R0277;R0304,155,False,False,False,c/conference_center/sun_bqpzizhtbltnzhtf.jpg,c,conference_center,conference_center,sun_bqpzizhtbltnzhtf.jpg,test_seen_loc,3495,True,102
SUN,42,closed_world_seen_test,432,13999,699,wharf,218,dock,-1,,exact,True,True,R0014;R0019;R0060;R0096;R0097;R0098;R0099;R0100;R0101;R0102,14,False,False,False,w/wharf/sun_bzumxaidahqnpzbs.jpg,w,wharf,wharf,sun_bzumxaidahqnpzbs.jpg,test_seen_loc,13999,True,102
SUN,42,closed_world_seen_test,433,13990,699,wharf,699,wharf,317,harbor,exact,False,False,R0004;R0022;R0081;R0111;R0118;R0131;R0150;R0180;R0195;R0201,16,True,False,False,w/wharf/sun_aurziaodejzcfazd.jpg,w,wharf,wharf,sun_aurziaodejzcfazd.jpg,test_seen_loc,13990,True,102
SUN,42,closed_world_seen_test,434,13987,699,wharf,424,mosque outdoor,-1,,exact,True,True,R0073;R0078;R0086;R0157;R0158;R0170;R0177;R0187;R0188;R0197,26,False,False,False,w/wharf/sun_aotgzelcvofvmyqy.jpg,w,wharf,wharf,sun_aotgzelcvofvmyqy.jpg,test_seen_loc,13987,True,102
SUN,42,closed_world_seen_test,435,13993,699,wharf,270,fly bridge,-1,,exact,True,True,R0017;R0019;R0054;R0060;R0064;R0072;R0073;R0081;R0083;R0086,40,False,False,False,w/wharf/sun_bfxtwhmmipeiacje.jpg,w,wharf,wharf,sun_bfxtwhmmipeiacje.jpg,test_seen_loc,13993,True,102
SUN,42,closed_world_seen_test,436,5431,271,food court,687,water tower,-1,,exact,True,True,R0206;R0277,2,False,False,False,f/food_court/sun_aphwzrkyipzxaule.jpg,f,food_court,food_court,sun_aphwzrkyipzxaule.jpg,test_seen_loc,5431,True,102
SUN,42,closed_world_seen_test,437,5434,271,food court,214,dining hall,-1,,exact,True,True,R0039;R0040;R0059;R0061;R0112;R0134;R0144;R0145;R0200;R0297,221,False,False,False,f/food_court/sun_asmrjmbamvyrruke.jpg,f,food_court,food_court,sun_asmrjmbamvyrruke.jpg,test_seen_loc,5434,True,102
SUN,42,closed_world_seen_test,438,5439,271,food court,82,beer hall,-1,,exact,True,True,R0093;R0120;R0130;R0246;R0274;R0300;R0344;R0346;R0354;R0395,27,False,False,False,f/food_court/sun_axuwvxzjuglzjgne.jpg,f,food_court,food_court,sun_axuwvxzjuglzjgne.jpg,test_seen_loc,5439,True,102
SUN,42,closed_world_seen_test,439,5427,271,food court,271,food court,-1,,exact,True,True,R0277;R0314;R0335;R0340;R0350;R0351;R0352;R0361;R0362;R0363,86,False,False,False,f/food_court/sun_aitglvsaoyncgpui.jpg,f,food_court,food_court,sun_aitglvsaoyncgpui.jpg,test_seen_loc,5427,True,102
SUN,42,closed_world_seen_test,440,4538,226,drill rig,454,oilrig,226,drill rig,exact,False,False,R0078,1,True,True,False,d/drill_rig/sun_bmskhakivoriejqy.jpg,d,drill_rig,drill_rig,sun_bmskhakivoriejqy.jpg,test_seen_loc,4538,True,102
SUN,42,closed_world_seen_test,441,4527,226,drill rig,454,oilrig,-1,,exact,True,True,R0262;R0286;R0312,3,False,False,False,d/drill_rig/sun_arwpdygdihunhzgn.jpg,d,drill_rig,drill_rig,sun_arwpdygdihunhzgn.jpg,test_seen_loc,4527,True,102
SUN,42,closed_world_seen_test,442,4522,226,drill rig,598,steel mill outdoor,-1,,exact,True,True,R0069;R0073;R0075;R0113;R0124;R0148;R0162;R0212;R0216;R0228,64,False,False,False,d/drill_rig/sun_alcivlzosqmsruaj.jpg,d,drill_rig,drill_rig,sun_alcivlzosqmsruaj.jpg,test_seen_loc,4522,True,102
SUN,42,closed_world_seen_test,443,4536,226,drill rig,648,train railway,-1,,exact,True,True,R0127;R0140;R0154;R0184;R0213;R0236;R0239;R0261;R0285;R0292,17,False,False,False,d/drill_rig/sun_azgbiocygnwqpjpj.jpg,d,drill_rig,drill_rig,sun_azgbiocygnwqpjpj.jpg,test_seen_loc,4536,True,102
SUN,42,closed_world_seen_test,444,12692,634,throne room,634,throne room,-1,,exact,True,True,R0059;R0222;R0353;R0387;R0414;R0423;R0454;R0456;R0458;R0459,21,False,False,False,t/throne_room/sun_basgetprfehpmoje.jpg,t,throne_room,throne_room,sun_basgetprfehpmoje.jpg,test_seen_loc,12692,True,102
SUN,42,closed_world_seen_test,445,12683,634,throne room,634,throne room,-1,,exact,True,True,R0196;R0225;R0297;R0302;R0304;R0308;R0311;R0315;R0318;R0319,159,False,False,False,t/throne_room/sun_aihfaarwvxfxnedz.jpg,t,throne_room,throne_room,sun_aihfaarwvxfxnedz.jpg,test_seen_loc,12683,True,102
SUN,42,closed_world_seen_test,446,12681,634,throne room,634,throne room,-1,,exact,True,True,R0031;R0059;R0144;R0145;R0196;R0200;R0222;R0330;R0353;R0356,46,False,False,False,t/throne_room/sun_aeglzbcgcgidxlpn.jpg,t,throne_room,throne_room,sun_aeglzbcgcgidxlpn.jpg,test_seen_loc,12681,True,102
SUN,42,closed_world_seen_test,447,12688,634,throne room,634,throne room,-1,,exact,True,True,R0277;R0297;R0302;R0303;R0314;R0317;R0319;R0325;R0329;R0330,137,False,False,False,t/throne_room/sun_asfdwvtlkpynezzf.jpg,t,throne_room,throne_room,sun_asfdwvtlkpynezzf.jpg,test_seen_loc,12688,True,102
SUN,42,closed_world_seen_test,448,6788,339,hunting lodge outdoor,159,church outdoor,-1,,exact,True,True,R0228;R0231;R0240;R0241;R0254;R0257;R0260;R0266;R0270;R0272,40,False,False,False,h/hunting_lodge/outdoor/sun_aznosbsyscpuijrm.jpg,h,hunting_lodge/outdoor,outdoor,sun_aznosbsyscpuijrm.jpg,test_seen_loc,6788,True,102
SUN,42,closed_world_seen_test,449,6789,339,hunting lodge outdoor,402,manufactured home,-1,,exact,True,True,R0073;R0143;R0166;R0220;R0228;R0260;R0273;R0293;R0294;R0295,12,False,False,False,h/hunting_lodge/outdoor/sun_azpqyaoesrdchzxm.jpg,h,hunting_lodge/outdoor,outdoor,sun_azpqyaoesrdchzxm.jpg,test_seen_loc,6789,True,102
SUN,42,closed_world_seen_test,450,6794,339,hunting lodge outdoor,297,general store outdoor,-1,,exact,True,True,R0056;R0065;R0074;R0123;R0138;R0149;R0166;R0228;R0234;R0241,21,False,False,False,h/hunting_lodge/outdoor/sun_behcbaszwohzgcws.jpg,h,hunting_lodge/outdoor,outdoor,sun_behcbaszwohzgcws.jpg,test_seen_loc,6794,True,102
SUN,42,closed_world_seen_test,451,6791,339,hunting lodge outdoor,146,chalet,-1,,exact,True,True,R0043;R0053;R0089;R0162;R0169;R0177;R0192;R0203;R0224;R0232,65,False,False,False,h/hunting_lodge/outdoor/sun_bawyjptyeqhydskd.jpg,h,hunting_lodge/outdoor,outdoor,sun_bawyjptyeqhydskd.jpg,test_seen_loc,6791,True,102
SUN,42,closed_world_seen_test,452,3596,179,control room,391,liquor store indoor,-1,,exact,True,True,R0252;R0256;R0297;R0300;R0302;R0303;R0304;R0305;R0306;R0308,204,False,False,False,c/control_room/sun_awwnbkjycouocmzd.jpg,c,control_room,control_room,sun_awwnbkjycouocmzd.jpg,test_seen_loc,3596,True,102
SUN,42,closed_world_seen_test,453,3597,179,control room,233,editing room,-1,,exact,True,True,R0256;R0300;R0304;R0308;R0317;R0320;R0329;R0333;R0334;R0347,83,False,False,False,c/control_room/sun_axlwnicuzezfuggq.jpg,c,control_room,control_room,sun_axlwnicuzezfuggq.jpg,test_seen_loc,3597,True,102
SUN,42,closed_world_seen_test,454,3590,179,control room,233,editing room,-1,,exact,True,True,R0300;R0303;R0308;R0318;R0320;R0322;R0323;R0324;R0331;R0339,56,False,False,False,c/control_room/sun_askggmkxejjcfdje.jpg,c,control_room,control_room,sun_askggmkxejjcfdje.jpg,test_seen_loc,3590,True,102
SUN,42,closed_world_seen_test,455,3589,179,control room,233,editing room,-1,,exact,True,True,R0256;R0297;R0300;R0302;R0303;R0314;R0317;R0318;R0319;R0320,133,False,False,False,c/control_room/sun_amkpvaxttkgykela.jpg,c,control_room,control_room,sun_amkpvaxttkgykela.jpg,test_seen_loc,3589,True,102
SUN,42,closed_world_seen_test,456,4222,211,dinette home,500,poolroom home,-1,,exact,True,True,R0297;R0302;R0304;R0308;R0311;R0315;R0318;R0319;R0320;R0322,162,False,False,False,d/dinette/home/sun_avqotkjuzztrpppf.jpg,d,dinette/home,home,sun_avqotkjuzztrpppf.jpg,test_seen_loc,4222,True,102
SUN,42,closed_world_seen_test,457,4239,211,dinette home,666,utility room,-1,,exact,True,True,R0252;R0300;R0302;R0303;R0304;R0306;R0308;R0311;R0312;R0315,179,False,False,False,d/dinette/home/sun_bumjutusbpwyttzs.jpg,d,dinette/home,home,sun_bumjutusbpwyttzs.jpg,test_seen_loc,4239,True,102
SUN,42,closed_world_seen_test,458,4220,211,dinette home,177,confessional,-1,,exact,True,True,R0256;R0302;R0303;R0304;R0306;R0311;R0315;R0317;R0318;R0323,90,False,False,False,d/dinette/home/sun_adbgkemhpeihxiun.jpg,d,dinette/home,home,sun_adbgkemhpeihxiun.jpg,test_seen_loc,4220,True,102
SUN,42,closed_world_seen_test,459,4233,211,dinette home,215,dining room,-1,,exact,True,True,R0297;R0302;R0303;R0304;R0308;R0311;R0314;R0315;R0317;R0318,240,False,False,False,d/dinette/home/sun_bollwvjfwcdkfdlj.jpg,d,dinette/home,home,sun_bollwvjfwcdkfdlj.jpg,test_seen_loc,4233,True,102
SUN,42,closed_world_seen_test,460,8244,412,military hut,62,barn,-1,,exact,True,True,R0056;R0067;R0073;R0079;R0108;R0123;R0136;R0141;R0142;R0147,73,False,False,False,m/military_hut/sun_aemnqxrippjskpyb.jpg,m,military_hut,military_hut,sun_aemnqxrippjskpyb.jpg,test_seen_loc,8244,True,102
SUN,42,closed_world_seen_test,461,8245,412,military hut,307,greenhouse outdoor,-1,,exact,True,True,R0108;R0117;R0158;R0164;R0169;R0177;R0192;R0194;R0202;R0216,91,False,False,False,m/military_hut/sun_aeunksruyojeuqtn.jpg,m,military_hut,military_hut,sun_aeunksruyojeuqtn.jpg,test_seen_loc,8245,True,102
SUN,42,closed_world_seen_test,462,8249,412,military hut,533,residential neighborhood,-1,,exact,True,True,R0067;R0069;R0073;R0079;R0123;R0136;R0141;R0142;R0149;R0153,47,False,False,False,m/military_hut/sun_aiobnhooamvxwdnd.jpg,m,military_hut,military_hut,sun_aiobnhooamvxwdnd.jpg,test_seen_loc,8249,True,102
SUN,42,closed_world_seen_test,463,8247,412,military hut,159,church outdoor,-1,,exact,True,True,R0073;R0124;R0140;R0148;R0154;R0158;R0169;R0177;R0197;R0216,58,False,False,False,m/military_hut/sun_afuwbgnsusxayozm.jpg,m,military_hut,military_hut,sun_afuwbgnsusxayozm.jpg,test_seen_loc,8247,True,102
SUN,42,closed_world_seen_test,464,1680,84,berth,626,tent indoor,-1,,exact,True,True,R0256;R0302;R0303;R0304;R0308;R0311;R0315;R0317;R0318;R0319,159,False,False,False,b/berth/sun_aahjcusjrnimjcoc.jpg,b,berth,berth,sun_aahjcusjrnimjcoc.jpg,test_seen_loc,1680,True,102
SUN,42,closed_world_seen_test,465,1688,84,berth,168,closet,-1,,exact,True,True,R0303;R0318;R0331;R0341;R0359;R0360;R0370;R0372;R0375;R0404,15,False,False,False,b/berth/sun_agdyyhrcmfqdfbuy.jpg,b,berth,berth,sun_agdyyhrcmfqdfbuy.jpg,test_seen_loc,1688,True,102
SUN,42,closed_world_seen_test,466,1690,84,berth,129,car interior backseat,-1,,exact,True,True,R0297;R0302;R0304;R0308;R0311;R0315;R0318;R0319;R0320;R0322,143,False,False,False,b/berth/sun_ahmfraigrlfmamsd.jpg,b,berth,berth,sun_ahmfraigrlfmamsd.jpg,test_seen_loc,1690,True,102
SUN,42,closed_world_seen_test,467,1696,84,berth,668,van interior,-1,,exact,True,True,R0252;R0256;R0277;R0297;R0302;R0303;R0304;R0305;R0308;R0314,197,False,False,False,b/berth/sun_angurhxxqlgixqia.jpg,b,berth,berth,sun_angurhxxqlgixqia.jpg,test_seen_loc,1696,True,102
SUN,42,closed_world_seen_test,468,7405,370,kitchen,666,utility room,-1,,exact,True,True,R0120;R0206;R0256;R0274;R0300;R0305;R0312;R0358;R0367;R0383,37,False,False,False,k/kitchen/sun_aanpsytlewbiyypw.jpg,k,kitchen,kitchen,sun_aanpsytlewbiyypw.jpg,test_seen_loc,7405,True,102
SUN,42,closed_world_seen_test,469,7409,370,kitchen,69,bathroom,-1,,exact,True,True,R0252;R0277;R0304;R0305;R0308;R0311;R0314;R0315;R0317;R0320,207,False,False,False,k/kitchen/sun_aavvaxqqsofbaqrz.jpg,k,kitchen,kitchen,sun_aavvaxqqsofbaqrz.jpg,test_seen_loc,7409,True,102
SUN,42,closed_world_seen_test,470,7403,370,kitchen,666,utility room,-1,,exact,True,True,R0032;R0252;R0302;R0318;R0319;R0320;R0322;R0333;R0334;R0339,26,False,False,False,k/kitchen/sun_aakdxfbroywdvzac.jpg,k,kitchen,kitchen,sun_aakdxfbroywdvzac.jpg,test_seen_loc,7403,True,102
SUN,42,closed_world_seen_test,471,7414,370,kitchen,371,kitchenette,-1,,exact,True,True,R0252;R0256;R0297;R0300;R0302;R0303;R0305;R0312;R0314;R0317,138,False,False,False,k/kitchen/sun_abfxpyvmghjuoery.jpg,k,kitchen,kitchen,sun_abfxpyvmghjuoery.jpg,test_seen_loc,7414,True,102
SUN,42,closed_world_seen_test,472,13786,689,water treatment plant outdoor,485,pig farm,-1,,exact,True,True,R0127;R0227,2,False,False,False,w/water_treatment_plant/outdoor/sun_bdqeksrrqqhdkmmn.jpg,w,water_treatment_plant/outdoor,outdoor,sun_bdqeksrrqqhdkmmn.jpg,test_seen_loc,13786,True,102
SUN,42,closed_world_seen_test,473,13795,689,water treatment plant outdoor,687,water tower,-1,,exact,True,True,R0113;R0157;R0170;R0187;R0188;R0226;R0229;R0231;R0238;R0241,26,False,False,False,w/water_treatment_plant/outdoor/sun_bratnvpvpefbznkl.jpg,w,water_treatment_plant/outdoor,outdoor,sun_bratnvpvpefbznkl.jpg,test_seen_loc,13795,True,102
SUN,42,closed_world_seen_test,474,13784,689,water treatment plant outdoor,625,tennis court outdoor,-1,,exact,True,True,R0038;R0057;R0124;R0125;R0135;R0139;R0158;R0169;R0196;R0197,23,False,False,False,w/water_treatment_plant/outdoor/sun_baoemnizuuovlnzd.jpg,w,water_treatment_plant/outdoor,outdoor,sun_baoemnizuuovlnzd.jpg,test_seen_loc,13784,True,102
SUN,42,closed_world_seen_test,475,13787,689,water treatment plant outdoor,354,jacuzzi outdoor,-1,,exact,True,True,R0052;R0177;R0268;R0276;R0281;R0349;R0501,7,False,False,False,w/water_treatment_plant/outdoor/sun_bfizghkvlqvhlrde.jpg,w,water_treatment_plant/outdoor,outdoor,sun_bfizghkvlqvhlrde.jpg,test_seen_loc,13787,True,102
SUN,42,closed_world_seen_test,476,944,47,baggage claim,47,baggage claim,-1,,exact,True,True,R0256;R0277;R0297;R0302;R0303;R0314;R0315;R0317;R0318;R0319,167,False,False,False,b/baggage_claim/sun_abshjyfmfchstenz.jpg,b,baggage_claim,baggage_claim,sun_abshjyfmfchstenz.jpg,test_seen_loc,944,True,102
SUN,42,closed_world_seen_test,477,942,47,baggage claim,19,aquatic theater,-1,,exact,True,True,R0196;R0206;R0222;R0330;R0356;R0414;R0423;R0454;R0456;R0458,32,False,False,False,b/baggage_claim/sun_abkohuyvoqczivja.jpg,b,baggage_claim,baggage_claim,sun_abkohuyvoqczivja.jpg,test_seen_loc,942,True,102
SUN,42,closed_world_seen_test,478,951,47,baggage claim,47,baggage claim,-1,,exact,True,True,R0031;R0222;R0277;R0330;R0344;R0353;R0356;R0371;R0387;R0408,50,False,False,False,b/baggage_claim/sun_agahlnnpdybchooy.jpg,b,baggage_claim,baggage_claim,sun_agahlnnpdybchooy.jpg,test_seen_loc,951,True,102
SUN,42,closed_world_seen_test,479,949,47,baggage claim,233,editing room,-1,,exact,True,True,R0120;R0206;R0274;R0277;R0297;R0306;R0322;R0338;R0339;R0350,67,False,False,False,b/baggage_claim/sun_afessskqvgjwxrby.jpg,b,baggage_claim,baggage_claim,sun_afessskqvgjwxrby.jpg,test_seen_loc,949,True,102
SUN,42,closed_world_seen_test,480,5050,252,fence,252,fence,-1,,exact,True,True,R0074;R0079;R0123;R0138;R0141;R0143;R0166;R0220;R0234;R0279,12,False,False,False,f/fence/sun_bdssqwfzkdjcxtkz.jpg,f,fence,fence,sun_bdssqwfzkdjcxtkz.jpg,test_seen_loc,5050,True,102
SUN,42,closed_world_seen_test,481,5058,252,fence,105,brickyard outdoor,-1,,exact,True,True,R0043;R0126;R0146;R0192;R0197;R0198;R0224;R0239;R0242;R0244,88,False,False,False,f/fence/sun_bqtyyrfyejaoihdk.jpg,f,fence,fence,sun_bqtyyrfyejaoihdk.jpg,test_seen_loc,5058,True,102
SUN,42,closed_world_seen_test,482,5048,252,fence,252,fence,-1,,exact,True,True,R0056;R0065;R0147;R0203;R0241;R0511,6,False,False,False,f/fence/sun_bbrsmhhesbjxdqwi.jpg,f,fence,fence,sun_bbrsmhhesbjxdqwi.jpg,test_seen_loc,5048,True,102
SUN,42,closed_world_seen_test,483,5040,252,fence,600,stone circle,-1,,exact,True,True,R0109;R0136;R0142;R0149;R0153;R0159;R0165;R0171;R0172;R0174,48,False,False,False,f/fence/sun_aaixdrllisxswnye.jpg,f,fence,fence,sun_aaixdrllisxswnye.jpg,test_seen_loc,5040,True,102
SUN,42,closed_world_seen_test,484,3395,169,clothing store,54,bamboo forest,-1,,exact,True,True,R0032;R0252;R0302;R0303;R0304;R0308;R0314;R0317;R0318;R0319,64,False,False,False,c/clothing_store/sun_ahfwogivegddcsnw.jpg,c,clothing_store,clothing_store,sun_ahfwogivegddcsnw.jpg,test_seen_loc,3395,True,102
SUN,42,closed_world_seen_test,485,3386,169,clothing store,52,ball pit,-1,,exact,True,True,R0297;R0300;R0303;R0305;R0306;R0308;R0311;R0312;R0314;R0315,190,False,False,False,c/clothing_store/sun_acukmbmwnckzbqdw.jpg,c,clothing_store,clothing_store,sun_acukmbmwnckzbqdw.jpg,test_seen_loc,3386,True,102
SUN,42,closed_world_seen_test,486,3383,169,clothing store,168,closet,-1,,exact,True,True,R0317;R0364;R0365;R0455;R0489,5,False,False,False,c/clothing_store/sun_abajxjbphbvhqgxf.jpg,c,clothing_store,clothing_store,sun_abajxjbphbvhqgxf.jpg,test_seen_loc,3383,True,102
SUN,42,closed_world_seen_test,487,3381,169,clothing store,168,closet,-1,,exact,True,True,R0256;R0297;R0300;R0303;R0306;R0314;R0318;R0320;R0322;R0331,123,False,False,False,c/clothing_store/sun_aasjlhnoiwseizqj.jpg,c,clothing_store,clothing_store,sun_aasjlhnoiwseizqj.jpg,test_seen_loc,3381,True,102
SUN,42,closed_world_seen_test,488,7734,386,library outdoor,491,planetarium outdoor,-1,,exact,True,True,R0146;R0233;R0239;R0261;R0277;R0285;R0336;R0337;R0385;R0386,47,False,False,False,l/library/outdoor/sun_dslxxptyonirdpoc.jpg,l,library/outdoor,outdoor,sun_dslxxptyonirdpoc.jpg,test_seen_loc,7734,True,102
SUN,42,closed_world_seen_test,489,7738,386,library outdoor,502,portico,-1,,exact,True,True,R0068;R0084;R0089;R0124;R0148;R0162;R0190;R0232;R0241;R0244,42,False,False,False,l/library/outdoor/sun_dxqpsrfppbneqnpj.jpg,l,library/outdoor,outdoor,sun_dxqpsrfppbneqnpj.jpg,test_seen_loc,7738,True,102
SUN,42,closed_world_seen_test,490,7721,386,library outdoor,470,parking garage outdoor,-1,,exact,True,True,R0117;R0171;R0190;R0202;R0217;R0218;R0231;R0237;R0247;R0253,55,False,False,False,l/library/outdoor/sun_axzvxqsdxgdaanbb.jpg,l,library/outdoor,outdoor,sun_axzvxqsdxgdaanbb.jpg,test_seen_loc,7721,True,102
SUN,42,closed_world_seen_test,491,7731,386,library outdoor,491,planetarium outdoor,-1,,exact,True,True,R0126;R0146;R0198;R0237;R0239;R0244;R0247;R0250;R0259;R0261,108,False,False,False,l/library/outdoor/sun_drarbuqlacjqstph.jpg,l,library/outdoor,outdoor,sun_drarbuqlacjqstph.jpg,test_seen_loc,7731,True,102
SUN,42,closed_world_seen_test,492,8322,416,mission,167,cloister outdoor,-1,,exact,True,True,R0140;R0143;R0154;R0158;R0166;R0169;R0177;R0216;R0220;R0223,24,False,False,False,m/mission/sun_aolapnlyareobsux.jpg,m,mission,mission,sun_aolapnlyareobsux.jpg,test_seen_loc,8322,True,102
SUN,42,closed_world_seen_test,493,8321,416,mission,159,church outdoor,-1,,exact,True,True,R0108;R0148;R0158;R0177;R0192;R0224;R0231;R0241;R0242;R0244,41,False,False,False,m/mission/sun_akewqmfwnlniwjxg.jpg,m,mission,mission,sun_akewqmfwnlniwjxg.jpg,test_seen_loc,8321,True,102
SUN,42,closed_world_seen_test,494,8337,416,mission,424,mosque outdoor,-1,,exact,True,True,R0029;R0056;R0065;R0108;R0123;R0136;R0138;R0142;R0147;R0149,58,False,False,False,m/mission/sun_bteufuyczkxcavmg.jpg,m,mission,mission,sun_bteufuyczkxcavmg.jpg,test_seen_loc,8337,True,102
SUN,42,closed_world_seen_test,495,8332,416,mission,159,church outdoor,-1,,exact,True,True,R0108;R0117;R0158;R0164;R0169;R0192;R0194;R0216;R0223;R0242,33,False,False,False,m/mission/sun_baebhagavcyxfjzt.jpg,m,mission,mission,sun_baebhagavcyxfjzt.jpg,test_seen_loc,8332,True,102
SUN,42,closed_world_seen_test,496,10807,540,revolving door,540,revolving door,-1,,exact,True,True,R0120;R0173;R0184;R0191;R0197;R0213;R0246;R0269;R0274;R0300,65,False,False,False,r/revolving_door/sun_aewcvvcsvbvczfjh.jpg,r,revolving_door,revolving_door,sun_aewcvvcsvbvczfjh.jpg,test_seen_loc,10807,True,102
SUN,42,closed_world_seen_test,497,10800,540,revolving door,434,music store,-1,,exact,True,True,R0031;R0196;R0222;R0252;R0305;R0319;R0330;R0336;R0337;R0344,78,False,False,False,r/revolving_door/sun_aaeoladfaeeaszvm.jpg,r,revolving_door,revolving_door,sun_aaeoladfaeeaszvm.jpg,test_seen_loc,10800,True,102
SUN,42,closed_world_seen_test,498,10817,540,revolving door,540,revolving door,-1,,exact,True,True,R0222;R0252;R0305;R0344;R0353;R0371;R0386;R0387;R0395;R0414,40,False,False,False,r/revolving_door/sun_atifenbazxumqhda.jpg,r,revolving_door,revolving_door,sun_atifenbazxumqhda.jpg,test_seen_loc,10817,True,102
SUN,42,closed_world_seen_test,499,10802,540,revolving door,540,revolving door,-1,,exact,True,True,R0173;R0184;R0191;R0213;R0252;R0305;R0308;R0330;R0344;R0353,82,False,False,False,r/revolving_door/sun_ackuepkmlglfyjhu.jpg,r,revolving_door,revolving_door,sun_ackuepkmlglfyjhu.jpg,test_seen_loc,10802,True,102
SUN,42,closed_world_seen_test,500,11134,556,sand trap,519,raft,-1,,exact,True,True,R0015;R0056;R0067;R0074;R0079;R0123;R0135;R0138;R0139;R0141,18,False,False,False,s/sand_trap/sun_armfnxazhhelupdy.jpg,s,sand_trap,sand_trap,sun_armfnxazhhelupdy.jpg,test_seen_loc,11134,True,102
SUN,42,closed_world_seen_test,501,11120,556,sand trap,556,sand trap,586,soccer field,exact,False,False,R0012;R0071;R0082;R0087;R0091;R0109;R0129;R0136;R0142;R0152,41,True,False,False,s/sand_trap/sun_abwvwnjxaluivrfd.jpg,s,sand_trap,sand_trap,sun_abwvwnjxaluivrfd.jpg,test_seen_loc,11120,True,102
SUN,42,closed_world_seen_test,502,11122,556,sand trap,488,pitchers mound,586,soccer field,exact,False,False,R0012;R0013;R0020;R0023;R0037;R0042;R0044;R0049;R0067;R0079,49,True,False,False,s/sand_trap/sun_adacsxrrgshxmosd.jpg,s,sand_trap,sand_trap,sun_adacsxrrgshxmosd.jpg,test_seen_loc,11122,True,102
SUN,42,closed_world_seen_test,503,11129,556,sand trap,488,pitchers mound,-1,,exact,True,True,R0015;R0074;R0082;R0095;R0109;R0123;R0129;R0138;R0160;R0161,15,False,False,False,s/sand_trap/sun_akyzvnpgqrqmdecj.jpg,s,sand_trap,sand_trap,sun_akyzvnpgqrqmdecj.jpg,test_seen_loc,11129,True,102
SUN,42,closed_world_seen_test,504,229,11,amphitheater,549,rope bridge,-1,,exact,True,True,R0046;R0092;R0192;R0202;R0224;R0239;R0242;R0244;R0246;R0247,47,False,False,False,a/amphitheater/sun_ahgyshdgrnujgqkx.jpg,a,amphitheater,amphitheater,sun_ahgyshdgrnujgqkx.jpg,test_seen_loc,229,True,102
SUN,42,closed_world_seen_test,505,231,11,amphitheater,373,labyrinth indoor,586,soccer field,exact,False,False,R0012;R0074;R0095;R0109;R0123;R0136;R0142;R0153;R0159;R0166,21,True,False,False,a/amphitheater/sun_ajfjbafrlzzbmzoj.jpg,a,amphitheater,amphitheater,sun_ajfjbafrlzzbmzoj.jpg,test_seen_loc,231,True,102
SUN,42,closed_world_seen_test,506,230,11,amphitheater,373,labyrinth indoor,-1,,exact,True,True,R0084;R0135;R0144;R0145;R0154;R0196;R0200;R0227;R0233;R0236,10,False,False,False,a/amphitheater/sun_aihstcuhnhdqmnlv.jpg,a,amphitheater,amphitheater,sun_aihstcuhnhdqmnlv.jpg,test_seen_loc,230,True,102
SUN,42,closed_world_seen_test,507,220,11,amphitheater,373,labyrinth indoor,-1,,exact,True,True,R0093;R0130;R0146;R0173;R0184;R0191;R0197;R0198;R0213;R0224,105,False,False,False,a/amphitheater/sun_aalwixjkrhyiabdr.jpg,a,amphitheater,amphitheater,sun_aalwixjkrhyiabdr.jpg,test_seen_loc,220,True,102
SUN,42,closed_world_seen_test,508,6513,325,hill,207,desert sand,-1,,exact,True,True,R0058;R0066;R0078;R0085;R0094;R0103;R0104;R0105;R0106;R0107,47,False,False,False,h/hill/sun_agevvxyaoknnwbyn.jpg,h,hill,hill,sun_agevvxyaoknnwbyn.jpg,test_seen_loc,6513,True,102
SUN,42,closed_world_seen_test,509,6507,325,hill,318,hayfield,-1,,exact,True,True,R0078;R0119;R0121;R0137;R0152;R0157;R0160;R0161;R0163;R0167,30,False,False,False,h/hill/sun_acyuphldelrgtuwd.jpg,h,hill,hill,sun_acyuphldelrgtuwd.jpg,test_seen_loc,6507,True,102
SUN,42,closed_world_seen_test,510,6508,325,hill,680,volcano,-1,,exact,True,True,R0078;R0119;R0121;R0137;R0152;R0156;R0157;R0160;R0161;R0163,31,False,False,False,h/hill/sun_aduslxfzlbxlllnz.jpg,h,hill,hill,sun_aduslxfzlbxlllnz.jpg,test_seen_loc,6508,True,102
SUN,42,closed_world_seen_test,511,6502,325,hill,325,hill,-1,,exact,True,True,R0078;R0082;R0085;R0091;R0094;R0103;R0104;R0105;R0106;R0107,46,False,False,False,h/hill/sun_abgveirypnpcoduj.jpg,h,hill,hill,sun_abgveirypnpcoduj.jpg,test_seen_loc,6502,True,102
SUN,42,closed_world_seen_test,512,385,19,aquatic theater,19,aquatic theater,-1,,exact,True,True,R0014;R0017;R0019;R0084;R0096;R0097;R0098;R0099;R0100;R0101,29,False,False,False,a/aquatic_theater/sun_bdeqwwmuhzzcigft.jpg,a,aquatic_theater,aquatic_theater,sun_bdeqwwmuhzzcigft.jpg,test_seen_loc,385,True,102
SUN,42,closed_world_seen_test,513,388,19,aquatic theater,519,raft,-1,,exact,True,True,R0019;R0046;R0096;R0097;R0098;R0099;R0100;R0101;R0102;R0111,14,False,False,False,a/aquatic_theater/sun_bdtwnowzujngncbq.jpg,a,aquatic_theater,aquatic_theater,sun_bdtwnowzujngncbq.jpg,test_seen_loc,388,True,102
SUN,42,closed_world_seen_test,514,380,19,aquatic theater,19,aquatic theater,19,aquatic theater,exact,False,False,R0019;R0096;R0097;R0098;R0099;R0100;R0101;R0102;R0111;R0131,14,True,True,True,a/aquatic_theater/sun_augoapgocwpeokmu.jpg,a,aquatic_theater,aquatic_theater,sun_augoapgocwpeokmu.jpg,test_seen_loc,380,True,102
SUN,42,closed_world_seen_test,515,392,19,aquatic theater,19,aquatic theater,-1,,exact,True,True,R0019;R0064;R0081;R0083;R0086;R0096;R0097;R0098;R0099;R0100,27,False,False,False,a/aquatic_theater/sun_bjeexynakdyhxxux.jpg,a,aquatic_theater,aquatic_theater,sun_bjeexynakdyhxxux.jpg,test_seen_loc,392,True,102
SUN,42,closed_world_seen_test,516,2827,141,cathedral indoor,634,throne room,-1,,exact,True,True,R0031;R0033;R0222;R0300;R0306;R0319;R0330;R0356;R0357;R0366,60,False,False,False,c/cathedral/indoor/sun_acnjjfixwxtucdhi.jpg,c,cathedral/indoor,indoor,sun_acnjjfixwxtucdhi.jpg,test_seen_loc,2827,True,102
SUN,42,closed_world_seen_test,517,2826,141,cathedral indoor,16,apse indoor,-1,,exact,True,True,R0120;R0274;R0297;R0300;R0306;R0322;R0323;R0325;R0329;R0336,111,False,False,False,c/cathedral/indoor/sun_acnaztsqrrpkkiud.jpg,c,cathedral/indoor,indoor,sun_acnaztsqrrpkkiud.jpg,test_seen_loc,2826,True,102
SUN,42,closed_world_seen_test,518,2835,141,cathedral indoor,141,cathedral indoor,-1,,exact,True,True,R0222;R0274;R0300;R0305;R0312;R0358;R0467;R0480;R0498;R0509,17,False,False,False,c/cathedral/indoor/sun_aghyyknrtwtomycc.jpg,c,cathedral/indoor,indoor,sun_aghyyknrtwtomycc.jpg,test_seen_loc,2835,True,102
SUN,42,closed_world_seen_test,519,2823,141,cathedral indoor,373,labyrinth indoor,-1,,exact,True,True,R0300;R0304;R0308;R0311;R0320;R0324;R0325;R0329;R0333;R0334,96,False,False,False,c/cathedral/indoor/sun_abwkqvpdyigssyxa.jpg,c,cathedral/indoor,indoor,sun_abwkqvpdyigssyxa.jpg,test_seen_loc,2823,True,102
SUN,42,closed_world_seen_test,520,8897,444,nursing home,4,airplane cabin,-1,,exact,True,True,R0277;R0297;R0302;R0303;R0304;R0308;R0311;R0314;R0315;R0317,240,False,False,False,n/nursing_home/sun_bqmagnmratebehyw.jpg,n,nursing_home,nursing_home,sun_bqmagnmratebehyw.jpg,test_seen_loc,8897,True,102
SUN,42,closed_world_seen_test,521,8898,444,nursing home,605,subway interior,-1,,exact,True,True,R0256;R0302;R0303;R0304;R0306;R0311;R0312;R0315;R0317;R0318,95,False,False,False,n/nursing_home/sun_bwsnwwkxkzbnritc.jpg,n,nursing_home,nursing_home,sun_bwsnwwkxkzbnritc.jpg,test_seen_loc,8898,True,102
SUN,42,closed_world_seen_test,522,8880,444,nursing home,444,nursing home,-1,,exact,True,True,R0256;R0302;R0303;R0304;R0306;R0311;R0315;R0317;R0318;R0324,90,False,False,False,n/nursing_home/sun_aapcnnhiopaytrqx.jpg,n,nursing_home,nursing_home,sun_aapcnnhiopaytrqx.jpg,test_seen_loc,8880,True,102
SUN,42,closed_world_seen_test,523,8887,444,nursing home,86,bicycle racks,-1,,exact,True,True,R0224;R0269;R0274;R0300;R0301;R0306;R0310;R0312;R0346;R0354,37,False,False,False,n/nursing_home/sun_baeknziudrrgxlnb.jpg,n,nursing_home,nursing_home,sun_baeknziudrrgxlnb.jpg,test_seen_loc,8887,True,102
SUN,42,closed_world_seen_test,524,12353,617,tea garden,708,woodland,-1,,exact,True,True,R0029;R0063;R0070;R0071;R0076;R0077;R0080;R0087;R0091;R0109,71,False,False,False,t/tea_garden/sun_bqsdeenthojutewu.jpg,t,tea_garden,tea_garden,sun_bqsdeenthojutewu.jpg,test_seen_loc,12353,True,102
SUN,42,closed_world_seen_test,525,12344,617,tea garden,404,market outdoor,-1,,exact,True,True,R0109;R0136;R0142;R0149;R0153;R0159;R0165;R0171;R0172;R0174,54,False,False,False,t/tea_garden/sun_bbgnslngrscrttrl.jpg,t,tea_garden,tea_garden,sun_bbgnslngrscrttrl.jpg,test_seen_loc,12344,True,102
SUN,42,closed_world_seen_test,526,12347,617,tea garden,320,hedge maze,-1,,exact,True,True,R0109;R0136;R0142;R0153;R0159;R0171;R0174;R0175;R0181;R0183,46,False,False,False,t/tea_garden/sun_bdtrcfbintysjmuu.jpg,t,tea_garden,tea_garden,sun_bdtrcfbintysjmuu.jpg,test_seen_loc,12347,True,102
SUN,42,closed_world_seen_test,527,12355,617,tea garden,522,rainforest,-1,,exact,True,True,R0063;R0070;R0076;R0077;R0080;R0087;R0091;R0122;R0142;R0153,36,False,False,False,t/tea_garden/sun_bromcwcbssvytzjr.jpg,t,tea_garden,tea_garden,sun_bromcwcbssvytzjr.jpg,test_seen_loc,12355,True,102
SUN,42,closed_world_seen_test,528,4660,233,editing room,233,editing room,-1,,exact,True,True,R0252;R0304;R0305;R0312;R0314;R0315;R0317;R0325;R0329;R0330,137,False,False,False,e/editing_room/sun_aedzefctxsvpcezr.jpg,e,editing_room,editing_room,sun_aedzefctxsvpcezr.jpg,test_seen_loc,4660,True,102
SUN,42,closed_world_seen_test,529,4666,233,editing room,137,casino indoor,-1,,exact,True,True,R0297;R0300;R0302;R0303;R0314;R0317;R0318;R0319;R0320;R0325,152,False,False,False,e/editing_room/sun_axkhpldvtdflszgg.jpg,e,editing_room,editing_room,sun_axkhpldvtdflszgg.jpg,test_seen_loc,4666,True,102
SUN,42,closed_world_seen_test,530,4670,233,editing room,233,editing room,-1,,exact,True,True,R0297;R0302;R0304;R0308;R0311;R0315;R0318;R0319;R0320;R0322,163,False,False,False,e/editing_room/sun_bgsisetzvbqurena.jpg,e,editing_room,editing_room,sun_bgsisetzvbqurena.jpg,test_seen_loc,4670,True,102
SUN,42,closed_world_seen_test,531,4661,233,editing room,121,call center,-1,,exact,True,True,R0252;R0305;R0312;R0325;R0329;R0334;R0340;R0347;R0350;R0353,63,False,False,False,e/editing_room/sun_aledxrcfulsknabk.jpg,e,editing_room,editing_room,sun_aledxrcfulsknabk.jpg,test_seen_loc,4661,True,102
SUN,42,closed_world_seen_test,532,4256,212,dinette vehicle,668,van interior,-1,,exact,True,True,R0252;R0302;R0304;R0306;R0308;R0311;R0315;R0318;R0319;R0320,120,False,False,False,d/dinette/vehicle/sun_btjqhetsowsoayms.jpg,d,dinette/vehicle,vehicle,sun_btjqhetsowsoayms.jpg,test_seen_loc,4256,True,102
SUN,42,closed_world_seen_test,533,4241,212,dinette vehicle,129,car interior backseat,-1,,exact,True,True,R0196;R0314;R0317;R0325;R0329;R0330;R0334;R0335;R0340;R0347,122,False,False,False,d/dinette/vehicle/sun_bbqaamobpeckykne.jpg,d,dinette/vehicle,vehicle,sun_bbqaamobpeckykne.jpg,test_seen_loc,4241,True,102
SUN,42,closed_world_seen_test,534,4248,212,dinette vehicle,666,utility room,-1,,exact,True,True,R0256;R0297;R0300;R0302;R0303;R0304;R0306;R0308;R0311;R0314,220,False,False,False,d/dinette/vehicle/sun_bmubrgjbcwtyqsml.jpg,d,dinette/vehicle,vehicle,sun_bmubrgjbcwtyqsml.jpg,test_seen_loc,4248,True,102
SUN,42,closed_world_seen_test,535,4259,212,dinette vehicle,129,car interior backseat,-1,,exact,True,True,R0192;R0224;R0246;R0269;R0274;R0300;R0301;R0306;R0310;R0322,60,False,False,False,d/dinette/vehicle/sun_bzlvrznxthityipx.jpg,d,dinette/vehicle,vehicle,sun_bzlvrznxthityipx.jpg,test_seen_loc,4259,True,102
SUN,42,closed_world_seen_test,536,5907,295,gazebo exterior,227,driveway,-1,,exact,True,True,R0029;R0065;R0067;R0095;R0109;R0123;R0136;R0138;R0142;R0149,66,False,False,False,g/gazebo/exterior/sun_aeyycpfjqrrnmffh.jpg,g,gazebo/exterior,exterior,sun_aeyycpfjqrrnmffh.jpg,test_seen_loc,5907,True,102
SUN,42,closed_world_seen_test,537,5903,295,gazebo exterior,219,dolmen,-1,,exact,True,True,R0056;R0067;R0073;R0079;R0123;R0136;R0141;R0142;R0147;R0149,48,False,False,False,g/gazebo/exterior/sun_abrratvorxtnqwqi.jpg,g,gazebo/exterior,exterior,sun_abrratvorxtnqwqi.jpg,test_seen_loc,5903,True,102
SUN,42,closed_world_seen_test,538,5906,295,gazebo exterior,295,gazebo exterior,-1,,exact,True,True,R0052;R0075;R0177;R0182;R0198;R0237;R0238;R0242;R0244;R0246,53,False,False,False,g/gazebo/exterior/sun_aeaqhftkdivufniq.jpg,g,gazebo/exterior,exterior,sun_aeaqhftkdivufniq.jpg,test_seen_loc,5906,True,102
SUN,42,closed_world_seen_test,539,5902,295,gazebo exterior,295,gazebo exterior,-1,,exact,True,True,R0075;R0138;R0148;R0149;R0241;R0309;R0312;R0326;R0327;R0328,16,False,False,False,g/gazebo/exterior/sun_abmbewlyffcppuub.jpg,g,gazebo/exterior,exterior,sun_abmbewlyffcppuub.jpg,test_seen_loc,5902,True,102
SUN,42,closed_world_seen_test,540,7800,390,limousine interior,668,van interior,-1,,exact,True,True,R0297;R0300;R0303;R0306;R0308;R0311;R0314;R0315;R0318;R0320,184,False,False,False,l/limousine_interior/sun_abetoxoxoozvhhlk.jpg,l,limousine_interior,limousine_interior,sun_abetoxoxoozvhhlk.jpg,test_seen_loc,7800,True,102
SUN,42,closed_world_seen_test,541,7818,390,limousine interior,668,van interior,-1,,exact,True,True,R0277;R0311;R0314;R0315;R0324;R0335;R0340;R0350;R0351;R0352,110,False,False,False,l/limousine_interior/sun_auyrpbaipvonxpsv.jpg,l,limousine_interior,limousine_interior,sun_auyrpbaipvonxpsv.jpg,test_seen_loc,7818,True,102
SUN,42,closed_world_seen_test,542,7819,390,limousine interior,390,limousine interior,-1,,exact,True,True,R0277;R0297;R0303;R0314;R0315;R0318;R0331;R0335;R0336;R0337,72,False,False,False,l/limousine_interior/sun_avmxrpzxyihosktx.jpg,l,limousine_interior,limousine_interior,sun_avmxrpzxyihosktx.jpg,test_seen_loc,7819,True,102
SUN,42,closed_world_seen_test,543,7802,390,limousine interior,668,van interior,-1,,exact,True,True,R0277;R0314;R0335;R0340;R0350;R0351;R0352;R0361;R0362;R0363,86,False,False,False,l/limousine_interior/sun_abmjdwenjetnlcwq.jpg,l,limousine_interior,limousine_interior,sun_abmjdwenjetnlcwq.jpg,test_seen_loc,7802,True,102
SUN,42,closed_world_seen_test,544,5485,274,forest needleleaf,274,forest needleleaf,-1,,exact,True,True,R0029;R0063;R0070;R0071;R0076;R0077;R0080;R0087;R0091;R0109,78,False,False,False,f/forest/needleleaf/sun_acehnjqlajfvhqkc.jpg,f,forest/needleleaf,needleleaf,sun_acehnjqlajfvhqkc.jpg,test_seen_loc,5485,True,102
SUN,42,closed_world_seen_test,545,5487,274,forest needleleaf,273,forest broadleaf,-1,,exact,True,True,R0029;R0063;R0070;R0071;R0076;R0077;R0080;R0087;R0091;R0109,69,False,False,False,f/forest/needleleaf/sun_adkeovalbkluzeri.jpg,f,forest/needleleaf,needleleaf,sun_adkeovalbkluzeri.jpg,test_seen_loc,5487,True,102
SUN,42,closed_world_seen_test,546,5491,274,forest needleleaf,273,forest broadleaf,-1,,exact,True,True,R0063;R0068;R0070;R0071;R0076;R0077;R0080;R0087;R0089;R0122,21,False,False,False,f/forest/needleleaf/sun_aeufjrlyporculfz.jpg,f,forest/needleleaf,needleleaf,sun_aeufjrlyporculfz.jpg,test_seen_loc,5491,True,102
SUN,42,closed_world_seen_test,547,5496,274,forest needleleaf,273,forest broadleaf,-1,,exact,True,True,R0066;R0070;R0076;R0077;R0080;R0091;R0094;R0103;R0104;R0105,57,False,False,False,f/forest/needleleaf/sun_ahzdudaulglyysji.jpg,f,forest/needleleaf,needleleaf,sun_ahzdudaulglyysji.jpg,test_seen_loc,5496,True,102
SUN,42,closed_world_seen_test,548,1369,68,basketball court outdoor,519,raft,-1,,exact,True,True,R0026;R0036;R0037;R0041;R0042;R0045;R0048;R0049;R0050;R0084,35,False,False,False,b/basketball_court/outdoor/sun_akdtmrkqktmemnjj.jpg,b,basketball_court/outdoor,outdoor,sun_akdtmrkqktmemnjj.jpg,test_seen_loc,1369,True,102
SUN,42,closed_world_seen_test,549,1374,68,basketball court outdoor,664,underwater pool,-1,,exact,True,True,R0026;R0036;R0041;R0045;R0048;R0050;R0456,7,False,False,False,b/basketball_court/outdoor/sun_apxjswtenkfzpllj.jpg,b,basketball_court/outdoor,outdoor,sun_apxjswtenkfzpllj.jpg,test_seen_loc,1374,True,102
SUN,42,closed_world_seen_test,550,1373,68,basketball court outdoor,625,tennis court outdoor,-1,,exact,True,True,R0013;R0020;R0021;R0030;R0042;R0044;R0048;R0108;R0117;R0158,73,False,False,False,b/basketball_court/outdoor/sun_amqflbenamyijqfo.jpg,b,basketball_court/outdoor,outdoor,sun_amqflbenamyijqfo.jpg,test_seen_loc,1373,True,102
SUN,42,closed_world_seen_test,551,1372,68,basketball court outdoor,625,tennis court outdoor,586,soccer field,exact,False,False,R0012;R0036;R0037;R0044;R0045;R0049;R0051;R0074;R0092;R0095,28,True,False,False,b/basketball_court/outdoor/sun_amivxsldmsqfdzqt.jpg,b,basketball_court/outdoor,outdoor,sun_amivxsldmsqfdzqt.jpg,test_seen_loc,1372,True,102
SUN,42,closed_world_seen_test,552,8121,406,martial arts gym,434,music store,-1,,exact,True,True,R0039;R0040;R0059;R0061;R0092;R0112;R0134;R0144;R0145;R0196,245,False,False,False,m/martial_arts_gym/sun_aleniaysezwxkvla.jpg,m,martial_arts_gym,martial_arts_gym,sun_aleniaysezwxkvla.jpg,test_seen_loc,8121,True,102
SUN,42,closed_world_seen_test,553,8133,406,martial arts gym,606,subway station corridor,-1,,exact,True,True,R0026;R0036;R0041;R0045;R0048;R0059;R0144;R0145;R0256;R0314,55,False,False,False,m/martial_arts_gym/sun_bifthvicoigraeos.jpg,m,martial_arts_gym,martial_arts_gym,sun_bifthvicoigraeos.jpg,test_seen_loc,8133,True,102
SUN,42,closed_world_seen_test,554,8139,406,martial arts gym,70,batters box,671,velodrome outdoor,exact,False,False,R0008;R0037;R0042;R0049;R0176,5,True,False,False,m/martial_arts_gym/sun_bpowhwxgmsntgppo.jpg,m,martial_arts_gym,martial_arts_gym,sun_bpowhwxgmsntgppo.jpg,test_seen_loc,8139,True,102
SUN,42,closed_world_seen_test,555,8136,406,martial arts gym,406,martial arts gym,664,underwater pool,exact,False,False,R0001;R0011;R0135,3,True,False,False,m/martial_arts_gym/sun_bldgbnmiwxtjreoq.jpg,m,martial_arts_gym,martial_arts_gym,sun_bldgbnmiwxtjreoq.jpg,test_seen_loc,8136,True,102
SUN,42,closed_world_seen_test,556,2114,105,brickyard outdoor,318,hayfield,-1,,exact,True,True,R0024;R0117;R0160;R0161;R0170;R0171;R0187;R0188;R0190;R0217,44,False,False,False,b/brickyard/outdoor/sun_atfnvgowvghttvig.jpg,b,brickyard/outdoor,outdoor,sun_atfnvgowvghttvig.jpg,test_seen_loc,2114,True,102
SUN,42,closed_world_seen_test,557,2119,105,brickyard outdoor,430,movie theater indoor,-1,,exact,True,True,R0046;R0084;R0092;R0112;R0135;R0146;R0182;R0184;R0191;R0192,62,False,False,False,b/brickyard/outdoor/sun_aylvcwzkqgvbjrgk.jpg,b,brickyard/outdoor,outdoor,sun_aylvcwzkqgvbjrgk.jpg,test_seen_loc,2119,True,102
SUN,42,closed_world_seen_test,558,2107,105,brickyard outdoor,491,planetarium outdoor,-1,,exact,True,True,R0073;R0113;R0124;R0139;R0216;R0228;R0240;R0250;R0255;R0265,34,False,False,False,b/brickyard/outdoor/sun_ajnntxrmbbzdjmkn.jpg,b,brickyard/outdoor,outdoor,sun_ajnntxrmbbzdjmkn.jpg,test_seen_loc,2107,True,102
SUN,42,closed_world_seen_test,559,2118,105,brickyard outdoor,70,batters box,-1,,exact,True,True,R0108;R0117;R0135;R0158;R0164;R0169;R0194;R0202;R0216;R0224,66,False,False,False,b/brickyard/outdoor/sun_avhsajzqejndsach.jpg,b,brickyard/outdoor,outdoor,sun_avhsajzqejndsach.jpg,test_seen_loc,2118,True,102
SUN,42,closed_world_seen_test,560,4400,220,donjon,491,planetarium outdoor,-1,,exact,True,True,R0066;R0074;R0139;R0166;R0214;R0226;R0228;R0231;R0240;R0241,31,False,False,False,d/donjon/sun_aawmsfmrkomsqjnp.jpg,d,donjon,donjon,sun_aawmsfmrkomsqjnp.jpg,test_seen_loc,4400,True,102
SUN,42,closed_world_seen_test,561,4401,220,donjon,220,donjon,-1,,exact,True,True,R0068;R0148;R0190;R0241;R0253;R0286;R0312;R0355;R0441,9,False,False,False,d/donjon/sun_acmibtvpambizpoj.jpg,d,donjon,donjon,sun_acmibtvpambizpoj.jpg,test_seen_loc,4401,True,102
SUN,42,closed_world_seen_test,562,4406,220,donjon,279,fortress,-1,,exact,True,True,R0053;R0117;R0202;R0218;R0228;R0231;R0237;R0238;R0240;R0253,57,False,False,False,d/donjon/sun_aiegxmyrryyahbhw.jpg,d,donjon,donjon,sun_aiegxmyrryyahbhw.jpg,test_seen_loc,4406,True,102
SUN,42,closed_world_seen_test,563,4419,220,donjon,464,pagoda,-1,,exact,True,True,R0203;R0233;R0239;R0261;R0285;R0366;R0406;R0437;R0452;R0508,14,False,False,False,d/donjon/sun_bjhmayfntpooawzt.jpg,d,donjon,donjon,sun_bjhmayfntpooawzt.jpg,test_seen_loc,4419,True,102
SUN,42,closed_world_seen_test,564,13097,654,trench,654,trench,-1,,exact,True,True,R0066;R0074;R0162;R0166;R0214;R0228;R0231;R0238;R0240;R0255,31,False,False,False,t/trench/sun_bosqugtjckssablu.jpg,t,trench,trench,sun_bosqugtjckssablu.jpg,test_seen_loc,13097,True,102
SUN,42,closed_world_seen_test,565,13084,654,trench,255,field road,-1,,exact,True,True,R0027;R0074;R0113;R0160;R0161;R0170;R0187;R0188;R0190;R0217,26,False,False,False,t/trench/sun_awcpryajaazjjgfq.jpg,t,trench,trench,sun_awcpryajaazjjgfq.jpg,test_seen_loc,13084,True,102
SUN,42,closed_world_seen_test,566,13095,654,trench,207,desert sand,-1,,exact,True,True,R0066;R0085;R0094;R0103;R0104;R0105;R0106;R0107;R0113;R0114,57,False,False,False,t/trench/sun_bofznsgskzreaanj.jpg,t,trench,trench,sun_bofznsgskzreaanj.jpg,test_seen_loc,13095,True,102
SUN,42,closed_world_seen_test,567,13093,654,trench,654,trench,22,archaelogical excavation,exact,False,False,R0010;R0066;R0117;R0171;R0183;R0202;R0214;R0217;R0218;R0228,72,True,False,False,t/trench/sun_bjpdzpodokdjwicq.jpg,t,trench,trench,sun_bjpdzpodokdjwicq.jpg,test_seen_loc,13093,True,102
SUN,42,closed_world_seen_test,568,9467,473,particle accelerator,241,engine room,-1,,exact,True,True,R0252;R0297;R0300;R0302;R0303;R0304;R0305;R0306;R0308;R0311,248,False,False,False,p/particle_accelerator/sun_beopucjnofxcooes.jpg,p,particle_accelerator,particle_accelerator,sun_beopucjnofxcooes.jpg,test_seen_loc,9467,True,102
SUN,42,closed_world_seen_test,569,9475,473,particle accelerator,706,winery,354,jacuzzi outdoor,exact,False,False,R0017;R0222;R0414;R0423;R0454;R0456;R0458;R0459;R0491;R0492,18,True,False,False,p/particle_accelerator/sun_bqkrodxnpycsnqzy.jpg,p,particle_accelerator,particle_accelerator,sun_bqkrodxnpycsnqzy.jpg,test_seen_loc,9475,True,102
SUN,42,closed_world_seen_test,570,9462,473,particle accelerator,373,labyrinth indoor,-1,,exact,True,True,R0196;R0206;R0222;R0225;R0274;R0330;R0336;R0337;R0344;R0356,107,False,False,False,p/particle_accelerator/sun_agzgreminrrpbtab.jpg,p,particle_accelerator,particle_accelerator,sun_agzgreminrrpbtab.jpg,test_seen_loc,9462,True,102
SUN,42,closed_world_seen_test,571,9468,473,particle accelerator,406,martial arts gym,-1,,exact,True,True,R0206;R0222;R0274;R0277;R0336;R0337;R0357;R0367;R0385;R0386,82,False,False,False,p/particle_accelerator/sun_betezeeczzyolnrd.jpg,p,particle_accelerator,particle_accelerator,sun_betezeeczzyolnrd.jpg,test_seen_loc,9468,True,102
SUN,42,closed_world_seen_test,572,2280,114,bus shelter,480,phone booth,-1,,exact,True,True,R0146;R0184;R0191;R0192;R0197;R0198;R0213;R0224;R0233;R0239,76,False,False,False,b/bus_shelter/sun_aabqlwywekzoynbm.jpg,b,bus_shelter,bus_shelter,sun_aabqlwywekzoynbm.jpg,test_seen_loc,2280,True,102
SUN,42,closed_world_seen_test,573,2290,114,bus shelter,540,revolving door,-1,,exact,True,True,R0196;R0206;R0222;R0225;R0274;R0336;R0337;R0357;R0367;R0385,53,False,False,False,b/bus_shelter/sun_ajcwnelmvddrpwte.jpg,b,bus_shelter,bus_shelter,sun_ajcwnelmvddrpwte.jpg,test_seen_loc,2290,True,102
SUN,42,closed_world_seen_test,574,2291,114,bus shelter,705,wine cellar bottle storage,-1,,exact,True,True,R0093;R0130;R0146;R0173;R0184;R0191;R0197;R0198;R0213;R0224,109,False,False,False,b/bus_shelter/sun_ajpfxfixvehrdvtw.jpg,b,bus_shelter,bus_shelter,sun_ajpfxfixvehrdvtw.jpg,test_seen_loc,2291,True,102
SUN,42,closed_world_seen_test,575,2288,114,bus shelter,540,revolving door,-1,,exact,True,True,R0073;R0108;R0117;R0158;R0164;R0169;R0192;R0194;R0216;R0224,79,False,False,False,b/bus_shelter/sun_afzprcfttxqvbgju.jpg,b,bus_shelter,bus_shelter,sun_afzprcfttxqvbgju.jpg,test_seen_loc,2288,True,102
SUN,42,closed_world_seen_test,576,3297,164,clean room,518,raceway,-1,,exact,True,True,R0206;R0222;R0274;R0277;R0305;R0330;R0336;R0337;R0344;R0356,114,False,False,False,c/clean_room/sun_atozzidwqjpgelyc.jpg,c,clean_room,clean_room,sun_atozzidwqjpgelyc.jpg,test_seen_loc,3297,True,102
SUN,42,closed_world_seen_test,577,3290,164,clean room,49,bakery shop,-1,,exact,True,True,R0252;R0256;R0297;R0300;R0302;R0303;R0304;R0305;R0306;R0308,227,False,False,False,c/clean_room/sun_aotvsklehxgeqvxk.jpg,c,clean_room,clean_room,sun_aotvsklehxgeqvxk.jpg,test_seen_loc,3290,True,102
SUN,42,closed_world_seen_test,578,3296,164,clean room,434,music store,-1,,exact,True,True,R0092;R0112;R0134;R0144;R0145;R0200;R0206;R0222;R0274;R0336,88,False,False,False,c/clean_room/sun_atbwqsunhyuxiovt.jpg,c,clean_room,clean_room,sun_atbwqsunhyuxiovt.jpg,test_seen_loc,3296,True,102
SUN,42,closed_world_seen_test,579,3298,164,clean room,575,shower,-1,,exact,True,True,R0252;R0297;R0300;R0302;R0303;R0304;R0305;R0306;R0308;R0311,248,False,False,False,c/clean_room/sun_auoxreoarnwhjyzb.jpg,c,clean_room,clean_room,sun_auoxreoarnwhjyzb.jpg,test_seen_loc,3298,True,102
SUN,42,closed_world_seen_test,580,1160,58,banquet hall,430,movie theater indoor,-1,,exact,True,True,R0020;R0030;R0039;R0040;R0059;R0061;R0092;R0112;R0134;R0144,245,False,False,False,b/banquet_hall/sun_agjbqfmelgyiplyk.jpg,b,banquet_hall,banquet_hall,sun_agjbqfmelgyiplyk.jpg,test_seen_loc,1160,True,102
SUN,42,closed_world_seen_test,581,1179,58,banquet hall,519,raft,-1,,exact,True,True,R0039;R0040;R0059;R0061;R0112;R0134;R0144;R0145;R0277;R0297,208,False,False,False,b/banquet_hall/sun_bfqywdbbjtyksnnc.jpg,b,banquet_hall,banquet_hall,sun_bfqywdbbjtyksnnc.jpg,test_seen_loc,1179,True,102
SUN,42,closed_world_seen_test,582,1163,58,banquet hall,269,florist shop indoor,-1,,exact,True,True,R0039;R0040;R0059;R0061;R0092;R0112;R0134;R0144;R0145;R0277,246,False,False,False,b/banquet_hall/sun_ajwximjskdesewws.jpg,b,banquet_hall,banquet_hall,sun_ajwximjskdesewws.jpg,test_seen_loc,1163,True,102
SUN,42,closed_world_seen_test,583,1173,58,banquet hall,406,martial arts gym,-1,,exact,True,True,R0471;R0479;R0483;R0494;R0500;R0528;R0535;R0537;R0545;R0546,19,False,False,False,b/banquet_hall/sun_aydfvsniouyytgmk.jpg,b,banquet_hall,banquet_hall,sun_aydfvsniouyytgmk.jpg,test_seen_loc,1173,True,102
SUN,42,closed_world_seen_test,584,13948,697,weighbridge,648,train railway,-1,,exact,True,True,R0069;R0075;R0084;R0089;R0124;R0126;R0146;R0162;R0198;R0212,107,False,False,False,w/weighbridge/sun_ahwldgwvntavkylk.jpg,w,weighbridge,weighbridge,sun_ahwldgwvntavkylk.jpg,test_seen_loc,13948,True,102
SUN,42,closed_world_seen_test,585,13940,697,weighbridge,485,pig farm,-1,,exact,True,True,R0047;R0127;R0202;R0269;R0271;R0278;R0307;R0310;R0479;R0483,16,False,False,False,w/weighbridge/sun_aayggbhrduelvame.jpg,w,weighbridge,weighbridge,sun_aayggbhrduelvame.jpg,test_seen_loc,13940,True,102
SUN,42,closed_world_seen_test,586,13954,697,weighbridge,648,train railway,-1,,exact,True,True,R0084;R0089;R0154;R0162;R0173;R0184;R0191;R0212;R0213;R0233,63,False,False,False,w/weighbridge/sun_alvykdkefofdionk.jpg,w,weighbridge,weighbridge,sun_alvykdkefofdionk.jpg,test_seen_loc,13954,True,102
SUN,42,closed_world_seen_test,587,13950,697,weighbridge,280,foundry indoor,-1,,exact,True,True,R0146;R0184;R0191;R0203;R0213;R0233;R0239;R0259;R0261;R0282,53,False,False,False,w/weighbridge/sun_aidyvbrjwxhlwgfk.jpg,w,weighbridge,weighbridge,sun_aidyvbrjwxhlwgfk.jpg,test_seen_loc,13950,True,102
SUN,42,closed_world_seen_test,588,2639,131,caravansary,131,caravansary,-1,,exact,True,True,R0027;R0068;R0262;R0309,4,False,False,False,c/caravansary/sun_bvomarywluvntaye.jpg,c,caravansary,caravansary,sun_bvomarywluvntaye.jpg,test_seen_loc,2639,True,102
SUN,42,closed_world_seen_test,589,2638,131,caravansary,424,mosque outdoor,-1,,exact,True,True,R0089;R0148;R0162;R0203;R0232;R0239;R0241;R0244;R0261;R0262,34,False,False,False,c/caravansary/sun_bmofumacrncgaaxz.jpg,c,caravansary,caravansary,sun_bmofumacrncgaaxz.jpg,test_seen_loc,2638,True,102
SUN,42,closed_world_seen_test,590,2622,131,caravansary,131,caravansary,-1,,exact,True,True,R0052;R0224;R0239;R0245;R0261;R0262;R0276;R0285;R0306;R0366,16,False,False,False,c/caravansary/sun_aedhyinsmapgxuwd.jpg,c,caravansary,caravansary,sun_aedhyinsmapgxuwd.jpg,test_seen_loc,2622,True,102
SUN,42,closed_world_seen_test,591,2623,131,caravansary,131,caravansary,-1,,exact,True,True,R0203;R0227;R0262;R0286;R0312,5,False,False,False,c/caravansary/sun_affocullovzjppxx.jpg,c,caravansary,caravansary,sun_affocullovzjppxx.jpg,test_seen_loc,2623,True,102
SUN,42,closed_world_seen_test,592,10453,522,rainforest,54,bamboo forest,-1,,exact,True,True,R0063;R0068;R0070;R0071;R0076;R0077;R0080;R0087;R0122;R0136,51,False,False,False,r/rainforest/sun_akgfkmlmfwvdyygs.jpg,r,rainforest,rainforest,sun_akgfkmlmfwvdyygs.jpg,test_seen_loc,10453,True,102
SUN,42,closed_world_seen_test,593,10449,522,rainforest,522,rainforest,-1,,exact,True,True,R0029;R0034;R0070;R0076;R0077;R0080;R0103;R0104;R0105;R0106,37,False,False,False,r/rainforest/sun_afffzycmvqckiuwj.jpg,r,rainforest,rainforest,sun_afffzycmvqckiuwj.jpg,test_seen_loc,10449,True,102
SUN,42,closed_world_seen_test,594,10458,522,rainforest,320,hedge maze,-1,,exact,True,True,R0136;R0172;R0235;R0247;R0261;R0271;R0275;R0284;R0285;R0289,27,False,False,False,r/rainforest/sun_asqpahuftbizywcr.jpg,r,rainforest,rainforest,sun_asqpahuftbizywcr.jpg,test_seen_loc,10458,True,102
SUN,42,closed_world_seen_test,595,10451,522,rainforest,54,bamboo forest,-1,,exact,True,True,R0029;R0063;R0068;R0070;R0071;R0076;R0077;R0080;R0087;R0122,36,False,False,False,r/rainforest/sun_aithflzmfmlwwtva.jpg,r,rainforest,rainforest,sun_aithflzmfmlwwtva.jpg,test_seen_loc,10451,True,102
SUN,42,closed_world_seen_test,596,10623,531,recycling plant outdoor,380,laundromat,-1,,exact,True,True,R0053;R0089;R0198;R0203;R0262;R0265;R0271;R0283;R0286;R0300,17,False,False,False,r/recycling_plant/outdoor/sun_aeyxmeumdaehnhld.jpg,r,recycling_plant/outdoor,outdoor,sun_aeyxmeumdaehnhld.jpg,test_seen_loc,10623,True,102
SUN,42,closed_world_seen_test,597,10622,531,recycling plant outdoor,454,oilrig,-1,,exact,True,True,R0073;R0113;R0124;R0162;R0216;R0228;R0240;R0244;R0250;R0254,63,False,False,False,r/recycling_plant/outdoor/sun_aegdytxnssyzopml.jpg,r,recycling_plant/outdoor,outdoor,sun_aegdytxnssyzopml.jpg,test_seen_loc,10622,True,102
SUN,42,closed_world_seen_test,598,10639,531,recycling plant outdoor,187,cottage garden,-1,,exact,True,True,R0047;R0227,2,False,False,False,r/recycling_plant/outdoor/sun_avnumqxrensqhjzm.jpg,r,recycling_plant/outdoor,outdoor,sun_avnumqxrensqhjzm.jpg,test_seen_loc,10639,True,102
SUN,42,closed_world_seen_test,599,10628,531,recycling plant outdoor,52,ball pit,-1,,exact,True,True,R0206;R0222;R0274;R0277;R0330;R0356;R0357;R0367;R0385;R0414,50,False,False,False,r/recycling_plant/outdoor/sun_akwjtdgxsbleqsaz.jpg,r,recycling_plant/outdoor,outdoor,sun_akwjtdgxsbleqsaz.jpg,test_seen_loc,10628,True,102
SUN,42,closed_world_seen_test,600,8769,438,newsroom,438,newsroom,-1,,exact,True,True,R0300;R0302;R0303;R0304;R0308;R0317;R0318;R0319;R0320;R0322,75,False,False,False,n/newsroom/sun_bfzgyvxsirrfwfxx.jpg,n,newsroom,newsroom,sun_bfzgyvxsirrfwfxx.jpg,test_seen_loc,8769,True,102
SUN,42,closed_world_seen_test,601,8768,438,newsroom,121,call center,-1,,exact,True,True,R0196;R0225;R0297;R0302;R0303;R0304;R0308;R0311;R0314;R0315,235,False,False,False,n/newsroom/sun_bfqgxdsdzyegllve.jpg,n,newsroom,newsroom,sun_bfqgxdsdzyegllve.jpg,test_seen_loc,8768,True,102
SUN,42,closed_world_seen_test,602,8771,438,newsroom,163,classroom,-1,,exact,True,True,R0277;R0297;R0302;R0303;R0304;R0308;R0311;R0314;R0315;R0317,240,False,False,False,n/newsroom/sun_bgzvmlwcxsgdjjpv.jpg,n,newsroom,newsroom,sun_bgzvmlwcxsgdjjpv.jpg,test_seen_loc,8771,True,102
SUN,42,closed_world_seen_test,603,8765,438,newsroom,438,newsroom,-1,,exact,True,True,R0304;R0308;R0320;R0322;R0324;R0333;R0334;R0341;R0348;R0353,35,False,False,False,n/newsroom/sun_bbrzwyeabyeehgwa.jpg,n,newsroom,newsroom,sun_bbrzwyeabyeehgwa.jpg,test_seen_loc,8765,True,102
SUN,42,closed_world_seen_test,604,660,33,assembly line,87,bindery,-1,,exact,True,True,R0093;R0130;R0197;R0224;R0225;R0246;R0269;R0274;R0297;R0301,113,False,False,False,a/assembly_line/sun_aasefujmglpeopcc.jpg,a,assembly_line,assembly_line,sun_aasefujmglpeopcc.jpg,test_seen_loc,660,True,102
SUN,42,closed_world_seen_test,605,673,33,assembly line,633,thriftshop,-1,,exact,True,True,R0120;R0206;R0274;R0297;R0300;R0306;R0322;R0323;R0325;R0329,144,False,False,False,a/assembly_line/sun_aobpvuwcktnxgmfr.jpg,a,assembly_line,assembly_line,sun_aobpvuwcktnxgmfr.jpg,test_seen_loc,673,True,102
SUN,42,closed_world_seen_test,606,663,33,assembly line,269,florist shop indoor,-1,,exact,True,True,R0256;R0297;R0300;R0302;R0303;R0306;R0311;R0314;R0315;R0317,182,False,False,False,a/assembly_line/sun_aclpgogaxptozoxn.jpg,a,assembly_line,assembly_line,sun_aclpgogaxptozoxn.jpg,test_seen_loc,663,True,102
SUN,42,closed_world_seen_test,607,670,33,assembly line,593,stadium soccer,-1,,exact,True,True,R0020;R0021;R0026;R0030;R0036;R0041;R0042;R0044;R0045;R0048,58,False,False,False,a/assembly_line/sun_amedtqzgbyoxbbhp.jpg,a,assembly_line,assembly_line,sun_amedtqzgbyoxbbhp.jpg,test_seen_loc,670,True,102
SUN,42,closed_world_seen_test,608,5366,268,flood,519,raft,-1,,exact,True,True,R0253;R0262;R0286,3,False,False,False,f/flood/sun_bhkijcscrgabwrdf.jpg,f,flood,flood,sun_bhkijcscrgabwrdf.jpg,test_seen_loc,5366,True,102
SUN,42,closed_world_seen_test,609,5365,268,flood,519,raft,-1,,exact,True,True,R0022;R0054;R0055;R0060;R0062;R0072;R0081;R0088;R0090;R0096,55,False,False,False,f/flood/sun_bcqijimgiwzyyxeu.jpg,f,flood,flood,sun_bcqijimgiwzyyxeu.jpg,test_seen_loc,5365,True,102
SUN,42,closed_world_seen_test,610,5364,268,flood,402,manufactured home,-1,,exact,True,True,R0113;R0139;R0149;R0228;R0240;R0255;R0265;R0272;R0291;R0309,20,False,False,False,f/flood/sun_bckiteoxogyezdtl.jpg,f,flood,flood,sun_bckiteoxogyezdtl.jpg,test_seen_loc,5364,True,102
SUN,42,closed_world_seen_test,611,5368,268,flood,362,junkyard,-1,,exact,True,True,R0109;R0142;R0149;R0153;R0159;R0165;R0166;R0172;R0174;R0175,41,False,False,False,f/flood/sun_bjdpbzpuyfbquayy.jpg,f,flood,flood,sun_bjdpbzpuyfbquayy.jpg,test_seen_loc,5368,True,102
SUN,42,closed_world_seen_test,612,4703,235,elevator door,575,shower,-1,,exact,True,True,R0225;R0252;R0256;R0277;R0297;R0302;R0303;R0304;R0305;R0308,218,False,False,False,e/elevator/door/sun_aebnzscpgoyfbpde.jpg,e,elevator/door,door,sun_aebnzscpgoyfbpde.jpg,test_seen_loc,4703,True,102
SUN,42,closed_world_seen_test,613,4713,235,elevator door,480,phone booth,-1,,exact,True,True,R0120;R0184;R0191;R0206;R0213;R0274;R0277;R0357;R0367;R0385,40,False,False,False,e/elevator/door/sun_aopyxsahoqlbzqod.jpg,e,elevator/door,door,sun_aopyxsahoqlbzqod.jpg,test_seen_loc,4713,True,102
SUN,42,closed_world_seen_test,614,4708,235,elevator door,575,shower,-1,,exact,True,True,R0303;R0318;R0320;R0322;R0331;R0339;R0341;R0357;R0359;R0360,34,False,False,False,e/elevator/door/sun_aiimgydrhbkpivnz.jpg,e,elevator/door,door,sun_aiimgydrhbkpivnz.jpg,test_seen_loc,4708,True,102
SUN,42,closed_world_seen_test,615,4719,235,elevator door,540,revolving door,-1,,exact,True,True,R0196;R0225;R0256;R0297;R0302;R0303;R0304;R0308;R0311;R0314,214,False,False,False,e/elevator/door/sun_aungxakojlstxfiq.jpg,e,elevator/door,door,sun_aungxakojlstxfiq.jpg,test_seen_loc,4719,True,102
SUN,42,closed_world_seen_test,616,709,35,atrium home,424,mosque outdoor,-1,,exact,True,True,R0043;R0093;R0130;R0146;R0173;R0184;R0191;R0197;R0198;R0213,121,False,False,False,a/atrium/home/sun_arfuxupgfdefdfnu.jpg,a,atrium/home,home,sun_arfuxupgfdefdfnu.jpg,test_seen_loc,709,True,102
SUN,42,closed_world_seen_test,617,706,35,atrium home,192,crawl space,-1,,exact,True,True,R0277;R0297;R0303;R0308;R0311;R0314;R0315;R0318;R0320;R0322,183,False,False,False,a/atrium/home/sun_aiubyezrzuswrtrz.jpg,a,atrium/home,home,sun_aiubyezrzuswrtrz.jpg,test_seen_loc,706,True,102
SUN,42,closed_world_seen_test,618,719,35,atrium home,269,florist shop indoor,-1,,exact,True,True,R0093;R0130;R0197;R0252;R0300;R0305;R0312;R0320;R0325;R0329,82,False,False,False,a/atrium/home/sun_byxfzgqnmgberswh.jpg,a,atrium/home,home,sun_byxfzgqnmgberswh.jpg,test_seen_loc,719,True,102
SUN,42,closed_world_seen_test,619,705,35,atrium home,373,labyrinth indoor,-1,,exact,True,True,R0269;R0310;R0354;R0358;R0406;R0471;R0476;R0479;R0480;R0483,26,False,False,False,a/atrium/home/sun_aiaricblogmshcco.jpg,a,atrium/home,home,sun_aiaricblogmshcco.jpg,test_seen_loc,705,True,102
SUN,42,closed_world_seen_test,620,9082,454,oilrig,454,oilrig,13,amusement park,exact,False,False,R0127,1,True,False,False,o/oilrig/sun_adncheinxgmgmifw.jpg,o,oilrig,oilrig,sun_adncheinxgmgmifw.jpg,test_seen_loc,9082,True,102
SUN,42,closed_world_seen_test,621,9088,454,oilrig,454,oilrig,-1,,exact,True,True,R0027;R0083;R0086;R0160;R0161;R0170;R0187;R0188;R0190;R0217,23,False,False,False,o/oilrig/sun_akwkyawvrfresefz.jpg,o,oilrig,oilrig,sun_akwkyawvrfresefz.jpg,test_seen_loc,9088,True,102
SUN,42,closed_world_seen_test,622,9083,454,oilrig,454,oilrig,-1,,exact,True,True,R0014;R0019;R0060;R0064;R0081;R0096;R0097;R0098;R0099;R0100,16,False,False,False,o/oilrig/sun_aebixnklcvbqsxfr.jpg,o,oilrig,oilrig,sun_aebixnklcvbqsxfr.jpg,test_seen_loc,9083,True,102
SUN,42,closed_world_seen_test,623,9085,454,oilrig,454,oilrig,-1,,exact,True,True,R0017;R0060;R0110;R0173;R0191;R0233;R0262;R0282;R0286;R0305,27,False,False,False,o/oilrig/sun_ahzogdkbytlrtegj.jpg,o,oilrig,oilrig,sun_ahzogdkbytlrtegj.jpg,test_seen_loc,9085,True,102
SUN,42,closed_world_seen_test,624,2435,121,call center,121,call center,-1,,exact,True,True,R0277;R0297;R0302;R0303;R0314;R0317;R0319;R0325;R0329;R0330,132,False,False,False,c/call_center/sun_amkiquvdcnjlnros.jpg,c,call_center,call_center,sun_amkiquvdcnjlnros.jpg,test_seen_loc,2435,True,102
SUN,42,closed_world_seen_test,625,2423,121,call center,121,call center,-1,,exact,True,True,R0252;R0300;R0304;R0305;R0308;R0311;R0312;R0315;R0320;R0324,111,False,False,False,c/call_center/sun_abrvgokgbvlfakyv.jpg,c,call_center,call_center,sun_abrvgokgbvlfakyv.jpg,test_seen_loc,2423,True,102
SUN,42,closed_world_seen_test,626,2439,121,call center,88,biology laboratory,-1,,exact,True,True,R0297;R0300;R0302;R0303;R0304;R0306;R0308;R0311;R0314;R0315,241,False,False,False,c/call_center/sun_aqbisbgfzfuoorbb.jpg,c,call_center,call_center,sun_aqbisbgfzfuoorbb.jpg,test_seen_loc,2439,True,102
SUN,42,closed_world_seen_test,627,2437,121,call center,121,call center,-1,,exact,True,True,R0256;R0302;R0303;R0304;R0306;R0308;R0311;R0315;R0317;R0318,158,False,False,False,c/call_center/sun_ansgxbynkndbvmsw.jpg,c,call_center,call_center,sun_ansgxbynkndbvmsw.jpg,test_seen_loc,2437,True,102
SUN,42,closed_world_seen_test,628,4883,244,estuary,373,labyrinth indoor,-1,,exact,True,True,R0054;R0055;R0060;R0062;R0064;R0072;R0081;R0083;R0086;R0088,58,False,False,False,e/estuary/sun_apkpgmhfajbpjphr.jpg,e,estuary,estuary,sun_apkpgmhfajbpjphr.jpg,test_seen_loc,4883,True,102
SUN,42,closed_world_seen_test,629,4885,244,estuary,73,bayou,-1,,exact,True,True,R0054;R0055;R0060;R0062;R0064;R0072;R0081;R0083;R0086;R0088,56,False,False,False,e/estuary/sun_bbdxswihrpikrpzd.jpg,e,estuary,estuary,sun_bbdxswihrpikrpzd.jpg,test_seen_loc,4885,True,102
SUN,42,closed_world_seen_test,630,4899,244,estuary,255,field road,-1,,exact,True,True,R0060;R0062;R0064;R0081;R0083;R0086;R0088;R0090;R0096;R0097,36,False,False,False,e/estuary/sun_bsnhetuyqcediiik.jpg,e,estuary,estuary,sun_bsnhetuyqcediiik.jpg,test_seen_loc,4899,True,102
SUN,42,closed_world_seen_test,631,4891,244,estuary,454,oilrig,-1,,exact,True,True,R0060;R0064;R0072;R0081;R0083;R0086;R0096;R0097;R0098;R0099,37,False,False,False,e/estuary/sun_bgsdtbrjdzjbuuso.jpg,e,estuary,estuary,sun_bgsdtbrjdzjbuuso.jpg,test_seen_loc,4891,True,102
SUN,42,closed_world_seen_test,632,10236,511,pulpit,634,throne room,-1,,exact,True,True,R0314;R0335;R0340;R0350;R0351;R0352;R0361;R0362;R0363;R0368,85,False,False,False,p/pulpit/sun_bpykgaxupahdobsf.jpg,p,pulpit,pulpit,sun_bpykgaxupahdobsf.jpg,test_seen_loc,10236,True,102
SUN,42,closed_world_seen_test,633,10235,511,pulpit,177,confessional,-1,,exact,True,True,R0033;R0120;R0206;R0222;R0274;R0357;R0366;R0367;R0385;R0406,33,False,False,False,p/pulpit/sun_bnvubfnrxeegjyff.jpg,p,pulpit,pulpit,sun_bnvubfnrxeegjyff.jpg,test_seen_loc,10235,True,102
SUN,42,closed_world_seen_test,634,10226,511,pulpit,511,pulpit,-1,,exact,True,True,R0120;R0206;R0222;R0305;R0312;R0460;R0461;R0462;R0475;R0486,21,False,False,False,p/pulpit/sun_baraqzhbyaugbkvx.jpg,p,pulpit,pulpit,sun_baraqzhbyaugbkvx.jpg,test_seen_loc,10226,True,102
SUN,42,closed_world_seen_test,635,10227,511,pulpit,464,pagoda,664,underwater pool,exact,False,False,R0001;R0120;R0206;R0212;R0222;R0265;R0460;R0461;R0462;R0475,22,True,False,False,p/pulpit/sun_bcswikwtnbqhnhmc.jpg,p,pulpit,pulpit,sun_bcswikwtnbqhnhmc.jpg,test_seen_loc,10227,True,102
SUN,42,closed_world_seen_test,636,9054,452,office cubicles,666,utility room,-1,,exact,True,True,R0256;R0297;R0300;R0303;R0305;R0306;R0312;R0314;R0315;R0318,133,False,False,False,o/office_cubicles/sun_atnfikxdghexwhhv.jpg,o,office_cubicles,office_cubicles,sun_atnfikxdghexwhhv.jpg,test_seen_loc,9054,True,102
SUN,42,closed_world_seen_test,637,9041,452,office cubicles,452,office cubicles,-1,,exact,True,True,R0252;R0256;R0297;R0300;R0302;R0303;R0305;R0306;R0312;R0314,168,False,False,False,o/office_cubicles/sun_adzubmssplrklodt.jpg,o,office_cubicles,office_cubicles,sun_adzubmssplrklodt.jpg,test_seen_loc,9041,True,102
SUN,42,closed_world_seen_test,638,9057,452,office cubicles,391,liquor store indoor,-1,,exact,True,True,R0206;R0256;R0274;R0277;R0297;R0322;R0336;R0337;R0338;R0339,98,False,False,False,o/office_cubicles/sun_axnaxzpaonuytoiz.jpg,o,office_cubicles,office_cubicles,sun_axnaxzpaonuytoiz.jpg,test_seen_loc,9057,True,102
SUN,42,closed_world_seen_test,639,9052,452,office cubicles,452,office cubicles,-1,,exact,True,True,R0252;R0297;R0300;R0302;R0303;R0304;R0305;R0306;R0308;R0311,248,False,False,False,o/office_cubicles/sun_appjcwvwlrnurtlo.jpg,o,office_cubicles,office_cubicles,sun_appjcwvwlrnurtlo.jpg,test_seen_loc,9052,True,102
SUN,42,closed_world_seen_test,640,2987,149,checkout counter,479,pharmacy,-1,,exact,True,True,R0252;R0297;R0300;R0302;R0303;R0304;R0305;R0306;R0308;R0311,248,False,False,False,c/checkout_counter/sun_aklpumfnmbroqkbc.jpg,c,checkout_counter,checkout_counter,sun_aklpumfnmbroqkbc.jpg,test_seen_loc,2987,True,102
SUN,42,closed_world_seen_test,641,2994,149,checkout counter,391,liquor store indoor,-1,,exact,True,True,R0252;R0256;R0277;R0297;R0302;R0303;R0304;R0305;R0308;R0311,222,False,False,False,c/checkout_counter/sun_auwfkswrpuoxtfnt.jpg,c,checkout_counter,checkout_counter,sun_auwfkswrpuoxtfnt.jpg,test_seen_loc,2994,True,102
SUN,42,closed_world_seen_test,642,2988,149,checkout counter,391,liquor store indoor,-1,,exact,True,True,R0302;R0303;R0304;R0308;R0311;R0315;R0317;R0318;R0319;R0320,171,False,False,False,c/checkout_counter/sun_alpcemblikyowlje.jpg,c,checkout_counter,checkout_counter,sun_alpcemblikyowlje.jpg,test_seen_loc,2988,True,102
SUN,42,closed_world_seen_test,643,2982,149,checkout counter,496,podium indoor,-1,,exact,True,True,R0303;R0308;R0318;R0320;R0322;R0324;R0331;R0339;R0341;R0357,54,False,False,False,c/checkout_counter/sun_aeaxftegbfsvscoy.jpg,c,checkout_counter,checkout_counter,sun_aeaxftegbfsvscoy.jpg,test_seen_loc,2982,True,102
SUN,42,closed_world_seen_test,644,13366,668,van interior,668,van interior,-1,,exact,True,True,R0305;R0312;R0314;R0335;R0340;R0350;R0351;R0352;R0361;R0362,87,False,False,False,v/van_interior/sun_aksncgtdnzjsvacs.jpg,v,van_interior,van_interior,sun_aksncgtdnzjsvacs.jpg,test_seen_loc,13366,True,102
SUN,42,closed_world_seen_test,645,13379,668,van interior,668,van interior,-1,,exact,True,True,R0032;R0162;R0265;R0292;R0342;R0358;R0360;R0406;R0418;R0480,10,False,False,False,v/van_interior/sun_bmtjlencvwkudhvr.jpg,v,van_interior,van_interior,sun_bmtjlencvwkudhvr.jpg,test_seen_loc,13379,True,102
SUN,42,closed_world_seen_test,646,13372,668,van interior,129,car interior backseat,-1,,exact,True,True,R0256;R0300;R0314;R0317;R0320;R0325;R0329;R0330;R0333;R0334,120,False,False,False,v/van_interior/sun_arsdzxcisfizpmfl.jpg,v,van_interior,van_interior,sun_arsdzxcisfizpmfl.jpg,test_seen_loc,13372,True,102
SUN,42,closed_world_seen_test,647,13371,668,van interior,4,airplane cabin,-1,,exact,True,True,R0277;R0297;R0302;R0303;R0304;R0308;R0311;R0314;R0315;R0317,240,False,False,False,v/van_interior/sun_apsfqvztuoyniagf.jpg,v,van_interior,van_interior,sun_apsfqvztuoyniagf.jpg,test_seen_loc,13371,True,102
SUN,42,closed_world_seen_test,648,11637,581,ski slope,346,igloo,-1,,exact,True,True,R0078;R0085;R0094;R0103;R0104;R0105;R0106;R0107;R0114;R0115,44,False,False,False,s/ski_slope/sun_beutvcwrkkuunmbl.jpg,s,ski_slope,ski_slope,sun_beutvcwrkkuunmbl.jpg,test_seen_loc,11637,True,102
SUN,42,closed_world_seen_test,649,11631,581,ski slope,346,igloo,-1,,exact,True,True,R0027;R0078;R0113;R0119;R0121;R0137;R0152;R0156;R0157;R0160,35,False,False,False,s/ski_slope/sun_aslwhkxmvujdtbbm.jpg,s,ski_slope,ski_slope,sun_aslwhkxmvujdtbbm.jpg,test_seen_loc,11631,True,102
SUN,42,closed_world_seen_test,650,11627,581,ski slope,346,igloo,-1,,exact,True,True,R0038;R0057;R0125;R0135;R0139;R0183;R0217;R0226;R0255;R0258,17,False,False,False,s/ski_slope/sun_aofcflntddddwkyt.jpg,s,ski_slope,ski_slope,sun_aofcflntddddwkyt.jpg,test_seen_loc,11627,True,102
SUN,42,closed_world_seen_test,651,11630,581,ski slope,581,ski slope,-1,,exact,True,True,R0047;R0227,2,False,False,False,s/ski_slope/sun_arphjpvstxjxonhq.jpg,s,ski_slope,ski_slope,sun_arphjpvstxjxonhq.jpg,test_seen_loc,11630,True,102
SUN,42,closed_world_seen_test,652,355,17,apse outdoor,66,basilica,-1,,exact,True,True,R0052;R0146;R0233;R0239;R0262;R0299;R0366;R0371;R0386;R0395,17,False,False,False,a/apse/outdoor/sun_apydqeyjniyublyc.jpg,a,apse/outdoor,outdoor,sun_apydqeyjniyublyc.jpg,test_seen_loc,355,True,102
SUN,42,closed_world_seen_test,653,346,17,apse outdoor,142,cathedral outdoor,-1,,exact,True,True,R0053;R0108;R0117;R0158;R0162;R0164;R0169;R0171;R0177;R0183,105,False,False,False,a/apse/outdoor/sun_ahfjlpmvjrdebcbi.jpg,a,apse/outdoor,outdoor,sun_ahfjlpmvjrdebcbi.jpg,test_seen_loc,346,True,102
SUN,42,closed_world_seen_test,654,351,17,apse outdoor,16,apse indoor,-1,,exact,True,True,R0148;R0203;R0239;R0241;R0244;R0261;R0262;R0285;R0286;R0306,30,False,False,False,a/apse/outdoor/sun_alidgimlkcihmqqr.jpg,a,apse/outdoor,outdoor,sun_alidgimlkcihmqqr.jpg,test_seen_loc,351,True,102
SUN,42,closed_world_seen_test,655,353,17,apse outdoor,17,apse outdoor,-1,,exact,True,True,R0043;R0177;R0192;R0203;R0224;R0237;R0238;R0239;R0242;R0244,70,False,False,False,a/apse/outdoor/sun_amdzcxjivuqkwbva.jpg,a,apse/outdoor,outdoor,sun_amdzcxjivuqkwbva.jpg,test_seen_loc,353,True,102
SUN,42,closed_world_seen_test,656,8455,422,morgue,485,pig farm,-1,,exact,True,True,R0252;R0297;R0300;R0302;R0303;R0304;R0305;R0306;R0308;R0311,248,False,False,False,m/morgue/sun_bmbqkebgeqcecujw.jpg,m,morgue,morgue,sun_bmbqkebgeqcecujw.jpg,test_seen_loc,8455,True,102
SUN,42,closed_world_seen_test,657,8458,422,morgue,567,server room,-1,,exact,True,True,R0252;R0277;R0297;R0302;R0303;R0304;R0305;R0308;R0311;R0314,243,False,False,False,m/morgue/sun_bryohuhvwlnsviss.jpg,m,morgue,morgue,sun_bryohuhvwlnsviss.jpg,test_seen_loc,8458,True,102
SUN,42,closed_world_seen_test,658,8450,422,morgue,703,window seat,-1,,exact,True,True,R0222;R0274;R0300;R0305;R0312;R0358;R0423;R0466;R0467;R0480,14,False,False,False,m/morgue/sun_awzsgmbnaylwbcvc.jpg,m,morgue,morgue,sun_awzsgmbnaylwbcvc.jpg,test_seen_loc,8450,True,102
SUN,42,closed_world_seen_test,659,8442,422,morgue,411,military hospital,-1,,exact,True,True,R0256;R0302;R0303;R0304;R0308;R0311;R0315;R0317;R0318;R0319,159,False,False,False,m/morgue/sun_aienftzpglrjgxcp.jpg,m,morgue,morgue,sun_aienftzpglrjgxcp.jpg,test_seen_loc,8442,True,102
SUN,42,closed_world_seen_test,660,6873,343,ice skating rink indoor,26,arena performance,-1,,exact,True,True,R0030;R0039;R0040;R0059;R0061;R0092;R0112;R0134;R0144;R0145,223,False,False,False,i/ice_skating_rink/indoor/sun_araqdmvdflrtcxzr.jpg,i,ice_skating_rink/indoor,indoor,sun_araqdmvdflrtcxzr.jpg,test_seen_loc,6873,True,102
SUN,42,closed_world_seen_test,661,6868,343,ice skating rink indoor,343,ice skating rink indoor,-1,,exact,True,True,R0196;R0206;R0222;R0225;R0274;R0330;R0344;R0356;R0357;R0367,85,False,False,False,i/ice_skating_rink/indoor/sun_akmjlbhvucwcomtf.jpg,i,ice_skating_rink/indoor,indoor,sun_akmjlbhvucwcomtf.jpg,test_seen_loc,6868,True,102
SUN,42,closed_world_seen_test,662,6877,343,ice skating rink indoor,613,swimming pool indoor,-1,,exact,True,True,R0140;R0154;R0206;R0222;R0460;R0461;R0462;R0486;R0502;R0503,12,False,False,False,i/ice_skating_rink/indoor/sun_aspgdwmoncjjqgeh.jpg,i,ice_skating_rink/indoor,indoor,sun_aspgdwmoncjjqgeh.jpg,test_seen_loc,6877,True,102
SUN,42,closed_world_seen_test,663,6872,343,ice skating rink indoor,575,shower,-1,,exact,True,True,R0196;R0222;R0344;R0371;R0386;R0395;R0414;R0417;R0423;R0451,33,False,False,False,i/ice_skating_rink/indoor/sun_aqkezsrtwgabdlrx.jpg,i,ice_skating_rink/indoor,indoor,sun_aqkezsrtwgabdlrx.jpg,test_seen_loc,6872,True,102
SUN,42,closed_world_seen_test,664,3117,155,chicken farm indoor,155,chicken farm indoor,-1,,exact,True,True,R0092;R0112;R0146;R0173;R0184;R0191;R0198;R0213;R0233;R0259,75,False,False,False,c/chicken_farm/indoor/sun_asyucicsfhstiyfw.jpg,c,chicken_farm/indoor,indoor,sun_asyucicsfhstiyfw.jpg,test_seen_loc,3117,True,102
SUN,42,closed_world_seen_test,665,3107,155,chicken farm indoor,156,chicken farm outdoor,-1,,exact,True,True,R0184;R0191;R0206;R0213;R0274;R0277;R0336;R0337;R0357;R0367,77,False,False,False,c/chicken_farm/indoor/sun_aesrueindufzuqep.jpg,c,chicken_farm/indoor,indoor,sun_aesrueindufzuqep.jpg,test_seen_loc,3107,True,102
SUN,42,closed_world_seen_test,666,3105,155,chicken farm indoor,155,chicken farm indoor,-1,,exact,True,True,R0092;R0112;R0134;R0144;R0145;R0196;R0200;R0206;R0222;R0225,87,False,False,False,c/chicken_farm/indoor/sun_actbkkqrmwlpqeko.jpg,c,chicken_farm/indoor,indoor,sun_actbkkqrmwlpqeko.jpg,test_seen_loc,3105,True,102
SUN,42,closed_world_seen_test,667,3106,155,chicken farm indoor,459,ossuary,-1,,exact,True,True,R0092;R0200;R0271;R0283;R0292;R0307;R0357;R0437;R0479;R0483,26,False,False,False,c/chicken_farm/indoor/sun_adqukgekgxjtqqau.jpg,c,chicken_farm/indoor,indoor,sun_adqukgekgxjtqqau.jpg,test_seen_loc,3106,True,102
SUN,42,closed_world_seen_test,668,10363,518,raceway,518,raceway,-1,,exact,True,True,R0078;R0157;R0160;R0161;R0170;R0187;R0188;R0190;R0217;R0226,15,False,False,False,r/raceway/sun_adrdkggklgkmezks.jpg,r,raceway,raceway,sun_adrdkggklgkmezks.jpg,test_seen_loc,10363,True,102
SUN,42,closed_world_seen_test,669,10365,518,raceway,518,raceway,-1,,exact,True,True,R0015;R0024;R0079;R0082;R0095;R0109;R0123;R0129;R0138;R0141,20,False,False,False,r/raceway/sun_afphcvfaprasikrl.jpg,r,raceway,raceway,sun_afphcvfaprasikrl.jpg,test_seen_loc,10365,True,102
SUN,42,closed_world_seen_test,670,10371,518,raceway,518,raceway,-1,,exact,True,True,R0117;R0135;R0228;R0247;R0260;R0263;R0266;R0269;R0270;R0271,38,False,False,False,r/raceway/sun_aiqqfpwsvwvwmift.jpg,r,raceway,raceway,sun_aiqqfpwsvwvwmift.jpg,test_seen_loc,10371,True,102
SUN,42,closed_world_seen_test,671,10377,518,raceway,518,raceway,-1,,exact,True,True,R0135;R0225;R0260;R0266;R0270;R0273;R0275;R0280;R0292;R0293,16,False,False,False,r/raceway/sun_aqbtljvzvjhaqlgt.jpg,r,raceway,raceway,sun_aqbtljvzvjhaqlgt.jpg,test_seen_loc,10377,True,102
SUN,42,closed_world_seen_test,672,8300,415,mini golf course outdoor,415,mini golf course outdoor,586,soccer field,exact,False,False,R0012;R0095;R0109;R0118;R0123;R0139;R0159;R0251;R0263,9,True,False,False,m/mini_golf_course/outdoor/sun_bdlmismgqkbgmaje.jpg,m,mini_golf_course/outdoor,outdoor,sun_bdlmismgqkbgmaje.jpg,test_seen_loc,8300,True,102
SUN,42,closed_world_seen_test,673,8301,415,mini golf course outdoor,415,mini golf course outdoor,-1,,exact,True,True,R0021;R0036;R0037;R0045;R0048;R0049;R0154;R0158;R0166;R0169,23,False,False,False,m/mini_golf_course/outdoor/sun_belnjcjwbddbchus.jpg,m,mini_golf_course/outdoor,outdoor,sun_belnjcjwbddbchus.jpg,test_seen_loc,8301,True,102
SUN,42,closed_world_seen_test,674,8316,415,mini golf course outdoor,19,aquatic theater,586,soccer field,exact,False,False,R0012;R0037;R0044;R0048;R0049;R0056;R0108;R0123;R0142;R0147,21,True,False,False,m/mini_golf_course/outdoor/sun_btxlsfdosckeevdz.jpg,m,mini_golf_course/outdoor,outdoor,sun_btxlsfdosckeevdz.jpg,test_seen_loc,8316,True,102
SUN,42,closed_world_seen_test,675,8304,415,mini golf course outdoor,19,aquatic theater,577,skatepark,fallback,False,False,,0,True,False,False,m/mini_golf_course/outdoor/sun_bjcompebwhlpilkw.jpg,m,mini_golf_course/outdoor,outdoor,sun_bjcompebwhlpilkw.jpg,test_seen_loc,8304,True,102
SUN,42,closed_world_seen_test,676,11516,575,shower,69,bathroom,-1,,exact,True,True,R0302;R0303;R0304;R0308;R0311;R0315;R0317;R0318;R0319;R0320,167,False,False,False,s/shower/sun_bjfbkseahibknawg.jpg,s,shower,shower,sun_bjfbkseahibknawg.jpg,test_seen_loc,11516,True,102
SUN,42,closed_world_seen_test,677,11511,575,shower,666,utility room,-1,,exact,True,True,R0252;R0277;R0297;R0302;R0303;R0304;R0305;R0308;R0311;R0314,243,False,False,False,s/shower/sun_bajlpspbjeucxzla.jpg,s,shower,shower,sun_bajlpspbjeucxzla.jpg,test_seen_loc,11511,True,102
SUN,42,closed_world_seen_test,678,11502,575,shower,575,shower,-1,,exact,True,True,R0304;R0315;R0325;R0329;R0334;R0340;R0344;R0347;R0350;R0353,75,False,False,False,s/shower/sun_aaueptrvafpquklh.jpg,s,shower,shower,sun_aaueptrvafpquklh.jpg,test_seen_loc,11502,True,102
SUN,42,closed_world_seen_test,679,11510,575,shower,575,shower,-1,,exact,True,True,R0252;R0277;R0297;R0302;R0303;R0304;R0305;R0308;R0311;R0314,239,False,False,False,s/shower/sun_axagkcctjrssmrst.jpg,s,shower,shower,sun_axagkcctjrssmrst.jpg,test_seen_loc,11510,True,102
SUN,42,closed_world_seen_test,680,12012,600,stone circle,600,stone circle,-1,,exact,True,True,R0024;R0113;R0160;R0161;R0163;R0165;R0167;R0168;R0170;R0171,46,False,False,False,s/stone_circle/sun_alauoqdceupxwjwt.jpg,s,stone_circle,stone_circle,sun_alauoqdceupxwjwt.jpg,test_seen_loc,12012,True,102
SUN,42,closed_world_seen_test,681,12011,600,stone circle,600,stone circle,-1,,exact,True,True,R0066;R0070;R0076;R0077;R0080;R0082;R0091;R0113;R0122;R0129,44,False,False,False,s/stone_circle/sun_ajipbobzpolvnanl.jpg,s,stone_circle,stone_circle,sun_ajipbobzpolvnanl.jpg,test_seen_loc,12011,True,102
SUN,42,closed_world_seen_test,682,12014,600,stone circle,600,stone circle,-1,,exact,True,True,R0071;R0087;R0091;R0109;R0136;R0138;R0142;R0153;R0159;R0171,44,False,False,False,s/stone_circle/sun_amvxrmygfpfhradx.jpg,s,stone_circle,stone_circle,sun_amvxrmygfpfhradx.jpg,test_seen_loc,12014,True,102
SUN,42,closed_world_seen_test,683,12008,600,stone circle,680,volcano,-1,,exact,True,True,R0034;R0066;R0070;R0076;R0077;R0080;R0082;R0085;R0091;R0094,90,False,False,False,s/stone_circle/sun_afprixwlaktdsguz.jpg,s,stone_circle,stone_circle,sun_afprixwlaktdsguz.jpg,test_seen_loc,12008,True,102
SUN,42,closed_world_seen_test,684,12120,606,subway station corridor,464,pagoda,-1,,exact,True,True,R0302;R0303;R0304;R0311;R0315;R0317;R0318;R0324;R0331;R0333,87,False,False,False,s/subway_station/corridor/sun_aaajovngmvuvcpmz.jpg,s,subway_station/corridor,corridor,sun_aaajovngmvuvcpmz.jpg,test_seen_loc,12120,True,102
SUN,42,closed_world_seen_test,685,12122,606,subway station corridor,606,subway station corridor,-1,,exact,True,True,R0303;R0318;R0324;R0331;R0341;R0359;R0360;R0370;R0372;R0375,27,False,False,False,s/subway_station/corridor/sun_aaykeypqzaniwkbn.jpg,s,subway_station/corridor,corridor,sun_aaykeypqzaniwkbn.jpg,test_seen_loc,12122,True,102
SUN,42,closed_world_seen_test,686,12133,606,subway station corridor,606,subway station corridor,-1,,exact,True,True,R0256;R0303;R0311;R0315;R0318;R0324;R0331;R0338;R0341;R0351,57,False,False,False,s/subway_station/corridor/sun_akufwndociuoplyb.jpg,s,subway_station/corridor,corridor,sun_akufwndociuoplyb.jpg,test_seen_loc,12133,True,102
SUN,42,closed_world_seen_test,687,12132,606,subway station corridor,606,subway station corridor,-1,,exact,True,True,R0020;R0021;R0030;R0036;R0042;R0044;R0045;R0048;R0051;R0061,76,False,False,False,s/subway_station/corridor/sun_ajzdxuliftficxdq.jpg,s,subway_station/corridor,corridor,sun_ajzdxuliftficxdq.jpg,test_seen_loc,12132,True,102
SUN,42,closed_world_seen_test,688,8091,404,market outdoor,404,market outdoor,-1,,exact,True,True,R0222;R0274;R0336;R0337;R0344;R0371;R0386;R0395;R0414;R0417,88,False,False,False,m/market/outdoor/sun_arxrdjbbziouxyio.jpg,m,market/outdoor,outdoor,sun_arxrdjbbziouxyio.jpg,test_seen_loc,8091,True,102
SUN,42,closed_world_seen_test,689,8090,404,market outdoor,269,florist shop indoor,-1,,exact,True,True,R0203;R0261;R0262;R0285;R0286;R0300;R0358;R0406;R0418;R0476,13,False,False,False,m/market/outdoor/sun_aqnrmuulglhwtzjl.jpg,m,market/outdoor,outdoor,sun_aqnrmuulglhwtzjl.jpg,test_seen_loc,8090,True,102
SUN,42,closed_world_seen_test,690,8087,404,market outdoor,52,ball pit,-1,,exact,True,True,R0222;R0274;R0305;R0306;R0336;R0337;R0386;R0417;R0437;R0451,68,False,False,False,m/market/outdoor/sun_amgwjawezdsjpifh.jpg,m,market/outdoor,outdoor,sun_amgwjawezdsjpifh.jpg,test_seen_loc,8087,True,102
SUN,42,closed_world_seen_test,691,8095,404,market outdoor,49,bakery shop,-1,,exact,True,True,R0093;R0130;R0197;R0222;R0224;R0246;R0269;R0274;R0301;R0305,99,False,False,False,m/market/outdoor/sun_ausueodiovizibek.jpg,m,market/outdoor,outdoor,sun_ausueodiovizibek.jpg,test_seen_loc,8095,True,102
SUN,42,closed_world_seen_test,692,13433,671,velodrome outdoor,550,roundabout,-1,,exact,True,True,R0028;R0079;R0108;R0135;R0136;R0138;R0141;R0142;R0143;R0153,55,False,False,False,v/velodrome/outdoor/sun_bgboaqahxqsqvndd.jpg,v,velodrome/outdoor,outdoor,sun_bgboaqahxqsqvndd.jpg,test_seen_loc,13433,True,102
SUN,42,closed_world_seen_test,693,13438,671,velodrome outdoor,373,labyrinth indoor,-1,,exact,True,True,R0074;R0170;R0187;R0188;R0229;R0316,6,False,False,False,v/velodrome/outdoor/sun_blevwpnojrjkugag.jpg,v,velodrome/outdoor,outdoor,sun_blevwpnojrjkugag.jpg,test_seen_loc,13438,True,102
SUN,42,closed_world_seen_test,694,13434,671,velodrome outdoor,354,jacuzzi outdoor,-1,,exact,True,True,R0021;R0036;R0045;R0078;R0157;R0170;R0187;R0188;R0226;R0229,10,False,False,False,v/velodrome/outdoor/sun_bgtknobciygkmkyg.jpg,v,velodrome/outdoor,outdoor,sun_bgtknobciygkmkyg.jpg,test_seen_loc,13434,True,102
SUN,42,closed_world_seen_test,695,13436,671,velodrome outdoor,671,velodrome outdoor,-1,,exact,True,True,R0028;R0057;R0124;R0125;R0135;R0139;R0158;R0169;R0196;R0197,32,False,False,False,v/velodrome/outdoor/sun_bhdqfvgbwnfpdgnb.jpg,v,velodrome/outdoor,outdoor,sun_bhdqfvgbwnfpdgnb.jpg,test_seen_loc,13436,True,102
SUN,42,closed_world_seen_test,696,9585,479,pharmacy,391,liquor store indoor,-1,,exact,True,True,R0297;R0300;R0302;R0303;R0304;R0306;R0308;R0311;R0314;R0315,241,False,False,False,p/pharmacy/sun_auxqudftswudjirh.jpg,p,pharmacy,pharmacy,sun_auxqudftswudjirh.jpg,test_seen_loc,9585,True,102
SUN,42,closed_world_seen_test,697,9593,479,pharmacy,479,pharmacy,-1,,exact,True,True,R0252;R0256;R0297;R0300;R0302;R0303;R0304;R0305;R0306;R0308,227,False,False,False,p/pharmacy/sun_bnedjrlvtmfehgcg.jpg,p,pharmacy,pharmacy,sun_bnedjrlvtmfehgcg.jpg,test_seen_loc,9593,True,102
SUN,42,closed_world_seen_test,698,9589,479,pharmacy,391,liquor store indoor,-1,,exact,True,True,R0302;R0303;R0317;R0318;R0331;R0333;R0341;R0348;R0359;R0360,26,False,False,False,p/pharmacy/sun_bggeejnnvifunlns.jpg,p,pharmacy,pharmacy,sun_bggeejnnvifunlns.jpg,test_seen_loc,9589,True,102
SUN,42,closed_world_seen_test,699,9582,479,pharmacy,391,liquor store indoor,-1,,exact,True,True,R0252;R0300;R0302;R0303;R0304;R0306;R0308;R0311;R0312;R0315,179,False,False,False,p/pharmacy/sun_ajoxrbxmqipyawyn.jpg,p,pharmacy,pharmacy,sun_ajoxrbxmqipyawyn.jpg,test_seen_loc,9582,True,102
SUN,42,closed_world_seen_test,700,10064,503,power plant indoor,241,engine room,-1,,exact,True,True,R0297;R0300;R0303;R0305;R0306;R0308;R0311;R0312;R0314;R0318,172,False,False,False,p/power_plant/indoor/sun_bdtxiikodzaybpif.jpg,p,power_plant/indoor,indoor,sun_bdtxiikodzaybpif.jpg,test_seen_loc,10064,True,102
SUN,42,closed_world_seen_test,701,10074,503,power plant indoor,49,bakery shop,-1,,exact,True,True,R0256;R0297;R0302;R0303;R0304;R0306;R0311;R0314;R0315;R0317,125,False,False,False,p/power_plant/indoor/sun_blkzsumexxsamljj.jpg,p,power_plant/indoor,indoor,sun_blkzsumexxsamljj.jpg,test_seen_loc,10074,True,102
SUN,42,closed_world_seen_test,702,10066,503,power plant indoor,546,rolling mill,-1,,exact,True,True,R0120;R0173;R0191;R0206;R0460;R0461;R0462;R0475;R0486;R0498,20,False,False,False,p/power_plant/indoor/sun_bgnjyxwnsvazqhnn.jpg,p,power_plant/indoor,indoor,sun_bgnjyxwnsvazqhnn.jpg,test_seen_loc,10066,True,102
SUN,42,closed_world_seen_test,703,10061,503,power plant indoor,464,pagoda,-1,,exact,True,True,R0206;R0222;R0330;R0356;R0414;R0423;R0454;R0456;R0458;R0459,31,False,False,False,p/power_plant/indoor/sun_awstvbtofpcujdpz.jpg,p,power_plant/indoor,indoor,sun_awstvbtofpcujdpz.jpg,test_seen_loc,10061,True,102
SUN,42,closed_world_seen_test,704,2540,127,canteen,132,cardroom,-1,,exact,True,True,R0277;R0297;R0302;R0303;R0304;R0308;R0311;R0314;R0315;R0317,240,False,False,False,c/canteen/sun_aapmhscnpfqopdpt.jpg,c,canteen,canteen,sun_aapmhscnpfqopdpt.jpg,test_seen_loc,2540,True,102
SUN,42,closed_world_seen_test,705,2554,127,canteen,406,martial arts gym,-1,,exact,True,True,R0277;R0297;R0302;R0303;R0304;R0308;R0311;R0314;R0315;R0317,240,False,False,False,c/canteen/sun_bvxtaljworlgtfgi.jpg,c,canteen,canteen,sun_bvxtaljworlgtfgi.jpg,test_seen_loc,2554,True,102
SUN,42,closed_world_seen_test,706,2552,127,canteen,400,manhole,-1,,exact,True,True,R0039;R0040;R0059;R0061;R0092;R0112;R0134;R0144;R0145;R0196,245,False,False,False,c/canteen/sun_buacrknnpbhjfbbw.jpg,c,canteen,canteen,sun_buacrknnpbhjfbbw.jpg,test_seen_loc,2552,True,102
SUN,42,closed_world_seen_test,707,2545,127,canteen,81,beer garden,-1,,exact,True,True,R0225;R0274;R0297;R0322;R0325;R0329;R0336;R0337;R0338;R0339,66,False,False,False,c/canteen/sun_bmwvklekqzqwdqfp.jpg,c,canteen,canteen,sun_bmwvklekqzqwdqfp.jpg,test_seen_loc,2545,True,102
SUN,42,closed_world_seen_test,708,4295,214,dining hall,205,departure lounge,-1,,exact,True,True,R0297;R0300;R0302;R0303;R0304;R0306;R0308;R0314;R0315;R0317,219,False,False,False,d/dining_hall/sun_btblagdqnibfyfos.jpg,d,dining_hall,dining_hall,sun_btblagdqnibfyfos.jpg,test_seen_loc,4295,True,102
SUN,42,closed_world_seen_test,709,4280,214,dining hall,383,lecture room,698,wet bar,exact,False,False,R0438,1,True,False,False,d/dining_hall/sun_aaabolhukpamyqxo.jpg,d,dining_hall,dining_hall,sun_aaabolhukpamyqxo.jpg,test_seen_loc,4280,True,102
SUN,42,closed_world_seen_test,710,4298,214,dining hall,214,dining hall,-1,,exact,True,True,R0059;R0144;R0145;R0277;R0314;R0317;R0325;R0329;R0330;R0334,125,False,False,False,d/dining_hall/sun_btzjxupcwnrxgiph.jpg,d,dining_hall,dining_hall,sun_btzjxupcwnrxgiph.jpg,test_seen_loc,4298,True,102
SUN,42,closed_world_seen_test,711,4282,214,dining hall,444,nursing home,-1,,exact,True,True,R0256;R0297;R0302;R0303;R0304;R0308;R0314;R0317;R0318;R0319,181,False,False,False,d/dining_hall/sun_axfggfugkjobxkri.jpg,d,dining_hall,dining_hall,sun_axfggfugkjobxkri.jpg,test_seen_loc,4282,True,102
SUN,42,closed_world_seen_test,712,4158,208,desert vegetation,232,earth fissure,-1,,exact,True,True,R0034;R0066;R0085;R0094;R0103;R0104;R0105;R0106;R0107;R0113,60,False,False,False,d/desert/vegetation/sun_avqynpfadfqfdyac.jpg,d,desert/vegetation,vegetation,sun_avqynpfadfqfdyac.jpg,test_seen_loc,4158,True,102
SUN,42,closed_world_seen_test,713,4145,208,desert vegetation,256,field wild,-1,,exact,True,True,R0058;R0066;R0078;R0085;R0094;R0103;R0104;R0105;R0106;R0107,61,False,False,False,d/desert/vegetation/sun_agwpnbjmldnxlaei.jpg,d,desert/vegetation,vegetation,sun_agwpnbjmldnxlaei.jpg,test_seen_loc,4145,True,102
SUN,42,closed_world_seen_test,714,4140,208,desert vegetation,600,stone circle,-1,,exact,True,True,R0034;R0066;R0094;R0103;R0104;R0105;R0106;R0107;R0114;R0115,56,False,False,False,d/desert/vegetation/sun_aapfaivxqoynnwwp.jpg,d,desert/vegetation,vegetation,sun_aapfaivxqoynnwwp.jpg,test_seen_loc,4140,True,102
SUN,42,closed_world_seen_test,715,4143,208,desert vegetation,410,mesa,-1,,exact,True,True,R0034;R0066;R0085;R0094;R0103;R0104;R0105;R0106;R0107;R0114,71,False,False,False,d/desert/vegetation/sun_adfyczgpbxsioynh.jpg,d,desert/vegetation,vegetation,sun_adfyczgpbxsioynh.jpg,test_seen_loc,4143,True,102
SUN,42,closed_world_seen_test,716,9244,462,overpass,553,runway,-1,,exact,True,True,R0084;R0127;R0140;R0173;R0184;R0191;R0212;R0213;R0233;R0236,33,False,False,False,o/overpass/sun_dfktrqociypbshtw.jpg,o,overpass,overpass,sun_dfktrqociypbshtw.jpg,test_seen_loc,9244,True,102
SUN,42,closed_world_seen_test,717,9246,462,overpass,491,planetarium outdoor,-1,,exact,True,True,R0075;R0084;R0124;R0143;R0154;R0166;R0212;R0223;R0232;R0250,24,False,False,False,o/overpass/sun_dhmnwdzsvrdrtsei.jpg,o,overpass,overpass,sun_dhmnwdzsvrdrtsei.jpg,test_seen_loc,9246,True,102
SUN,42,closed_world_seen_test,718,9241,462,overpass,206,desert road,-1,,exact,True,True,R0084;R0127;R0140;R0146;R0184;R0191;R0198;R0213;R0233;R0236,74,False,False,False,o/overpass/sun_dbnkrcdristmhqen.jpg,o,overpass,overpass,sun_dbnkrcdristmhqen.jpg,test_seen_loc,9241,True,102
SUN,42,closed_world_seen_test,719,9249,462,overpass,668,van interior,-1,,exact,True,True,R0084;R0089;R0124;R0148;R0166;R0203;R0223;R0232;R0241;R0262,17,False,False,False,o/overpass/sun_dknxpknxxwltczfe.jpg,o,overpass,overpass,sun_dknxpknxxwltczfe.jpg,test_seen_loc,9249,True,102
SUN,42,closed_world_seen_test,720,4514,225,drainage ditch,520,railroad track,-1,,exact,True,True,R0261;R0262;R0285;R0306;R0366;R0406;R0418;R0508;R0530;R0540,12,False,False,False,d/drainage_ditch/sun_bjllgrovlulpkvvu.jpg,d,drainage_ditch,drainage_ditch,sun_bjllgrovlulpkvvu.jpg,test_seen_loc,4514,True,102
SUN,42,closed_world_seen_test,721,4503,225,drainage ditch,92,boardwalk,-1,,exact,True,True,R0071;R0082;R0087;R0091;R0109;R0129;R0152;R0156;R0157;R0160,33,False,False,False,d/drainage_ditch/sun_aoupytsgulfvtkwo.jpg,d,drainage_ditch,drainage_ditch,sun_aoupytsgulfvtkwo.jpg,test_seen_loc,4503,True,102
SUN,42,closed_world_seen_test,722,4509,225,drainage ditch,520,railroad track,-1,,exact,True,True,R0053;R0108;R0117;R0158;R0162;R0164;R0169;R0177;R0194;R0202,102,False,False,False,d/drainage_ditch/sun_bcycktmnstysbynb.jpg,d,drainage_ditch,drainage_ditch,sun_bcycktmnstysbynb.jpg,test_seen_loc,4509,True,102
SUN,42,closed_world_seen_test,723,4506,225,drainage ditch,252,fence,-1,,exact,True,True,R0109;R0136;R0142;R0149;R0153;R0159;R0165;R0172;R0174;R0175,57,False,False,False,d/drainage_ditch/sun_asnhdifmjoctcdcm.jpg,d,drainage_ditch,drainage_ditch,sun_asnhdifmjoctcdcm.jpg,test_seen_loc,4506,True,102
SUN,42,closed_world_seen_test,724,10116,505,print shop,121,call center,-1,,exact,True,True,R0256;R0297;R0300;R0302;R0303;R0304;R0306;R0308;R0311;R0314,220,False,False,False,p/print_shop/sun_bgeepbszslnbvrbb.jpg,p,print_shop,print_shop,sun_bgeepbszslnbvrbb.jpg,test_seen_loc,10116,True,102
SUN,42,closed_world_seen_test,725,10112,505,print shop,354,jacuzzi outdoor,-1,,exact,True,True,R0031;R0222;R0277;R0330;R0353;R0356;R0387;R0408;R0409;R0414,42,False,False,False,p/print_shop/sun_asafwerlvowwdajg.jpg,p,print_shop,print_shop,sun_asafwerlvowwdajg.jpg,test_seen_loc,10112,True,102
SUN,42,closed_world_seen_test,726,10107,505,print shop,536,restaurant kitchen,-1,,exact,True,True,R0252;R0300;R0304;R0305;R0308;R0312;R0314;R0315;R0317;R0320,161,False,False,False,p/print_shop/sun_aoluztroaomlwqzc.jpg,p,print_shop,print_shop,sun_aoluztroaomlwqzc.jpg,test_seen_loc,10107,True,102
SUN,42,closed_world_seen_test,727,10102,505,print shop,88,biology laboratory,-1,,exact,True,True,R0196;R0225;R0252;R0297;R0302;R0303;R0304;R0305;R0308;R0311,238,False,False,False,p/print_shop/sun_ajkbuafrwpriparw.jpg,p,print_shop,print_shop,sun_ajkbuafrwpriparw.jpg,test_seen_loc,10102,True,102
SUN,42,closed_world_seen_test,728,3234,161,circus tent outdoor,161,circus tent outdoor,-1,,exact,True,True,R0127;R0227,2,False,False,False,c/circus_tent/outdoor/sun_arynqqgfdbzhcxie.jpg,c,circus_tent/outdoor,outdoor,sun_arynqqgfdbzhcxie.jpg,test_seen_loc,3234,True,102
SUN,42,closed_world_seen_test,729,3231,161,circus tent outdoor,627,tent outdoor,-1,,exact,True,True,R0018;R0117;R0135;R0171;R0183;R0202;R0217;R0247;R0258;R0260,43,False,False,False,c/circus_tent/outdoor/sun_apjttwzdvavbhosc.jpg,c,circus_tent/outdoor,outdoor,sun_apjttwzdvavbhosc.jpg,test_seen_loc,3231,True,102
SUN,42,closed_world_seen_test,730,3222,161,circus tent outdoor,161,circus tent outdoor,-1,,exact,True,True,R0127;R0154;R0227;R0236;R0239;R0494;R0506;R0526,8,False,False,False,c/circus_tent/outdoor/sun_agdhoeejzpbzmrnk.jpg,c,circus_tent/outdoor,outdoor,sun_agdhoeejzpbzmrnk.jpg,test_seen_loc,3222,True,102
SUN,42,closed_world_seen_test,731,3233,161,circus tent outdoor,161,circus tent outdoor,-1,,exact,True,True,R0108;R0117;R0158;R0164;R0169;R0171;R0183;R0194;R0202;R0216,68,False,False,False,c/circus_tent/outdoor/sun_aqxhnajlbatrxiwd.jpg,c,circus_tent/outdoor,outdoor,sun_aqxhnajlbatrxiwd.jpg,test_seen_loc,3233,True,102
SUN,42,closed_world_seen_test,732,11954,597,steel mill indoor,469,parking garage indoor,-1,,exact,True,True,R0277;R0297;R0302;R0303;R0304;R0308;R0311;R0314;R0315;R0317,240,False,False,False,s/steel_mill/indoor/sun_bioiloalrgelfkbl.jpg,s,steel_mill/indoor,indoor,sun_bioiloalrgelfkbl.jpg,test_seen_loc,11954,True,102
SUN,42,closed_world_seen_test,733,11952,597,steel mill indoor,280,foundry indoor,-1,,exact,True,True,R0031;R0222;R0252;R0277;R0305;R0330;R0353;R0356;R0387;R0408,46,False,False,False,s/steel_mill/indoor/sun_bhbpaqaikrzvwucv.jpg,s,steel_mill/indoor,indoor,sun_bhbpaqaikrzvwucv.jpg,test_seen_loc,11952,True,102
SUN,42,closed_world_seen_test,734,11950,597,steel mill indoor,571,shipyard outdoor,167,cloister outdoor,fallback,False,False,,0,True,False,False,s/steel_mill/indoor/sun_bcklffcwmayvnfqm.jpg,s,steel_mill/indoor,indoor,sun_bcklffcwmayvnfqm.jpg,test_seen_loc,11950,True,102
SUN,42,closed_world_seen_test,735,11940,597,steel mill indoor,361,junk pile,-1,,exact,True,True,R0093;R0120;R0130;R0197;R0222;R0246;R0274;R0300;R0344;R0346,53,False,False,False,s/steel_mill/indoor/sun_alwgnlayuvrrermf.jpg,s,steel_mill/indoor,indoor,sun_alwgnlayuvrrermf.jpg,test_seen_loc,11940,True,102
SUN,42,closed_world_seen_test,736,1110,55,bank indoor,354,jacuzzi outdoor,-1,,exact,True,True,R0196;R0256;R0304;R0311;R0314;R0315;R0317;R0324;R0325;R0330,87,False,False,False,b/bank/indoor/sun_aqptzwukwdvcxqlj.jpg,b,bank/indoor,indoor,sun_aqptzwukwdvcxqlj.jpg,test_seen_loc,1110,True,102
SUN,42,closed_world_seen_test,737,1119,55,bank indoor,452,office cubicles,-1,,exact,True,True,R0256;R0277;R0314;R0317;R0325;R0329;R0330;R0334;R0335;R0340,105,False,False,False,b/bank/indoor/sun_ayfkzkueitkqjjkj.jpg,b,bank/indoor,indoor,sun_ayfkzkueitkqjjkj.jpg,test_seen_loc,1119,True,102
SUN,42,closed_world_seen_test,738,1115,55,bank indoor,714,zen garden,-1,,exact,True,True,R0196;R0340;R0350;R0368;R0369;R0376;R0377;R0378;R0379;R0380,37,False,False,False,b/bank/indoor/sun_atfmixowukjidiqp.jpg,b,bank/indoor,indoor,sun_atfmixowukjidiqp.jpg,test_seen_loc,1115,True,102
SUN,42,closed_world_seen_test,739,1108,55,bank indoor,312,gymnasium indoor,-1,,exact,True,True,R0196;R0225;R0256;R0297;R0302;R0303;R0304;R0308;R0311;R0314,214,False,False,False,b/bank/indoor/sun_annolgpyqkyapyii.jpg,b,bank/indoor,indoor,sun_annolgpyqkyapyii.jpg,test_seen_loc,1108,True,102
SUN,42,closed_world_seen_test,740,2358,117,butte,410,mesa,-1,,exact,True,True,R0034;R0085;R0094;R0103;R0104;R0105;R0106;R0107;R0113;R0114,42,False,False,False,b/butte/sun_axnbedpfmiabzizk.jpg,b,butte,butte,sun_axnbedpfmiabzizk.jpg,test_seen_loc,2358,True,102
SUN,42,closed_world_seen_test,741,2349,117,butte,207,desert sand,-1,,exact,True,True,R0025;R0062;R0064;R0081;R0083;R0085;R0086;R0090;R0094;R0096,53,False,False,False,b/butte/sun_amcnqfxtkbmqngqo.jpg,b,butte,butte,sun_amcnqfxtkbmqngqo.jpg,test_seen_loc,2349,True,102
SUN,42,closed_world_seen_test,742,2348,117,butte,680,volcano,-1,,exact,True,True,R0034;R0078;R0085;R0094;R0103;R0104;R0105;R0106;R0107;R0113,50,False,False,False,b/butte/sun_ajedqzfuiwayrmol.jpg,b,butte,butte,sun_ajedqzfuiwayrmol.jpg,test_seen_loc,2348,True,102
SUN,42,closed_world_seen_test,743,2355,117,butte,207,desert sand,-1,,exact,True,True,R0034;R0066;R0085;R0094;R0103;R0104;R0105;R0106;R0107;R0114,60,False,False,False,b/butte/sun_atxcnpzrwebbnkfl.jpg,b,butte,butte,sun_atxcnpzrwebbnkfl.jpg,test_seen_loc,2355,True,102
SUN,42,closed_world_seen_test,744,7351,367,kindergarden classroom,52,ball pit,-1,,exact,True,True,R0196;R0225;R0256;R0297;R0302;R0303;R0304;R0308;R0311;R0314,214,False,False,False,k/kindergarden_classroom/sun_agmjfmpryrrofwtp.jpg,k,kindergarden_classroom,kindergarden_classroom,sun_agmjfmpryrrofwtp.jpg,test_seen_loc,7351,True,102
SUN,42,closed_world_seen_test,745,7349,367,kindergarden classroom,52,ball pit,-1,,exact,True,True,R0252;R0300;R0305;R0306;R0312;R0314;R0315;R0317;R0320;R0322,169,False,False,False,k/kindergarden_classroom/sun_afxytltvovskyguf.jpg,k,kindergarden_classroom,kindergarden_classroom,sun_afxytltvovskyguf.jpg,test_seen_loc,7349,True,102
SUN,42,closed_world_seen_test,746,7357,367,kindergarden classroom,52,ball pit,-1,,exact,True,True,R0252;R0297;R0300;R0302;R0303;R0304;R0305;R0306;R0308;R0311,248,False,False,False,k/kindergarden_classroom/sun_ajfwyuleqkzlovww.jpg,k,kindergarden_classroom,kindergarden_classroom,sun_ajfwyuleqkzlovww.jpg,test_seen_loc,7357,True,102
SUN,42,closed_world_seen_test,747,7342,367,kindergarden classroom,202,day care center,-1,,exact,True,True,R0314;R0317;R0325;R0329;R0330;R0334;R0335;R0340;R0347;R0350,121,False,False,False,k/kindergarden_classroom/sun_abwbibqlavcolssn.jpg,k,kindergarden_classroom,kindergarden_classroom,sun_abwbibqlavcolssn.jpg,test_seen_loc,7342,True,102
SUN,42,closed_world_seen_test,748,10464,523,ramp,523,ramp,-1,,exact,True,True,R0093;R0182;R0203;R0227;R0245;R0262;R0276;R0286;R0312,9,False,False,False,r/ramp/sun_aerqpcwzkdyxfawe.jpg,r,ramp,ramp,sun_aerqpcwzkdyxfawe.jpg,test_seen_loc,10464,True,102
SUN,42,closed_world_seen_test,749,10462,523,ramp,480,phone booth,-1,,exact,True,True,R0043;R0182;R0192;R0203;R0227;R0245;R0262;R0276;R0286;R0312,10,False,False,False,r/ramp/sun_acvpllpzqojovutx.jpg,r,ramp,ramp,sun_acvpllpzqojovutx.jpg,test_seen_loc,10462,True,102
SUN,42,closed_world_seen_test,750,10469,523,ramp,485,pig farm,-1,,exact,True,True,R0093;R0173;R0191;R0197;R0305;R0344;R0371;R0386;R0414;R0417,32,False,False,False,r/ramp/sun_aljvhywyhcgncade.jpg,r,ramp,ramp,sun_aljvhywyhcgncade.jpg,test_seen_loc,10469,True,102
SUN,42,closed_world_seen_test,751,10460,523,ramp,625,tennis court outdoor,-1,,exact,True,True,R0196;R0233;R0239;R0261;R0285;R0437;R0452;R0507;R0508;R0528,16,False,False,False,r/ramp/sun_aaqtmitmsbcffmyb.jpg,r,ramp,ramp,sun_aaqtmitmsbcffmyb.jpg,test_seen_loc,10460,True,102
SUN,42,closed_world_seen_test,752,13827,691,waterfall cascade,696,wave,-1,,exact,True,True,R0038;R0076;R0077;R0091;R0094;R0103;R0104;R0105;R0106;R0107,38,False,False,False,w/waterfall/cascade/sun_albucmtmstcfpynn.jpg,w,waterfall/cascade,cascade,sun_albucmtmstcfpynn.jpg,test_seen_loc,13827,True,102
SUN,42,closed_world_seen_test,753,13838,691,waterfall cascade,692,waterfall cataract,-1,,exact,True,True,R0025;R0055;R0060;R0062;R0066;R0070;R0076;R0077;R0080;R0081,70,False,False,False,w/waterfall/cascade/sun_bklienoducudwvdn.jpg,w,waterfall/cascade,cascade,sun_bklienoducudwvdn.jpg,test_seen_loc,13838,True,102
SUN,42,closed_world_seen_test,754,13828,691,waterfall cascade,690,waterfall block,-1,,exact,True,True,R0027;R0068;R0071;R0076;R0077;R0087;R0199,7,False,False,False,w/waterfall/cascade/sun_amyxrbqiudksvqun.jpg,w,waterfall/cascade,cascade,sun_amyxrbqiudksvqun.jpg,test_seen_loc,13828,True,102
SUN,42,closed_world_seen_test,755,13822,691,waterfall cascade,693,waterfall fan,-1,,exact,True,True,R0027;R0058;R0063;R0070;R0071;R0076;R0077;R0080;R0087;R0091,48,False,False,False,w/waterfall/cascade/sun_ahssvsymysusmiqw.jpg,w,waterfall/cascade,cascade,sun_ahssvsymysusmiqw.jpg,test_seen_loc,13822,True,102
SUN,42,closed_world_seen_test,756,8239,411,military hospital,411,military hospital,-1,,exact,True,True,R0140;R0154;R0256;R0277;R0283;R0292;R0297;R0303;R0311;R0314,131,False,False,False,m/military_hospital/sun_bpzywakliatywbbb.jpg,m,military_hospital,military_hospital,sun_bpzywakliatywbbb.jpg,test_seen_loc,8239,True,102
SUN,42,closed_world_seen_test,757,8236,411,military hospital,675,veterinarians office,-1,,exact,True,True,R0035;R0253;R0306;R0312;R0354;R0358;R0406;R0422;R0476;R0479,40,False,False,False,m/military_hospital/sun_ayhxuuajqwsryhow.jpg,m,military_hospital,military_hospital,sun_ayhxuuajqwsryhow.jpg,test_seen_loc,8236,True,102
SUN,42,closed_world_seen_test,758,8237,411,military hospital,129,car interior backseat,-1,,exact,True,True,R0256;R0297;R0300;R0303;R0305;R0306;R0308;R0311;R0312;R0314,176,False,False,False,m/military_hospital/sun_azcuqlslzckwrtst.jpg,m,military_hospital,military_hospital,sun_azcuqlslzckwrtst.jpg,test_seen_loc,8237,True,102
SUN,42,closed_world_seen_test,759,8220,411,military hospital,626,tent indoor,-1,,exact,True,True,R0196;R0206;R0336;R0337;R0385;R0386;R0422;R0437;R0452;R0504,39,False,False,False,m/military_hospital/sun_abeiciashgnuckzl.jpg,m,military_hospital,military_hospital,sun_abeiciashgnuckzl.jpg,test_seen_loc,8220,True,102
SUN,42,closed_world_seen_test,760,10930,546,rolling mill,241,engine room,-1,,exact,True,True,R0252;R0297;R0300;R0302;R0303;R0304;R0305;R0306;R0308;R0311,248,False,False,False,r/rolling_mill/sun_altfdeanybozbawe.jpg,r,rolling_mill,rolling_mill,sun_altfdeanybozbawe.jpg,test_seen_loc,10930,True,102
SUN,42,closed_world_seen_test,761,10921,546,rolling mill,71,batting cage indoor,-1,,exact,True,True,R0196;R0206;R0222;R0225;R0274;R0330;R0356;R0357;R0367;R0385,66,False,False,False,r/rolling_mill/sun_acctqrgdcpypmnbk.jpg,r,rolling_mill,rolling_mill,sun_acctqrgdcpypmnbk.jpg,test_seen_loc,10921,True,102
SUN,42,closed_world_seen_test,762,10932,546,rolling mill,243,escalator outdoor,-1,,exact,True,True,R0222;R0274;R0437;R0451;R0452;R0467;R0494;R0498;R0506;R0508,32,False,False,False,r/rolling_mill/sun_ataskmjqcsimbyuc.jpg,r,rolling_mill,rolling_mill,sun_ataskmjqcsimbyuc.jpg,test_seen_loc,10932,True,102
SUN,42,closed_world_seen_test,763,10937,546,rolling mill,241,engine room,-1,,exact,True,True,R0297;R0302;R0303;R0304;R0308;R0311;R0314;R0315;R0317;R0318,240,False,False,False,r/rolling_mill/sun_avqzjxvbgvcxnvkv.jpg,r,rolling_mill,rolling_mill,sun_avqzjxvbgvcxnvkv.jpg,test_seen_loc,10937,True,102
SUN,42,closed_world_seen_test,764,3515,175,conference hall,383,lecture room,-1,,exact,True,True,R0039;R0040;R0059;R0061;R0092;R0112;R0134;R0144;R0145;R0200,246,False,False,False,c/conference_hall/sun_bvmotylahuwnyzha.jpg,c,conference_hall,conference_hall,sun_bvmotylahuwnyzha.jpg,test_seen_loc,3515,True,102
SUN,42,closed_world_seen_test,765,3503,175,conference hall,383,lecture room,-1,,exact,True,True,R0039;R0040;R0059;R0061;R0092;R0112;R0134;R0144;R0145;R0277,249,False,False,False,c/conference_hall/sun_becnhbhwhdpogtki.jpg,c,conference_hall,conference_hall,sun_becnhbhwhdpogtki.jpg,test_seen_loc,3503,True,102
SUN,42,closed_world_seen_test,766,3514,175,conference hall,383,lecture room,-1,,exact,True,True,R0039;R0040;R0059;R0061;R0092;R0112;R0134;R0144;R0145;R0196,245,False,False,False,c/conference_hall/sun_bvajjsauonmncvbj.jpg,c,conference_hall,conference_hall,sun_bvajjsauonmncvbj.jpg,test_seen_loc,3514,True,102
SUN,42,closed_world_seen_test,767,3516,175,conference hall,383,lecture room,-1,,exact,True,True,R0039;R0040;R0059;R0061;R0092;R0112;R0134;R0144;R0145;R0297,247,False,False,False,c/conference_hall/sun_bwaflpcppiepoonb.jpg,c,conference_hall,conference_hall,sun_bwaflpcppiepoonb.jpg,test_seen_loc,3516,True,102
SUN,42,closed_world_seen_test,768,1298,64,baseball field,701,wind farm,-1,,exact,True,True,R0069;R0073;R0078;R0079;R0082;R0129;R0141;R0149;R0157;R0189,10,False,False,False,b/baseball_field/sun_aorrlhvodbzhetjv.jpg,b,baseball_field,baseball_field,sun_aorrlhvodbzhetjv.jpg,test_seen_loc,1298,True,102
SUN,42,closed_world_seen_test,769,1290,64,baseball field,249,fairway,586,soccer field,exact,False,False,R0012;R0079;R0141,3,True,False,False,b/baseball_field/sun_aiunizqdfgltfzfy.jpg,b,baseball_field,baseball_field,sun_aiunizqdfgltfzfy.jpg,test_seen_loc,1290,True,102
SUN,42,closed_world_seen_test,770,1286,64,baseball field,434,music store,-1,,exact,True,True,R0074;R0123;R0135;R0159;R0166;R0263,6,False,False,False,b/baseball_field/sun_afjdxoqidzkefmpt.jpg,b,baseball_field,baseball_field,sun_afjdxoqidzkefmpt.jpg,test_seen_loc,1286,True,102
SUN,42,closed_world_seen_test,771,1294,64,baseball field,249,fairway,-1,,exact,True,True,R0015;R0056;R0074;R0082;R0123;R0129;R0138;R0189;R0279,9,False,False,False,b/baseball_field/sun_alicgnxfwxpimfnk.jpg,b,baseball_field,baseball_field,sun_alicgnxfwxpimfnk.jpg,test_seen_loc,1294,True,102
SUN,42,closed_world_seen_test,772,1861,93,boat deck,270,fly bridge,-1,,exact,True,True,R0084;R0173;R0191;R0212;R0233;R0236;R0277;R0282;R0460;R0461,25,False,False,False,b/boat_deck/sun_aebjnabgmfilodbn.jpg,b,boat_deck,boat_deck,sun_aebjnabgmfilodbn.jpg,test_seen_loc,1861,True,102
SUN,42,closed_world_seen_test,773,1876,93,boat deck,434,music store,-1,,exact,True,True,R0043;R0146;R0173;R0182;R0191;R0197;R0227;R0233;R0245;R0282,24,False,False,False,b/boat_deck/sun_atjjpnbhzqcaomdg.jpg,b,boat_deck,boat_deck,sun_atjjpnbhzqcaomdg.jpg,test_seen_loc,1876,True,102
SUN,42,closed_world_seen_test,774,1865,93,boat deck,487,pilothouse outdoor,-1,,exact,True,True,R0124;R0139;R0166;R0216;R0223;R0228;R0255;R0277;R0290,9,False,False,False,b/boat_deck/sun_ahtymxdpxlpfbmkk.jpg,b,boat_deck,boat_deck,sun_ahtymxdpxlpfbmkk.jpg,test_seen_loc,1865,True,102
SUN,42,closed_world_seen_test,775,1860,93,boat deck,434,music store,-1,,exact,True,True,R0031;R0222;R0277;R0330;R0356;R0371;R0387;R0395;R0408;R0409,36,False,False,False,b/boat_deck/sun_abbzztnhxvrphgng.jpg,b,boat_deck,boat_deck,sun_abbzztnhxvrphgng.jpg,test_seen_loc,1860,True,102
SUN,42,closed_world_seen_test,776,12143,607,subway station platform,682,voting booth,-1,,exact,True,True,R0196;R0222;R0498;R0509;R0519;R0520;R0556;R0557;R0564,9,False,False,False,s/subway_station/platform/sun_adnjogxmgsfrrsmx.jpg,s,subway_station/platform,platform,sun_adnjogxmgsfrrsmx.jpg,test_seen_loc,12143,True,102
SUN,42,closed_world_seen_test,777,12158,607,subway station platform,343,ice skating rink indoor,-1,,exact,True,True,R0031;R0035;R0061;R0092;R0134;R0308;R0319;R0344;R0353;R0356,82,False,False,False,s/subway_station/platform/sun_aoqvqwvtpfcnvqpo.jpg,s,subway_station/platform,platform,sun_aoqvqwvtpfcnvqpo.jpg,test_seen_loc,12158,True,102
SUN,42,closed_world_seen_test,778,12141,607,subway station platform,115,bus station outdoor,-1,,exact,True,True,R0206;R0274;R0277;R0322;R0325;R0329;R0330;R0338;R0344;R0350,116,False,False,False,s/subway_station/platform/sun_admzjzquuppzigqm.jpg,s,subway_station/platform,platform,sun_admzjzquuppzigqm.jpg,test_seen_loc,12141,True,102
SUN,42,closed_world_seen_test,779,12149,607,subway station platform,373,labyrinth indoor,-1,,exact,True,True,R0196;R0225;R0297;R0302;R0304;R0308;R0311;R0315;R0318;R0319,159,False,False,False,s/subway_station/platform/sun_agfsyxewaopsuuuj.jpg,s,subway_station/platform,platform,sun_agfsyxewaopsuuuj.jpg,test_seen_loc,12149,True,102
SUN,42,closed_world_seen_test,780,3609,180,control tower indoor,668,van interior,-1,,exact,True,True,R0350;R0393;R0421,3,False,False,False,c/control_tower/indoor/sun_ahzjakyvdlsyghtv.jpg,c,control_tower/indoor,indoor,sun_ahzjakyvdlsyghtv.jpg,test_seen_loc,3609,True,102
SUN,42,closed_world_seen_test,781,3617,180,control tower indoor,179,control room,-1,,exact,True,True,R0120;R0222;R0305;R0312,4,False,False,False,c/control_tower/indoor/sun_avycthrjccfpcahb.jpg,c,control_tower/indoor,indoor,sun_avycthrjccfpcahb.jpg,test_seen_loc,3617,True,102
SUN,42,closed_world_seen_test,782,3611,180,control tower indoor,373,labyrinth indoor,-1,,exact,True,True,R0014;R0017;R0019;R0196;R0206;R0222;R0460;R0461;R0462;R0475,22,False,False,False,c/control_tower/indoor/sun_aikvhbwiahwiosko.jpg,c,control_tower/indoor,indoor,sun_aikvhbwiahwiosko.jpg,test_seen_loc,3611,True,102
SUN,42,closed_world_seen_test,783,3602,180,control tower indoor,668,van interior,-1,,exact,True,True,R0154;R0265;R0312,3,False,False,False,c/control_tower/indoor/sun_adgmvrxnvwaqbtnp.jpg,c,control_tower/indoor,indoor,sun_adgmvrxnvwaqbtnp.jpg,test_seen_loc,3602,True,102
SUN,42,closed_world_seen_test,784,11272,563,schoolyard,402,manufactured home,-1,,exact,True,True,R0126;R0136;R0146;R0196;R0198;R0225;R0235;R0244;R0250;R0259,74,False,False,False,s/schoolyard/sun_bhypseaaqcmzkvxd.jpg,s,schoolyard,schoolyard,sun_bhypseaaqcmzkvxd.jpg,test_seen_loc,11272,True,102
SUN,42,closed_world_seen_test,785,11277,563,schoolyard,492,plantation house,-1,,exact,True,True,R0108;R0136;R0142;R0147;R0153;R0159;R0164;R0181;R0194;R0235,43,False,False,False,s/schoolyard/sun_bpqlafdbgayuvjsd.jpg,s,schoolyard,schoolyard,sun_bpqlafdbgayuvjsd.jpg,test_seen_loc,11277,True,102
SUN,42,closed_world_seen_test,786,11265,563,schoolyard,588,squash court,-1,,exact,True,True,R0021;R0026;R0030;R0041;R0042;R0044;R0048;R0146;R0176;R0184,77,False,False,False,s/schoolyard/sun_apywxiioqbdfnyuy.jpg,s,schoolyard,schoolyard,sun_apywxiioqbdfnyuy.jpg,test_seen_loc,11265,True,102
SUN,42,closed_world_seen_test,787,11270,563,schoolyard,625,tennis court outdoor,-1,,exact,True,True,R0020;R0021;R0026;R0030;R0041;R0042;R0044;R0048;R0093;R0130,111,False,False,False,s/schoolyard/sun_beaujwjgrthsqlre.jpg,s,schoolyard,schoolyard,sun_beaujwjgrthsqlre.jpg,test_seen_loc,11270,True,102
SUN,42,closed_world_seen_test,788,2309,115,bus station outdoor,646,trailer park,-1,,exact,True,True,R0120;R0191;R0265;R0305;R0312;R0386;R0417;R0490;R0504;R0522,15,False,False,False,b/bus_station/outdoor/sun_bckffcrfuhrobpeb.jpg,b,bus_station/outdoor,outdoor,sun_bckffcrfuhrobpeb.jpg,test_seen_loc,2309,True,102
SUN,42,closed_world_seen_test,789,2316,115,bus station outdoor,540,revolving door,-1,,exact,True,True,R0046;R0093;R0130;R0146;R0173;R0184;R0191;R0196;R0197;R0198,106,False,False,False,b/bus_station/outdoor/sun_brlbxfrtvvebuibg.jpg,b,bus_station/outdoor,outdoor,sun_brlbxfrtvvebuibg.jpg,test_seen_loc,2316,True,102
SUN,42,closed_world_seen_test,790,2304,115,bus station outdoor,464,pagoda,-1,,exact,True,True,R0084;R0092;R0112;R0127;R0140;R0146;R0184;R0191;R0192;R0197,86,False,False,False,b/bus_station/outdoor/sun_astqueabqxxboflm.jpg,b,bus_station/outdoor,outdoor,sun_astqueabqxxboflm.jpg,test_seen_loc,2304,True,102
SUN,42,closed_world_seen_test,791,2300,115,bus station outdoor,542,riding arena,-1,,exact,True,True,R0140;R0154;R0206;R0212;R0222;R0274;R0277;R0357;R0367;R0385,37,False,False,False,b/bus_station/outdoor/sun_afjkzmrnahqbjnio.jpg,b,bus_station/outdoor,outdoor,sun_afjkzmrnahqbjnio.jpg,test_seen_loc,2300,True,102
SUN,42,closed_world_seen_test,792,11700,585,snowfield,207,desert sand,-1,,exact,True,True,R0055;R0062;R0064;R0072;R0081;R0083;R0086;R0090;R0096;R0097,53,False,False,False,s/snowfield/sun_abaavqlfhfgrtrmp.jpg,s,snowfield,snowfield,sun_abaavqlfhfgrtrmp.jpg,test_seen_loc,11700,True,102
SUN,42,closed_world_seen_test,793,11718,585,snowfield,581,ski slope,-1,,exact,True,True,R0058;R0066;R0078;R0085;R0094;R0103;R0104;R0105;R0106;R0107,60,False,False,False,s/snowfield/sun_aqwjbpirzjyacvtj.jpg,s,snowfield,snowfield,sun_aqwjbpirzjyacvtj.jpg,test_seen_loc,11718,True,102
SUN,42,closed_world_seen_test,794,11711,585,snowfield,194,crevasse,-1,,exact,True,True,R0047;R0127,2,False,False,False,s/snowfield/sun_ajmnlrhdhnbfrtoa.jpg,s,snowfield,snowfield,sun_ajmnlrhdhnbfrtoa.jpg,test_seen_loc,11711,True,102
SUN,42,closed_world_seen_test,795,11706,585,snowfield,449,ocean,-1,,exact,True,True,R0054;R0055;R0060;R0062;R0064;R0072;R0081;R0083;R0086;R0088,56,False,False,False,s/snowfield/sun_afopyurpnywisbmw.jpg,s,snowfield,snowfield,sun_afopyurpnywisbmw.jpg,test_seen_loc,11706,True,102
SUN,42,closed_world_seen_test,796,294,14,anechoic chamber,14,anechoic chamber,-1,,exact,True,True,R0297;R0300;R0302;R0304;R0306;R0308;R0311;R0315;R0318;R0319,165,False,False,False,a/anechoic_chamber/sun_algzozkegybzyayn.jpg,a,anechoic_chamber,anechoic_chamber,sun_algzozkegybzyayn.jpg,test_seen_loc,294,True,102
SUN,42,closed_world_seen_test,797,290,14,anechoic chamber,660,underwater ice,-1,,exact,True,True,R0031;R0196;R0222;R0319;R0330;R0336;R0337;R0344;R0353;R0356,76,False,False,False,a/anechoic_chamber/sun_akdeccexftmxjwcv.jpg,a,anechoic_chamber,anechoic_chamber,sun_akdeccexftmxjwcv.jpg,test_seen_loc,290,True,102
SUN,42,closed_world_seen_test,798,297,14,anechoic chamber,464,pagoda,-1,,exact,True,True,R0222;R0274;R0336;R0337;R0344;R0371;R0386;R0395;R0414;R0417,88,False,False,False,a/anechoic_chamber/sun_anzguktiafswyaud.jpg,a,anechoic_chamber,anechoic_chamber,sun_anzguktiafswyaud.jpg,test_seen_loc,297,True,102
SUN,42,closed_world_seen_test,799,295,14,anechoic chamber,14,anechoic chamber,-1,,exact,True,True,R0033;R0120;R0206;R0222;R0274;R0300;R0306;R0323;R0330;R0336,97,False,False,False,a/anechoic_chamber/sun_alnreruamzlqurkp.jpg,a,anechoic_chamber,anechoic_chamber,sun_alnreruamzlqurkp.jpg,test_seen_loc,295,True,102
SUN,42,closed_world_seen_test,800,13702,685,watchtower,480,phone booth,-1,,exact,True,True,R0027;R0113;R0139;R0166;R0183;R0190;R0216;R0223;R0228;R0240,29,False,False,False,w/watchtower/sun_acqzmzqoweqhypyq.jpg,w,watchtower,watchtower,sun_acqzmzqoweqhypyq.jpg,test_seen_loc,13702,True,102
SUN,42,closed_world_seen_test,801,13719,685,watchtower,279,fortress,-1,,exact,True,True,R0053;R0066;R0121;R0137;R0163;R0165;R0214;R0228;R0231;R0238,37,False,False,False,w/watchtower/sun_auelvupsftacdwns.jpg,w,watchtower,watchtower,sun_auelvupsftacdwns.jpg,test_seen_loc,13719,True,102
SUN,42,closed_world_seen_test,802,13704,685,watchtower,133,cargo deck airplane,-1,,exact,True,True,R0239;R0261;R0285;R0299;R0395;R0422;R0471;R0479;R0483;R0494,41,False,False,False,w/watchtower/sun_aczsjlopkrtlrkib.jpg,w,watchtower,watchtower,sun_aczsjlopkrtlrkib.jpg,test_seen_loc,13704,True,102
SUN,42,closed_world_seen_test,803,13708,685,watchtower,685,watchtower,-1,,exact,True,True,R0074;R0154;R0158;R0166;R0169;R0177;R0183;R0216;R0217;R0223,30,False,False,False,w/watchtower/sun_aetfhjcwbhbfgudb.jpg,w,watchtower,watchtower,sun_aetfhjcwbhbfgudb.jpg,test_seen_loc,13708,True,102
SUN,42,closed_world_seen_test,804,5553,277,formal garden,600,stone circle,-1,,exact,True,True,R0074;R0082;R0095;R0109;R0123;R0129;R0157;R0160;R0161;R0189,15,False,False,False,f/formal_garden/sun_bmjbivjcttclmins.jpg,f,formal_garden,formal_garden,sun_bmjbivjcttclmins.jpg,test_seen_loc,5553,True,102
SUN,42,closed_world_seen_test,805,5552,277,formal garden,269,florist shop indoor,-1,,exact,True,True,R0065;R0095;R0109;R0123;R0136;R0142;R0153;R0159;R0171;R0181,45,False,False,False,f/formal_garden/sun_bmfafoujlxpndiuj.jpg,f,formal_garden,formal_garden,sun_bmfafoujlxpndiuj.jpg,test_seen_loc,5552,True,102
SUN,42,closed_world_seen_test,806,5547,277,formal garden,320,hedge maze,-1,,exact,True,True,R0015;R0109;R0135;R0136;R0138;R0142;R0153;R0159;R0174;R0175,28,False,False,False,f/formal_garden/sun_bhbyiwjwlfadwfap.jpg,f,formal_garden,formal_garden,sun_bhbyiwjwlfadwfap.jpg,test_seen_loc,5547,True,102
SUN,42,closed_world_seen_test,807,5544,277,formal garden,187,cottage garden,-1,,exact,True,True,R0065;R0067;R0095;R0109;R0123;R0136;R0142;R0149;R0153;R0159,71,False,False,False,f/formal_garden/sun_awndmpcjznlkckzt.jpg,f,formal_garden,formal_garden,sun_awndmpcjznlkckzt.jpg,test_seen_loc,5544,True,102
SUN,42,closed_world_seen_test,808,11370,568,sewing room,168,closet,-1,,exact,True,True,R0252;R0256;R0297;R0300;R0302;R0303;R0304;R0305;R0306;R0308,227,False,False,False,s/sewing_room/sun_aittiyoglaboqxis.jpg,s,sewing_room,sewing_room,sun_aittiyoglaboqxis.jpg,test_seen_loc,11370,True,102
SUN,42,closed_world_seen_test,809,11373,568,sewing room,157,childs room,-1,,exact,True,True,R0256;R0304;R0306;R0311;R0315;R0317;R0323;R0324;R0333;R0338,61,False,False,False,s/sewing_room/sun_amxueyjuvabjrgbz.jpg,s,sewing_room,sewing_room,sun_amxueyjuvabjrgbz.jpg,test_seen_loc,11373,True,102
SUN,42,closed_world_seen_test,810,11363,568,sewing room,500,poolroom home,-1,,exact,True,True,R0252;R0277;R0297;R0302;R0303;R0304;R0305;R0308;R0311;R0314,240,False,False,False,s/sewing_room/sun_afbkdhekqhtwxort.jpg,s,sewing_room,sewing_room,sun_afbkdhekqhtwxort.jpg,test_seen_loc,11363,True,102
SUN,42,closed_world_seen_test,811,11362,568,sewing room,444,nursing home,-1,,exact,True,True,R0314;R0315;R0317;R0325;R0329;R0330;R0334;R0335;R0340;R0347,123,False,False,False,s/sewing_room/sun_aejteaemukimqsxl.jpg,s,sewing_room,sewing_room,sun_aejteaemukimqsxl.jpg,test_seen_loc,11362,True,102
SUN,42,closed_world_seen_test,812,2879,143,catwalk,675,veterinarians office,577,skatepark,exact,False,False,R0135,1,True,False,False,c/catwalk/sun_csaudyfqgemtkjpn.jpg,c,catwalk,catwalk,sun_csaudyfqgemtkjpn.jpg,test_seen_loc,2879,True,102
SUN,42,closed_world_seen_test,813,2871,143,catwalk,143,catwalk,613,swimming pool indoor,fallback,False,False,,0,True,False,False,c/catwalk/sun_cicuotzbrsjhxwff.jpg,c,catwalk,catwalk,sun_cicuotzbrsjhxwff.jpg,test_seen_loc,2871,True,102
SUN,42,closed_world_seen_test,814,2864,143,catwalk,485,pig farm,-1,,exact,True,True,R0196;R0297;R0302;R0303;R0304;R0308;R0311;R0314;R0315;R0317,235,False,False,False,c/catwalk/sun_avtykoskuitxtxht.jpg,c,catwalk,catwalk,sun_avtykoskuitxtxht.jpg,test_seen_loc,2864,True,102
SUN,42,closed_world_seen_test,815,2873,143,catwalk,143,catwalk,577,skatepark,exact,False,False,R0135,1,True,False,False,c/catwalk/sun_cjhsrqtmhwnfpcxa.jpg,c,catwalk,catwalk,sun_cjhsrqtmhwnfpcxa.jpg,test_seen_loc,2873,True,102
SUN,42,closed_world_seen_test,816,2233,111,burial chamber,400,manhole,-1,,exact,True,True,R0375;R0406;R0471;R0479;R0500;R0523;R0528;R0537;R0545;R0553,15,False,False,False,b/burial_chamber/sun_aqflbuoobnoggywa.jpg,b,burial_chamber,burial_chamber,sun_aqflbuoobnoggywa.jpg,test_seen_loc,2233,True,102
SUN,42,closed_world_seen_test,817,2239,111,burial chamber,140,catacomb,129,car interior backseat,exact,False,False,R0033,1,True,False,False,b/burial_chamber/sun_bamlnkpomzzujqpa.jpg,b,burial_chamber,burial_chamber,sun_bamlnkpomzzujqpa.jpg,test_seen_loc,2239,True,102
SUN,42,closed_world_seen_test,818,2230,111,burial chamber,21,arch,-1,,exact,True,True,R0312;R0371;R0386;R0395;R0504;R0531;R0548;R0549,8,False,False,False,b/burial_chamber/sun_aikhnbinrluowcid.jpg,b,burial_chamber,burial_chamber,sun_aikhnbinrluowcid.jpg,test_seen_loc,2230,True,102
SUN,42,closed_world_seen_test,819,2237,111,burial chamber,140,catacomb,129,car interior backseat,exact,False,False,R0033;R0306;R0323;R0354;R0366;R0395;R0406;R0418;R0471;R0497,37,True,False,False,b/burial_chamber/sun_azmstoyzslgczgvt.jpg,b,burial_chamber,burial_chamber,sun_azmstoyzslgczgvt.jpg,test_seen_loc,2237,True,102
SUN,42,closed_world_seen_test,820,194,9,alcove,192,crawl space,-1,,exact,True,True,R0297;R0300;R0302;R0304;R0306;R0308;R0311;R0315;R0318;R0319,165,False,False,False,a/alcove/sun_amgcxocrfzpnxdno.jpg,a,alcove,alcove,sun_amgcxocrfzpnxdno.jpg,test_seen_loc,194,True,102
SUN,42,closed_world_seen_test,821,192,9,alcove,129,car interior backseat,-1,,exact,True,True,R0297;R0300;R0302;R0303;R0304;R0306;R0308;R0311;R0314;R0315,241,False,False,False,a/alcove/sun_ajpqffvthccrlutg.jpg,a,alcove,alcove,sun_ajpqffvthccrlutg.jpg,test_seen_loc,192,True,102
SUN,42,closed_world_seen_test,822,184,9,alcove,129,car interior backseat,-1,,exact,True,True,R0277;R0314;R0317;R0325;R0329;R0330;R0334;R0335;R0340;R0347,122,False,False,False,a/alcove/sun_acxrmnusqwqhejko.jpg,a,alcove,alcove,sun_acxrmnusqwqhejko.jpg,test_seen_loc,184,True,102
SUN,42,closed_world_seen_test,823,191,9,alcove,575,shower,-1,,exact,True,True,R0303;R0308;R0318;R0320;R0322;R0324;R0331;R0339;R0341;R0357,54,False,False,False,a/alcove/sun_aidvtpogbloqlkbe.jpg,a,alcove,alcove,sun_aidvtpogbloqlkbe.jpg,test_seen_loc,191,True,102
SUN,42,closed_world_seen_test,824,2684,134,carport freestanding,307,greenhouse outdoor,-1,,exact,True,True,R0046;R0224;R0242;R0244;R0246;R0247;R0261;R0268;R0269;R0275,42,False,False,False,c/carport/freestanding/sun_axsxytdnmwstyxjm.jpg,c,carport/freestanding,freestanding,sun_axsxytdnmwstyxjm.jpg,test_seen_loc,2684,True,102
SUN,42,closed_world_seen_test,825,2686,134,carport freestanding,402,manufactured home,-1,,exact,True,True,R0043;R0093;R0130;R0184;R0198;R0213;R0224;R0245;R0246;R0259,78,False,False,False,c/carport/freestanding/sun_bbaunfvgmgvcyxtw.jpg,c,carport/freestanding,freestanding,sun_bbaunfvgmgvcyxtw.jpg,test_seen_loc,2686,True,102
SUN,42,closed_world_seen_test,826,2697,134,carport freestanding,198,dacha,-1,,exact,True,True,R0029;R0069;R0073;R0075;R0079;R0108;R0136;R0138;R0141;R0142,39,False,False,False,c/carport/freestanding/sun_bnylfxsgvfuhaong.jpg,c,carport/freestanding,freestanding,sun_bnylfxsgvfuhaong.jpg,test_seen_loc,2697,True,102
SUN,42,closed_world_seen_test,827,2694,134,carport freestanding,49,bakery shop,-1,,exact,True,True,R0043;R0089;R0127;R0198;R0202;R0203;R0259;R0261;R0269;R0271,38,False,False,False,c/carport/freestanding/sun_bjtdmkmhwaygaqls.jpg,c,carport/freestanding,freestanding,sun_bjtdmkmhwaygaqls.jpg,test_seen_loc,2694,True,102
SUN,42,closed_world_seen_test,828,167,8,airport ticket counter,392,liquor store outdoor,-1,,exact,True,True,R0031;R0222;R0277;R0330;R0356;R0387;R0408;R0409;R0423;R0442,28,False,False,False,a/airport_ticket_counter/sun_agfgcgkuomdhbuim.jpg,a,airport_ticket_counter,airport_ticket_counter,sun_agfgcgkuomdhbuim.jpg,test_seen_loc,167,True,102
SUN,42,closed_world_seen_test,829,175,8,airport ticket counter,8,airport ticket counter,169,clothing store,fallback,False,False,,0,True,False,False,a/airport_ticket_counter/sun_aojtxcltdcvuptnr.jpg,a,airport_ticket_counter,airport_ticket_counter,sun_aojtxcltdcvuptnr.jpg,test_seen_loc,175,True,102
SUN,42,closed_world_seen_test,830,161,8,airport ticket counter,380,laundromat,-1,,exact,True,True,R0039;R0040;R0059;R0061;R0112;R0134;R0144;R0145;R0196;R0200,202,False,False,False,a/airport_ticket_counter/sun_abeuciqesmucqbuj.jpg,a,airport_ticket_counter,airport_ticket_counter,sun_abeuciqesmucqbuj.jpg,test_seen_loc,161,True,102
SUN,42,closed_world_seen_test,831,166,8,airport ticket counter,121,call center,-1,,exact,True,True,R0297;R0303;R0314;R0315;R0331;R0335;R0340;R0350;R0351;R0352,95,False,False,False,a/airport_ticket_counter/sun_afunivpctgliabbc.jpg,a,airport_ticket_counter,airport_ticket_counter,sun_afunivpctgliabbc.jpg,test_seen_loc,166,True,102
SUN,42,closed_world_seen_test,832,4806,240,embassy,159,church outdoor,-1,,exact,True,True,R0043;R0126;R0130;R0146;R0177;R0192;R0203;R0224;R0237;R0238,89,False,False,False,e/embassy/sun_aeejhzqvmmqxbjgn.jpg,e,embassy,embassy,sun_aeejhzqvmmqxbjgn.jpg,test_seen_loc,4806,True,102
SUN,42,closed_world_seen_test,833,4810,240,embassy,480,phone booth,-1,,exact,True,True,R0069;R0075;R0136;R0198;R0235;R0237;R0244;R0247;R0259;R0261,83,False,False,False,e/embassy/sun_ajqwplrdvnllgysw.jpg,e,embassy,embassy,sun_ajqwplrdvnllgysw.jpg,test_seen_loc,4810,True,102
SUN,42,closed_world_seen_test,834,4813,240,embassy,502,portico,-1,,exact,True,True,R0057;R0069;R0073;R0075;R0113;R0124;R0125;R0143;R0158;R0166,57,False,False,False,e/embassy/sun_aliwxafwkthkwuin.jpg,e,embassy,embassy,sun_aliwxafwkthkwuin.jpg,test_seen_loc,4813,True,102
SUN,42,closed_world_seen_test,835,4809,240,embassy,280,foundry indoor,-1,,exact,True,True,R0146;R0173;R0184;R0191;R0198;R0213;R0233;R0259;R0261;R0262,130,False,False,False,e/embassy/sun_ajibdgwkjnvozavb.jpg,e,embassy,embassy,sun_ajibdgwkjnvozavb.jpg,test_seen_loc,4809,True,102
SUN,42,closed_world_seen_test,836,9007,450,office,383,lecture room,-1,,exact,True,True,R0277;R0297;R0302;R0303;R0304;R0306;R0308;R0311;R0314;R0315,239,False,False,False,o/office/sun_adhiyriwwsasgtsm.jpg,o,office,office,sun_adhiyriwwsasgtsm.jpg,test_seen_loc,9007,True,102
SUN,42,closed_world_seen_test,837,9001,450,office,383,lecture room,-1,,exact,True,True,R0297;R0300;R0302;R0303;R0304;R0306;R0308;R0311;R0314;R0315,241,False,False,False,o/office/sun_aayjikniilxywdae.jpg,o,office,office,sun_aayjikniilxywdae.jpg,test_seen_loc,9001,True,102
SUN,42,closed_world_seen_test,838,9003,450,office,435,music studio,-1,,exact,True,True,R0256;R0300;R0314;R0317;R0320;R0325;R0329;R0330;R0333;R0334,120,False,False,False,o/office/sun_acafrzqfzflrnlvt.jpg,o,office,office,sun_acafrzqfzflrnlvt.jpg,test_seen_loc,9003,True,102
SUN,42,closed_world_seen_test,839,9010,450,office,370,kitchen,-1,,exact,True,True,R0297;R0300;R0302;R0303;R0304;R0306;R0308;R0311;R0314;R0315,241,False,False,False,o/office/sun_aeahlsfvioopukrc.jpg,o,office,office,sun_aeahlsfvioopukrc.jpg,test_seen_loc,9010,True,102
SUN,42,closed_world_seen_test,840,11793,589,stable,485,pig farm,-1,,exact,True,True,R0202;R0269;R0310;R0323;R0494;R0525;R0528;R0535;R0537;R0545,20,False,False,False,s/stable/sun_beavndlkhtnoodhf.jpg,s,stable,stable,sun_beavndlkhtnoodhf.jpg,test_seen_loc,11793,True,102
SUN,42,closed_world_seen_test,841,11789,589,stable,140,catacomb,-1,,exact,True,True,R0093;R0130;R0224;R0246;R0253;R0269;R0274;R0300;R0301;R0306,65,False,False,False,s/stable/sun_auefvberespmsexq.jpg,s,stable,stable,sun_auefvberespmsexq.jpg,test_seen_loc,11789,True,102
SUN,42,closed_world_seen_test,842,11783,589,stable,606,subway station corridor,-1,,exact,True,True,R0277;R0297;R0302;R0303;R0304;R0308;R0311;R0314;R0315;R0317,240,False,False,False,s/stable/sun_annlacsecsogtixq.jpg,s,stable,stable,sun_annlacsecsogtixq.jpg,test_seen_loc,11783,True,102
SUN,42,closed_world_seen_test,843,11782,589,stable,409,medina,-1,,exact,True,True,R0031;R0033;R0222;R0252;R0300;R0305;R0306;R0308;R0312;R0319,97,False,False,False,s/stable/sun_aigwzvknnwjjrayb.jpg,s,stable,stable,sun_aigwzvknnwjjrayb.jpg,test_seen_loc,11782,True,102
SUN,42,closed_world_seen_test,844,7838,391,liquor store indoor,391,liquor store indoor,-1,,exact,True,True,R0277;R0297;R0302;R0303;R0304;R0308;R0311;R0314;R0315;R0317,240,False,False,False,l/liquor_store/indoor/sun_bskxjslfasrtndmb.jpg,l,liquor_store/indoor,indoor,sun_bskxjslfasrtndmb.jpg,test_seen_loc,7838,True,102
SUN,42,closed_world_seen_test,845,7826,391,liquor store indoor,391,liquor store indoor,-1,,exact,True,True,R0206;R0274;R0277;R0297;R0322;R0338;R0339;R0350;R0357;R0360,70,False,False,False,l/liquor_store/indoor/sun_bgpzmjarlewgasla.jpg,l,liquor_store/indoor,indoor,sun_bgpzmjarlewgasla.jpg,test_seen_loc,7826,True,102
SUN,42,closed_world_seen_test,846,7839,391,liquor store indoor,391,liquor store indoor,-1,,exact,True,True,R0256;R0274;R0322;R0329;R0338;R0339;R0356;R0357;R0360;R0367,78,False,False,False,l/liquor_store/indoor/sun_bwytnydhrtpluimh.jpg,l,liquor_store/indoor,indoor,sun_bwytnydhrtpluimh.jpg,test_seen_loc,7839,True,102
SUN,42,closed_world_seen_test,847,7833,391,liquor store indoor,391,liquor store indoor,-1,,exact,True,True,R0297;R0302;R0303;R0304;R0308;R0311;R0314;R0315;R0317;R0318,238,False,False,False,l/liquor_store/indoor/sun_bmmciuejztlutrgo.jpg,l,liquor_store/indoor,indoor,sun_bmmciuejztlutrgo.jpg,test_seen_loc,7833,True,102
SUN,42,closed_world_seen_test,848,534,26,arena performance,430,movie theater indoor,-1,,exact,True,True,R0092;R0112;R0196;R0222;R0225;R0274;R0336;R0337;R0386;R0417,65,False,False,False,a/arena/performance/sun_bpewnzhypubpxnnu.jpg,a,arena/performance,performance,sun_bpewnzhypubpxnnu.jpg,test_seen_loc,534,True,102
SUN,42,closed_world_seen_test,849,538,26,arena performance,160,circus tent indoor,-1,,exact,True,True,R0196;R0206;R0222;R0225;R0274;R0330;R0336;R0337;R0344;R0356,107,False,False,False,a/arena/performance/sun_bsztnlqhlrvirneh.jpg,a,arena/performance,performance,sun_bsztnlqhlrvirneh.jpg,test_seen_loc,538,True,102
SUN,42,closed_world_seen_test,850,535,26,arena performance,25,arena hockey,593,stadium soccer,exact,False,False,R0051,1,True,False,False,a/arena/performance/sun_bpxwgylxmpaskdpa.jpg,a,arena/performance,performance,sun_bpxwgylxmpaskdpa.jpg,test_seen_loc,535,True,102
SUN,42,closed_world_seen_test,851,525,26,arena performance,672,ventilation shaft,-1,,exact,True,True,R0020;R0031;R0041;R0051;R0059;R0061;R0112;R0134;R0144;R0145,91,False,False,False,a/arena/performance/sun_bbeycvdwpfuucepi.jpg,a,arena/performance,performance,sun_bbeycvdwpfuucepi.jpg,test_seen_loc,525,True,102
SUN,42,closed_world_seen_test,852,10383,519,raft,519,raft,-1,,exact,True,True,R0095;R0096;R0097;R0098;R0099;R0100;R0101;R0102;R0111;R0131,14,False,False,False,r/raft/sun_adgzdmzorrplukmt.jpg,r,raft,raft,sun_adgzdmzorrplukmt.jpg,test_seen_loc,10383,True,102
SUN,42,closed_world_seen_test,853,10397,519,raft,519,raft,-1,,exact,True,True,R0096;R0097;R0098;R0099;R0100;R0101;R0102;R0111;R0127;R0131,13,False,False,False,r/raft/sun_atjtnvokpxpjsads.jpg,r,raft,raft,sun_atjtnvokpxpjsads.jpg,test_seen_loc,10397,True,102
SUN,42,closed_world_seen_test,854,10392,519,raft,519,raft,-1,,exact,True,True,R0019;R0055;R0062;R0081;R0090;R0096;R0097;R0098;R0099;R0100,22,False,False,False,r/raft/sun_anzaefawenyvmobi.jpg,r,raft,raft,sun_anzaefawenyvmobi.jpg,test_seen_loc,10392,True,102
SUN,42,closed_world_seen_test,855,10395,519,raft,519,raft,-1,,exact,True,True,R0055;R0062;R0096;R0097;R0098;R0099;R0100;R0101;R0102;R0111,16,False,False,False,r/raft/sun_asonymsjgrebweis.jpg,r,raft,raft,sun_asonymsjgrebweis.jpg,test_seen_loc,10395,True,102
SUN,42,closed_world_seen_test,856,7380,369,kiosk outdoor,600,stone circle,-1,,exact,True,True,R0043;R0184;R0192;R0198;R0203;R0213;R0224;R0239;R0245;R0246,68,False,False,False,k/kiosk/outdoor/sun_acpcesmovkufzqdi.jpg,k,kiosk/outdoor,outdoor,sun_acpcesmovkufzqdi.jpg,test_seen_loc,7380,True,102
SUN,42,closed_world_seen_test,857,7381,369,kiosk outdoor,480,phone booth,-1,,exact,True,True,R0173;R0184;R0191;R0213;R0274;R0437;R0452;R0467;R0498;R0508,26,False,False,False,k/kiosk/outdoor/sun_adwrjyffucjehvxr.jpg,k,kiosk/outdoor,outdoor,sun_adwrjyffucjehvxr.jpg,test_seen_loc,7381,True,102
SUN,42,closed_world_seen_test,858,7399,369,kiosk outdoor,439,newsstand outdoor,-1,,exact,True,True,R0222;R0274;R0336;R0337;R0344;R0371;R0386;R0395;R0414;R0417,88,False,False,False,k/kiosk/outdoor/sun_axcsuigolmbmsbqs.jpg,k,kiosk/outdoor,outdoor,sun_axcsuigolmbmsbqs.jpg,test_seen_loc,7399,True,102
SUN,42,closed_world_seen_test,859,7386,369,kiosk outdoor,373,labyrinth indoor,-1,,exact,True,True,R0043;R0093;R0130;R0146;R0182;R0184;R0191;R0192;R0197;R0198,83,False,False,False,k/kiosk/outdoor/sun_ahfujuxpedmkqbcb.jpg,k,kiosk/outdoor,outdoor,sun_ahfujuxpedmkqbcb.jpg,test_seen_loc,7386,True,102
SUN,42,closed_world_seen_test,860,10696,534,resort,464,pagoda,-1,,exact,True,True,R0081;R0095;R0109;R0111;R0118;R0123;R0131;R0135;R0150;R0183,16,False,False,False,r/resort/sun_dpwmewmslzrptxyr.jpg,r,resort,resort,sun_dpwmewmslzrptxyr.jpg,test_seen_loc,10696,True,102
SUN,42,closed_world_seen_test,861,10680,534,resort,373,labyrinth indoor,-1,,exact,True,True,R0093;R0120;R0246;R0344;R0395;R0414;R0451;R0458;R0459;R0534,10,False,False,False,r/resort/sun_adnghvwpzodnvqmm.jpg,r,resort,resort,sun_adnghvwpzodnvqmm.jpg,test_seen_loc,10680,True,102
SUN,42,closed_world_seen_test,862,10692,534,resort,611,swamp,-1,,exact,True,True,R0090;R0091;R0094;R0103;R0104;R0105;R0106;R0107;R0114;R0115,33,False,False,False,r/resort/sun_daacotbcnrxhrxho.jpg,r,resort,resort,sun_daacotbcnrxhrxho.jpg,test_seen_loc,10692,True,102
SUN,42,closed_world_seen_test,863,10691,534,resort,491,planetarium outdoor,-1,,exact,True,True,R0033;R0120;R0206;R0222;R0274;R0300;R0306;R0323;R0336;R0337,88,False,False,False,r/resort/sun_bwidmbjpjrnuxvdt.jpg,r,resort,resort,sun_bwidmbjpjrnuxvdt.jpg,test_seen_loc,10691,True,102
SUN,42,closed_world_seen_test,864,2388,119,cabin outdoor,485,pig farm,-1,,exact,True,True,R0047;R0281,2,False,False,False,c/cabin/outdoor/sun_ajdsryrxcbzwgutl.jpg,c,cabin/outdoor,outdoor,sun_ajdsryrxcbzwgutl.jpg,test_seen_loc,2388,True,102
SUN,42,closed_world_seen_test,865,2393,119,cabin outdoor,480,phone booth,-1,,exact,True,True,R0043;R0177;R0192;R0198;R0203;R0224;R0237;R0238;R0239;R0242,82,False,False,False,c/cabin/outdoor/sun_aqpjpvysfodeydwa.jpg,c,cabin/outdoor,outdoor,sun_aqpjpvysfodeydwa.jpg,test_seen_loc,2393,True,102
SUN,42,closed_world_seen_test,866,2390,119,cabin outdoor,146,chalet,-1,,exact,True,True,R0056;R0065;R0136;R0147;R0202;R0203;R0235;R0237;R0247;R0261,43,False,False,False,c/cabin/outdoor/sun_anthklhyrwjsgnno.jpg,c,cabin/outdoor,outdoor,sun_anthklhyrwjsgnno.jpg,test_seen_loc,2390,True,102
SUN,42,closed_world_seen_test,867,2383,119,cabin outdoor,198,dacha,-1,,exact,True,True,R0109;R0121;R0137;R0142;R0149;R0153;R0159;R0162;R0165;R0172,58,False,False,False,c/cabin/outdoor/sun_adzuapgcfanqmura.jpg,c,cabin/outdoor,outdoor,sun_adzuapgcfanqmura.jpg,test_seen_loc,2383,True,102
SUN,42,closed_world_seen_test,868,9784,489,pizzeria,49,bakery shop,129,car interior backseat,exact,False,False,R0033;R0222;R0252;R0300;R0305;R0306;R0308;R0312;R0319;R0323,86,True,False,False,p/pizzeria/sun_alzjcdxqmtkmiexb.jpg,p,pizzeria,pizzeria,sun_alzjcdxqmtkmiexb.jpg,test_seen_loc,9784,True,102
SUN,42,closed_world_seen_test,869,9781,489,pizzeria,373,labyrinth indoor,-1,,exact,True,True,R0297;R0302;R0304;R0308;R0311;R0315;R0318;R0319;R0320;R0322,163,False,False,False,p/pizzeria/sun_aguysyzlsjutptyc.jpg,p,pizzeria,pizzeria,sun_aguysyzlsjutptyc.jpg,test_seen_loc,9781,True,102
SUN,42,closed_world_seen_test,870,9796,489,pizzeria,442,nuclear power plant outdoor,-1,,exact,True,True,R0252;R0297;R0300;R0302;R0303;R0304;R0305;R0306;R0308;R0311,248,False,False,False,p/pizzeria/sun_brvjeadzwsukyghr.jpg,p,pizzeria,pizzeria,sun_brvjeadzwsukyghr.jpg,test_seen_loc,9796,True,102
SUN,42,closed_world_seen_test,871,9786,489,pizzeria,485,pig farm,-1,,exact,True,True,R0277;R0297;R0303;R0305;R0308;R0311;R0314;R0315;R0318;R0320,185,False,False,False,p/pizzeria/sun_arptzpxfsrmldbck.jpg,p,pizzeria,pizzeria,sun_arptzpxfsrmldbck.jpg,test_seen_loc,9786,True,102
SUN,42,closed_world_seen_test,872,4624,231,dugout,488,pitchers mound,-1,,exact,True,True,R0026;R0030;R0036;R0041;R0042;R0045;R0048;R0050;R0144;R0145,61,False,False,False,d/dugout/sun_awexgztjsyvkxzwk.jpg,d,dugout,dugout,sun_awexgztjsyvkxzwk.jpg,test_seen_loc,4624,True,102
SUN,42,closed_world_seen_test,873,4636,231,dugout,70,batters box,-1,,exact,True,True,R0026;R0030;R0036;R0041;R0042;R0044;R0045;R0048;R0050;R0051,90,False,False,False,d/dugout/sun_bralsjhljtquacij.jpg,d,dugout,dugout,sun_bralsjhljtquacij.jpg,test_seen_loc,4636,True,102
SUN,42,closed_world_seen_test,874,4620,231,dugout,590,stadium baseball,-1,,exact,True,True,R0026;R0036;R0037;R0041;R0042;R0045;R0048;R0049;R0050;R0084,25,False,False,False,d/dugout/sun_akvfiefyanlwbcxo.jpg,d,dugout,dugout,sun_akvfiefyanlwbcxo.jpg,test_seen_loc,4620,True,102
SUN,42,closed_world_seen_test,875,4639,231,dugout,485,pig farm,-1,,exact,True,True,R0173;R0182;R0191;R0196;R0197;R0227;R0233;R0245;R0282;R0498,17,False,False,False,d/dugout/sun_busfblfogyheoall.jpg,d,dugout,dugout,sun_busfblfogyheoall.jpg,test_seen_loc,4639,True,102
SUN,42,closed_world_seen_test,876,3763,188,courthouse,424,mosque outdoor,-1,,exact,True,True,R0117;R0171;R0183;R0190;R0202;R0217;R0218;R0228;R0231;R0237,73,False,False,False,c/courthouse/sun_adfuezcgsnvbehtc.jpg,c,courthouse,courthouse,sun_adfuezcgsnvbehtc.jpg,test_seen_loc,3763,True,102
SUN,42,closed_world_seen_test,877,3760,188,courthouse,159,church outdoor,-1,,exact,True,True,R0043;R0130;R0177;R0192;R0203;R0224;R0237;R0238;R0239;R0242,76,False,False,False,c/courthouse/sun_aaenzlxuohdlhfpw.jpg,c,courthouse,courthouse,sun_aaenzlxuohdlhfpw.jpg,test_seen_loc,3760,True,102
SUN,42,closed_world_seen_test,878,3778,188,courthouse,15,apartment building outdoor,-1,,exact,True,True,R0166;R0183;R0190;R0217;R0228;R0231;R0241;R0257;R0258;R0260,25,False,False,False,c/courthouse/sun_algmsdhmtypcsxqy.jpg,c,courthouse,courthouse,sun_algmsdhmtypcsxqy.jpg,test_seen_loc,3778,True,102
SUN,42,closed_world_seen_test,879,3775,188,courthouse,142,cathedral outdoor,-1,,exact,True,True,R0075;R0108;R0117;R0126;R0158;R0164;R0177;R0194;R0197;R0218,101,False,False,False,c/courthouse/sun_akaphmmbqdjvzdtg.jpg,c,courthouse,courthouse,sun_akaphmmbqdjvzdtg.jpg,test_seen_loc,3775,True,102
SUN,42,closed_world_seen_test,880,8608,430,movie theater indoor,430,movie theater indoor,-1,,exact,True,True,R0039;R0040;R0059;R0061;R0092;R0112;R0134;R0144;R0145;R0297,247,False,False,False,m/movie_theater/indoor/sun_ajvuxxwkdwbfbzrs.jpg,m,movie_theater/indoor,indoor,sun_ajvuxxwkdwbfbzrs.jpg,test_seen_loc,8608,True,102
SUN,42,closed_world_seen_test,881,8617,430,movie theater indoor,430,movie theater indoor,-1,,exact,True,True,R0039;R0040;R0059;R0061;R0092;R0112;R0134;R0144;R0145;R0256,226,False,False,False,m/movie_theater/indoor/sun_apemrlpkkejklzda.jpg,m,movie_theater/indoor,indoor,sun_apemrlpkkejklzda.jpg,test_seen_loc,8617,True,102
SUN,42,closed_world_seen_test,882,8601,430,movie theater indoor,430,movie theater indoor,-1,,exact,True,True,R0020;R0030;R0039;R0040;R0059;R0061;R0092;R0112;R0134;R0144,245,False,False,False,m/movie_theater/indoor/sun_acvbrcejzwmcgnoq.jpg,m,movie_theater/indoor,indoor,sun_acvbrcejzwmcgnoq.jpg,test_seen_loc,8601,True,102
SUN,42,closed_world_seen_test,883,8602,430,movie theater indoor,430,movie theater indoor,-1,,exact,True,True,R0304;R0317;R0324;R0348;R0364;R0365;R0403;R0455;R0489;R0535,11,False,False,False,m/movie_theater/indoor/sun_adcirjvyqlbvkesx.jpg,m,movie_theater/indoor,indoor,sun_adcirjvyqlbvkesx.jpg,test_seen_loc,8602,True,102
SUN,42,closed_world_seen_test,884,9621,481,physics laboratory,121,call center,-1,,exact,True,True,R0297;R0300;R0302;R0303;R0304;R0306;R0308;R0311;R0314;R0315,241,False,False,False,p/physics_laboratory/sun_aesbeygtwjzfrjwo.jpg,p,physics_laboratory,physics_laboratory,sun_aesbeygtwjzfrjwo.jpg,test_seen_loc,9621,True,102
SUN,42,closed_world_seen_test,885,9638,481,physics laboratory,86,bicycle racks,-1,,exact,True,True,R0256;R0302;R0303;R0304;R0311;R0315;R0317;R0318;R0324;R0331,88,False,False,False,p/physics_laboratory/sun_bstehaoebgmrytzt.jpg,p,physics_laboratory,physics_laboratory,sun_bstehaoebgmrytzt.jpg,test_seen_loc,9638,True,102
SUN,42,closed_world_seen_test,886,9625,481,physics laboratory,121,call center,-1,,exact,True,True,R0277;R0297;R0302;R0303;R0304;R0308;R0314;R0317;R0318;R0319,200,False,False,False,p/physics_laboratory/sun_aorjvpmjghkmonbv.jpg,p,physics_laboratory,physics_laboratory,sun_aorjvpmjghkmonbv.jpg,test_seen_loc,9625,True,102
SUN,42,closed_world_seen_test,887,9637,481,physics laboratory,88,biology laboratory,-1,,exact,True,True,R0277;R0297;R0302;R0303;R0304;R0308;R0311;R0314;R0315;R0317,240,False,False,False,p/physics_laboratory/sun_brymshxbmdhzbvwd.jpg,p,physics_laboratory,physics_laboratory,sun_brymshxbmdhzbvwd.jpg,test_seen_loc,9637,True,102
SUN,42,closed_world_seen_test,888,2657,132,cardroom,52,ball pit,-1,,exact,True,True,R0297;R0302;R0303;R0304;R0308;R0311;R0314;R0315;R0317;R0318,238,False,False,False,c/cardroom/sun_bonbudmdmelndzzp.jpg,c,cardroom,cardroom,sun_bonbudmdmelndzzp.jpg,test_seen_loc,2657,True,102
SUN,42,closed_world_seen_test,889,2645,132,cardroom,383,lecture room,-1,,exact,True,True,R0144;R0145;R0277;R0297;R0303;R0314;R0318;R0320;R0331;R0335,110,False,False,False,c/cardroom/sun_athfustolgpytxuj.jpg,c,cardroom,cardroom,sun_athfustolgpytxuj.jpg,test_seen_loc,2645,True,102
SUN,42,closed_world_seen_test,890,2642,132,cardroom,385,library indoor,-1,,exact,True,True,R0277;R0297;R0302;R0303;R0304;R0308;R0311;R0314;R0315;R0317,240,False,False,False,c/cardroom/sun_aeakgsmlcurdaoau.jpg,c,cardroom,cardroom,sun_aeakgsmlcurdaoau.jpg,test_seen_loc,2642,True,102
SUN,42,closed_world_seen_test,891,2653,132,cardroom,383,lecture room,-1,,exact,True,True,R0059;R0311;R0325;R0329;R0334;R0340;R0347;R0350;R0353;R0368,64,False,False,False,c/cardroom/sun_bhawoztlgqrtopee.jpg,c,cardroom,cardroom,sun_bhawoztlgqrtopee.jpg,test_seen_loc,2653,True,102
SUN,42,closed_world_seen_test,892,12503,625,tennis court outdoor,625,tennis court outdoor,-1,,exact,True,True,R0023;R0036;R0037;R0044;R0045;R0048;R0049;R0050;R0051;R0092,42,False,False,False,t/tennis_court/outdoor/sun_aizsvornuhzvyvhc.jpg,t,tennis_court/outdoor,outdoor,sun_aizsvornuhzvyvhc.jpg,test_seen_loc,12503,True,102
SUN,42,closed_world_seen_test,893,12515,625,tennis court outdoor,366,kennel outdoor,586,soccer field,exact,False,False,R0012;R0044;R0095;R0109;R0123;R0136;R0142;R0153;R0159;R0171,36,True,False,False,t/tennis_court/outdoor/sun_axcpotzbxewiedcq.jpg,t,tennis_court/outdoor,outdoor,sun_axcpotzbxewiedcq.jpg,test_seen_loc,12515,True,102
SUN,42,closed_world_seen_test,894,12516,625,tennis court outdoor,70,batters box,586,soccer field,exact,False,False,R0012;R0042;R0044;R0079;R0082;R0129;R0138;R0141;R0142;R0147,17,True,False,False,t/tennis_court/outdoor/sun_ayyvmiocpgbwlgot.jpg,t,tennis_court/outdoor,outdoor,sun_ayyvmiocpgbwlgot.jpg,test_seen_loc,12516,True,102
SUN,42,closed_world_seen_test,895,12519,625,tennis court outdoor,625,tennis court outdoor,586,soccer field,exact,False,False,R0012;R0023;R0037;R0044;R0049;R0067;R0095;R0109;R0123;R0136,37,True,False,False,t/tennis_court/outdoor/sun_bejcebvykjvhuget.jpg,t,tennis_court/outdoor,outdoor,sun_bejcebvykjvhuget.jpg,test_seen_loc,12519,True,102
SUN,42,closed_world_seen_test,896,11893,594,stage indoor,559,sauna,-1,,exact,True,True,R0314;R0335;R0361;R0362;R0363;R0396;R0397;R0398;R0399;R0400,19,False,False,False,s/stage/indoor/sun_amqxwobualsmatum.jpg,s,stage/indoor,indoor,sun_amqxwobualsmatum.jpg,test_seen_loc,11893,True,102
SUN,42,closed_world_seen_test,897,11883,594,stage indoor,634,throne room,-1,,exact,True,True,R0256;R0277;R0297;R0302;R0303;R0304;R0306;R0308;R0314;R0315,194,False,False,False,s/stage/indoor/sun_aesvphsilocrwbuf.jpg,s,stage/indoor,indoor,sun_aesvphsilocrwbuf.jpg,test_seen_loc,11883,True,102
SUN,42,closed_world_seen_test,898,11898,594,stage indoor,160,circus tent indoor,-1,,exact,True,True,R0035;R0135;R0212;R0225;R0274;R0292;R0357;R0367;R0445;R0475,21,False,False,False,s/stage/indoor/sun_aswiquvijsezlztk.jpg,s,stage/indoor,indoor,sun_aswiquvijsezlztk.jpg,test_seen_loc,11898,True,102
SUN,42,closed_world_seen_test,899,11891,594,stage indoor,496,podium indoor,-1,,exact,True,True,R0040;R0092;R0134;R0200;R0225;R0256;R0274;R0322;R0338;R0339,63,False,False,False,s/stage/indoor/sun_amegwpobfpzupvkk.jpg,s,stage/indoor,indoor,sun_amegwpobfpzupvkk.jpg,test_seen_loc,11891,True,102
SUN,42,closed_world_seen_test,900,880,44,badlands,207,desert sand,-1,,exact,True,True,R0085;R0094;R0103;R0104;R0105;R0106;R0107;R0113;R0114;R0115,39,False,False,False,b/badlands/sun_adrhtwnpgvbmqiul.jpg,b,badlands,badlands,sun_adrhtwnpgvbmqiul.jpg,test_seen_loc,880,True,102
SUN,42,closed_world_seen_test,901,887,44,badlands,429,mountain snowy,-1,,exact,True,True,R0034;R0085;R0094;R0103;R0104;R0105;R0106;R0107;R0113;R0114,41,False,False,False,b/badlands/sun_alwuoiefepifbttr.jpg,b,badlands,badlands,sun_alwuoiefepifbttr.jpg,test_seen_loc,887,True,102
SUN,42,closed_world_seen_test,902,884,44,badlands,603,strip mine,-1,,exact,True,True,R0058;R0066;R0078;R0085;R0094;R0103;R0104;R0105;R0106;R0107,52,False,False,False,b/badlands/sun_ajdyxmlwqilxvwex.jpg,b,badlands,badlands,sun_ajdyxmlwqilxvwex.jpg,test_seen_loc,884,True,102
SUN,42,closed_world_seen_test,903,886,44,badlands,144,cavern indoor,-1,,exact,True,True,R0038;R0057;R0094;R0125;R0128;R0139;R0178;R0179;R0226;R0255,17,False,False,False,b/badlands/sun_almgxeqkzurgtvxc.jpg,b,badlands,badlands,sun_almgxeqkzurgtvxc.jpg,test_seen_loc,886,True,102
SUN,42,closed_world_seen_test,904,7541,377,lake natural,377,lake natural,-1,,exact,True,True,R0054;R0055;R0060;R0062;R0063;R0064;R0070;R0071;R0080;R0081,64,False,False,False,l/lake/natural/sun_aamfjaaldpjwzuma.jpg,l,lake/natural,natural,sun_aamfjaaldpjwzuma.jpg,test_seen_loc,7541,True,102
SUN,42,closed_world_seen_test,905,7544,377,lake natural,377,lake natural,-1,,exact,True,True,R0025;R0055;R0062;R0064;R0081;R0083;R0086;R0090;R0096;R0097,38,False,False,False,l/lake/natural/sun_acgqrysmhvkbzwyo.jpg,l,lake/natural,natural,sun_acgqrysmhvkbzwyo.jpg,test_seen_loc,7544,True,102
SUN,42,closed_world_seen_test,906,7543,377,lake natural,345,iceberg,-1,,exact,True,True,R0025;R0055;R0060;R0062;R0064;R0081;R0085;R0094;R0096;R0097,21,False,False,False,l/lake/natural/sun_abkmqplqwuczdpnk.jpg,l,lake/natural,natural,sun_abkmqplqwuczdpnk.jpg,test_seen_loc,7543,True,102
SUN,42,closed_world_seen_test,907,7540,377,lake natural,377,lake natural,-1,,exact,True,True,R0066;R0070;R0072;R0076;R0077;R0080;R0081;R0082;R0083;R0085,73,False,False,False,l/lake/natural/sun_aafblbfkfftldfxp.jpg,l,lake/natural,natural,sun_aafblbfkfftldfxp.jpg,test_seen_loc,7540,True,102
SUN,42,closed_world_seen_test,908,13669,683,waiting room,327,home theater,-1,,exact,True,True,R0317;R0334;R0353;R0362;R0363;R0364;R0365;R0396;R0397;R0398,20,False,False,False,w/waiting_room/sun_agqyxhygariytugd.jpg,w,waiting_room,waiting_room,sun_agqyxhygariytugd.jpg,test_seen_loc,13669,True,102
SUN,42,closed_world_seen_test,909,13665,683,waiting room,132,cardroom,-1,,exact,True,True,R0277;R0314;R0317;R0325;R0329;R0330;R0334;R0335;R0340;R0347,122,False,False,False,w/waiting_room/sun_advrhrvskotjztnq.jpg,w,waiting_room,waiting_room,sun_advrhrvskotjztnq.jpg,test_seen_loc,13665,True,102
SUN,42,closed_world_seen_test,910,13677,683,waiting room,664,underwater pool,-1,,exact,True,True,R0256;R0277;R0297;R0302;R0303;R0304;R0311;R0314;R0315;R0317,153,False,False,False,w/waiting_room/sun_akgbxqblrbvqrbtr.jpg,w,waiting_room,waiting_room,sun_akgbxqblrbvqrbtr.jpg,test_seen_loc,13677,True,102
SUN,42,closed_world_seen_test,911,13663,683,waiting room,129,car interior backseat,-1,,exact,True,True,R0297;R0300;R0302;R0304;R0306;R0308;R0311;R0315;R0318;R0319,165,False,False,False,w/waiting_room/sun_abrwqxbkblxahqxi.jpg,w,waiting_room,waiting_room,sun_abrwqxbkblxahqxi.jpg,test_seen_loc,13663,True,102
SUN,42,closed_world_seen_test,912,9766,488,pitchers mound,70,batters box,-1,,exact,True,True,R0021;R0042;R0044;R0176;R0198;R0259;R0261;R0269;R0285;R0310,25,False,False,False,p/pitchers_mound/sun_arzfwbpkzingoeqy.jpg,p,pitchers_mound,pitchers_mound,sun_arzfwbpkzingoeqy.jpg,test_seen_loc,9766,True,102
SUN,42,closed_world_seen_test,913,9762,488,pitchers mound,70,batters box,-1,,exact,True,True,R0013;R0018;R0020;R0021;R0023;R0026;R0030;R0037;R0041;R0042,117,False,False,False,p/pitchers_mound/sun_afwuqppzctgqljdw.jpg,p,pitchers_mound,pitchers_mound,sun_afwuqppzctgqljdw.jpg,test_seen_loc,9762,True,102
SUN,42,closed_world_seen_test,914,9778,488,pitchers mound,70,batters box,-1,,exact,True,True,R0013;R0021;R0036;R0042;R0045;R0170;R0176;R0187;R0188;R0229,13,False,False,False,p/pitchers_mound/sun_bqcihouevjlxuvlg.jpg,p,pitchers_mound,pitchers_mound,sun_bqcihouevjlxuvlg.jpg,test_seen_loc,9778,True,102
SUN,42,closed_world_seen_test,915,9772,488,pitchers mound,488,pitchers mound,-1,,exact,True,True,R0013;R0020;R0021;R0036;R0042;R0044;R0045;R0051;R0092;R0117,41,False,False,False,p/pitchers_mound/sun_aycfqukiwagvtkby.jpg,p,pitchers_mound,pitchers_mound,sun_aycfqukiwagvtkby.jpg,test_seen_loc,9772,True,102
SUN,42,closed_world_seen_test,916,9320,466,pantry,391,liquor store indoor,-1,,exact,True,True,R0032;R0252;R0300;R0302;R0303;R0304;R0308;R0317;R0318;R0319,83,False,False,False,p/pantry/sun_aaclvfwbjbbmgrjn.jpg,p,pantry,pantry,sun_aaclvfwbjbbmgrjn.jpg,test_seen_loc,9320,True,102
SUN,42,closed_world_seen_test,917,9327,466,pantry,466,pantry,-1,,exact,True,True,R0032;R0252;R0300;R0317;R0320;R0333;R0334;R0358;R0362;R0363,29,False,False,False,p/pantry/sun_adhlzpruerzzypub.jpg,p,pantry,pantry,sun_adhlzpruerzzypub.jpg,test_seen_loc,9327,True,102
SUN,42,closed_world_seen_test,918,9336,466,pantry,466,pantry,-1,,exact,True,True,R0032;R0303;R0318;R0323;R0331;R0341;R0342;R0354;R0358;R0359,28,False,False,False,p/pantry/sun_aikytkkzdmxplcms.jpg,p,pantry,pantry,sun_aikytkkzdmxplcms.jpg,test_seen_loc,9336,True,102
SUN,42,closed_world_seen_test,919,9331,466,pantry,466,pantry,-1,,exact,True,True,R0032;R0300;R0320;R0358;R0362;R0363;R0396;R0397;R0398;R0399,19,False,False,False,p/pantry/sun_aexglpdoxylfjehm.jpg,p,pantry,pantry,sun_aexglpdoxylfjehm.jpg,test_seen_loc,9331,True,102
SUN,42,closed_world_seen_test,920,7746,387,lido deck outdoor,707,witness stand,-1,,exact,True,True,R0222;R0498;R0509;R0519;R0520;R0556;R0557;R0564,8,False,False,False,l/lido_deck/outdoor/sun_aufvsdkqmformdim.jpg,l,lido_deck/outdoor,outdoor,sun_aufvsdkqmformdim.jpg,test_seen_loc,7746,True,102
SUN,42,closed_world_seen_test,921,7745,387,lido deck outdoor,664,underwater pool,-1,,exact,True,True,R0084;R0127;R0154;R0249,4,False,False,False,l/lido_deck/outdoor/sun_atkflghwmvynnjuc.jpg,l,lido_deck/outdoor,outdoor,sun_atkflghwmvynnjuc.jpg,test_seen_loc,7745,True,102
SUN,42,closed_world_seen_test,922,7757,387,lido deck outdoor,519,raft,19,aquatic theater,exact,False,False,R0019;R0084;R0135;R0144;R0145;R0196;R0200;R0233;R0236,9,True,False,False,l/lido_deck/outdoor/sun_bxcdqwlnvmqgamit.jpg,l,lido_deck/outdoor,outdoor,sun_bxcdqwlnvmqgamit.jpg,test_seen_loc,7757,True,102
SUN,42,closed_world_seen_test,923,7742,387,lido deck outdoor,19,aquatic theater,-1,,exact,True,True,R0014;R0017;R0019;R0021;R0022;R0026;R0036;R0037;R0041;R0042,47,False,False,False,l/lido_deck/outdoor/sun_aozufanivkamunfk.jpg,l,lido_deck/outdoor,outdoor,sun_aozufanivkamunfk.jpg,test_seen_loc,7742,True,102
SUN,42,closed_world_seen_test,924,11437,571,shipyard outdoor,454,oilrig,-1,,exact,True,True,R0084;R0089;R0173;R0191;R0212;R0233;R0236;R0262;R0265;R0282,20,False,False,False,s/shipyard/outdoor/sun_brnfnwguoimnuaan.jpg,s,shipyard/outdoor,outdoor,sun_brnfnwguoimnuaan.jpg,test_seen_loc,11437,True,102
SUN,42,closed_world_seen_test,925,11428,571,shipyard outdoor,454,oilrig,-1,,exact,True,True,R0027;R0078;R0113;R0157;R0160;R0161;R0253;R0309;R0326;R0327,17,False,False,False,s/shipyard/outdoor/sun_badekdorawqwcbmo.jpg,s,shipyard/outdoor,outdoor,sun_badekdorawqwcbmo.jpg,test_seen_loc,11428,True,102
SUN,42,closed_world_seen_test,926,11421,571,shipyard outdoor,378,landfill,-1,,exact,True,True,R0084;R0127;R0140;R0191;R0233;R0236;R0277;R0282;R0460;R0461,16,False,False,False,s/shipyard/outdoor/sun_aemkabhuxqcxvjrx.jpg,s,shipyard/outdoor,outdoor,sun_aemkabhuxqcxvjrx.jpg,test_seen_loc,11421,True,102
SUN,42,closed_world_seen_test,927,11425,571,shipyard outdoor,454,oilrig,-1,,exact,True,True,R0017;R0019;R0150;R0180;R0191;R0233;R0282,7,False,False,False,s/shipyard/outdoor/sun_amjddgujnusswdat.jpg,s,shipyard/outdoor,outdoor,sun_amjddgujnusswdat.jpg,test_seen_loc,11425,True,102
SUN,42,closed_world_seen_test,928,4875,243,escalator outdoor,243,escalator outdoor,-1,,exact,True,True,R0146;R0173;R0233;R0261;R0277;R0285;R0299;R0330;R0336;R0337,61,False,False,False,e/escalator/outdoor/sun_bstiuxzpytnbrwxr.jpg,e,escalator/outdoor,outdoor,sun_bstiuxzpytnbrwxr.jpg,test_seen_loc,4875,True,102
SUN,42,closed_world_seen_test,929,4870,243,escalator outdoor,269,florist shop indoor,-1,,exact,True,True,R0052;R0173;R0182;R0191;R0197;R0227;R0233;R0245;R0262;R0276,18,False,False,False,e/escalator/outdoor/sun_biztdqlfjofrcapj.jpg,e,escalator/outdoor,outdoor,sun_biztdqlfjofrcapj.jpg,test_seen_loc,4870,True,102
SUN,42,closed_world_seen_test,930,4863,243,escalator outdoor,520,railroad track,-1,,exact,True,True,R0065;R0074;R0095;R0109;R0123;R0149;R0166;R0183;R0190;R0228,30,False,False,False,e/escalator/outdoor/sun_bbxhseptmfzdxxqa.jpg,e,escalator/outdoor,outdoor,sun_bbxhseptmfzdxxqa.jpg,test_seen_loc,4863,True,102
SUN,42,closed_world_seen_test,931,4878,243,escalator outdoor,243,escalator outdoor,-1,,exact,True,True,R0052;R0239;R0244;R0261;R0262;R0285;R0306;R0309;R0366;R0406,18,False,False,False,e/escalator/outdoor/sun_buswqujzmysuxfoy.jpg,e,escalator/outdoor,outdoor,sun_buswqujzmysuxfoy.jpg,test_seen_loc,4878,True,102
SUN,42,closed_world_seen_test,932,3843,192,crawl space,192,crawl space,-1,,exact,True,True,R0395;R0471;R0497;R0500;R0506;R0507;R0508;R0528;R0530;R0531,30,False,False,False,c/crawl_space/sun_abdeovecqgjhamcm.jpg,c,crawl_space,crawl_space,sun_abdeovecqgjhamcm.jpg,test_seen_loc,3843,True,102
SUN,42,closed_world_seen_test,933,3856,192,crawl space,192,crawl space,-1,,exact,True,True,R0127;R0202;R0261;R0269;R0271;R0278;R0285;R0292;R0307;R0310,26,False,False,False,c/crawl_space/sun_arbklscyeajcchab.jpg,c,crawl_space,crawl_space,sun_arbklscyeajcchab.jpg,test_seen_loc,3856,True,102
SUN,42,closed_world_seen_test,934,3855,192,crawl space,542,riding arena,-1,,exact,True,True,R0297;R0300;R0302;R0304;R0306;R0308;R0311;R0315;R0318;R0319,165,False,False,False,c/crawl_space/sun_aqzfahmucmixsuni.jpg,c,crawl_space,crawl_space,sun_aqzfahmucmixsuni.jpg,test_seen_loc,3855,True,102
SUN,42,closed_world_seen_test,935,3847,192,crawl space,629,theater indoor procenium,-1,,exact,True,True,R0039;R0040;R0061;R0092;R0304;R0308;R0311;R0315;R0320;R0322,98,False,False,False,c/crawl_space/sun_adbactgiswxblcqy.jpg,c,crawl_space,crawl_space,sun_adbactgiswxblcqy.jpg,test_seen_loc,3847,True,102
SUN,42,closed_world_seen_test,936,14086,704,wine cellar barrel storage,174,conference center,-1,,exact,True,True,R0040;R0092;R0308;R0311;R0315;R0318;R0320;R0322;R0324;R0338,86,False,False,False,w/wine_cellar/barrel_storage/sun_aknayqzaowlgqvnu.jpg,w,wine_cellar/barrel_storage,barrel_storage,sun_aknayqzaowlgqvnu.jpg,test_seen_loc,14086,True,102
SUN,42,closed_world_seen_test,937,14089,704,wine cellar barrel storage,380,laundromat,-1,,exact,True,True,R0033;R0120;R0162;R0206;R0212;R0222;R0265;R0271;R0274;R0283,101,False,False,False,w/wine_cellar/barrel_storage/sun_aoztokhisrmtdlff.jpg,w,wine_cellar/barrel_storage,barrel_storage,sun_aoztokhisrmtdlff.jpg,test_seen_loc,14089,True,102
SUN,42,closed_world_seen_test,938,14094,704,wine cellar barrel storage,706,winery,-1,,exact,True,True,R0120;R0191;R0206;R0305;R0312;R0460;R0461;R0462;R0486;R0502,13,False,False,False,w/wine_cellar/barrel_storage/sun_bayldmprpuvwpxev.jpg,w,wine_cellar/barrel_storage,barrel_storage,sun_bayldmprpuvwpxev.jpg,test_seen_loc,14094,True,102
SUN,42,closed_world_seen_test,939,14098,704,wine cellar barrel storage,485,pig farm,-1,,exact,True,True,R0300;R0304;R0306;R0308;R0311;R0320;R0322;R0323;R0324;R0325,123,False,False,False,w/wine_cellar/barrel_storage/sun_beoghzrjarigmwua.jpg,w,wine_cellar/barrel_storage,barrel_storage,sun_beoghzrjarigmwua.jpg,test_seen_loc,14098,True,102
SUN,42,closed_world_seen_test,940,2853,142,cathedral outdoor,424,mosque outdoor,-1,,exact,True,True,R0117;R0154;R0158;R0164;R0169;R0177;R0183;R0194;R0216;R0217,48,False,False,False,c/cathedral/outdoor/sun_azybflumheldwpge.jpg,c,cathedral/outdoor,outdoor,sun_azybflumheldwpge.jpg,test_seen_loc,2853,True,102
SUN,42,closed_world_seen_test,941,2852,142,cathedral outdoor,424,mosque outdoor,-1,,exact,True,True,R0057;R0069;R0073;R0075;R0113;R0124;R0125;R0139;R0143;R0158,59,False,False,False,c/cathedral/outdoor/sun_atwrcbfvanwkasfu.jpg,c,cathedral/outdoor,outdoor,sun_atwrcbfvanwkasfu.jpg,test_seen_loc,2852,True,102
SUN,42,closed_world_seen_test,942,2843,142,cathedral outdoor,159,church outdoor,-1,,exact,True,True,R0043;R0192;R0203;R0224;R0239;R0245;R0246;R0261;R0262;R0269,54,False,False,False,c/cathedral/outdoor/sun_aepwgvwvyindqlca.jpg,c,cathedral/outdoor,outdoor,sun_aepwgvwvyindqlca.jpg,test_seen_loc,2843,True,102
SUN,42,closed_world_seen_test,943,2857,142,cathedral outdoor,66,basilica,-1,,exact,True,True,R0052;R0130;R0146;R0182;R0192;R0233;R0239;R0245;R0269;R0276,27,False,False,False,c/cathedral/outdoor/sun_bewzclmnmjkzanyu.jpg,c,cathedral/outdoor,outdoor,sun_bewzclmnmjkzanyu.jpg,test_seen_loc,2857,True,102
SUN,42,closed_world_seen_test,944,12421,621,temple east asia,136,carrousel,-1,,exact,True,True,R0224;R0246;R0269;R0301;R0310;R0346;R0479;R0483;R0494;R0506,35,False,False,False,t/temple/east_asia/sun_aapfmtbuxevwbxck.jpg,t,temple/east_asia,east_asia,sun_aapfmtbuxevwbxck.jpg,test_seen_loc,12421,True,102
SUN,42,closed_world_seen_test,945,12429,621,temple east asia,464,pagoda,-1,,exact,True,True,R0028;R0126;R0182;R0268,4,False,False,False,t/temple/east_asia/sun_akszuhvfkxjreisd.jpg,t,temple/east_asia,east_asia,sun_akszuhvfkxjreisd.jpg,test_seen_loc,12429,True,102
SUN,42,closed_world_seen_test,946,12431,621,temple east asia,464,pagoda,-1,,exact,True,True,R0061;R0130;R0224;R0245;R0246;R0261;R0262;R0276;R0285;R0301,34,False,False,False,t/temple/east_asia/sun_anigsuadycdzprsr.jpg,t,temple/east_asia,east_asia,sun_anigsuadycdzprsr.jpg,test_seen_loc,12431,True,102
SUN,42,closed_world_seen_test,947,12436,621,temple east asia,464,pagoda,-1,,exact,True,True,R0046;R0135;R0154;R0166;R0169;R0232;R0248;R0249;R0268;R0501,10,False,False,False,t/temple/east_asia/sun_avabexehmngnxjjr.jpg,t,temple/east_asia,east_asia,sun_avabexehmngnxjjr.jpg,test_seen_loc,12436,True,102
SUN,42,closed_world_seen_test,948,12584,629,theater indoor procenium,430,movie theater indoor,-1,,exact,True,True,R0039;R0040;R0059;R0061;R0092;R0112;R0134;R0144;R0145;R0277,246,False,False,False,t/theater/indoor_procenium/sun_abnbylturqcwwiuz.jpg,t,theater/indoor_procenium,indoor_procenium,sun_abnbylturqcwwiuz.jpg,test_seen_loc,12584,True,102
SUN,42,closed_world_seen_test,949,12593,629,theater indoor procenium,630,theater indoor round,-1,,exact,True,True,R0039;R0040;R0061;R0092;R0134;R0256;R0302;R0303;R0304;R0311,90,False,False,False,t/theater/indoor_procenium/sun_ahtaknlqeslujgbq.jpg,t,theater/indoor_procenium,indoor_procenium,sun_ahtaknlqeslujgbq.jpg,test_seen_loc,12593,True,102
SUN,42,closed_world_seen_test,950,12583,629,theater indoor procenium,490,planetarium indoor,-1,,exact,True,True,R0039;R0040;R0059;R0061;R0092;R0112;R0134;R0144;R0145;R0196,245,False,False,False,t/theater/indoor_procenium/sun_abldnlzotzlgclky.jpg,t,theater/indoor_procenium,indoor_procenium,sun_abldnlzotzlgclky.jpg,test_seen_loc,12583,True,102
SUN,42,closed_world_seen_test,951,12597,629,theater indoor procenium,630,theater indoor round,-1,,exact,True,True,R0039;R0040;R0059;R0061;R0092;R0112;R0134;R0144;R0145;R0200,246,False,False,False,t/theater/indoor_procenium/sun_alttxbnfjyibouth.jpg,t,theater/indoor_procenium,indoor_procenium,sun_alttxbnfjyibouth.jpg,test_seen_loc,12597,True,102
SUN,42,closed_world_seen_test,952,3730,186,cottage,446,oast house,-1,,exact,True,True,R0074;R0228;R0231;R0241;R0254;R0257;R0260;R0272;R0273;R0288,23,False,False,False,c/cottage/sun_bgqhjpelemvijkzj.jpg,c,cottage,cottage,sun_bgqhjpelemvijkzj.jpg,test_seen_loc,3730,True,102
SUN,42,closed_world_seen_test,953,3723,186,cottage,159,church outdoor,-1,,exact,True,True,R0069;R0238;R0241;R0257;R0262;R0286;R0298;R0300;R0309;R0355,15,False,False,False,c/cottage/sun_arjomkoxqvsovqpv.jpg,c,cottage,cottage,sun_arjomkoxqvsovqpv.jpg,test_seen_loc,3723,True,102
SUN,42,closed_world_seen_test,954,3735,186,cottage,402,manufactured home,-1,,exact,True,True,R0065;R0074;R0095;R0109;R0123;R0138;R0149;R0166;R0228;R0234,28,False,False,False,c/cottage/sun_bqcuskugrezwekfp.jpg,c,cottage,cottage,sun_bqcuskugrezwekfp.jpg,test_seen_loc,3735,True,102
SUN,42,closed_world_seen_test,955,3726,186,cottage,340,hut,-1,,exact,True,True,R0053;R0117;R0162;R0171;R0183;R0202;R0217;R0218;R0231;R0237,58,False,False,False,c/cottage/sun_bbvzlbmprnqfenpe.jpg,c,cottage,cottage,sun_bbvzlbmprnqfenpe.jpg,test_seen_loc,3726,True,102
SUN,42,closed_world_seen_test,956,4613,230,dry dock,454,oilrig,-1,,exact,True,True,R0084;R0127;R0140;R0173;R0191;R0212;R0233;R0236;R0277;R0282,27,False,False,False,d/dry_dock/sun_bbaxdxrbhjgcxrrj.jpg,d,dry_dock,dry_dock,sun_bbaxdxrbhjgcxrrj.jpg,test_seen_loc,4613,True,102
SUN,42,closed_world_seen_test,957,4604,230,dry dock,593,stadium soccer,-1,,exact,True,True,R0084;R0127,2,False,False,False,d/dry_dock/sun_agoeawgklkgrtmbs.jpg,d,dry_dock,dry_dock,sun_agoeawgklkgrtmbs.jpg,test_seen_loc,4604,True,102
SUN,42,closed_world_seen_test,958,4606,230,dry dock,670,velodrome indoor,-1,,exact,True,True,R0135;R0154;R0196;R0206,4,False,False,False,d/dry_dock/sun_ajnhpwdgtoqntpkg.jpg,d,dry_dock,dry_dock,sun_ajnhpwdgtoqntpkg.jpg,test_seen_loc,4606,True,102
SUN,42,closed_world_seen_test,959,4617,230,dry dock,414,mineshaft,361,junk pile,exact,False,False,R0253,1,True,False,False,d/dry_dock/sun_bpkuliufscsruqvf.jpg,d,dry_dock,dry_dock,sun_bpkuliufscsruqvf.jpg,test_seen_loc,4617,True,102
SUN,42,closed_world_seen_test,960,6288,314,hallway,185,corridor,-1,,exact,True,True,R0252;R0256;R0302;R0303;R0315;R0317;R0318;R0319;R0320;R0322,119,False,False,False,h/hallway/sun_admoeecesrbnwjbs.jpg,h,hallway,hallway,sun_admoeecesrbnwjbs.jpg,test_seen_loc,6288,True,102
SUN,42,closed_world_seen_test,961,6297,314,hallway,443,nursery,129,car interior backseat,exact,False,False,R0033;R0306;R0323;R0330;R0336;R0337;R0344;R0354;R0366;R0371,64,True,False,False,h/hallway/sun_akkgolylnkcynftc.jpg,h,hallway,hallway,sun_akkgolylnkcynftc.jpg,test_seen_loc,6297,True,102
SUN,42,closed_world_seen_test,962,6280,314,hallway,185,corridor,129,car interior backseat,fallback,False,False,,0,True,False,False,h/hallway/sun_aaehhxpbkodqtcku.jpg,h,hallway,hallway,sun_aaehhxpbkodqtcku.jpg,test_seen_loc,6280,True,102
SUN,42,closed_world_seen_test,963,6284,314,hallway,185,corridor,-1,,exact,True,True,R0277;R0297;R0302;R0303;R0304;R0308;R0311;R0314;R0315;R0317,240,False,False,False,h/hallway/sun_abwzoqtaimcpowrg.jpg,h,hallway,hallway,sun_abwzoqtaimcpowrg.jpg,test_seen_loc,6284,True,102
SUN,42,closed_world_seen_test,964,9210,460,outcropping,600,stone circle,-1,,exact,True,True,R0034;R0058;R0066;R0085;R0094;R0103;R0104;R0105;R0106;R0107,64,False,False,False,o/outcropping/sun_ahlenpirjglejplr.jpg,o,outcropping,outcropping,sun_ahlenpirjglejplr.jpg,test_seen_loc,9210,True,102
SUN,42,closed_world_seen_test,965,9209,460,outcropping,600,stone circle,-1,,exact,True,True,R0034;R0058;R0066;R0078;R0085;R0094;R0103;R0104;R0105;R0106,64,False,False,False,o/outcropping/sun_afzinyqehbzpzdwf.jpg,o,outcropping,outcropping,sun_afzinyqehbzpzdwf.jpg,test_seen_loc,9209,True,102
SUN,42,closed_world_seen_test,966,9212,460,outcropping,128,canyon,-1,,exact,True,True,R0034;R0058;R0078;R0085;R0094;R0103;R0104;R0105;R0106;R0107,18,False,False,False,o/outcropping/sun_ajxhcszhaznmzjmj.jpg,o,outcropping,outcropping,sun_ajxhcszhaznmzjmj.jpg,test_seen_loc,9212,True,102
SUN,42,closed_world_seen_test,967,9218,460,outcropping,600,stone circle,-1,,exact,True,True,R0066;R0070;R0076;R0077;R0080;R0082;R0085;R0091;R0094;R0103,101,False,False,False,o/outcropping/sun_atshglnzunguljeh.jpg,o,outcropping,outcropping,sun_atshglnzunguljeh.jpg,test_seen_loc,9218,True,102
SUN,42,closed_world_seen_test,968,9397,469,parking garage indoor,86,bicycle racks,-1,,exact,True,True,R0192;R0224;R0225;R0246;R0269;R0274;R0301;R0310;R0346;R0476,44,False,False,False,p/parking_garage/indoor/sun_dtwzskehjxekqffl.jpg,p,parking_garage/indoor,indoor,sun_dtwzskehjxekqffl.jpg,test_seen_loc,9397,True,102
SUN,42,closed_world_seen_test,969,9395,469,parking garage indoor,185,corridor,-1,,exact,True,True,R0274;R0322;R0338;R0339;R0360;R0383;R0384;R0464;R0476;R0479,51,False,False,False,p/parking_garage/indoor/sun_dsulukdczpggqzdm.jpg,p,parking_garage/indoor,indoor,sun_dsulukdczpggqzdm.jpg,test_seen_loc,9395,True,102
SUN,42,closed_world_seen_test,970,9382,469,parking garage indoor,42,auto showroom,13,amusement park,fallback,False,False,,0,True,False,False,p/parking_garage/indoor/sun_dcyiqaoxrrrbitvs.jpg,p,parking_garage/indoor,indoor,sun_dcyiqaoxrrrbitvs.jpg,test_seen_loc,9382,True,102
SUN,42,closed_world_seen_test,971,9391,469,parking garage indoor,553,runway,-1,,exact,True,True,R0135;R0261;R0271;R0285;R0292;R0528;R0537;R0545;R0553;R0554,13,False,False,False,p/parking_garage/indoor/sun_djvwfguqvhvlpaqh.jpg,p,parking_garage/indoor,indoor,sun_djvwfguqvhvlpaqh.jpg,test_seen_loc,9391,True,102
SUN,42,closed_world_seen_test,972,6890,344,ice skating rink outdoor,611,swamp,-1,,exact,True,True,R0055;R0062;R0064;R0071;R0081;R0082;R0083;R0086;R0087;R0090,53,False,False,False,i/ice_skating_rink/outdoor/sun_asqvztdbgceapyzn.jpg,i,ice_skating_rink/outdoor,outdoor,sun_asqvztdbgceapyzn.jpg,test_seen_loc,6890,True,102
SUN,42,closed_world_seen_test,973,6886,344,ice skating rink outdoor,581,ski slope,-1,,exact,True,True,R0046;R0057;R0135,3,False,False,False,i/ice_skating_rink/outdoor/sun_ajmbzrbaosyhfwqi.jpg,i,ice_skating_rink/outdoor,outdoor,sun_ajmbzrbaosyhfwqi.jpg,test_seen_loc,6886,True,102
SUN,42,closed_world_seen_test,974,6880,344,ice skating rink outdoor,664,underwater pool,-1,,exact,True,True,R0022;R0055;R0062;R0081;R0090;R0096;R0097;R0098;R0099;R0100,31,False,False,False,i/ice_skating_rink/outdoor/sun_aekrjgkzdmyabcdb.jpg,i,ice_skating_rink/outdoor,outdoor,sun_aekrjgkzdmyabcdb.jpg,test_seen_loc,6880,True,102
SUN,42,closed_world_seen_test,975,6893,344,ice skating rink outdoor,343,ice skating rink indoor,-1,,exact,True,True,R0021;R0036;R0037;R0045;R0049;R0050;R0057;R0125,8,False,False,False,i/ice_skating_rink/outdoor/sun_bbfeureyxbizcgsz.jpg,i,ice_skating_rink/outdoor,outdoor,sun_bbfeureyxbizcgsz.jpg,test_seen_loc,6893,True,102
SUN,42,closed_world_seen_test,976,9608,480,phone booth,480,phone booth,129,car interior backseat,exact,False,False,R0033;R0300;R0306;R0308;R0312;R0323;R0354;R0358;R0366;R0406,35,True,False,False,p/phone_booth/sun_baitnbkioshtuwcb.jpg,p,phone_booth,phone_booth,sun_baitnbkioshtuwcb.jpg,test_seen_loc,9608,True,102
SUN,42,closed_world_seen_test,977,9611,480,phone booth,480,phone booth,-1,,exact,True,True,R0146;R0244;R0250;R0264;R0282;R0313;R0343;R0417;R0452;R0467,33,False,False,False,p/phone_booth/sun_bctxmszzrjierlhy.jpg,p,phone_booth,phone_booth,sun_bctxmszzrjierlhy.jpg,test_seen_loc,9611,True,102
SUN,42,closed_world_seen_test,978,9618,480,phone booth,480,phone booth,-1,,exact,True,True,R0031;R0222;R0300;R0305;R0312;R0358;R0367;R0408;R0409;R0418,26,False,False,False,p/phone_booth/sun_bwqkcopmnmjftesd.jpg,p,phone_booth,phone_booth,sun_bwqkcopmnmjftesd.jpg,test_seen_loc,9618,True,102
SUN,42,closed_world_seen_test,979,9606,480,phone booth,540,revolving door,-1,,exact,True,True,R0182;R0191;R0197;R0227;R0233;R0245;R0282;R0305,8,False,False,False,p/phone_booth/sun_aowafooxioebmfmu.jpg,p,phone_booth,phone_booth,sun_aowafooxioebmfmu.jpg,test_seen_loc,9606,True,102
SUN,42,closed_world_seen_test,980,6015,300,ghost town,70,batters box,-1,,exact,True,True,R0108;R0117;R0140;R0158;R0164;R0169;R0192;R0194;R0216;R0220,80,False,False,False,g/ghost_town/sun_boefjjpqegeoztxd.jpg,g,ghost_town,ghost_town,sun_boefjjpqegeoztxd.jpg,test_seen_loc,6015,True,102
SUN,42,closed_world_seen_test,981,6011,300,ghost town,159,church outdoor,-1,,exact,True,True,R0065;R0067;R0095;R0109;R0123;R0136;R0142;R0149;R0153;R0159,74,False,False,False,g/ghost_town/sun_blialiacsuoglqfz.jpg,g,ghost_town,ghost_town,sun_blialiacsuoglqfz.jpg,test_seen_loc,6011,True,102
SUN,42,closed_world_seen_test,982,6001,300,ghost town,140,catacomb,-1,,exact,True,True,R0047;R0089;R0166;R0238;R0253;R0257;R0262;R0265;R0286;R0291,13,False,False,False,g/ghost_town/sun_apgrfkfrswdxbkxh.jpg,g,ghost_town,ghost_town,sun_apgrfkfrswdxbkxh.jpg,test_seen_loc,6001,True,102
SUN,42,closed_world_seen_test,983,6007,300,ghost town,191,covered bridge exterior,-1,,exact,True,True,R0053;R0117;R0154;R0158;R0164;R0169;R0177;R0194;R0216;R0218,57,False,False,False,g/ghost_town/sun_bcpysxmjmhhvflus.jpg,g,ghost_town,ghost_town,sun_bcpysxmjmhhvflus.jpg,test_seen_loc,6007,True,102
SUN,42,closed_world_seen_test,984,4962,248,factory outdoor,392,liquor store outdoor,-1,,exact,True,True,R0018;R0108;R0117;R0140;R0158;R0164;R0169;R0194;R0212;R0216,88,False,False,False,f/factory/outdoor/sun_aogdjwjqkdzojffz.jpg,f,factory/outdoor,outdoor,sun_aogdjwjqkdzojffz.jpg,test_seen_loc,4962,True,102
SUN,42,closed_world_seen_test,985,4965,248,factory outdoor,386,library outdoor,-1,,exact,True,True,R0124;R0148;R0154;R0158;R0169;R0216;R0223;R0228;R0244;R0248,26,False,False,False,f/factory/outdoor/sun_bcwlmgywcsizxcta.jpg,f,factory/outdoor,outdoor,sun_bcwlmgywcsizxcta.jpg,test_seen_loc,4965,True,102
SUN,42,closed_world_seen_test,986,4971,248,factory outdoor,447,observatory indoor,-1,,exact,True,True,R0113;R0148;R0216;R0228;R0240;R0241;R0244;R0254;R0272;R0280,35,False,False,False,f/factory/outdoor/sun_bnxzyplbrrqqjzoh.jpg,f,factory/outdoor,outdoor,sun_bnxzyplbrrqqjzoh.jpg,test_seen_loc,4971,True,102
SUN,42,closed_world_seen_test,987,4960,248,factory outdoor,73,bayou,437,naval base,exact,False,False,R0006;R0019;R0072;R0081;R0083;R0086;R0111;R0131;R0150;R0151,21,True,False,False,f/factory/outdoor/sun_agumiuhyimvezfeb.jpg,f,factory/outdoor,outdoor,sun_agumiuhyimvezfeb.jpg,test_seen_loc,4960,True,102
SUN,42,closed_world_seen_test,988,1594,79,bedchamber,79,bedchamber,-1,,exact,True,True,R0277;R0297;R0302;R0303;R0304;R0308;R0311;R0314;R0315;R0317,237,False,False,False,b/bedchamber/sun_aogwlgyqakmoqies.jpg,b,bedchamber,bedchamber,sun_aogwlgyqakmoqies.jpg,test_seen_loc,1594,True,102
SUN,42,closed_world_seen_test,989,1590,79,bedchamber,79,bedchamber,-1,,exact,True,True,R0256;R0277;R0297;R0302;R0303;R0304;R0308;R0311;R0314;R0315,216,False,False,False,b/bedchamber/sun_akyiuprbuekdxoae.jpg,b,bedchamber,bedchamber,sun_akyiuprbuekdxoae.jpg,test_seen_loc,1590,True,102
SUN,42,closed_world_seen_test,990,1587,79,bedchamber,634,throne room,-1,,exact,True,True,R0256;R0297;R0300;R0302;R0303;R0306;R0311;R0314;R0315;R0317,182,False,False,False,b/bedchamber/sun_ahmdflhlfnzhwbyk.jpg,b,bedchamber,bedchamber,sun_ahmdflhlfnzhwbyk.jpg,test_seen_loc,1587,True,102
SUN,42,closed_world_seen_test,991,1585,79,bedchamber,79,bedchamber,-1,,exact,True,True,R0302;R0304;R0311;R0315;R0318;R0323;R0324;R0333;R0338;R0341,58,False,False,False,b/bedchamber/sun_aerkxmsoyzwsckjz.jpg,b,bedchamber,bedchamber,sun_aerkxmsoyzwsckjz.jpg,test_seen_loc,1585,True,102
SUN,42,closed_world_seen_test,992,1965,98,botanical garden,708,woodland,-1,,exact,True,True,R0027;R0063;R0070;R0071;R0076;R0077;R0078;R0080;R0082;R0087,57,False,False,False,b/botanical_garden/sun_adakyhlbzhoboegu.jpg,b,botanical_garden,botanical_garden,sun_adakyhlbzhoboegu.jpg,test_seen_loc,1965,True,102
SUN,42,closed_world_seen_test,993,1973,98,botanical garden,187,cottage garden,-1,,exact,True,True,R0056;R0065;R0073;R0079;R0082;R0113;R0123;R0129;R0141;R0149,29,False,False,False,b/botanical_garden/sun_ajoveqhiprwqgoco.jpg,b,botanical_garden,botanical_garden,sun_ajoveqhiprwqgoco.jpg,test_seen_loc,1973,True,102
SUN,42,closed_world_seen_test,994,1975,98,botanical garden,54,bamboo forest,-1,,exact,True,True,R0063;R0070;R0076;R0077;R0080;R0087;R0091;R0122;R0142;R0153,36,False,False,False,b/botanical_garden/sun_akbbryhxzdowzceh.jpg,b,botanical_garden,botanical_garden,sun_akbbryhxzdowzceh.jpg,test_seen_loc,1975,True,102
SUN,42,closed_world_seen_test,995,1976,98,botanical garden,700,wheat field,-1,,exact,True,True,R0027;R0063;R0070;R0071;R0076;R0077;R0078;R0080;R0082;R0087,55,False,False,False,b/botanical_garden/sun_akbroihotcraybvn.jpg,b,botanical_garden,botanical_garden,sun_akbroihotcraybvn.jpg,test_seen_loc,1976,True,102
SUN,42,closed_world_seen_test,996,3089,154,chicken coop outdoor,198,dacha,-1,,exact,True,True,R0056;R0065;R0136;R0147;R0198;R0202;R0203;R0235;R0237;R0239,77,False,False,False,c/chicken_coop/outdoor/sun_anuwzsdwgpksnvxv.jpg,c,chicken_coop/outdoor,outdoor,sun_anuwzsdwgpksnvxv.jpg,test_seen_loc,3089,True,102
SUN,42,closed_world_seen_test,997,3083,154,chicken coop outdoor,154,chicken coop outdoor,-1,,exact,True,True,R0043;R0184;R0192;R0198;R0202;R0203;R0213;R0224;R0239;R0245,69,False,False,False,c/chicken_coop/outdoor/sun_adfkuzrwcmvaesqm.jpg,c,chicken_coop/outdoor,outdoor,sun_adfkuzrwcmvaesqm.jpg,test_seen_loc,3083,True,102
SUN,42,closed_world_seen_test,998,3094,154,chicken coop outdoor,156,chicken farm outdoor,-1,,exact,True,True,R0046;R0093;R0130;R0184;R0192;R0198;R0213;R0224;R0225;R0239,64,False,False,False,c/chicken_coop/outdoor/sun_aqxjwyvyfyyddusu.jpg,c,chicken_coop/outdoor,outdoor,sun_aqxjwyvyfyyddusu.jpg,test_seen_loc,3094,True,102
SUN,42,closed_world_seen_test,999,3085,154,chicken coop outdoor,154,chicken coop outdoor,-1,,exact,True,True,R0043;R0127;R0202;R0247;R0261;R0269;R0271;R0275;R0278;R0281,38,False,False,False,c/chicken_coop/outdoor/sun_afttscnpjktuysfh.jpg,c,chicken_coop/outdoor,outdoor,sun_afttscnpjktuysfh.jpg,test_seen_loc,3085,True,102
SUN,42,closed_world_seen_test,1000,3674,183,corn field,183,corn field,-1,,exact,True,True,R0038;R0065;R0127;R0220;R0234;R0288,6,False,False,False,c/corn_field/sun_akkltpzsstqaoevf.jpg,c,corn_field,corn_field,sun_akkltpzsstqaoevf.jpg,test_seen_loc,3674,True,102
SUN,42,closed_world_seen_test,1001,3675,183,corn field,183,corn field,-1,,exact,True,True,R0027;R0063;R0070;R0071;R0076;R0077;R0078;R0080;R0082;R0087,51,False,False,False,c/corn_field/sun_alvfuhrpzwxaghez.jpg,c,corn_field,corn_field,sun_alvfuhrpzwxaghez.jpg,test_seen_loc,3675,True,102
SUN,42,closed_world_seen_test,1002,3664,183,corn field,54,bamboo forest,-1,,exact,True,True,R0065;R0071;R0095;R0109;R0113;R0123;R0139;R0149;R0156;R0193,26,False,False,False,c/corn_field/sun_acihqubetpwdeupe.jpg,c,corn_field,corn_field,sun_acihqubetpwdeupe.jpg,test_seen_loc,3664,True,102
SUN,42,closed_world_seen_test,1003,3673,183,corn field,183,corn field,-1,,exact,True,True,R0076;R0077;R0082;R0091;R0113;R0129;R0138;R0152;R0156;R0157,31,False,False,False,c/corn_field/sun_ajuzlcryuuiwpwwh.jpg,c,corn_field,corn_field,sun_ajuzlcryuuiwpwwh.jpg,test_seen_loc,3673,True,102
SUN,42,closed_world_seen_test,1004,9529,476,pavilion,485,pig farm,-1,,exact,True,True,R0069;R0073;R0079;R0108;R0136;R0140;R0141;R0142;R0149;R0153,85,False,False,False,p/pavilion/sun_bqxsjluskqxvctgb.jpg,p,pavilion,pavilion,sun_bqxsjluskqxvctgb.jpg,test_seen_loc,9529,True,102
SUN,42,closed_world_seen_test,1005,9534,476,pavilion,653,tree house,-1,,exact,True,True,R0065;R0095;R0136;R0202;R0235;R0237;R0247;R0253;R0261;R0262,39,False,False,False,p/pavilion/sun_caofzdtixcbuodmj.jpg,p,pavilion,pavilion,sun_caofzdtixcbuodmj.jpg,test_seen_loc,9534,True,102
SUN,42,closed_world_seen_test,1006,9523,476,pavilion,318,hayfield,-1,,exact,True,True,R0067;R0079;R0123;R0135;R0136;R0141;R0142;R0153;R0159;R0181,41,False,False,False,p/pavilion/sun_barcvwmjjypcggay.jpg,p,pavilion,pavilion,sun_barcvwmjjypcggay.jpg,test_seen_loc,9523,True,102
SUN,42,closed_world_seen_test,1007,9522,476,pavilion,64,baseball field,-1,,exact,True,True,R0067;R0135;R0198;R0202;R0225;R0259;R0271;R0283;R0307;R0525,16,False,False,False,p/pavilion/sun_aydtdccrauyxvfuh.jpg,p,pavilion,pavilion,sun_aydtdccrauyxvfuh.jpg,test_seen_loc,9522,True,102
SUN,42,closed_world_seen_test,1008,5208,260,firing range outdoor,260,firing range outdoor,-1,,exact,True,True,R0120;R0274;R0297;R0300;R0306;R0322;R0323;R0336;R0337;R0338,73,False,False,False,f/firing_range/outdoor/sun_ajpbxbbgeuhbddor.jpg,f,firing_range/outdoor,outdoor,sun_ajpbxbbgeuhbddor.jpg,test_seen_loc,5208,True,102
SUN,42,closed_world_seen_test,1009,5219,260,firing range outdoor,600,stone circle,-1,,exact,True,True,R0046;R0135;R0154;R0184;R0213;R0224;R0225;R0236;R0239;R0245,29,False,False,False,f/firing_range/outdoor/sun_avrsnvdykybuqqfa.jpg,f,firing_range/outdoor,outdoor,sun_avrsnvdykybuqqfa.jpg,test_seen_loc,5219,True,102
SUN,42,closed_world_seen_test,1010,5203,260,firing range outdoor,260,firing range outdoor,-1,,exact,True,True,R0053;R0068;R0089;R0162;R0253;R0262;R0265;R0286;R0358;R0418,11,False,False,False,f/firing_range/outdoor/sun_aapsvianwapasleg.jpg,f,firing_range/outdoor,outdoor,sun_aapsvianwapasleg.jpg,test_seen_loc,5203,True,102
SUN,42,closed_world_seen_test,1011,5200,260,firing range outdoor,383,lecture room,-1,,exact,True,True,R0093;R0130;R0224;R0246;R0269;R0274;R0301;R0310;R0344;R0346,60,False,False,False,f/firing_range/outdoor/sun_aafhvzgdouuyajxy.jpg,f,firing_range/outdoor,outdoor,sun_aafhvzgdouuyajxy.jpg,test_seen_loc,5200,True,102
SUN,42,closed_world_seen_test,1012,1082,54,bamboo forest,54,bamboo forest,549,rope bridge,fallback,False,False,,0,True,False,False,b/bamboo_forest/sun_afprvphobqvkznoz.jpg,b,bamboo_forest,bamboo_forest,sun_afprvphobqvkznoz.jpg,test_seen_loc,1082,True,102
SUN,42,closed_world_seen_test,1013,1092,54,bamboo forest,54,bamboo forest,-1,,exact,True,True,R0063;R0070;R0071;R0076;R0077;R0080;R0087;R0091;R0109;R0122,43,False,False,False,b/bamboo_forest/sun_anldqwhbiesycnii.jpg,b,bamboo_forest,bamboo_forest,sun_anldqwhbiesycnii.jpg,test_seen_loc,1092,True,102
SUN,42,closed_world_seen_test,1014,1085,54,bamboo forest,54,bamboo forest,144,cavern indoor,fallback,False,False,,0,True,False,False,b/bamboo_forest/sun_agwumlukkevvvtnu.jpg,b,bamboo_forest,bamboo_forest,sun_agwumlukkevvvtnu.jpg,test_seen_loc,1085,True,102
SUN,42,closed_world_seen_test,1015,1081,54,bamboo forest,54,bamboo forest,-1,,exact,True,True,R0029;R0063;R0068;R0070;R0076;R0077;R0080;R0087;R0122;R0172,22,False,False,False,b/bamboo_forest/sun_adqwexgmrszlxecm.jpg,b,bamboo_forest,bamboo_forest,sun_adqwexgmrszlxecm.jpg,test_seen_loc,1081,True,102
SUN,42,closed_world_seen_test,1016,6958,347,industrial area,442,nuclear power plant outdoor,-1,,exact,True,True,R0078;R0253,2,False,False,False,i/industrial_area/sun_anqycnwopyuznocd.jpg,i,industrial_area,industrial_area,sun_anqycnwopyuznocd.jpg,test_seen_loc,6958,True,102
SUN,42,closed_world_seen_test,1017,6951,347,industrial area,453,oil refinery outdoor,-1,,exact,True,True,R0057;R0073;R0074;R0113;R0125;R0139;R0143;R0166;R0226;R0228,35,False,False,False,i/industrial_area/sun_airyxwdowmfjqkmc.jpg,i,industrial_area,industrial_area,sun_airyxwdowmfjqkmc.jpg,test_seen_loc,6951,True,102
SUN,42,closed_world_seen_test,1018,6946,347,industrial area,243,escalator outdoor,226,drill rig,exact,False,False,R0078,1,True,False,False,i/industrial_area/sun_aeixnusdrbpxrafi.jpg,i,industrial_area,industrial_area,sun_aeixnusdrbpxrafi.jpg,test_seen_loc,6946,True,102
SUN,42,closed_world_seen_test,1019,6957,347,industrial area,454,oilrig,-1,,exact,True,True,R0084;R0127;R0140;R0173;R0191;R0212;R0233;R0236;R0277;R0282,26,False,False,False,i/industrial_area/sun_anmhlgdnehbgfagi.jpg,i,industrial_area,industrial_area,sun_anmhlgdnehbgfagi.jpg,test_seen_loc,6957,True,102
SUN,42,closed_world_seen_test,1020,9703,485,pig farm,485,pig farm,-1,,exact,True,True,R0198;R0202;R0259;R0261;R0269;R0278;R0285;R0310;R0479;R0483,26,False,False,False,p/pig_farm/sun_ahsvwbwrnyobenxw.jpg,p,pig_farm,pig_farm,sun_ahsvwbwrnyobenxw.jpg,test_seen_loc,9703,True,102
SUN,42,closed_world_seen_test,1021,9702,485,pig farm,485,pig farm,-1,,exact,True,True,R0084;R0089;R0127;R0140;R0173;R0182;R0184;R0191;R0197;R0212,29,False,False,False,p/pig_farm/sun_aenkaheidweofvux.jpg,p,pig_farm,pig_farm,sun_aenkaheidweofvux.jpg,test_seen_loc,9702,True,102
SUN,42,closed_world_seen_test,1022,9700,485,pig farm,485,pig farm,161,circus tent outdoor,exact,False,False,R0018;R0140;R0192;R0246;R0274;R0307;R0346;R0483;R0495;R0511,18,True,False,False,p/pig_farm/sun_aahhomterhthdois.jpg,p,pig_farm,pig_farm,sun_aahhomterhthdois.jpg,test_seen_loc,9700,True,102
SUN,42,closed_world_seen_test,1023,9713,485,pig farm,485,pig farm,-1,,exact,True,True,R0043;R0068;R0202;R0253;R0261;R0262;R0269;R0284;R0285;R0286,36,False,False,False,p/pig_farm/sun_bmezuiiwxnnxotvt.jpg,p,pig_farm,pig_farm,sun_bmezuiiwxnnxotvt.jpg,test_seen_loc,9713,True,102
SUN,42,closed_world_seen_test,1024,5891,294,gatehouse,17,apse outdoor,-1,,exact,True,True,R0148;R0177;R0182;R0203;R0238;R0241;R0257;R0262;R0268;R0276,21,False,False,False,g/gatehouse/sun_bndgntbrlgtaapce.jpg,g,gatehouse,gatehouse,sun_bndgntbrlgtaapce.jpg,test_seen_loc,5891,True,102
SUN,42,closed_world_seen_test,1025,5886,294,gatehouse,139,castle,-1,,exact,True,True,R0052;R0093;R0130;R0146;R0173;R0182;R0184;R0191;R0197;R0213,71,False,False,False,g/gatehouse/sun_axtveyovnlkxwjcu.jpg,g,gatehouse,gatehouse,sun_axtveyovnlkxwjcu.jpg,test_seen_loc,5886,True,102
SUN,42,closed_world_seen_test,1026,5892,294,gatehouse,139,castle,-1,,exact,True,True,R0130;R0192;R0224;R0239;R0242;R0244;R0246;R0247;R0261;R0268,57,False,False,False,g/gatehouse/sun_bpcrgpuzlafpbxyp.jpg,g,gatehouse,gatehouse,sun_bpcrgpuzlafpbxyp.jpg,test_seen_loc,5892,True,102
SUN,42,closed_world_seen_test,1027,5898,294,gatehouse,279,fortress,-1,,exact,True,True,R0261;R0284;R0285;R0299;R0395;R0471;R0476;R0479;R0483;R0494,39,False,False,False,g/gatehouse/sun_byixbwqlnsgysvzg.jpg,g,gatehouse,gatehouse,sun_byixbwqlnsgysvzg.jpg,test_seen_loc,5898,True,102
SUN,42,closed_world_seen_test,1028,10794,539,restroom outdoor,461,outhouse outdoor,-1,,exact,True,True,R0043;R0068;R0190;R0238;R0241;R0247;R0253;R0257;R0261;R0262,34,False,False,False,r/restroom/outdoor/sun_arjaaimchggtagsl.jpg,r,restroom/outdoor,outdoor,sun_arjaaimchggtagsl.jpg,test_seen_loc,10794,True,102
SUN,42,closed_world_seen_test,1029,10793,539,restroom outdoor,480,phone booth,-1,,exact,True,True,R0043;R0093;R0130;R0184;R0192;R0198;R0203;R0213;R0224;R0239,80,False,False,False,r/restroom/outdoor/sun_aqgrgbrgrquckjet.jpg,r,restroom/outdoor,outdoor,sun_aqgrgbrgrquckjet.jpg,test_seen_loc,10793,True,102
SUN,42,closed_world_seen_test,1030,10789,539,restroom outdoor,207,desert sand,-1,,exact,True,True,R0073;R0124;R0140;R0148;R0216;R0220;R0228;R0241;R0250;R0254,24,False,False,False,r/restroom/outdoor/sun_akukhwosynzmxbgk.jpg,r,restroom/outdoor,outdoor,sun_akukhwosynzmxbgk.jpg,test_seen_loc,10789,True,102
SUN,42,closed_world_seen_test,1031,10782,539,restroom outdoor,346,igloo,-1,,exact,True,True,R0029;R0065;R0095;R0109;R0123;R0136;R0138;R0142;R0149;R0153,52,False,False,False,r/restroom/outdoor/sun_abaowwuobjatmvaj.jpg,r,restroom/outdoor,outdoor,sun_abaowwuobjatmvaj.jpg,test_seen_loc,10782,True,102
SUN,42,closed_world_seen_test,1032,3562,178,construction site,487,pilothouse outdoor,-1,,exact,True,True,R0173;R0191;R0233;R0277;R0282;R0305;R0330;R0356;R0414;R0423,37,False,False,False,c/construction_site/sun_aazrifsliwutqmce.jpg,c,construction_site,construction_site,sun_aazrifsliwutqmce.jpg,test_seen_loc,3562,True,102
SUN,42,closed_world_seen_test,1033,3564,178,construction site,125,canal urban,-1,,exact,True,True,R0146;R0222;R0259;R0262;R0282;R0300;R0306;R0323;R0344;R0354,59,False,False,False,c/construction_site/sun_abrhklzxqnxketlp.jpg,c,construction_site,construction_site,sun_abrhklzxqnxketlp.jpg,test_seen_loc,3564,True,102
SUN,42,closed_world_seen_test,1034,3560,178,construction site,583,skyscraper,-1,,exact,True,True,R0239;R0244;R0247;R0261;R0275;R0285;R0289;R0422;R0506;R0507,34,False,False,False,c/construction_site/sun_aafxbokpocfbqlmb.jpg,c,construction_site,construction_site,sun_aafxbokpocfbqlmb.jpg,test_seen_loc,3560,True,102
SUN,42,closed_world_seen_test,1035,3573,178,construction site,684,warehouse indoor,-1,,exact,True,True,R0089;R0127;R0154;R0166;R0169;R0177;R0182;R0203;R0223;R0232,20,False,False,False,c/construction_site/sun_ahndlqszdyjufigo.jpg,c,construction_site,construction_site,sun_ahndlqszdyjufigo.jpg,test_seen_loc,3573,True,102
SUN,42,closed_world_seen_test,1036,5862,293,gasworks,442,nuclear power plant outdoor,-1,,exact,True,True,R0084;R0089;R0173;R0191;R0212;R0233;R0236;R0262;R0265;R0282,29,False,False,False,g/gasworks/sun_aetojmprgkabmykj.jpg,g,gasworks,gasworks,sun_aetojmprgkabmykj.jpg,test_seen_loc,5862,True,102
SUN,42,closed_world_seen_test,1037,5879,293,gasworks,454,oilrig,-1,,exact,True,True,R0073;R0140;R0148;R0154;R0158;R0169;R0177;R0216;R0220;R0224,49,False,False,False,g/gasworks/sun_buxzvqvzyapxfdmj.jpg,g,gasworks,gasworks,sun_buxzvqvzyapxfdmj.jpg,test_seen_loc,5879,True,102
SUN,42,closed_world_seen_test,1038,5872,293,gasworks,583,skyscraper,-1,,exact,True,True,R0074;R0157;R0160;R0161;R0170;R0187;R0188;R0190;R0217;R0226,15,False,False,False,g/gasworks/sun_bjntoxeeavyhzizf.jpg,g,gasworks,gasworks,sun_bjntoxeeavyhzizf.jpg,test_seen_loc,5872,True,102
SUN,42,closed_world_seen_test,1039,5870,293,gasworks,454,oilrig,-1,,exact,True,True,R0069;R0073;R0075;R0078;R0086;R0157;R0250;R0264;R0305;R0309,37,False,False,False,g/gasworks/sun_biiaurikfswdfhju.jpg,g,gasworks,gasworks,sun_biiaurikfswdfhju.jpg,test_seen_loc,5870,True,102
SUN,42,closed_world_seen_test,1040,3960,198,dacha,335,hotel outdoor,-1,,exact,True,True,R0073;R0143;R0166;R0218;R0228;R0231;R0238;R0240;R0257;R0260,30,False,False,False,d/dacha/sun_addevinxoznkgydx.jpg,d,dacha,dacha,sun_addevinxoznkgydx.jpg,test_seen_loc,3960,True,102
SUN,42,closed_world_seen_test,1041,3961,198,dacha,159,church outdoor,-1,,exact,True,True,R0053;R0108;R0117;R0158;R0164;R0169;R0171;R0177;R0183;R0192,86,False,False,False,d/dacha/sun_aewxyefittzezdck.jpg,d,dacha,dacha,sun_aewxyefittzezdck.jpg,test_seen_loc,3961,True,102
SUN,42,closed_world_seen_test,1042,3968,198,dacha,346,igloo,-1,,exact,True,True,R0065;R0074;R0095;R0109;R0123;R0138;R0149;R0190;R0241;R0251,28,False,False,False,d/dacha/sun_asngcssdigvdtvnf.jpg,d,dacha,dacha,sun_asngcssdigvdtvnf.jpg,test_seen_loc,3968,True,102
SUN,42,closed_world_seen_test,1043,3967,198,dacha,402,manufactured home,-1,,exact,True,True,R0069;R0073;R0079;R0141;R0149;R0159;R0220;R0228;R0234;R0263,21,False,False,False,d/dacha/sun_arbbxtqfxjxldkaa.jpg,d,dacha,dacha,sun_arbbxtqfxjxldkaa.jpg,test_seen_loc,3967,True,102
SUN,42,closed_world_seen_test,1044,8821,441,nuclear power plant indoor,519,raft,-1,,exact,True,True,R0093;R0130;R0246;R0274;R0344;R0346;R0395;R0414;R0451;R0458,20,False,False,False,n/nuclear_power_plant/indoor/sun_acbgzljypfiyybcm.jpg,n,nuclear_power_plant/indoor,indoor,sun_acbgzljypfiyybcm.jpg,test_seen_loc,8821,True,102
SUN,42,closed_world_seen_test,1045,8831,441,nuclear power plant indoor,684,warehouse indoor,-1,,exact,True,True,R0206;R0277;R0336;R0337;R0385;R0386;R0422;R0437;R0452;R0479,43,False,False,False,n/nuclear_power_plant/indoor/sun_aincyuzzrtgxtphi.jpg,n,nuclear_power_plant/indoor,indoor,sun_aincyuzzrtgxtphi.jpg,test_seen_loc,8831,True,102
SUN,42,closed_world_seen_test,1046,8823,441,nuclear power plant indoor,706,winery,-1,,exact,True,True,R0302;R0303;R0304;R0314;R0317;R0318;R0331;R0333;R0335;R0341,44,False,False,False,n/nuclear_power_plant/indoor/sun_aennbxvspcrgbftq.jpg,n,nuclear_power_plant/indoor,indoor,sun_aennbxvspcrgbftq.jpg,test_seen_loc,8823,True,102
SUN,42,closed_world_seen_test,1047,8829,441,nuclear power plant indoor,675,veterinarians office,-1,,exact,True,True,R0196;R0225;R0297;R0302;R0303;R0304;R0308;R0311;R0314;R0315,235,False,False,False,n/nuclear_power_plant/indoor/sun_ahdklzszgipntqej.jpg,n,nuclear_power_plant/indoor,indoor,sun_ahdklzszgipntqej.jpg,test_seen_loc,8829,True,102
SUN,42,closed_world_seen_test,1048,5135,255,field road,255,field road,-1,,exact,True,True,R0078;R0082;R0109;R0129;R0157;R0160;R0161;R0167;R0168;R0174,17,False,False,False,f/field_road/sun_bdywmdadicudulis.jpg,f,field_road,field_road,sun_bdywmdadicudulis.jpg,test_seen_loc,5135,True,102
SUN,42,closed_world_seen_test,1049,5128,255,field road,255,field road,-1,,exact,True,True,R0015;R0056;R0073;R0074;R0079;R0082;R0123;R0129;R0138;R0141,13,False,False,False,f/field_road/sun_atwxidztexwlwsby.jpg,f,field_road,field_road,sun_atwxidztexwlwsby.jpg,test_seen_loc,5128,True,102
SUN,42,closed_world_seen_test,1050,5139,255,field road,255,field road,-1,,exact,True,True,R0024;R0063;R0070;R0071;R0080;R0082;R0087;R0091;R0109;R0119,42,False,False,False,f/field_road/sun_bsxhnikziexkuvri.jpg,f,field_road,field_road,sun_bsxhnikziexkuvri.jpg,test_seen_loc,5139,True,102
SUN,42,closed_world_seen_test,1051,5138,255,field road,255,field road,-1,,exact,True,True,R0063;R0070;R0071;R0076;R0077;R0080;R0082;R0087;R0091;R0109,54,False,False,False,f/field_road/sun_brzsrrnesbbttjft.jpg,f,field_road,field_road,sun_brzsrrnesbbttjft.jpg,test_seen_loc,5138,True,102
SUN,42,closed_world_seen_test,1052,7459,372,lab classroom,452,office cubicles,-1,,exact,True,True,R0252;R0277;R0305;R0314;R0317;R0325;R0329;R0330;R0334;R0335,124,False,False,False,l/lab_classroom/sun_bzyznfhiwysfifbs.jpg,l,lab_classroom,lab_classroom,sun_bzyznfhiwysfifbs.jpg,test_seen_loc,7459,True,102
SUN,42,closed_world_seen_test,1053,7453,372,lab classroom,383,lecture room,-1,,exact,True,True,R0297;R0300;R0302;R0303;R0304;R0306;R0308;R0311;R0314;R0315,241,False,False,False,l/lab_classroom/sun_bosajgjqjubsncyf.jpg,l,lab_classroom,lab_classroom,sun_bosajgjqjubsncyf.jpg,test_seen_loc,7453,True,102
SUN,42,closed_world_seen_test,1054,7452,372,lab classroom,675,veterinarians office,-1,,exact,True,True,R0252;R0300;R0302;R0303;R0304;R0306;R0308;R0311;R0312;R0315,179,False,False,False,l/lab_classroom/sun_boekdzokkkoylkvh.jpg,l,lab_classroom,lab_classroom,sun_boekdzokkkoylkvh.jpg,test_seen_loc,7452,True,102
SUN,42,closed_world_seen_test,1055,7445,372,lab classroom,399,machine shop,-1,,exact,True,True,R0314;R0335;R0340;R0350;R0351;R0352;R0361;R0362;R0363;R0368,85,False,False,False,l/lab_classroom/sun_amaeyuivtpgiakzk.jpg,l,lab_classroom,lab_classroom,sun_amaeyuivtpgiakzk.jpg,test_seen_loc,7445,True,102
SUN,42,closed_world_seen_test,1056,759,37,attic,192,crawl space,129,car interior backseat,exact,False,False,R0033;R0306;R0323;R0330;R0336;R0337;R0354;R0366;R0371;R0375,62,True,False,False,a/attic/sun_aqqdaikamaqoiaeo.jpg,a,attic,attic,sun_aqqdaikamaqoiaeo.jpg,test_seen_loc,759,True,102
SUN,42,closed_world_seen_test,1057,740,37,attic,192,crawl space,-1,,exact,True,True,R0300;R0304;R0306;R0308;R0311;R0315;R0320;R0322;R0323;R0324,135,False,False,False,a/attic/sun_acguewduixrezpch.jpg,a,attic,attic,sun_acguewduixrezpch.jpg,test_seen_loc,740,True,102
SUN,42,closed_world_seen_test,1058,755,37,attic,559,sauna,-1,,exact,True,True,R0222;R0274;R0305;R0336;R0337;R0344;R0371;R0386;R0395;R0414,90,False,False,False,a/attic/sun_anbrxoerjoivzqgq.jpg,a,attic,attic,sun_anbrxoerjoivzqgq.jpg,test_seen_loc,755,True,102
SUN,42,closed_world_seen_test,1059,745,37,attic,668,van interior,-1,,exact,True,True,R0140;R0256;R0277;R0283;R0292;R0297;R0303;R0307;R0308;R0311,154,False,False,False,a/attic/sun_aftkuntnrwjbmffw.jpg,a,attic,attic,sun_aftkuntnrwjbmffw.jpg,test_seen_loc,745,True,102
SUN,42,closed_world_seen_test,1060,7560,378,landfill,378,landfill,-1,,exact,True,True,R0091;R0139;R0156;R0174;R0175;R0183;R0199;R0204;R0211;R0219,15,False,False,False,l/landfill/sun_abqiejujwmlcpqng.jpg,l,landfill,landfill,sun_abqiejujwmlcpqng.jpg,test_seen_loc,7560,True,102
SUN,42,closed_world_seen_test,1061,7569,378,landfill,378,landfill,-1,,exact,True,True,R0074;R0078;R0157;R0160;R0161;R0170;R0187;R0188;R0217;R0226,13,False,False,False,l/landfill/sun_amlchdstzxnoukss.jpg,l,landfill,landfill,sun_amlchdstzxnoukss.jpg,test_seen_loc,7569,True,102
SUN,42,closed_world_seen_test,1062,7562,378,landfill,361,junk pile,131,caravansary,exact,False,False,R0262,1,True,False,False,l/landfill/sun_adwogsynruvzoypz.jpg,l,landfill,landfill,sun_adwogsynruvzoypz.jpg,test_seen_loc,7562,True,102
SUN,42,closed_world_seen_test,1063,7571,378,landfill,378,landfill,22,archaelogical excavation,exact,False,False,R0010;R0238;R0281,3,True,False,False,l/landfill/sun_annqxfjhqhxndvdm.jpg,l,landfill,landfill,sun_annqxfjhqhxndvdm.jpg,test_seen_loc,7571,True,102
SUN,42,closed_world_seen_test,1064,4579,228,driving range outdoor,228,driving range outdoor,586,soccer field,exact,False,False,R0012;R0013;R0020;R0023;R0037;R0042;R0044;R0049;R0067;R0079,48,True,False,False,d/driving_range/outdoor/sun_bzphpzkxuktcacsr.jpg,d,driving_range/outdoor,outdoor,sun_bzphpzkxuktcacsr.jpg,test_seen_loc,4579,True,102
SUN,42,closed_world_seen_test,1065,4565,228,driving range outdoor,600,stone circle,-1,,exact,True,True,R0056;R0082;R0123;R0129;R0159;R0189;R0235;R0279;R0280;R0289,13,False,False,False,d/driving_range/outdoor/sun_bfdztadsrkxzljlf.jpg,d,driving_range/outdoor,outdoor,sun_bfdztadsrkxzljlf.jpg,test_seen_loc,4565,True,102
SUN,42,closed_world_seen_test,1066,4567,228,driving range outdoor,664,underwater pool,-1,,exact,True,True,R0020;R0021;R0026;R0030;R0041;R0042;R0044;R0048;R0093;R0176,50,False,False,False,d/driving_range/outdoor/sun_bkpzrxytffohlpak.jpg,d,driving_range/outdoor,outdoor,sun_bkpzrxytffohlpak.jpg,test_seen_loc,4567,True,102
SUN,42,closed_world_seen_test,1067,4573,228,driving range outdoor,70,batters box,671,velodrome outdoor,exact,False,False,R0008;R0020;R0021;R0037;R0042;R0048;R0049;R0154;R0176;R0182,17,True,False,False,d/driving_range/outdoor/sun_btcgzgqvjwqlllqe.jpg,d,driving_range/outdoor,outdoor,sun_btcgzgqvjwqlllqe.jpg,test_seen_loc,4573,True,102
SUN,42,closed_world_seen_test,1068,5162,258,fire station,392,liquor store outdoor,-1,,exact,True,True,R0043;R0069;R0075;R0126;R0146;R0177;R0197;R0198;R0224;R0237,113,False,False,False,f/fire_station/sun_apkdsqjzfpplctpg.jpg,f,fire_station,fire_station,sun_apkdsqjzfpplctpg.jpg,test_seen_loc,5162,True,102
SUN,42,closed_world_seen_test,1069,5175,258,fire station,431,movie theater outdoor,-1,,exact,True,True,R0108;R0117;R0126;R0158;R0164;R0194;R0197;R0224;R0242;R0244,88,False,False,False,f/fire_station/sun_bjsofcyfjhxpqyiv.jpg,f,fire_station,fire_station,sun_bjsofcyfjhxpqyiv.jpg,test_seen_loc,5175,True,102
SUN,42,closed_world_seen_test,1070,5161,258,fire station,583,skyscraper,-1,,exact,True,True,R0052;R0075;R0126;R0146;R0198;R0237;R0244;R0247;R0250;R0259,85,False,False,False,f/fire_station/sun_aneojisyfuhmmeju.jpg,f,fire_station,fire_station,sun_aneojisyfuhmmeju.jpg,test_seen_loc,5161,True,102
SUN,42,closed_world_seen_test,1071,5160,258,fire station,188,courthouse,-1,,exact,True,True,R0075;R0108;R0158;R0177;R0224;R0231;R0238;R0242;R0244;R0247,55,False,False,False,f/fire_station/sun_anainkqdvktzoxyl.jpg,f,fire_station,fire_station,sun_anainkqdvktzoxyl.jpg,test_seen_loc,5160,True,102
SUN,42,closed_world_seen_test,1072,3708,185,corridor,185,corridor,-1,,exact,True,True,R0256;R0303;R0306;R0312;R0315;R0318;R0331;R0338;R0341;R0342,43,False,False,False,c/corridor/sun_adffomemukiksudl.jpg,c,corridor,corridor,sun_adffomemukiksudl.jpg,test_seen_loc,3708,True,102
SUN,42,closed_world_seen_test,1073,3711,185,corridor,185,corridor,-1,,exact,True,True,R0252;R0297;R0300;R0302;R0303;R0304;R0305;R0306;R0308;R0311,248,False,False,False,c/corridor/sun_adkcmqzckwcjggyl.jpg,c,corridor,corridor,sun_adkcmqzckwcjggyl.jpg,test_seen_loc,3711,True,102
SUN,42,closed_world_seen_test,1074,3713,185,corridor,480,phone booth,-1,,exact,True,True,R0031;R0222;R0277;R0319;R0330;R0353;R0356;R0387;R0408;R0409,46,False,False,False,c/corridor/sun_adqnchkyxriprisq.jpg,c,corridor,corridor,sun_adqnchkyxriprisq.jpg,test_seen_loc,3713,True,102
SUN,42,closed_world_seen_test,1075,3715,185,corridor,185,corridor,-1,,exact,True,True,R0225;R0256;R0302;R0303;R0315;R0317;R0318;R0319;R0320;R0322,119,False,False,False,c/corridor/sun_adxpuflgcckmzscp.jpg,c,corridor,corridor,sun_adxpuflgcckmzscp.jpg,test_seen_loc,3715,True,102
SUN,42,closed_world_seen_test,1076,10721,536,restaurant kitchen,536,restaurant kitchen,-1,,exact,True,True,R0302;R0303;R0304;R0308;R0311;R0315;R0317;R0318;R0319;R0320,171,False,False,False,r/restaurant_kitchen/sun_afpjzyvmoycbzqat.jpg,r,restaurant_kitchen,restaurant_kitchen,sun_afpjzyvmoycbzqat.jpg,test_seen_loc,10721,True,102
SUN,42,closed_world_seen_test,1077,10737,536,restaurant kitchen,464,pagoda,-1,,exact,True,True,R0303;R0318;R0331;R0341;R0359;R0360;R0370;R0372;R0375;R0404,15,False,False,False,r/restaurant_kitchen/sun_ateyppkahadbmgdk.jpg,r,restaurant_kitchen,restaurant_kitchen,sun_ateyppkahadbmgdk.jpg,test_seen_loc,10737,True,102
SUN,42,closed_world_seen_test,1078,10733,536,restaurant kitchen,49,bakery shop,-1,,exact,True,True,R0252;R0305;R0312;R0325;R0329;R0334;R0340;R0347;R0350;R0353,63,False,False,False,r/restaurant_kitchen/sun_aqgryzhqwubqystm.jpg,r,restaurant_kitchen,restaurant_kitchen,sun_aqgryzhqwubqystm.jpg,test_seen_loc,10733,True,102
SUN,42,closed_world_seen_test,1079,10720,536,restaurant kitchen,383,lecture room,-1,,exact,True,True,R0252;R0297;R0300;R0302;R0303;R0305;R0306;R0312;R0314;R0317,187,False,False,False,r/restaurant_kitchen/sun_aainymcaqysqtfjp.jpg,r,restaurant_kitchen,restaurant_kitchen,sun_aainymcaqysqtfjp.jpg,test_seen_loc,10720,True,102
SUN,42,closed_world_seen_test,1080,13255,662,underwater ocean deep,661,underwater kelp forest,661,underwater kelp forest,exact,False,False,R0007;R0054;R0055;R0060;R0062;R0072;R0088;R0096;R0097;R0098,25,True,False,True,u/underwater/ocean_deep/sun_aufltyunbkquxrih.jpg,u,underwater/ocean_deep,ocean_deep,sun_aufltyunbkquxrih.jpg,test_seen_loc,13255,True,102
SUN,42,closed_world_seen_test,1081,13258,662,underwater ocean deep,659,underwater coral reef,662,underwater ocean deep,exact,False,False,R0005;R0054;R0055;R0060;R0062;R0068;R0072;R0088;R0089;R0096,30,True,True,False,u/underwater/ocean_deep/sun_ayrmxqiwzactrpdi.jpg,u,underwater/ocean_deep,ocean_deep,sun_ayrmxqiwzactrpdi.jpg,test_seen_loc,13258,True,102
SUN,42,closed_world_seen_test,1082,13254,662,underwater ocean deep,661,underwater kelp forest,661,underwater kelp forest,exact,False,False,R0007;R0011;R0055;R0253,4,True,False,True,u/underwater/ocean_deep/sun_atfdpxrpkjwgeyxo.jpg,u,underwater/ocean_deep,ocean_deep,sun_atfdpxrpkjwgeyxo.jpg,test_seen_loc,13254,True,102
SUN,42,closed_world_seen_test,1083,13246,662,underwater ocean deep,664,underwater pool,13,amusement park,exact,False,False,R0127,1,True,False,False,u/underwater/ocean_deep/sun_aojrtoikxmtgzchi.jpg,u,underwater/ocean_deep,ocean_deep,sun_aojrtoikxmtgzchi.jpg,test_seen_loc,13246,True,102
SUN,42,closed_world_seen_test,1084,14150,707,witness stand,189,courtroom,-1,,exact,True,True,R0277;R0314;R0317;R0325;R0329;R0330;R0334;R0335;R0340;R0347,122,False,False,False,w/witness_stand/sun_aglnyhyggrjqxink.jpg,w,witness_stand,witness_stand,sun_aglnyhyggrjqxink.jpg,test_seen_loc,14150,True,102
SUN,42,closed_world_seen_test,1085,14148,707,witness stand,707,witness stand,-1,,exact,True,True,R0196;R0225;R0297;R0302;R0303;R0304;R0308;R0311;R0314;R0315,235,False,False,False,w/witness_stand/sun_afvmsdlraatxdcqf.jpg,w,witness_stand,witness_stand,sun_afvmsdlraatxdcqf.jpg,test_seen_loc,14148,True,102
SUN,42,closed_world_seen_test,1086,14145,707,witness stand,212,dinette vehicle,-1,,exact,True,True,R0338;R0360;R0395;R0464;R0471;R0497;R0500;R0506;R0507;R0508,33,False,False,False,w/witness_stand/sun_abyylaxmpugddouu.jpg,w,witness_stand,witness_stand,sun_abyylaxmpugddouu.jpg,test_seen_loc,14145,True,102
SUN,42,closed_world_seen_test,1087,14159,707,witness stand,707,witness stand,-1,,exact,True,True,R0277;R0297;R0302;R0303;R0304;R0308;R0311;R0314;R0315;R0317,240,False,False,False,w/witness_stand/sun_arvdoxgbnlwvdwen.jpg,w,witness_stand,witness_stand,sun_arvdoxgbnlwvdwen.jpg,test_seen_loc,14159,True,102
SUN,42,closed_world_seen_test,1088,370,18,aquarium,18,aquarium,595,stage outdoor,exact,False,False,R0046,1,True,False,False,a/aquarium/sun_aihewnwytpvwjnly.jpg,a,aquarium,aquarium,sun_aihewnwytpvwjnly.jpg,test_seen_loc,370,True,102
SUN,42,closed_world_seen_test,1089,378,18,aquarium,661,underwater kelp forest,661,underwater kelp forest,fallback,False,False,,0,True,False,True,a/aquarium/sun_aqonrzffktlccnjd.jpg,a,aquarium,aquarium,sun_aqonrzffktlccnjd.jpg,test_seen_loc,378,True,102
SUN,42,closed_world_seen_test,1090,374,18,aquarium,661,underwater kelp forest,-1,,exact,True,True,R0252;R0470,2,False,False,False,a/aquarium/sun_amtflpbvoixsltez.jpg,a,aquarium,aquarium,sun_amtflpbvoixsltez.jpg,test_seen_loc,374,True,102
SUN,42,closed_world_seen_test,1091,366,18,aquarium,661,underwater kelp forest,125,canal urban,fallback,False,False,,0,True,False,False,a/aquarium/sun_afvxbfryrzzpcifr.jpg,a,aquarium,aquarium,sun_afvxbfryrzzpcifr.jpg,test_seen_loc,366,True,102
SUN,42,closed_world_seen_test,1092,8004,400,manhole,400,manhole,-1,,exact,True,True,R0053;R0089;R0162;R0253;R0261;R0262;R0265;R0271;R0285;R0286,19,False,False,False,m/manhole/sun_bbasphceswhwwqvv.jpg,m,manhole,manhole,sun_bbasphceswhwwqvv.jpg,test_seen_loc,8004,True,102
SUN,42,closed_world_seen_test,1093,8015,400,manhole,373,labyrinth indoor,-1,,exact,True,True,R0046;R0093;R0130;R0182;R0184;R0192;R0198;R0213;R0225;R0239,44,False,False,False,m/manhole/sun_bvynalngsqjqdoxi.jpg,m,manhole,manhole,sun_bvynalngsqjqdoxi.jpg,test_seen_loc,8015,True,102
SUN,42,closed_world_seen_test,1094,8001,400,manhole,518,raceway,-1,,exact,True,True,R0084;R0135;R0154;R0184;R0191;R0196;R0213;R0225;R0227;R0233,15,False,False,False,m/manhole/sun_aqjsgpxkiqgfgrnd.jpg,m,manhole,manhole,sun_aqjsgpxkiqgfgrnd.jpg,test_seen_loc,8001,True,102
SUN,42,closed_world_seen_test,1095,8011,400,manhole,400,manhole,-1,,exact,True,True,R0061;R0112;R0120;R0134;R0144;R0145;R0206;R0244;R0247;R0250,83,False,False,False,m/manhole/sun_bphqewjcqmklgpjx.jpg,m,manhole,manhole,sun_bphqewjcqmklgpjx.jpg,test_seen_loc,8011,True,102
SUN,42,closed_world_seen_test,1096,3797,189,courtroom,371,kitchenette,-1,,exact,True,True,R0039;R0059;R0061;R0092;R0112;R0134;R0144;R0145;R0277;R0304,180,False,False,False,c/courtroom/sun_aqmfkmcrcpdihppq.jpg,c,courtroom,courtroom,sun_aqmfkmcrcpdihppq.jpg,test_seen_loc,3797,True,102
SUN,42,closed_world_seen_test,1097,3794,189,courtroom,189,courtroom,-1,,exact,True,True,R0039;R0040;R0059;R0061;R0092;R0112;R0134;R0144;R0145;R0277,249,False,False,False,c/courtroom/sun_aoiuwudutremmgal.jpg,c,courtroom,courtroom,sun_aoiuwudutremmgal.jpg,test_seen_loc,3794,True,102
SUN,42,closed_world_seen_test,1098,3788,189,courtroom,189,courtroom,-1,,exact,True,True,R0277;R0297;R0302;R0303;R0304;R0308;R0311;R0314;R0315;R0317,240,False,False,False,c/courtroom/sun_aireknfnjrapbgzb.jpg,c,courtroom,courtroom,sun_aireknfnjrapbgzb.jpg,test_seen_loc,3788,True,102
SUN,42,closed_world_seen_test,1099,3792,189,courtroom,69,bathroom,-1,,exact,True,True,R0277;R0304;R0308;R0311;R0314;R0315;R0317;R0320;R0322;R0324,204,False,False,False,c/courtroom/sun_amywvvnzddfwgope.jpg,c,courtroom,courtroom,sun_amywvvnzddfwgope.jpg,test_seen_loc,3792,True,102
SUN,42,closed_world_seen_test,1100,9983,499,poolroom establishment,499,poolroom establishment,-1,,exact,True,True,R0196;R0314;R0317;R0325;R0329;R0330;R0334;R0335;R0340;R0347,122,False,False,False,p/poolroom/establishment/sun_ahllzupburofmeus.jpg,p,poolroom/establishment,establishment,sun_ahllzupburofmeus.jpg,test_seen_loc,9983,True,102
SUN,42,closed_world_seen_test,1101,9981,499,poolroom establishment,499,poolroom establishment,-1,,exact,True,True,R0206;R0212;R0350;R0393;R0400;R0421;R0429;R0430;R0431;R0432,34,False,False,False,p/poolroom/establishment/sun_aaoqkmazvhvghlnh.jpg,p,poolroom/establishment,establishment,sun_aaoqkmazvhvghlnh.jpg,test_seen_loc,9981,True,102
SUN,42,closed_world_seen_test,1102,9998,499,poolroom establishment,499,poolroom establishment,-1,,exact,True,True,R0020;R0026;R0030;R0041;R0042;R0044;R0048;R0176;R0206;R0350,53,False,False,False,p/poolroom/establishment/sun_bctudjczgfdynsnd.jpg,p,poolroom/establishment,establishment,sun_bctudjczgfdynsnd.jpg,test_seen_loc,9998,True,102
SUN,42,closed_world_seen_test,1103,9992,499,poolroom establishment,499,poolroom establishment,-1,,exact,True,True,R0196;R0314;R0317;R0325;R0329;R0330;R0334;R0335;R0340;R0347,122,False,False,False,p/poolroom/establishment/sun_asaeliaouhtagsap.jpg,p,poolroom/establishment,establishment,sun_asaeliaouhtagsap.jpg,test_seen_loc,9992,True,102
SUN,42,closed_world_seen_test,1104,6694,335,hotel outdoor,514,quadrangle,-1,,exact,True,True,R0108;R0126;R0158;R0164;R0192;R0194;R0242;R0246;R0316;R0321,12,False,False,False,h/hotel/outdoor/sun_bcdjghgbkvgfptwi.jpg,h,hotel/outdoor,outdoor,sun_bcdjghgbkvgfptwi.jpg,test_seen_loc,6694,True,102
SUN,42,closed_world_seen_test,1105,6687,335,hotel outdoor,139,castle,-1,,exact,True,True,R0108;R0158;R0164;R0177;R0192;R0194;R0218;R0231;R0237;R0242,27,False,False,False,h/hotel/outdoor/sun_anupfqroxdnxqwlp.jpg,h,hotel/outdoor,outdoor,sun_anupfqroxdnxqwlp.jpg,test_seen_loc,6687,True,102
SUN,42,closed_world_seen_test,1106,6698,335,hotel outdoor,129,car interior backseat,-1,,exact,True,True,R0069;R0075;R0126;R0146;R0198;R0237;R0244;R0247;R0250;R0259,130,False,False,False,h/hotel/outdoor/sun_bebpznujeqjlxbny.jpg,h,hotel/outdoor,outdoor,sun_bebpznujeqjlxbny.jpg,test_seen_loc,6698,True,102
SUN,42,closed_world_seen_test,1107,6688,335,hotel outdoor,383,lecture room,-1,,exact,True,True,R0297;R0300;R0302;R0304;R0306;R0308;R0311;R0315;R0318;R0319,165,False,False,False,h/hotel/outdoor/sun_aqnkjuvqckgopoui.jpg,h,hotel/outdoor,outdoor,sun_aqnkjuvqckgopoui.jpg,test_seen_loc,6688,True,102
SUN,42,closed_world_seen_test,1108,1606,80,bedroom,79,bedchamber,-1,,exact,True,True,R0334;R0420,2,False,False,False,b/bedroom/sun_aanrntiofcptovst.jpg,b,bedroom,bedroom,sun_aanrntiofcptovst.jpg,test_seen_loc,1606,True,102
SUN,42,closed_world_seen_test,1109,1600,80,bedroom,80,bedroom,-1,,exact,True,True,R0256;R0277;R0297;R0303;R0311;R0314;R0315;R0318;R0320;R0322,135,False,False,False,b/bedroom/sun_aacglewqjbbpfkan.jpg,b,bedroom,bedroom,sun_aacglewqjbbpfkan.jpg,test_seen_loc,1600,True,102
SUN,42,closed_world_seen_test,1110,1609,80,bedroom,80,bedroom,-1,,exact,True,True,R0032;R0302;R0318;R0333;R0341;R0342;R0348;R0358;R0360;R0370,17,False,False,False,b/bedroom/sun_aaqyxzjyzoymmdun.jpg,b,bedroom,bedroom,sun_aaqyxzjyzoymmdun.jpg,test_seen_loc,1609,True,102
SUN,42,closed_world_seen_test,1111,1607,80,bedroom,80,bedroom,-1,,exact,True,True,R0297;R0300;R0302;R0303;R0306;R0314;R0315;R0317;R0318;R0319,191,False,False,False,b/bedroom/sun_aaptlpoqgubfcagt.jpg,b,bedroom,bedroom,sun_aaptlpoqgubfcagt.jpg,test_seen_loc,1607,True,102
SUN,42,closed_world_seen_test,1112,7284,364,kasbah,424,mosque outdoor,-1,,exact,True,True,R0146;R0233;R0239;R0262;R0366;R0385;R0386;R0422;R0504;R0531,14,False,False,False,k/kasbah/sun_ahipjfslerlncyrr.jpg,k,kasbah,kasbah,sun_ahipjfslerlncyrr.jpg,test_seen_loc,7284,True,102
SUN,42,closed_world_seen_test,1113,7291,364,kasbah,128,canyon,-1,,exact,True,True,R0034;R0094;R0103;R0104;R0105;R0106;R0107;R0114;R0115;R0116,63,False,False,False,k/kasbah/sun_aqmlugmbsjxynccv.jpg,k,kasbah,kasbah,sun_aqmlugmbsjxynccv.jpg,test_seen_loc,7291,True,102
SUN,42,closed_world_seen_test,1114,7288,364,kasbah,364,kasbah,-1,,exact,True,True,R0127;R0202;R0227;R0236;R0307;R0526,6,False,False,False,k/kasbah/sun_anlqlpdqdlajrebg.jpg,k,kasbah,kasbah,sun_anlqlpdqdlajrebg.jpg,test_seen_loc,7288,True,102
SUN,42,closed_world_seen_test,1115,7290,364,kasbah,139,castle,-1,,exact,True,True,R0117;R0171;R0190;R0202;R0217;R0218;R0231;R0237;R0238;R0247,56,False,False,False,k/kasbah/sun_apukqnfgjdzxgfdi.jpg,k,kasbah,kasbah,sun_apukqnfgjdzxgfdi.jpg,test_seen_loc,7290,True,102
SUN,42,closed_world_seen_test,1116,1326,66,basilica,220,donjon,417,moat dry,fallback,False,False,,0,True,False,False,b/basilica/sun_akjmijeyzuygqssj.jpg,b,basilica,basilica,sun_akjmijeyzuygqssj.jpg,test_seen_loc,1326,True,102
SUN,42,closed_world_seen_test,1117,1334,66,basilica,424,mosque outdoor,-1,,exact,True,True,R0069;R0075;R0093;R0148;R0177;R0197;R0238;R0241;R0250;R0257,43,False,False,False,b/basilica/sun_avqbjmuldnodjihr.jpg,b,basilica,basilica,sun_avqbjmuldnodjihr.jpg,test_seen_loc,1334,True,102
SUN,42,closed_world_seen_test,1118,1338,66,basilica,142,cathedral outdoor,-1,,exact,True,True,R0053;R0148;R0154;R0158;R0162;R0169;R0177;R0183;R0190;R0216,61,False,False,False,b/basilica/sun_bbnclssgozjvczty.jpg,b,basilica,basilica,sun_bbnclssgozjvczty.jpg,test_seen_loc,1338,True,102
SUN,42,closed_world_seen_test,1119,1323,66,basilica,159,church outdoor,-1,,exact,True,True,R0052;R0146;R0233;R0239;R0261;R0285;R0299;R0306;R0336;R0337,54,False,False,False,b/basilica/sun_aibpgpfcvafuvwpz.jpg,b,basilica,basilica,sun_aibpgpfcvafuvwpz.jpg,test_seen_loc,1323,True,102
SUN,42,closed_world_seen_test,1120,11546,577,skatepark,22,archaelogical excavation,-1,,exact,True,True,R0073;R0113;R0124;R0125;R0139;R0140;R0148;R0158;R0166;R0169,46,False,False,False,s/skatepark/sun_dlzfwhceveeezdxn.jpg,s,skatepark,skatepark,sun_dlzfwhceveeezdxn.jpg,test_seen_loc,11546,True,102
SUN,42,closed_world_seen_test,1121,11547,577,skatepark,207,desert sand,-1,,exact,True,True,R0078;R0157;R0160;R0161;R0170;R0187;R0188;R0217;R0226;R0229,13,False,False,False,s/skatepark/sun_dmrlifkpqbljpuxv.jpg,s,skatepark,skatepark,sun_dmrlifkpqbljpuxv.jpg,test_seen_loc,11547,True,102
SUN,42,closed_world_seen_test,1122,11542,577,skatepark,485,pig farm,81,beer garden,fallback,False,False,,0,True,False,False,s/skatepark/sun_dgppihvxqkehkatq.jpg,s,skatepark,skatepark,sun_dgppihvxqkehkatq.jpg,test_seen_loc,11542,True,102
SUN,42,closed_world_seen_test,1123,11556,577,skatepark,400,manhole,-1,,exact,True,True,R0074;R0166;R0260;R0263;R0266;R0273;R0279;R0288;R0293;R0294,13,False,False,False,s/skatepark/sun_dzhwswbvbqjxcroc.jpg,s,skatepark,skatepark,sun_dzhwswbvbqjxcroc.jpg,test_seen_loc,11556,True,102
SUN,42,closed_world_seen_test,1124,7200,360,joss house,634,throne room,-1,,exact,True,True,R0043;R0093;R0130;R0146;R0173;R0184;R0191;R0197;R0198;R0213,121,False,False,False,j/joss_house/sun_aboynujmunlzdewu.jpg,j,joss_house,joss_house,sun_aboynujmunlzdewu.jpg,test_seen_loc,7200,True,102
SUN,42,closed_world_seen_test,1125,7217,360,joss house,83,bell foundry,131,caravansary,exact,False,False,R0262,1,True,False,False,j/joss_house/sun_bmkwfgqixvqqzwdx.jpg,j,joss_house,joss_house,sun_bmkwfgqixvqqzwdx.jpg,test_seen_loc,7217,True,102
SUN,42,closed_world_seen_test,1126,7218,360,joss house,621,temple east asia,-1,,exact,True,True,R0146;R0192;R0224;R0233;R0239;R0245;R0246;R0261;R0262;R0269,56,False,False,False,j/joss_house/sun_bsigavcrdiwebhdd.jpg,j,joss_house,joss_house,sun_bsigavcrdiwebhdd.jpg,test_seen_loc,7218,True,102
SUN,42,closed_world_seen_test,1127,7213,360,joss house,480,phone booth,-1,,exact,True,True,R0093;R0130;R0224;R0246;R0269;R0274;R0301;R0310;R0344;R0346,65,False,False,False,j/joss_house/sun_bgsnzrakufkjtgxm.jpg,j,joss_house,joss_house,sun_bgsnzrakufkjtgxm.jpg,test_seen_loc,7213,True,102
SUN,42,closed_world_seen_test,1128,8842,442,nuclear power plant outdoor,648,train railway,-1,,exact,True,True,R0154;R0158;R0169;R0216;R0223;R0248;R0260;R0273;R0290;R0293,16,False,False,False,n/nuclear_power_plant/outdoor/sun_ackokaekpkiybclt.jpg,n,nuclear_power_plant/outdoor,outdoor,sun_ackokaekpkiybclt.jpg,test_seen_loc,8842,True,102
SUN,42,closed_world_seen_test,1129,8840,442,nuclear power plant outdoor,442,nuclear power plant outdoor,-1,,exact,True,True,R0024;R0160;R0161;R0170;R0187;R0188;R0190;R0217;R0229;R0231,32,False,False,False,n/nuclear_power_plant/outdoor/sun_aamjleslvkcrckft.jpg,n,nuclear_power_plant/outdoor,outdoor,sun_aamjleslvkcrckft.jpg,test_seen_loc,8840,True,102
SUN,42,closed_world_seen_test,1130,8843,442,nuclear power plant outdoor,491,planetarium outdoor,-1,,exact,True,True,R0069;R0073;R0108;R0117;R0140;R0143;R0158;R0164;R0169;R0194,65,False,False,False,n/nuclear_power_plant/outdoor/sun_aenpfucggsnactyl.jpg,n,nuclear_power_plant/outdoor,outdoor,sun_aenpfucggsnactyl.jpg,test_seen_loc,8843,True,102
SUN,42,closed_world_seen_test,1131,8846,442,nuclear power plant outdoor,583,skyscraper,-1,,exact,True,True,R0027;R0038;R0057;R0113;R0124;R0125;R0139;R0158;R0169;R0177,31,False,False,False,n/nuclear_power_plant/outdoor/sun_afzknoinqqraidtq.jpg,n,nuclear_power_plant/outdoor,outdoor,sun_afzknoinqqraidtq.jpg,test_seen_loc,8846,True,102
SUN,42,closed_world_seen_test,1132,7196,359,jewelry shop,49,bakery shop,-1,,exact,True,True,R0252;R0277;R0297;R0302;R0303;R0305;R0314;R0317;R0318;R0319,179,False,False,False,j/jewelry_shop/sun_anvlmogvyujhjwyl.jpg,j,jewelry_shop,jewelry_shop,sun_anvlmogvyujhjwyl.jpg,test_seen_loc,7196,True,102
SUN,42,closed_world_seen_test,1133,7193,359,jewelry shop,459,ossuary,-1,,exact,True,True,R0039;R0040;R0059;R0061;R0092;R0112;R0134;R0144;R0145;R0277,249,False,False,False,j/jewelry_shop/sun_amnhmyoycmnydjtm.jpg,j,jewelry_shop,jewelry_shop,sun_amnhmyoycmnydjtm.jpg,test_seen_loc,7193,True,102
SUN,42,closed_world_seen_test,1134,7181,359,jewelry shop,535,restaurant,-1,,exact,True,True,R0252;R0297;R0300;R0302;R0304;R0305;R0306;R0308;R0311;R0312,172,False,False,False,j/jewelry_shop/sun_afspylpdbbuqyxkm.jpg,j,jewelry_shop,jewelry_shop,sun_afspylpdbbuqyxkm.jpg,test_seen_loc,7181,True,102
SUN,42,closed_world_seen_test,1135,7197,359,jewelry shop,630,theater indoor round,-1,,exact,True,True,R0039;R0040;R0059;R0061;R0092;R0112;R0134;R0144;R0145;R0277,246,False,False,False,j/jewelry_shop/sun_anyvsjtyvecirrgg.jpg,j,jewelry_shop,jewelry_shop,sun_anyvsjtyvecirrgg.jpg,test_seen_loc,7197,True,102
SUN,42,closed_world_seen_test,1136,13144,657,tunnel rail outdoor,106,bridge,-1,,exact,True,True,R0093;R0130;R0146;R0173;R0182;R0184;R0191;R0197;R0198;R0213,85,False,False,False,t/tunnel/rail_outdoor/sun_agfiblfaxcboloke.jpg,t,tunnel/rail_outdoor,rail_outdoor,sun_agfiblfaxcboloke.jpg,test_seen_loc,13144,True,102
SUN,42,closed_world_seen_test,1137,13153,657,tunnel rail outdoor,380,laundromat,-1,,exact,True,True,R0047;R0068;R0166;R0238;R0262;R0265;R0291;R0309,8,False,False,False,t/tunnel/rail_outdoor/sun_anfatystkvbbwisj.jpg,t,tunnel/rail_outdoor,rail_outdoor,sun_anfatystkvbbwisj.jpg,test_seen_loc,13153,True,102
SUN,42,closed_world_seen_test,1138,13145,657,tunnel rail outdoor,219,dolmen,-1,,exact,True,True,R0127;R0261;R0285;R0292;R0479;R0545;R0577,7,False,False,False,t/tunnel/rail_outdoor/sun_agsotljklbpqwxii.jpg,t,tunnel/rail_outdoor,rail_outdoor,sun_agsotljklbpqwxii.jpg,test_seen_loc,13145,True,102
SUN,42,closed_world_seen_test,1139,13157,657,tunnel rail outdoor,520,railroad track,-1,,exact,True,True,R0029;R0063;R0070;R0071;R0076;R0077;R0080;R0087;R0091;R0109,61,False,False,False,t/tunnel/rail_outdoor/sun_avsitlpxhzjedxth.jpg,t,tunnel/rail_outdoor,rail_outdoor,sun_avsitlpxhzjedxth.jpg,test_seen_loc,13157,True,102
SUN,42,closed_world_seen_test,1140,8031,401,mansion,139,castle,-1,,exact,True,True,R0154;R0158;R0164;R0166;R0169;R0194;R0216;R0223;R0228;R0248,22,False,False,False,m/mansion/sun_bejxfasoqwyyqhqu.jpg,m,mansion,mansion,sun_bejxfasoqwyyqhqu.jpg,test_seen_loc,8031,True,102
SUN,42,closed_world_seen_test,1141,8024,401,mansion,139,castle,13,amusement park,exact,False,False,R0127,1,True,False,False,m/mansion/sun_akrofpzktunwqrkf.jpg,m,mansion,mansion,sun_akrofpzktunwqrkf.jpg,test_seen_loc,8024,True,102
SUN,42,closed_world_seen_test,1142,8030,401,mansion,299,geodesic dome outdoor,-1,,exact,True,True,R0148;R0158;R0177;R0231;R0238;R0241;R0254;R0257;R0309;R0312,26,False,False,False,m/mansion/sun_bdvuoabppjswkfht.jpg,m,mansion,mansion,sun_bdvuoabppjswkfht.jpg,test_seen_loc,8030,True,102
SUN,42,closed_world_seen_test,1143,8028,401,mansion,252,fence,-1,,exact,True,True,R0067;R0079;R0108;R0123;R0136;R0138;R0140;R0141;R0142;R0143,67,False,False,False,m/mansion/sun_baskgwbtstvsjhxz.jpg,m,mansion,mansion,sun_baskgwbtstvsjhxz.jpg,test_seen_loc,8028,True,102
SUN,42,closed_world_seen_test,1144,979,48,bakery kitchen,464,pagoda,-1,,exact,True,True,R0120;R0206;R0256;R0274;R0300;R0306;R0322;R0338;R0342;R0357,48,False,False,False,b/bakery/kitchen/sun_biqwfjflmtdxzyku.jpg,b,bakery/kitchen,kitchen,sun_biqwfjflmtdxzyku.jpg,test_seen_loc,979,True,102
SUN,42,closed_world_seen_test,1145,971,48,bakery kitchen,666,utility room,-1,,exact,True,True,R0256;R0277;R0297;R0303;R0305;R0314;R0318;R0320;R0331;R0335,96,False,False,False,b/bakery/kitchen/sun_amokqoqwmrfgcmbr.jpg,b,bakery/kitchen,kitchen,sun_amokqoqwmrfgcmbr.jpg,test_seen_loc,971,True,102
SUN,42,closed_world_seen_test,1146,960,48,bakery kitchen,48,bakery kitchen,-1,,exact,True,True,R0032;R0252;R0300;R0304;R0308;R0317;R0320;R0322;R0324;R0333,57,False,False,False,b/bakery/kitchen/sun_adrcfchcpaldecta.jpg,b,bakery/kitchen,kitchen,sun_adrcfchcpaldecta.jpg,test_seen_loc,960,True,102
SUN,42,closed_world_seen_test,1147,966,48,bakery kitchen,536,restaurant kitchen,-1,,exact,True,True,R0031;R0222;R0252;R0300;R0305;R0306;R0308;R0312;R0323;R0330,78,False,False,False,b/bakery/kitchen/sun_airnlvmwdsnehsww.jpg,b,bakery/kitchen,kitchen,sun_airnlvmwdsnehsww.jpg,test_seen_loc,966,True,102
SUN,42,closed_world_seen_test,1148,9844,492,plantation house,492,plantation house,-1,,exact,True,True,R0073;R0079;R0138;R0141;R0143;R0149;R0166;R0220;R0228;R0234,25,False,False,False,p/plantation_house/sun_aprgnedfkdunlpul.jpg,p,plantation_house,plantation_house,sun_aprgnedfkdunlpul.jpg,test_seen_loc,9844,True,102
SUN,42,closed_world_seen_test,1149,9840,492,plantation house,492,plantation house,-1,,exact,True,True,R0203;R0241;R0286;R0355;R0441,5,False,False,False,p/plantation_house/sun_aaydowdszmdseoio.jpg,p,plantation_house,plantation_house,sun_aaydowdszmdseoio.jpg,test_seen_loc,9840,True,102
SUN,42,closed_world_seen_test,1150,9858,492,plantation house,54,bamboo forest,-1,,exact,True,True,R0203;R0262;R0286;R0309;R0355;R0441,6,False,False,False,p/plantation_house/sun_bqkjesxtfjlzmmov.jpg,p,plantation_house,plantation_house,sun_bqkjesxtfjlzmmov.jpg,test_seen_loc,9858,True,102
SUN,42,closed_world_seen_test,1151,9842,492,plantation house,464,pagoda,-1,,exact,True,True,R0065;R0074;R0095;R0109;R0123;R0138;R0149;R0166;R0183;R0190,32,False,False,False,p/plantation_house/sun_alxxlgmferbuggeu.jpg,p,plantation_house,plantation_house,sun_alxxlgmferbuggeu.jpg,test_seen_loc,9842,True,102
SUN,42,closed_world_seen_test,1152,7717,385,library indoor,96,bookstore,-1,,exact,True,True,R0256;R0277;R0297;R0302;R0303;R0314;R0317;R0318;R0325;R0330,78,False,False,False,l/library/indoor/sun_atrimagcggwrxkuc.jpg,l,library/indoor,indoor,sun_atrimagcggwrxkuc.jpg,test_seen_loc,7717,True,102
SUN,42,closed_world_seen_test,1153,7719,385,library indoor,391,liquor store indoor,-1,,exact,True,True,R0314;R0335;R0340;R0350;R0351;R0352;R0361;R0362;R0363;R0368,85,False,False,False,l/library/indoor/sun_awjkfahnxssezioo.jpg,l,library/indoor,indoor,sun_awjkfahnxssezioo.jpg,test_seen_loc,7719,True,102
SUN,42,closed_world_seen_test,1154,7708,385,library indoor,96,bookstore,-1,,exact,True,True,R0032;R0252;R0300;R0302;R0303;R0314;R0317;R0318;R0319;R0320,63,False,False,False,l/library/indoor/sun_altzsxfweazxvpbz.jpg,l,library/indoor,indoor,sun_altzsxfweazxvpbz.jpg,test_seen_loc,7708,True,102
SUN,42,closed_world_seen_test,1155,7712,385,library indoor,96,bookstore,-1,,exact,True,True,R0277;R0297;R0302;R0303;R0304;R0308;R0314;R0315;R0317;R0318,215,False,False,False,l/library/indoor/sun_aqapfuocznmzopgp.jpg,l,library/indoor,indoor,sun_aqapfuocznmzopgp.jpg,test_seen_loc,7712,True,102
SUN,42,closed_world_seen_test,1156,1350,67,basketball court indoor,644,track outdoor,-1,,exact,True,True,R0035;R0036;R0044;R0045;R0048;R0051;R0061;R0092;R0134;R0395,42,False,False,False,b/basketball_court/indoor/sun_albsfojcplsnwtyb.jpg,b,basketball_court/indoor,indoor,sun_albsfojcplsnwtyb.jpg,test_seen_loc,1350,True,102
SUN,42,closed_world_seen_test,1157,1346,67,basketball court indoor,625,tennis court outdoor,-1,,exact,True,True,R0026;R0030;R0036;R0041;R0042;R0045;R0048;R0050;R0173;R0176,20,False,False,False,b/basketball_court/indoor/sun_afriqrbhufhxvjwc.jpg,b,basketball_court/indoor,indoor,sun_afriqrbhufhxvjwc.jpg,test_seen_loc,1346,True,102
SUN,42,closed_world_seen_test,1158,1359,67,basketball court indoor,406,martial arts gym,-1,,exact,True,True,R0020;R0026;R0030;R0041;R0042;R0044;R0048;R0176;R0297;R0302,241,False,False,False,b/basketball_court/indoor/sun_avbbetoeixwgbcfb.jpg,b,basketball_court/indoor,indoor,sun_avbbetoeixwgbcfb.jpg,test_seen_loc,1359,True,102
SUN,42,closed_world_seen_test,1159,1342,67,basketball court indoor,192,crawl space,-1,,exact,True,True,R0196;R0225;R0297;R0302;R0303;R0304;R0308;R0311;R0314;R0315,235,False,False,False,b/basketball_court/indoor/sun_abzlbbhpuztofkze.jpg,b,basketball_court/indoor,indoor,sun_abzlbbhpuztofkze.jpg,test_seen_loc,1342,True,102
SUN,42,closed_world_seen_test,1160,8930,446,oast house,198,dacha,-1,,exact,True,True,R0029;R0056;R0065;R0074;R0123;R0138;R0149;R0159;R0166;R0218,28,False,False,False,o/oast_house/sun_bdzglyrgzmefbxgc.jpg,o,oast_house,oast_house,sun_bdzglyrgzmefbxgc.jpg,test_seen_loc,8930,True,102
SUN,42,closed_world_seen_test,1161,8938,446,oast house,269,florist shop indoor,-1,,exact,True,True,R0056;R0065;R0067;R0123;R0159;R0162;R0218;R0240;R0254;R0263,22,False,False,False,o/oast_house/sun_buytmsgjrjdwnhlu.jpg,o,oast_house,oast_house,sun_buytmsgjrjdwnhlu.jpg,test_seen_loc,8938,True,102
SUN,42,closed_world_seen_test,1162,8926,446,oast house,159,church outdoor,-1,,exact,True,True,R0074;R0166;R0228;R0231;R0238;R0240;R0241;R0257;R0260;R0265,27,False,False,False,o/oast_house/sun_avyeungrlzyxqnaj.jpg,o,oast_house,oast_house,sun_avyeungrlzyxqnaj.jpg,test_seen_loc,8926,True,102
SUN,42,closed_world_seen_test,1163,8922,446,oast house,269,florist shop indoor,-1,,exact,True,True,R0043;R0069;R0198;R0237;R0238;R0247;R0257;R0259;R0261;R0262,46,False,False,False,o/oast_house/sun_anquqfgrpxvhsouv.jpg,o,oast_house,oast_house,sun_anquqfgrpxvhsouv.jpg,test_seen_loc,8922,True,102
SUN,42,closed_world_seen_test,1164,3354,167,cloister outdoor,167,cloister outdoor,-1,,exact,True,True,R0052;R0093;R0191;R0197;R0233;R0245;R0262;R0276;R0282;R0423,14,False,False,False,c/cloister/outdoor/sun_bmoprcytdsldjsow.jpg,c,cloister/outdoor,outdoor,sun_bmoprcytdsldjsow.jpg,test_seen_loc,3354,True,102
SUN,42,closed_world_seen_test,1165,3356,167,cloister outdoor,159,church outdoor,-1,,exact,True,True,R0043;R0192;R0203;R0224;R0239;R0245;R0246;R0261;R0269;R0276,54,False,False,False,c/cloister/outdoor/sun_btnkvrrwktfizonb.jpg,c,cloister/outdoor,outdoor,sun_btnkvrrwktfizonb.jpg,test_seen_loc,3356,True,102
SUN,42,closed_world_seen_test,1166,3345,167,cloister outdoor,167,cloister outdoor,-1,,exact,True,True,R0198;R0259;R0262;R0269;R0299;R0300;R0310;R0323;R0354;R0418,19,False,False,False,c/cloister/outdoor/sun_ajmkvjubdpqfeekr.jpg,c,cloister/outdoor,outdoor,sun_ajmkvjubdpqfeekr.jpg,test_seen_loc,3345,True,102
SUN,42,closed_world_seen_test,1167,3350,167,cloister outdoor,167,cloister outdoor,-1,,exact,True,True,R0182;R0264;R0268;R0281;R0313,5,False,False,False,c/cloister/outdoor/sun_bgfghckxllgaogeu.jpg,c,cloister/outdoor,outdoor,sun_bgfghckxllgaogeu.jpg,test_seen_loc,3350,True,102
SUN,42,closed_world_seen_test,1168,13290,664,underwater pool,373,labyrinth indoor,664,underwater pool,exact,False,False,R0001;R0014;R0019;R0135,4,True,True,False,u/underwater/pool/sun_bicoqvhupnhzydsz.jpg,u,underwater/pool,pool,sun_bicoqvhupnhzydsz.jpg,test_seen_loc,13290,True,102
SUN,42,closed_world_seen_test,1169,13298,664,underwater pool,373,labyrinth indoor,523,ramp,fallback,False,False,,0,True,False,False,u/underwater/pool/sun_bxtauhscxyxuxhaf.jpg,u,underwater/pool,pool,sun_bxtauhscxyxuxhaf.jpg,test_seen_loc,13298,True,102
SUN,42,closed_world_seen_test,1170,13280,664,underwater pool,664,underwater pool,664,underwater pool,exact,False,False,R0001;R0019;R0096;R0097;R0098;R0099;R0100;R0101;R0102;R0135,13,True,True,True,u/underwater/pool/sun_bbiyahpqcxfgkrmz.jpg,u,underwater/pool,pool,sun_bbiyahpqcxfgkrmz.jpg,test_seen_loc,13280,True,102
SUN,42,closed_world_seen_test,1171,13296,664,underwater pool,664,underwater pool,608,sun deck,fallback,False,False,,0,True,False,False,u/underwater/pool/sun_bsbbjnqferfoymer.jpg,u,underwater/pool,pool,sun_bsbbjnqferfoymer.jpg,test_seen_loc,13296,True,102
SUN,42,closed_world_seen_test,1172,12817,640,tower,424,mosque outdoor,-1,,exact,True,True,R0075;R0113;R0125;R0148;R0158;R0166;R0169;R0177;R0216;R0223,40,False,False,False,t/tower/sun_ambvmgbolcborzbd.jpg,t,tower,tower,sun_ambvmgbolcborzbd.jpg,test_seen_loc,12817,True,102
SUN,42,closed_world_seen_test,1173,12816,640,tower,464,pagoda,-1,,exact,True,True,R0157;R0170;R0187;R0188;R0226;R0229;R0321,7,False,False,False,t/tower/sun_altkfiythtxnptob.jpg,t,tower,tower,sun_altkfiythtxnptob.jpg,test_seen_loc,12816,True,102
SUN,42,closed_world_seen_test,1174,12800,640,tower,583,skyscraper,-1,,exact,True,True,R0113;R0125;R0139;R0148;R0158;R0166;R0169;R0177;R0216;R0226,33,False,False,False,t/tower/sun_aacaqgxndqtrtrxm.jpg,t,tower,tower,sun_aacaqgxndqtrtrxm.jpg,test_seen_loc,12800,True,102
SUN,42,closed_world_seen_test,1175,12812,640,tower,464,pagoda,-1,,exact,True,True,R0148;R0177;R0203;R0238;R0241;R0257;R0262;R0268;R0276;R0286,16,False,False,False,t/tower/sun_ajafuiqbiedangni.jpg,t,tower,tower,sun_ajafuiqbiedangni.jpg,test_seen_loc,12812,True,102
SUN,42,closed_world_seen_test,1176,3806,190,courtyard,601,street,-1,,exact,True,True,R0108;R0136;R0142;R0147;R0149;R0153;R0159;R0164;R0181;R0194,57,False,False,False,c/courtyard/sun_ddqdjkviwtgqyiyu.jpg,c,courtyard,courtyard,sun_ddqdjkviwtgqyiyu.jpg,test_seen_loc,3806,True,102
SUN,42,closed_world_seen_test,1177,3805,190,courtyard,502,portico,-1,,exact,True,True,R0052;R0075;R0093;R0177;R0182;R0197;R0238;R0250;R0262;R0264,32,False,False,False,c/courtyard/sun_ddjfsuppqjtqbtuq.jpg,c,courtyard,courtyard,sun_ddjfsuppqjtqbtuq.jpg,test_seen_loc,3805,True,102
SUN,42,closed_world_seen_test,1178,3808,190,courtyard,66,basilica,-1,,exact,True,True,R0108;R0244;R0247;R0270;R0275;R0280;R0321;R0336;R0337;R0343,33,False,False,False,c/courtyard/sun_djhferlwoxcoapts.jpg,c,courtyard,courtyard,sun_djhferlwoxcoapts.jpg,test_seen_loc,3808,True,102
SUN,42,closed_world_seen_test,1179,3810,190,courtyard,402,manufactured home,-1,,exact,True,True,R0069;R0073;R0075;R0079;R0138;R0140;R0141;R0143;R0148;R0149,32,False,False,False,c/courtyard/sun_djqtxjentimoaplx.jpg,c,courtyard,courtyard,sun_djqtxjentimoaplx.jpg,test_seen_loc,3810,True,102
SUN,42,closed_world_seen_test,1180,10040,502,portico,502,portico,-1,,exact,True,True,R0126;R0146;R0182;R0242;R0246;R0268;R0281;R0386;R0483;R0504,13,False,False,False,p/portico/sun_abbvjlhnjeepoocn.jpg,p,portico,portico,sun_abbvjlhnjeepoocn.jpg,test_seen_loc,10040,True,102
SUN,42,closed_world_seen_test,1181,10051,502,portico,502,portico,-1,,exact,True,True,R0052;R0075;R0177;R0182;R0197;R0250;R0264;R0268;R0276;R0281,20,False,False,False,p/portico/sun_bfdlezlsxntvbpry.jpg,p,portico,portico,sun_bfdlezlsxntvbpry.jpg,test_seen_loc,10051,True,102
SUN,42,closed_world_seen_test,1182,10045,502,portico,491,planetarium outdoor,-1,,exact,True,True,R0173;R0233;R0261;R0262;R0285;R0299;R0306;R0330;R0366;R0385,31,False,False,False,p/portico/sun_avdppyynaiesgill.jpg,p,portico,portico,sun_avdppyynaiesgill.jpg,test_seen_loc,10045,True,102
SUN,42,closed_world_seen_test,1183,10042,502,portico,424,mosque outdoor,-1,,exact,True,True,R0148;R0177;R0182;R0203;R0238;R0241;R0257;R0262;R0268;R0276,17,False,False,False,p/portico/sun_aeljvkxdileelrwy.jpg,p,portico,portico,sun_aeljvkxdileelrwy.jpg,test_seen_loc,10042,True,102
SUN,42,closed_world_seen_test,1184,5667,283,freeway,283,freeway,-1,,exact,True,True,R0069;R0073;R0108;R0117;R0126;R0158;R0164;R0170;R0187;R0188,97,False,False,False,f/freeway/sun_bgoysryngrqemfoa.jpg,f,freeway,freeway,sun_bgoysryngrqemfoa.jpg,test_seen_loc,5667,True,102
SUN,42,closed_world_seen_test,1185,5664,283,freeway,283,freeway,-1,,exact,True,True,R0108;R0112;R0117;R0124;R0126;R0135;R0143;R0158;R0164;R0169,74,False,False,False,f/freeway/sun_bbylneavuvfhcouo.jpg,f,freeway,freeway,sun_bbylneavuvfhcouo.jpg,test_seen_loc,5664,True,102
SUN,42,closed_world_seen_test,1186,5675,283,freeway,518,raceway,-1,,exact,True,True,R0069;R0073;R0108;R0117;R0140;R0158;R0164;R0169;R0194;R0212,93,False,False,False,f/freeway/sun_bsrcmkjmjjsvmjjd.jpg,f,freeway,freeway,sun_bsrcmkjmjjsvmjjd.jpg,test_seen_loc,5675,True,102
SUN,42,closed_world_seen_test,1187,5666,283,freeway,224,downtown,-1,,exact,True,True,R0028;R0124;R0125;R0135;R0139;R0158;R0166;R0169;R0196;R0197,31,False,False,False,f/freeway/sun_bfuaatjqrfgxqrin.jpg,f,freeway,freeway,sun_bfuaatjqrfgxqrin.jpg,test_seen_loc,5666,True,102
SUN,42,closed_world_seen_test,1188,6025,301,gift shop,96,bookstore,-1,,exact,True,True,R0256;R0305;R0312;R0314;R0335;R0340;R0351;R0352;R0361;R0362,76,False,False,False,g/gift_shop/sun_atmhjuamkqsofipd.jpg,g,gift_shop,gift_shop,sun_atmhjuamkqsofipd.jpg,test_seen_loc,6025,True,102
SUN,42,closed_world_seen_test,1189,6030,301,gift shop,168,closet,-1,,exact,True,True,R0196;R0314;R0335;R0340;R0350;R0351;R0352;R0361;R0362;R0363,86,False,False,False,g/gift_shop/sun_bfcmdrojsffdttzu.jpg,g,gift_shop,gift_shop,sun_bfcmdrojsffdttzu.jpg,test_seen_loc,6030,True,102
SUN,42,closed_world_seen_test,1190,6021,301,gift shop,49,bakery shop,-1,,exact,True,True,R0252;R0300;R0304;R0305;R0308;R0311;R0312;R0315;R0320;R0324,111,False,False,False,g/gift_shop/sun_abatrfotqsxxinou.jpg,g,gift_shop,gift_shop,sun_abatrfotqsxxinou.jpg,test_seen_loc,6021,True,102
SUN,42,closed_world_seen_test,1191,6028,301,gift shop,136,carrousel,-1,,exact,True,True,R0277;R0297;R0302;R0303;R0304;R0308;R0311;R0314;R0315;R0317,240,False,False,False,g/gift_shop/sun_bdzqtoorgthjonwj.jpg,g,gift_shop,gift_shop,sun_bdzqtoorgthjonwj.jpg,test_seen_loc,6028,True,102
SUN,42,closed_world_seen_test,1192,3141,157,childs room,494,playroom,-1,,exact,True,True,R0302;R0304;R0311;R0315;R0318;R0324;R0333;R0338;R0341;R0344,61,False,False,False,c/childs_room/sun_aayxgizfbvjzbdvl.jpg,c,childs_room,childs_room,sun_aayxgizfbvjzbdvl.jpg,test_seen_loc,3141,True,102
SUN,42,closed_world_seen_test,1193,3145,157,childs room,157,childs room,-1,,exact,True,True,R0252;R0305;R0314;R0317;R0325;R0329;R0330;R0334;R0335;R0340,123,False,False,False,c/childs_room/sun_ackdoxbzyliygdyw.jpg,c,childs_room,childs_room,sun_ackdoxbzyliygdyw.jpg,test_seen_loc,3145,True,102
SUN,42,closed_world_seen_test,1194,3150,157,childs room,157,childs room,-1,,exact,True,True,R0277;R0297;R0303;R0308;R0314;R0315;R0318;R0320;R0322;R0331,160,False,False,False,c/childs_room/sun_agjrsbknrngzzjwm.jpg,c,childs_room,childs_room,sun_agjrsbknrngzzjwm.jpg,test_seen_loc,3150,True,102
SUN,42,closed_world_seen_test,1195,3147,157,childs room,80,bedroom,-1,,exact,True,True,R0256;R0277;R0297;R0302;R0303;R0304;R0308;R0314;R0315;R0317,195,False,False,False,c/childs_room/sun_adwqqkpnurzkvqry.jpg,c,childs_room,childs_room,sun_adwqqkpnurzkvqry.jpg,test_seen_loc,3147,True,102
SUN,42,closed_world_seen_test,1196,3331,166,cloister indoor,141,cathedral indoor,-1,,exact,True,True,R0222;R0274;R0336;R0337;R0386;R0417;R0437;R0451;R0452;R0467,67,False,False,False,c/cloister/indoor/sun_alcmaxuoeqguveua.jpg,c,cloister/indoor,indoor,sun_alcmaxuoeqguveua.jpg,test_seen_loc,3331,True,102
SUN,42,closed_world_seen_test,1197,3339,166,cloister indoor,16,apse indoor,-1,,exact,True,True,R0300;R0418,2,False,False,False,c/cloister/indoor/sun_artvoxytkngribav.jpg,c,cloister/indoor,indoor,sun_artvoxytkngribav.jpg,test_seen_loc,3339,True,102
SUN,42,closed_world_seen_test,1198,3336,166,cloister indoor,243,escalator outdoor,-1,,exact,True,True,R0093;R0130;R0224;R0246;R0269;R0274;R0301;R0310;R0344;R0346,65,False,False,False,c/cloister/indoor/sun_aohdfimbatooysjo.jpg,c,cloister/indoor,indoor,sun_aohdfimbatooysjo.jpg,test_seen_loc,3336,True,102
SUN,42,closed_world_seen_test,1199,3330,166,cloister indoor,141,cathedral indoor,432,museum indoor,exact,False,False,R0454,1,True,False,False,c/cloister/indoor/sun_akvhvdrgnyuyvcdd.jpg,c,cloister/indoor,indoor,sun_akvhvdrgnyuyvcdd.jpg,test_seen_loc,3330,True,102
SUN,42,closed_world_seen_test,1200,10309,515,quay,125,canal urban,437,naval base,exact,False,False,R0006;R0019;R0064;R0081;R0083;R0086;R0096;R0097;R0098;R0099,27,True,False,False,q/quay/sun_ahbwhdemozdfldzn.jpg,q,quay,quay,sun_ahbwhdemozdfldzn.jpg,test_seen_loc,10309,True,102
SUN,42,closed_world_seen_test,1201,10310,515,quay,437,naval base,-1,,exact,True,True,R0016;R0017;R0069;R0073;R0083;R0151;R0158;R0170;R0187;R0188,27,False,False,False,q/quay/sun_ajnywkqkmtdsjzzl.jpg,q,quay,quay,sun_ajnywkqkmtdsjzzl.jpg,test_seen_loc,10310,True,102
SUN,42,closed_world_seen_test,1202,10300,515,quay,156,chicken farm outdoor,-1,,exact,True,True,R0081;R0083;R0111;R0131;R0150;R0151;R0170;R0187;R0188;R0195,14,False,False,False,q/quay/sun_aaehdjndfjypxzee.jpg,q,quay,quay,sun_aaehdjndfjypxzee.jpg,test_seen_loc,10300,True,102
SUN,42,closed_world_seen_test,1203,10311,515,quay,424,mosque outdoor,-1,,exact,True,True,R0124;R0158;R0169;R0177;R0216;R0228;R0231;R0240;R0248;R0255,34,False,False,False,q/quay/sun_akhavhbannvvnltz.jpg,q,quay,quay,sun_akhavhbannvvnltz.jpg,test_seen_loc,10311,True,102
SUN,42,closed_world_seen_test,1204,6219,310,gulch,426,mountain,-1,,exact,True,True,R0034;R0058;R0078;R0085;R0094;R0103;R0104;R0105;R0106;R0107,18,False,False,False,g/gulch/sun_byiuluumjysyfach.jpg,g,gulch,gulch,sun_byiuluumjysyfach.jpg,test_seen_loc,6219,True,102
SUN,42,closed_world_seen_test,1205,6209,310,gulch,22,archaelogical excavation,-1,,exact,True,True,R0034;R0058;R0089;R0103;R0104;R0105;R0106;R0107;R0114;R0115,29,False,False,False,g/gulch/sun_aynmddzockssyuxs.jpg,g,gulch,gulch,sun_aynmddzockssyuxs.jpg,test_seen_loc,6209,True,102
SUN,42,closed_world_seen_test,1206,6216,310,gulch,144,cavern indoor,-1,,exact,True,True,R0058;R0066;R0094;R0103;R0104;R0105;R0106;R0107;R0114;R0115,30,False,False,False,g/gulch/sun_bqkzgplfevxmnxfd.jpg,g,gulch,gulch,sun_bqkzgplfevxmnxfd.jpg,test_seen_loc,6216,True,102
SUN,42,closed_world_seen_test,1207,6204,310,gulch,708,woodland,-1,,exact,True,True,R0029;R0063;R0070;R0076;R0077;R0080;R0087;R0091;R0122;R0142,28,False,False,False,g/gulch/sun_apwzeyuudgmrjbhm.jpg,g,gulch,gulch,sun_apwzeyuudgmrjbhm.jpg,test_seen_loc,6204,True,102
SUN,42,closed_world_seen_test,1208,1667,83,bell foundry,434,music store,-1,,exact,True,True,R0084;R0089;R0140;R0191;R0197;R0203;R0233;R0236;R0245;R0249,15,False,False,False,b/bell_foundry/sun_atrwxphygxfdynkm.jpg,b,bell_foundry,bell_foundry,sun_atrwxphygxfdynkm.jpg,test_seen_loc,1667,True,102
SUN,42,closed_world_seen_test,1209,1669,83,bell foundry,83,bell foundry,-1,,exact,True,True,R0093;R0192;R0246;R0387;R0395;R0483;R0495;R0511;R0531;R0549,12,False,False,False,b/bell_foundry/sun_avgakmterkqkgyuq.jpg,b,bell_foundry,bell_foundry,sun_avgakmterkqkgyuq.jpg,test_seen_loc,1669,True,102
SUN,42,closed_world_seen_test,1210,1675,83,bell foundry,434,music store,-1,,exact,True,True,R0206;R0306;R0330;R0336;R0337;R0354;R0371;R0385;R0395;R0406,35,False,False,False,b/bell_foundry/sun_bmjtnmmfueunrlcj.jpg,b,bell_foundry,bell_foundry,sun_bmjtnmmfueunrlcj.jpg,test_seen_loc,1675,True,102
SUN,42,closed_world_seen_test,1211,1676,83,bell foundry,280,foundry indoor,-1,,exact,True,True,R0033;R0120;R0222;R0274;R0300;R0306;R0366;R0406;R0418;R0437,30,False,False,False,b/bell_foundry/sun_bnmmumkvkwttnmdz.jpg,b,bell_foundry,bell_foundry,sun_bnmmumkvkwttnmdz.jpg,test_seen_loc,1676,True,102
SUN,42,closed_world_seen_test,1212,8362,418,moat water,308,grotto,346,igloo,fallback,False,False,,0,True,False,False,m/moat/water/sun_atpcvhhbzocozxdn.jpg,m,moat/water,water,sun_atpcvhhbzocozxdn.jpg,test_seen_loc,8362,True,102
SUN,42,closed_world_seen_test,1213,8374,418,moat water,106,bridge,-1,,exact,True,True,R0084;R0127;R0233;R0236,4,False,False,False,m/moat/water/sun_botjrfafvwbvkrhf.jpg,m,moat/water,water,sun_botjrfafvwbvkrhf.jpg,test_seen_loc,8374,True,102
SUN,42,closed_world_seen_test,1214,8364,418,moat water,279,fortress,-1,,exact,True,True,R0022;R0027;R0054;R0057;R0072;R0113;R0118;R0125;R0131;R0139,50,False,False,False,m/moat/water/sun_bdpfqdnqmyyadoco.jpg,m,moat/water,water,sun_bdpfqdnqmyyadoco.jpg,test_seen_loc,8364,True,102
SUN,42,closed_world_seen_test,1215,8373,418,moat water,418,moat water,-1,,exact,True,True,R0071;R0081;R0082;R0083;R0090;R0095;R0109;R0111;R0123;R0129,28,False,False,False,m/moat/water/sun_bojvarghvsgqttof.jpg,m,moat/water,water,sun_bojvarghvsgqttof.jpg,test_seen_loc,8373,True,102
SUN,42,closed_world_seen_test,1216,3531,176,conference room,383,lecture room,-1,,exact,True,True,R0297;R0300;R0302;R0304;R0306;R0308;R0311;R0315;R0318;R0319,165,False,False,False,c/conference_room/sun_abqtbcykufozsweg.jpg,c,conference_room,conference_room,sun_abqtbcykufozsweg.jpg,test_seen_loc,3531,True,102
SUN,42,closed_world_seen_test,1217,3523,176,conference room,176,conference room,-1,,exact,True,True,R0277;R0297;R0302;R0303;R0304;R0308;R0311;R0314;R0317;R0318,217,False,False,False,c/conference_room/sun_aafrfibjhnddzfmv.jpg,c,conference_room,conference_room,sun_aafrfibjhnddzfmv.jpg,test_seen_loc,3523,True,102
SUN,42,closed_world_seen_test,1218,3527,176,conference room,383,lecture room,-1,,exact,True,True,R0277;R0297;R0302;R0303;R0304;R0308;R0311;R0314;R0315;R0317,240,False,False,False,c/conference_room/sun_abgkzubtvirfndbs.jpg,c,conference_room,conference_room,sun_abgkzubtvirfndbs.jpg,test_seen_loc,3527,True,102
SUN,42,closed_world_seen_test,1219,3524,176,conference room,383,lecture room,-1,,exact,True,True,R0297;R0300;R0302;R0303;R0304;R0306;R0308;R0311;R0314;R0315,241,False,False,False,c/conference_room/sun_aamauodiomfnnxwe.jpg,c,conference_room,conference_room,sun_aamauodiomfnnxwe.jpg,test_seen_loc,3524,True,102
SUN,42,closed_world_seen_test,1220,4547,227,driveway,277,formal garden,-1,,exact,True,True,R0015;R0074;R0095;R0109;R0123;R0136;R0138;R0149;R0166;R0181,19,False,False,False,d/driveway/sun_ajebiurepzdzjwvw.jpg,d,driveway,driveway,sun_ajebiurepzdzjwvw.jpg,test_seen_loc,4547,True,102
SUN,42,closed_world_seen_test,1221,4544,227,driveway,227,driveway,-1,,exact,True,True,R0056;R0073;R0074;R0079;R0123;R0135;R0141;R0149;R0166;R0228,11,False,False,False,d/driveway/sun_ahcasjjfkfyadged.jpg,d,driveway,driveway,sun_ahcasjjfkfyadged.jpg,test_seen_loc,4544,True,102
SUN,42,closed_world_seen_test,1222,4552,227,driveway,227,driveway,-1,,exact,True,True,R0069;R0136;R0198;R0202;R0235;R0259;R0284;R0289;R0476;R0494,17,False,False,False,d/driveway/sun_amitwsjccexqghom.jpg,d,driveway,driveway,sun_amitwsjccexqghom.jpg,test_seen_loc,4552,True,102
SUN,42,closed_world_seen_test,1223,4554,227,driveway,714,zen garden,161,circus tent outdoor,exact,False,False,R0018;R0227,2,True,False,False,d/driveway/sun_atjevcvrxjpeyoxz.jpg,d,driveway,driveway,sun_atjevcvrxjpeyoxz.jpg,test_seen_loc,4554,True,102
SUN,42,closed_world_seen_test,1224,6167,308,grotto,519,raft,144,cavern indoor,exact,False,False,R0009,1,True,False,False,g/grotto/sun_dfwntcxqrpmhtynl.jpg,g,grotto,grotto,sun_dfwntcxqrpmhtynl.jpg,test_seen_loc,6167,True,102
SUN,42,closed_world_seen_test,1225,6166,308,grotto,308,grotto,-1,,exact,True,True,R0054;R0055;R0060;R0062;R0064;R0072;R0081;R0083;R0086;R0088,58,False,False,False,g/grotto/sun_dfmaenydvowpmlbr.jpg,g,grotto,grotto,sun_dfmaenydvowpmlbr.jpg,test_seen_loc,6166,True,102
SUN,42,closed_world_seen_test,1226,6179,308,grotto,519,raft,-1,,exact,True,True,R0060;R0096;R0097;R0098;R0099;R0100;R0101;R0102;R0127;R0150,12,False,False,False,g/grotto/sun_dxvbplblyheafyie.jpg,g,grotto,grotto,sun_dxvbplblyheafyie.jpg,test_seen_loc,6179,True,102
SUN,42,closed_world_seen_test,1227,6168,308,grotto,308,grotto,144,cavern indoor,exact,False,False,R0009;R0025;R0055;R0060;R0062;R0096;R0097;R0098;R0099;R0100,16,True,False,False,g/grotto/sun_dikjqohuvwwivnad.jpg,g,grotto,grotto,sun_dikjqohuvwwivnad.jpg,test_seen_loc,6168,True,102
SUN,42,closed_world_seen_test,1228,9295,464,pagoda,464,pagoda,-1,,exact,True,True,R0018;R0053;R0075;R0113;R0124;R0125;R0139;R0158;R0169;R0177,34,False,False,False,p/pagoda/sun_bslmygwwvgibrwye.jpg,p,pagoda,pagoda,sun_bslmygwwvgibrwye.jpg,test_seen_loc,9295,True,102
SUN,42,closed_world_seen_test,1229,9298,464,pagoda,464,pagoda,-1,,exact,True,True,R0038;R0057;R0113;R0125;R0139;R0166;R0183;R0217;R0226;R0231,24,False,False,False,p/pagoda/sun_bvnjhuxwckhrwawx.jpg,p,pagoda,pagoda,sun_bvnjhuxwckhrwawx.jpg,test_seen_loc,9298,True,102
SUN,42,closed_world_seen_test,1230,9288,464,pagoda,464,pagoda,-1,,exact,True,True,R0120;R0197;R0222;R0274;R0452;R0467;R0498;R0509;R0519;R0520,19,False,False,False,p/pagoda/sun_blpdefmtmfjfoquo.jpg,p,pagoda,pagoda,sun_blpdefmtmfjfoquo.jpg,test_seen_loc,9288,True,102
SUN,42,closed_world_seen_test,1231,9284,464,pagoda,464,pagoda,-1,,exact,True,True,R0061;R0092;R0112;R0126;R0146;R0244;R0247;R0261;R0275;R0285,56,False,False,False,p/pagoda/sun_bhpptszomicfhdds.jpg,p,pagoda,pagoda,sun_bhpptszomicfhdds.jpg,test_seen_loc,9284,True,102
SUN,42,closed_world_seen_test,1232,12404,620,television studio,707,witness stand,-1,,exact,True,True,R0277;R0314;R0317;R0320;R0322;R0325;R0329;R0330;R0333;R0334,156,False,False,False,t/television_studio/sun_agbqmcapefrmkcmf.jpg,t,television_studio,television_studio,sun_agbqmcapefrmkcmf.jpg,test_seen_loc,12404,True,102
SUN,42,closed_world_seen_test,1233,12419,620,television studio,620,television studio,-1,,exact,True,True,R0196;R0225;R0297;R0302;R0303;R0304;R0308;R0311;R0314;R0315,235,False,False,False,t/television_studio/sun_arbfztvwxgyzmqpx.jpg,t,television_studio,television_studio,sun_arbfztvwxgyzmqpx.jpg,test_seen_loc,12419,True,102
SUN,42,closed_world_seen_test,1234,12400,620,television studio,706,winery,-1,,exact,True,True,R0277;R0314;R0317;R0325;R0329;R0330;R0334;R0335;R0340;R0347,122,False,False,False,t/television_studio/sun_abdmvstslruphwmc.jpg,t,television_studio,television_studio,sun_abdmvstslruphwmc.jpg,test_seen_loc,12400,True,102
SUN,42,closed_world_seen_test,1235,12413,620,television studio,660,underwater ice,-1,,exact,True,True,R0302;R0303;R0304;R0311;R0315;R0317;R0318;R0324;R0331;R0333,86,False,False,False,t/television_studio/sun_akjsmkzfeodaknof.jpg,t,television_studio,television_studio,sun_akjsmkzfeodaknof.jpg,test_seen_loc,12413,True,102
SUN,42,closed_world_seen_test,1236,4856,242,escalator indoor,242,escalator indoor,-1,,exact,True,True,R0043;R0203;R0261;R0269;R0278;R0284;R0285;R0310;R0406;R0476,26,False,False,False,e/escalator/indoor/sun_bpsylxgjxgsebslr.jpg,e,escalator/indoor,indoor,sun_bpsylxgjxgsebslr.jpg,test_seen_loc,4856,True,102
SUN,42,closed_world_seen_test,1237,4853,242,escalator indoor,242,escalator indoor,-1,,exact,True,True,R0202;R0269;R0310;R0471;R0500;R0528;R0535;R0537;R0545;R0546,19,False,False,False,e/escalator/indoor/sun_bkppbcspfdkylkhf.jpg,e,escalator/indoor,indoor,sun_bkppbcspfdkylkhf.jpg,test_seen_loc,4853,True,102
SUN,42,closed_world_seen_test,1238,4841,242,escalator indoor,606,subway station corridor,-1,,exact,True,True,R0031;R0222;R0277;R0308;R0319;R0330;R0336;R0337;R0344;R0353,123,False,False,False,e/escalator/indoor/sun_alzyegyliegcqexz.jpg,e,escalator/indoor,indoor,sun_alzyegyliegcqexz.jpg,test_seen_loc,4841,True,102
SUN,42,closed_world_seen_test,1239,4855,242,escalator indoor,242,escalator indoor,-1,,exact,True,True,R0256;R0277;R0297;R0303;R0311;R0314;R0315;R0318;R0324;R0331,90,False,False,False,e/escalator/indoor/sun_bpgynptjlnuamfgx.jpg,e,escalator/indoor,indoor,sun_bpgynptjlnuamfgx.jpg,test_seen_loc,4855,True,102
SUN,42,closed_world_seen_test,1240,9758,487,pilothouse outdoor,487,pilothouse outdoor,-1,,exact,True,True,R0017;R0084;R0089;R0173;R0191;R0212;R0233;R0236;R0262;R0265,21,False,False,False,p/pilothouse/outdoor/sun_btdlwgygdlwzenfo.jpg,p,pilothouse/outdoor,outdoor,sun_btdlwgygdlwzenfo.jpg,test_seen_loc,9758,True,102
SUN,42,closed_world_seen_test,1241,9745,487,pilothouse outdoor,687,water tower,-1,,exact,True,True,R0052;R0075;R0084;R0124;R0154;R0162;R0212;R0232;R0244;R0250,54,False,False,False,p/pilothouse/outdoor/sun_alhbowsngivguloh.jpg,p,pilothouse/outdoor,outdoor,sun_alhbowsngivguloh.jpg,test_seen_loc,9745,True,102
SUN,42,closed_world_seen_test,1242,9757,487,pilothouse outdoor,487,pilothouse outdoor,-1,,exact,True,True,R0069;R0075;R0084;R0089;R0124;R0143;R0166;R0212;R0223;R0232,30,False,False,False,p/pilothouse/outdoor/sun_brnwwcphhprorfyp.jpg,p,pilothouse/outdoor,outdoor,sun_brnwwcphhprorfyp.jpg,test_seen_loc,9757,True,102
SUN,42,closed_world_seen_test,1243,9740,487,pilothouse outdoor,129,car interior backseat,-1,,exact,True,True,R0196;R0314;R0315;R0335;R0340;R0350;R0351;R0352;R0361;R0362,94,False,False,False,p/pilothouse/outdoor/sun_acxgyfxjliodkkve.jpg,p,pilothouse/outdoor,outdoor,sun_acxgyfxjliodkkve.jpg,test_seen_loc,9740,True,102
SUN,42,closed_world_seen_test,1244,12617,630,theater indoor round,630,theater indoor round,-1,,exact,True,True,R0039;R0040;R0059;R0061;R0092;R0112;R0134;R0144;R0145;R0200,246,False,False,False,t/theater/indoor_round/sun_atkikmfqucurisnn.jpg,t,theater/indoor_round,indoor_round,sun_atkikmfqucurisnn.jpg,test_seen_loc,12617,True,102
SUN,42,closed_world_seen_test,1245,12603,630,theater indoor round,630,theater indoor round,-1,,exact,True,True,R0039;R0040;R0059;R0061;R0092;R0112;R0134;R0144;R0145;R0200,246,False,False,False,t/theater/indoor_round/sun_ahuvrexwqbbfcbze.jpg,t,theater/indoor_round,indoor_round,sun_ahuvrexwqbbfcbze.jpg,test_seen_loc,12603,True,102
SUN,42,closed_world_seen_test,1246,12605,630,theater indoor round,660,underwater ice,-1,,exact,True,True,R0092;R0483;R0535;R0568,4,False,False,False,t/theater/indoor_round/sun_aimidrgndcevespa.jpg,t,theater/indoor_round,indoor_round,sun_aimidrgndcevespa.jpg,test_seen_loc,12605,True,102
SUN,42,closed_world_seen_test,1247,12607,630,theater indoor round,630,theater indoor round,-1,,exact,True,True,R0039;R0040;R0059;R0061;R0092;R0112;R0134;R0144;R0145;R0277,246,False,False,False,t/theater/indoor_round/sun_ajukgisboypzmgaw.jpg,t,theater/indoor_round,indoor_round,sun_ajukgisboypzmgaw.jpg,test_seen_loc,12607,True,102
SUN,42,closed_world_seen_test,1248,6837,341,ice floe,519,raft,-1,,exact,True,True,R0064;R0083;R0086;R0096;R0097;R0098;R0099;R0100;R0101;R0102,19,False,False,False,i/ice_floe/sun_bbjlbsdrobxecyws.jpg,i,ice_floe,ice_floe,sun_bbjlbsdrobxecyws.jpg,test_seen_loc,6837,True,102
SUN,42,closed_world_seen_test,1249,6838,341,ice floe,714,zen garden,-1,,exact,True,True,R0025;R0034;R0058;R0066;R0088;R0094;R0128;R0139;R0178;R0179,28,False,False,False,i/ice_floe/sun_bbtnfwxqwubahivc.jpg,i,ice_floe,ice_floe,sun_bbtnfwxqwubahivc.jpg,test_seen_loc,6838,True,102
SUN,42,closed_world_seen_test,1250,6826,341,ice floe,373,labyrinth indoor,-1,,exact,True,True,R0025;R0055;R0060;R0062;R0088;R0096;R0097;R0098;R0099;R0100,18,False,False,False,i/ice_floe/sun_aexkzdpgihnucllw.jpg,i,ice_floe,ice_floe,sun_aexkzdpgihnucllw.jpg,test_seen_loc,6826,True,102
SUN,42,closed_world_seen_test,1251,6831,341,ice floe,346,igloo,-1,,exact,True,True,R0025;R0058;R0089;R0253;R0286,5,False,False,False,i/ice_floe/sun_akiuqqxhsdexvkwy.jpg,i,ice_floe,ice_floe,sun_akiuqqxhsdexvkwy.jpg,test_seen_loc,6831,True,102
SUN,42,closed_world_seen_test,1252,7684,384,levee,155,chicken farm indoor,-1,,exact,True,True,R0022;R0057;R0118;R0125;R0135;R0139;R0201;R0226;R0255;R0260,14,False,False,False,l/levee/sun_bbztxvkftawsuvfo.jpg,l,levee,levee,sun_bbztxvkftawsuvfo.jpg,test_seen_loc,7684,True,102
SUN,42,closed_world_seen_test,1253,7690,384,levee,73,bayou,-1,,exact,True,True,R0060;R0064;R0073;R0081;R0083;R0086;R0096;R0097;R0098;R0099,26,False,False,False,l/levee/sun_bepauysqtujndkdo.jpg,l,levee,levee,sun_bepauysqtujndkdo.jpg,test_seen_loc,7690,True,102
SUN,42,closed_world_seen_test,1254,7681,384,levee,73,bayou,-1,,exact,True,True,R0081;R0083;R0111;R0151;R0160;R0161;R0170;R0187;R0188;R0195,17,False,False,False,l/levee/sun_ajhsulqabapyraar.jpg,l,levee,levee,sun_ajhsulqabapyraar.jpg,test_seen_loc,7681,True,102
SUN,42,closed_world_seen_test,1255,7687,384,levee,232,earth fissure,-1,,exact,True,True,R0066;R0074;R0078;R0085;R0113;R0157;R0170;R0187;R0188;R0214,22,False,False,False,l/levee/sun_bdngdhxguaibwmpr.jpg,l,levee,levee,sun_bdngdhxguaibwmpr.jpg,test_seen_loc,7687,True,102
SUN,42,closed_world_seen_test,1256,618,30,art school,675,veterinarians office,675,veterinarians office,exact,False,False,R0032,1,True,False,True,a/art_school/sun_anlmazknobpwncwy.jpg,a,art_school,art_school,sun_anlmazknobpwncwy.jpg,test_seen_loc,618,True,102
SUN,42,closed_world_seen_test,1257,617,30,art school,707,witness stand,-1,,exact,True,True,R0252;R0256;R0297;R0300;R0302;R0303;R0304;R0305;R0306;R0308,205,False,False,False,a/art_school/sun_amfmnoyxsxhjllus.jpg,a,art_school,art_school,sun_amfmnoyxsxhjllus.jpg,test_seen_loc,617,True,102
SUN,42,closed_world_seen_test,1258,606,30,art school,434,music store,-1,,exact,True,True,R0252;R0297;R0300;R0302;R0303;R0304;R0305;R0306;R0308;R0311,248,False,False,False,a/art_school/sun_aerennixafdpnxyo.jpg,a,art_school,art_school,sun_aerennixafdpnxyo.jpg,test_seen_loc,606,True,102
SUN,42,closed_world_seen_test,1259,610,30,art school,43,backstage,-1,,exact,True,True,R0256;R0297;R0302;R0303;R0304;R0306;R0311;R0312;R0314;R0315,130,False,False,False,a/art_school/sun_agkpcfxsfasqsdro.jpg,a,art_school,art_school,sun_agkpcfxsfasqsdro.jpg,test_seen_loc,610,True,102
SUN,42,closed_world_seen_test,1260,1943,97,booth indoor,707,witness stand,626,tent indoor,exact,False,False,R0035;R0471;R0479;R0483;R0494;R0500;R0523;R0528;R0535;R0537,21,True,False,False,b/booth/indoor/sun_ahecchidhzhdjmvj.jpg,b,booth/indoor,indoor,sun_ahecchidhzhdjmvj.jpg,test_seen_loc,1943,True,102
SUN,42,closed_world_seen_test,1261,1948,97,booth indoor,496,podium indoor,-1,,exact,True,True,R0206;R0222;R0274;R0277;R0357;R0367;R0385;R0417;R0445;R0452,36,False,False,False,b/booth/indoor/sun_arkyvromsbadppod.jpg,b,booth/indoor,indoor,sun_arkyvromsbadppod.jpg,test_seen_loc,1948,True,102
SUN,42,closed_world_seen_test,1262,1956,97,booth indoor,19,aquatic theater,-1,,exact,True,True,R0061;R0093;R0344;R0414;R0458;R0459;R0558,7,False,False,False,b/booth/indoor/sun_bgegyyzibucdxila.jpg,b,booth/indoor,indoor,sun_bgegyyzibucdxila.jpg,test_seen_loc,1956,True,102
SUN,42,closed_world_seen_test,1263,1944,97,booth indoor,496,podium indoor,-1,,exact,True,True,R0256;R0274;R0322;R0338;R0357;R0367;R0383;R0384;R0429;R0445,38,False,False,False,b/booth/indoor/sun_akghahqmddmhmwne.jpg,b,booth/indoor,indoor,sun_akghahqmddmhmwne.jpg,test_seen_loc,1944,True,102
SUN,42,closed_world_seen_test,1264,3636,181,control tower outdoor,181,control tower outdoor,-1,,exact,True,True,R0038;R0052;R0084;R0124;R0162;R0232;R0239;R0366;R0385,9,False,False,False,c/control_tower/outdoor/sun_ajoccpdieovmhltn.jpg,c,control_tower/outdoor,outdoor,sun_ajoccpdieovmhltn.jpg,test_seen_loc,3636,True,102
SUN,42,closed_world_seen_test,1265,3624,181,control tower outdoor,687,water tower,-1,,exact,True,True,R0078;R0086;R0157;R0321;R0326;R0327;R0328;R0373;R0569;R0579,10,False,False,False,c/control_tower/outdoor/sun_adaqfiskofrlohzl.jpg,c,control_tower/outdoor,outdoor,sun_adaqfiskofrlohzl.jpg,test_seen_loc,3624,True,102
SUN,42,closed_world_seen_test,1266,3631,181,control tower outdoor,485,pig farm,-1,,exact,True,True,R0069;R0073;R0075;R0113;R0124;R0143;R0148;R0212;R0216;R0223,41,False,False,False,c/control_tower/outdoor/sun_ahhypvgxkkxdsuik.jpg,c,control_tower/outdoor,outdoor,sun_ahhypvgxkkxdsuik.jpg,test_seen_loc,3631,True,102
SUN,42,closed_world_seen_test,1267,3638,181,control tower outdoor,485,pig farm,-1,,exact,True,True,R0173;R0184;R0191;R0213;R0233;R0261;R0282;R0285;R0305;R0357,46,False,False,False,c/control_tower/outdoor/sun_alsqlrdsdylhfska.jpg,c,control_tower/outdoor,outdoor,sun_alsqlrdsdylhfska.jpg,test_seen_loc,3638,True,102
SUN,42,closed_world_seen_test,1268,9026,451,office building,470,parking garage outdoor,-1,,exact,True,True,R0108;R0117;R0124;R0126;R0135;R0158;R0164;R0169;R0194;R0196,106,False,False,False,o/office_building/sun_bdbkymqhrojsysnn.jpg,o,office_building,office_building,sun_bdbkymqhrojsysnn.jpg,test_seen_loc,9026,True,102
SUN,42,closed_world_seen_test,1269,9020,451,office building,491,planetarium outdoor,-1,,exact,True,True,R0052;R0075;R0126;R0146;R0198;R0237;R0244;R0247;R0250;R0259,101,False,False,False,o/office_building/sun_arfpkqtnyfgeoudk.jpg,o,office_building,office_building,sun_arfpkqtnyfgeoudk.jpg,test_seen_loc,9020,True,102
SUN,42,closed_world_seen_test,1270,9035,451,office building,583,skyscraper,-1,,exact,True,True,R0074;R0166;R0183;R0217;R0218;R0228;R0231;R0240;R0257;R0260,30,False,False,False,o/office_building/sun_bmsgzzvrrssktice.jpg,o,office_building,office_building,sun_bmsgzzvrrssktice.jpg,test_seen_loc,9035,True,102
SUN,42,closed_world_seen_test,1271,9027,451,office building,373,labyrinth indoor,-1,,exact,True,True,R0126;R0146;R0198;R0244;R0247;R0250;R0259;R0261;R0264;R0275,101,False,False,False,o/office_building/sun_bdqesqkqtpmavxyq.jpg,o,office_building,office_building,sun_bdqesqkqtpmavxyq.jpg,test_seen_loc,9027,True,102
SUN,42,closed_world_seen_test,1272,6811,340,hut,340,hut,-1,,exact,True,True,R0057;R0066;R0113;R0122;R0125;R0156;R0163;R0165;R0166;R0183,39,False,False,False,h/hut/sun_bebiysyfrjabbjcc.jpg,h,hut,hut,sun_bebiysyfrjabbjcc.jpg,test_seen_loc,6811,True,102
SUN,42,closed_world_seen_test,1273,6813,340,hut,340,hut,-1,,exact,True,True,R0109;R0136;R0142;R0149;R0153;R0159;R0162;R0165;R0171;R0172,74,False,False,False,h/hut/sun_bfujxmhydkfswceg.jpg,h,hut,hut,sun_bfujxmhydkfswceg.jpg,test_seen_loc,6813,True,102
SUN,42,closed_world_seen_test,1274,6807,340,hut,340,hut,-1,,exact,True,True,R0053;R0117;R0171;R0183;R0202;R0217;R0247;R0258;R0260;R0263,44,False,False,False,h/hut/sun_banfjbeiltkppkym.jpg,h,hut,hut,sun_banfjbeiltkppkym.jpg,test_seen_loc,6807,True,102
SUN,42,closed_world_seen_test,1275,6806,340,hut,340,hut,-1,,exact,True,True,R0053;R0068;R0162;R0238;R0261;R0262;R0265;R0285;R0291;R0292,15,False,False,False,h/hut/sun_avymmneskktkefob.jpg,h,hut,hut,sun_avymmneskktkefob.jpg,test_seen_loc,6806,True,102
SUN,42,closed_world_seen_test,1276,12239,611,swamp,611,swamp,-1,,exact,True,True,R0055;R0060;R0062;R0063;R0064;R0070;R0080;R0081;R0087;R0091,22,False,False,False,s/swamp/sun_ayjgoxehlvcavbnm.jpg,s,swamp,swamp,sun_ayjgoxehlvcavbnm.jpg,test_seen_loc,12239,True,102
SUN,42,closed_world_seen_test,1277,12238,611,swamp,73,bayou,-1,,exact,True,True,R0027;R0054;R0063;R0070;R0071;R0072;R0076;R0077;R0080;R0081,65,False,False,False,s/swamp/sun_axquqdamuigxcrli.jpg,s,swamp,swamp,sun_axquqdamuigxcrli.jpg,test_seen_loc,12238,True,102
SUN,42,closed_world_seen_test,1278,12230,611,swamp,611,swamp,-1,,exact,True,True,R0063;R0070;R0071;R0072;R0076;R0077;R0080;R0087;R0091;R0109,48,False,False,False,s/swamp/sun_aosdnsncidjlsigo.jpg,s,swamp,swamp,sun_aosdnsncidjlsigo.jpg,test_seen_loc,12230,True,102
SUN,42,closed_world_seen_test,1279,12221,611,swamp,611,swamp,-1,,exact,True,True,R0071;R0076;R0077;R0087;R0091;R0109;R0118;R0139;R0174;R0175,25,False,False,False,s/swamp/sun_afkbokgiheoaqqnu.jpg,s,swamp,swamp,sun_afkbokgiheoaqqnu.jpg,test_seen_loc,12221,True,102
SUN,42,closed_world_seen_test,1280,7850,392,liquor store outdoor,392,liquor store outdoor,-1,,exact,True,True,R0046;R0093;R0130;R0146;R0173;R0184;R0191;R0196;R0197;R0198,106,False,False,False,l/liquor_store/outdoor/sun_boprlbrzweviwgxo.jpg,l,liquor_store/outdoor,outdoor,sun_boprlbrzweviwgxo.jpg,test_seen_loc,7850,True,102
SUN,42,closed_world_seen_test,1281,7848,392,liquor store outdoor,297,general store outdoor,-1,,exact,True,True,R0053;R0069;R0073;R0075;R0108;R0117;R0158;R0162;R0164;R0169,120,False,False,False,l/liquor_store/outdoor/sun_bkanidkigdoebieu.jpg,l,liquor_store/outdoor,outdoor,sun_bkanidkigdoebieu.jpg,test_seen_loc,7848,True,102
SUN,42,closed_world_seen_test,1282,7853,392,liquor store outdoor,480,phone booth,-1,,exact,True,True,R0108;R0117;R0124;R0126;R0140;R0158;R0164;R0169;R0194;R0197,113,False,False,False,l/liquor_store/outdoor/sun_brxkqsmgyjacvvbf.jpg,l,liquor_store/outdoor,outdoor,sun_brxkqsmgyjacvvbf.jpg,test_seen_loc,7853,True,102
SUN,42,closed_world_seen_test,1283,7852,392,liquor store outdoor,392,liquor store outdoor,-1,,exact,True,True,R0043;R0069;R0075;R0177;R0198;R0224;R0237;R0238;R0242;R0244,85,False,False,False,l/liquor_store/outdoor/sun_bqjqmombgyxqydnu.jpg,l,liquor_store/outdoor,outdoor,sun_bqjqmombgyxqydnu.jpg,test_seen_loc,7852,True,102
SUN,42,closed_world_seen_test,1284,927,46,badminton court outdoor,34,athletic field outdoor,-1,,exact,True,True,R0015;R0109;R0135;R0136;R0138;R0142;R0149;R0153;R0159;R0165,39,False,False,False,b/badminton_court/outdoor/sun_aekpknawufhfoptf.jpg,b,badminton_court/outdoor,outdoor,sun_aekpknawufhfoptf.jpg,test_seen_loc,927,True,102
SUN,42,closed_world_seen_test,1285,938,46,badminton court outdoor,625,tennis court outdoor,-1,,exact,True,True,R0026;R0030;R0036;R0037;R0041;R0042;R0045;R0048;R0049;R0050,36,False,False,False,b/badminton_court/outdoor/sun_alqnbgceqibrtgkz.jpg,b,badminton_court/outdoor,outdoor,sun_alqnbgceqibrtgkz.jpg,test_seen_loc,938,True,102
SUN,42,closed_world_seen_test,1286,934,46,badminton court outdoor,34,athletic field outdoor,-1,,exact,True,True,R0008;R0012;R0013;R0020;R0023;R0030;R0037;R0042;R0044;R0048,79,False,False,False,b/badminton_court/outdoor/sun_aikwqmhmajinaowk.jpg,b,badminton_court/outdoor,outdoor,sun_aikwqmhmajinaowk.jpg,test_seen_loc,934,True,102
SUN,42,closed_world_seen_test,1287,926,46,badminton court outdoor,54,bamboo forest,-1,,exact,True,True,R0087;R0091;R0142;R0153;R0171;R0535;R0546;R0547;R0568;R0575,10,False,False,False,b/badminton_court/outdoor/sun_adrymvfjonrburiv.jpg,b,badminton_court/outdoor,outdoor,sun_adrymvfjonrburiv.jpg,test_seen_loc,926,True,102
SUN,42,closed_world_seen_test,1288,857,42,auto showroom,41,auto racing paddock,-1,,exact,True,True,R0035;R0356;R0395;R0477;R0495;R0511;R0516;R0542;R0573,9,False,False,False,a/auto_showroom/sun_bmvdxwuiciesoulh.jpg,a,auto_showroom,auto_showroom,sun_bmvdxwuiciesoulh.jpg,test_seen_loc,857,True,102
SUN,42,closed_world_seen_test,1289,845,42,auto showroom,168,closet,-1,,exact,True,True,R0256;R0277;R0314;R0335;R0340;R0351;R0352;R0361;R0362;R0363,75,False,False,False,a/auto_showroom/sun_atkfxhtawmounmmu.jpg,a,auto_showroom,auto_showroom,sun_atkfxhtawmounmmu.jpg,test_seen_loc,845,True,102
SUN,42,closed_world_seen_test,1290,850,42,auto showroom,129,car interior backseat,-1,,exact,True,True,R0302;R0304;R0308;R0311;R0315;R0318;R0319;R0320;R0322;R0324,108,False,False,False,a/auto_showroom/sun_bduluiozbwqtoeml.jpg,a,auto_showroom,auto_showroom,sun_bduluiozbwqtoeml.jpg,test_seen_loc,850,True,102
SUN,42,closed_world_seen_test,1291,859,42,auto showroom,518,raceway,-1,,exact,True,True,R0206;R0222;R0274;R0277;R0330;R0336;R0337;R0344;R0356;R0357,112,False,False,False,a/auto_showroom/sun_bozkabojwlnripdl.jpg,a,auto_showroom,auto_showroom,sun_bozkabojwlnripdl.jpg,test_seen_loc,859,True,102
SUN,42,closed_world_seen_test,1292,8914,445,oasis,581,ski slope,-1,,exact,True,True,R0058;R0063;R0070;R0071;R0076;R0077;R0080;R0082;R0087;R0091,56,False,False,False,o/oasis/sun_btamwjpzeaafrxvh.jpg,o,oasis,oasis,sun_btamwjpzeaafrxvh.jpg,test_seen_loc,8914,True,102
SUN,42,closed_world_seen_test,1293,8900,445,oasis,128,canyon,-1,,exact,True,True,R0034;R0066;R0085;R0094;R0103;R0104;R0105;R0106;R0107;R0114,64,False,False,False,o/oasis/sun_ajportkeachfhsxm.jpg,o,oasis,oasis,sun_ajportkeachfhsxm.jpg,test_seen_loc,8900,True,102
SUN,42,closed_world_seen_test,1294,8912,445,oasis,700,wheat field,-1,,exact,True,True,R0063;R0070;R0071;R0076;R0077;R0080;R0082;R0087;R0091;R0109,57,False,False,False,o/oasis/sun_bodhyuhlfkwmglwe.jpg,o,oasis,oasis,sun_bodhyuhlfkwmglwe.jpg,test_seen_loc,8912,True,102
SUN,42,closed_world_seen_test,1295,8909,445,oasis,73,bayou,-1,,exact,True,True,R0027;R0054;R0063;R0070;R0071;R0072;R0076;R0077;R0080;R0081,66,False,False,False,o/oasis/sun_bnraexygvjniilij.jpg,o,oasis,oasis,sun_bnraexygvjniilij.jpg,test_seen_loc,8909,True,102
SUN,42,closed_world_seen_test,1296,9914,495,plaza,373,labyrinth indoor,-1,,exact,True,True,R0074;R0092;R0135;R0166;R0183;R0217;R0258;R0260;R0263;R0266,16,False,False,False,p/plaza/sun_aymxfltdjzuidecw.jpg,p,plaza,plaza,sun_aymxfltdjzuidecw.jpg,test_seen_loc,9914,True,102
SUN,42,closed_world_seen_test,1297,9918,495,plaza,424,mosque outdoor,-1,,exact,True,True,R0069;R0073;R0124;R0126;R0140;R0143;R0154;R0158;R0164;R0166,43,False,False,False,p/plaza/sun_bnhsonyymzfctsnk.jpg,p,plaza,plaza,sun_bnhsonyymzfctsnk.jpg,test_seen_loc,9918,True,102
SUN,42,closed_world_seen_test,1298,9907,495,plaza,519,raft,-1,,exact,True,True,R0093;R0130;R0146;R0173;R0184;R0191;R0197;R0198;R0213;R0224,109,False,False,False,p/plaza/sun_amssjsdkulfashye.jpg,p,plaza,plaza,sun_amssjsdkulfashye.jpg,test_seen_loc,9907,True,102
SUN,42,closed_world_seen_test,1299,9913,495,plaza,514,quadrangle,-1,,exact,True,True,R0018;R0028;R0108;R0117;R0124;R0126;R0135;R0143;R0158;R0164,87,False,False,False,p/plaza/sun_axxevikioqnshuzk.jpg,p,plaza,plaza,sun_axxevikioqnshuzk.jpg,test_seen_loc,9913,True,102
SUN,42,closed_world_seen_test,1300,7018,350,inn outdoor,159,church outdoor,-1,,exact,True,True,R0043;R0093;R0126;R0130;R0146;R0177;R0182;R0192;R0197;R0203,56,False,False,False,i/inn/outdoor/sun_aqhnaqktatbixuib.jpg,i,inn/outdoor,outdoor,sun_aqhnaqktatbixuib.jpg,test_seen_loc,7018,True,102
SUN,42,closed_world_seen_test,1301,7009,350,inn outdoor,337,house,-1,,exact,True,True,R0069;R0073;R0075;R0108;R0117;R0158;R0164;R0177;R0194;R0218,95,False,False,False,i/inn/outdoor/sun_aiveggkmmrqwroej.jpg,i,inn/outdoor,outdoor,sun_aiveggkmmrqwroej.jpg,test_seen_loc,7009,True,102
SUN,42,closed_world_seen_test,1302,7010,350,inn outdoor,159,church outdoor,-1,,exact,True,True,R0136;R0147;R0203;R0235;R0237;R0247;R0261;R0262;R0275;R0284,37,False,False,False,i/inn/outdoor/sun_ajxfyvfeuymxrdiy.jpg,i,inn/outdoor,outdoor,sun_ajxfyvfeuymxrdiy.jpg,test_seen_loc,7010,True,102
SUN,42,closed_world_seen_test,1303,7002,350,inn outdoor,693,waterfall fan,-1,,exact,True,True,R0109;R0139;R0149;R0165;R0172;R0174;R0175;R0183;R0190;R0219,31,False,False,False,i/inn/outdoor/sun_aeerppyilprewekl.jpg,i,inn/outdoor,outdoor,sun_aeerppyilprewekl.jpg,test_seen_loc,7002,True,102
SUN,42,closed_world_seen_test,1304,14277,713,youth hostel,52,ball pit,-1,,exact,True,True,R0252;R0256;R0277;R0297;R0302;R0303;R0304;R0305;R0308;R0311,222,False,False,False,y/youth_hostel/sun_bjmsyanpnnlggdcn.jpg,y,youth_hostel,youth_hostel,sun_bjmsyanpnnlggdcn.jpg,test_seen_loc,14277,True,102
SUN,42,closed_world_seen_test,1305,14279,713,youth hostel,703,window seat,-1,,exact,True,True,R0196;R0225;R0256;R0304;R0308;R0311;R0314;R0317;R0320;R0322,165,False,False,False,y/youth_hostel/sun_bmfdoldgitelnmix.jpg,y,youth_hostel,youth_hostel,sun_bmfdoldgitelnmix.jpg,test_seen_loc,14279,True,102
SUN,42,closed_world_seen_test,1306,14273,713,youth hostel,707,witness stand,-1,,exact,True,True,R0252;R0297;R0300;R0302;R0303;R0304;R0305;R0306;R0308;R0311,248,False,False,False,y/youth_hostel/sun_bamerccwdeptadrz.jpg,y,youth_hostel,youth_hostel,sun_bamerccwdeptadrz.jpg,test_seen_loc,14273,True,102
SUN,42,closed_world_seen_test,1307,14268,713,youth hostel,80,bedroom,-1,,exact,True,True,R0252;R0277;R0297;R0302;R0303;R0304;R0305;R0308;R0311;R0314,243,False,False,False,y/youth_hostel/sun_augjvrtgppsyppzq.jpg,y,youth_hostel,youth_hostel,sun_augjvrtgppsyppzq.jpg,test_seen_loc,14268,True,102
SUN,42,closed_world_seen_test,1308,2501,125,canal urban,125,canal urban,-1,,exact,True,True,R0057;R0081;R0150,3,False,False,False,c/canal/urban/sun_aicbqnxkrtsjovoq.jpg,c,canal/urban,urban,sun_aicbqnxkrtsjovoq.jpg,test_seen_loc,2501,True,102
SUN,42,closed_world_seen_test,1309,2508,125,canal urban,519,raft,-1,,exact,True,True,R0017;R0019;R0022;R0060;R0072;R0073;R0081;R0096;R0097;R0098,60,False,False,False,c/canal/urban/sun_aogrpckmielbjqio.jpg,c,canal/urban,urban,sun_aogrpckmielbjqio.jpg,test_seen_loc,2508,True,102
SUN,42,closed_world_seen_test,1310,2510,125,canal urban,125,canal urban,-1,,exact,True,True,R0014;R0017;R0019;R0150;R0173;R0191;R0197;R0233;R0245;R0276,19,False,False,False,c/canal/urban/sun_aqvlqqorjorxjwnh.jpg,c,canal/urban,urban,sun_aqvlqqorjorxjwnh.jpg,test_seen_loc,2510,True,102
SUN,42,closed_world_seen_test,1311,2519,125,canal urban,73,bayou,437,naval base,exact,False,False,R0006;R0019;R0060;R0072;R0073;R0079;R0081;R0096;R0097;R0098,39,True,False,False,c/canal/urban/sun_bjgogzomarzvudzk.jpg,c,canal/urban,urban,sun_bjgogzomarzvudzk.jpg,test_seen_loc,2519,True,102
SUN,42,closed_world_seen_test,1312,13471,673,veranda,501,porch,-1,,exact,True,True,R0093;R0246;R0312;R0344;R0395;R0414;R0451;R0458;R0459;R0534,10,False,False,False,v/veranda/sun_aqgcopgqkxfdxadx.jpg,v,veranda,veranda,sun_aqgcopgqkxfdxadx.jpg,test_seen_loc,13471,True,102
SUN,42,closed_world_seen_test,1313,13460,673,veranda,269,florist shop indoor,-1,,exact,True,True,R0043;R0182;R0184;R0213;R0227;R0245;R0246;R0259;R0276;R0278,26,False,False,False,v/veranda/sun_aakufjwwckujsloy.jpg,v,veranda,veranda,sun_aakufjwwckujsloy.jpg,test_seen_loc,13460,True,102
SUN,42,closed_world_seen_test,1314,13464,673,veranda,653,tree house,-1,,exact,True,True,R0184;R0198;R0202;R0203;R0213;R0239;R0259;R0261;R0284;R0285,67,False,False,False,v/veranda/sun_ahboymhyarvmhzih.jpg,v,veranda,veranda,sun_ahboymhyarvmhzih.jpg,test_seen_loc,13464,True,102
SUN,42,closed_world_seen_test,1315,13468,673,veranda,519,raft,-1,,exact,True,True,R0197;R0222;R0417;R0490;R0495;R0498;R0509;R0511;R0519;R0520,15,False,False,False,v/veranda/sun_altisnhppmynsjtu.jpg,v,veranda,veranda,sun_altisnhppmynsjtu.jpg,test_seen_loc,13468,True,102
SUN,42,closed_world_seen_test,1316,12305,615,synagogue indoor,634,throne room,-1,,exact,True,True,R0093;R0197;R0325;R0329;R0334;R0340;R0347;R0350;R0353;R0368,62,False,False,False,s/synagogue/indoor/sun_amizunobhwnkgnvi.jpg,s,synagogue/indoor,indoor,sun_amizunobhwnkgnvi.jpg,test_seen_loc,12305,True,102
SUN,42,closed_world_seen_test,1317,12304,615,synagogue indoor,320,hedge maze,-1,,exact,True,True,R0304;R0311;R0324;R0325;R0329;R0334;R0340;R0344;R0347;R0350,76,False,False,False,s/synagogue/indoor/sun_akblywtrlpviwufe.jpg,s,synagogue/indoor,indoor,sun_akblywtrlpviwufe.jpg,test_seen_loc,12304,True,102
SUN,42,closed_world_seen_test,1318,12316,615,synagogue indoor,141,cathedral indoor,-1,,exact,True,True,R0039;R0040;R0059;R0061;R0092;R0112;R0134;R0144;R0145;R0277,249,False,False,False,s/synagogue/indoor/sun_byjphlswhnrxcymq.jpg,s,synagogue/indoor,indoor,sun_byjphlswhnrxcymq.jpg,test_seen_loc,12316,True,102
SUN,42,closed_world_seen_test,1319,12303,615,synagogue indoor,213,dining car,-1,,exact,True,True,R0277;R0297;R0302;R0303;R0304;R0308;R0314;R0315;R0317;R0318,215,False,False,False,s/synagogue/indoor/sun_ajklilomeiiowtpg.jpg,s,synagogue/indoor,indoor,sun_ajklilomeiiowtpg.jpg,test_seen_loc,12303,True,102
SUN,42,closed_world_seen_test,1320,11565,578,ski jump,626,tent indoor,-1,,exact,True,True,R0052;R0154;R0166;R0169;R0177;R0232;R0238;R0248;R0249;R0262,17,False,False,False,s/ski_jump/sun_bcnqrszitqwqanrp.jpg,s,ski_jump,ski_jump,sun_bcnqrszitqwqanrp.jpg,test_seen_loc,11565,True,102
SUN,42,closed_world_seen_test,1321,11577,578,ski jump,581,ski slope,-1,,exact,True,True,R0057;R0125;R0139;R0183;R0217;R0226;R0255;R0258;R0260;R0267,17,False,False,False,s/ski_jump/sun_btlidkoxhjhbkzsi.jpg,s,ski_jump,ski_jump,sun_btlidkoxhjhbkzsi.jpg,test_seen_loc,11577,True,102
SUN,42,closed_world_seen_test,1322,11569,578,ski jump,106,bridge,-1,,exact,True,True,R0027;R0078;R0113;R0157;R0160;R0161;R0170;R0187;R0188;R0217,16,False,False,False,s/ski_jump/sun_bgclmwaheocfjzyb.jpg,s,ski_jump,ski_jump,sun_bgclmwaheocfjzyb.jpg,test_seen_loc,11569,True,102
SUN,42,closed_world_seen_test,1323,11568,578,ski jump,346,igloo,226,drill rig,exact,False,False,R0078,1,True,False,False,s/ski_jump/sun_besrfhnbvstifnnt.jpg,s,ski_jump,ski_jump,sun_besrfhnbvstifnnt.jpg,test_seen_loc,11568,True,102
SUN,42,closed_world_seen_test,1324,4126,207,desert sand,207,desert sand,-1,,exact,True,True,R0034;R0085;R0094;R0103;R0104;R0105;R0106;R0107;R0114;R0115,51,False,False,False,d/desert/sand/sun_aeaqfuuzsgzdsjse.jpg,d,desert/sand,sand,sun_aeaqfuuzsgzdsjse.jpg,test_seen_loc,4126,True,102
SUN,42,closed_world_seen_test,1325,4133,207,desert sand,207,desert sand,-1,,exact,True,True,R0064;R0081;R0096;R0097;R0098;R0099;R0100;R0101;R0102;R0110,13,False,False,False,d/desert/sand/sun_aijjkofxcvbaoewh.jpg,d,desert/sand,sand,sun_aijjkofxcvbaoewh.jpg,test_seen_loc,4133,True,102
SUN,42,closed_world_seen_test,1326,4120,207,desert sand,557,sandbar,-1,,exact,True,True,R0054;R0055;R0072;R0086;R0088;R0090;R0131;R0151;R0157;R0160,36,False,False,False,d/desert/sand/sun_aahvhfbgsatvtmax.jpg,d,desert/sand,sand,sun_aahvhfbgsatvtmax.jpg,test_seen_loc,4120,True,102
SUN,42,closed_world_seen_test,1327,4134,207,desert sand,207,desert sand,-1,,exact,True,True,R0055;R0062;R0064;R0081;R0083;R0086;R0090;R0096;R0097;R0098,38,False,False,False,d/desert/sand/sun_aimopcdnurqckhhc.jpg,d,desert/sand,sand,sun_aimopcdnurqckhhc.jpg,test_seen_loc,4134,True,102
SUN,42,closed_world_seen_test,1328,9373,468,park,483,picnic area,-1,,exact,True,True,R0015;R0109;R0138;R0174;R0175;R0183;R0219;R0251;R0258;R0267,10,False,False,False,p/park/sun_aoyffqxeiwrlgllj.jpg,p,park,park,sun_aoyffqxeiwrlgllj.jpg,test_seen_loc,9373,True,102
SUN,42,closed_world_seen_test,1329,9370,468,park,556,sand trap,586,soccer field,exact,False,False,R0012;R0074;R0079;R0123;R0136;R0138;R0141;R0142;R0143;R0153,19,True,False,False,p/park/sun_ajyprtsjaqtldaiv.jpg,p,park,park,sun_ajyprtsjaqtldaiv.jpg,test_seen_loc,9370,True,102
SUN,42,closed_world_seen_test,1330,9369,468,park,187,cottage garden,-1,,exact,True,True,R0071;R0074;R0095;R0109;R0123;R0138;R0156;R0166;R0211;R0251,10,False,False,False,p/park/sun_ajozqjfbfretxedr.jpg,p,park,park,sun_ajozqjfbfretxedr.jpg,test_seen_loc,9369,True,102
SUN,42,closed_world_seen_test,1331,9374,468,park,468,park,-1,,exact,True,True,R0135;R0136;R0142;R0147;R0153;R0159;R0174;R0175;R0181;R0219,36,False,False,False,p/park/sun_apljakfjacurkjqd.jpg,p,park,park,sun_apljakfjacurkjqd.jpg,test_seen_loc,9374,True,102
SUN,42,closed_world_seen_test,1332,13859,692,waterfall cataract,696,wave,-1,,exact,True,True,R0054;R0055;R0060;R0062;R0088;R0090;R0096;R0097;R0098;R0099,29,False,False,False,w/waterfall/cataract/sun_bgrgnqpbzevumezv.jpg,w,waterfall/cataract,cataract,sun_bgrgnqpbzevumezv.jpg,test_seen_loc,13859,True,102
SUN,42,closed_world_seen_test,1333,13842,692,waterfall cataract,696,wave,-1,,exact,True,True,R0038;R0094;R0103;R0104;R0105;R0106;R0107;R0113;R0114;R0115,40,False,False,False,w/waterfall/cataract/sun_acnprwhovmguaeie.jpg,w,waterfall/cataract,cataract,sun_acnprwhovmguaeie.jpg,test_seen_loc,13842,True,102
SUN,42,closed_world_seen_test,1334,13843,692,waterfall cataract,692,waterfall cataract,-1,,exact,True,True,R0027;R0071;R0076;R0077;R0087;R0091;R0109;R0119;R0121;R0137,29,False,False,False,w/waterfall/cataract/sun_addjezlmejyekcyx.jpg,w,waterfall/cataract,cataract,sun_addjezlmejyekcyx.jpg,test_seen_loc,13843,True,102
SUN,42,closed_world_seen_test,1335,13857,692,waterfall cataract,690,waterfall block,-1,,exact,True,True,R0057;R0068;R0127,3,False,False,False,w/waterfall/cataract/sun_becpynhazdxerqrj.jpg,w,waterfall/cataract,cataract,sun_becpynhazdxerqrj.jpg,test_seen_loc,13857,True,102
SUN,42,closed_world_seen_test,1336,6196,309,guardhouse,402,manufactured home,-1,,exact,True,True,R0173;R0184;R0191;R0197;R0198;R0213;R0224;R0233;R0245;R0261,51,False,False,False,g/guardhouse/sun_bmkptzwjmzpbawam.jpg,g,guardhouse,guardhouse,sun_bmkptzwjmzpbawam.jpg,test_seen_loc,6196,True,102
SUN,42,closed_world_seen_test,1337,6183,309,guardhouse,687,water tower,-1,,exact,True,True,R0084;R0089;R0154;R0184;R0191;R0203;R0213;R0227;R0233;R0236,22,False,False,False,g/guardhouse/sun_alzoqkmxzhqqajio.jpg,g,guardhouse,guardhouse,sun_alzoqkmxzhqqajio.jpg,test_seen_loc,6183,True,102
SUN,42,closed_world_seen_test,1338,6191,309,guardhouse,502,portico,-1,,exact,True,True,R0043;R0069;R0075;R0093;R0146;R0148;R0177;R0197;R0238;R0241,58,False,False,False,g/guardhouse/sun_axnamumyensmdklc.jpg,g,guardhouse,guardhouse,sun_axnamumyensmdklc.jpg,test_seen_loc,6191,True,102
SUN,42,closed_world_seen_test,1339,6180,309,guardhouse,480,phone booth,-1,,exact,True,True,R0191;R0206;R0277;R0330;R0356;R0423;R0460;R0461;R0462;R0486,19,False,False,False,g/guardhouse/sun_adzbfjctbhiqijqj.jpg,g,guardhouse,guardhouse,sun_adzbfjctbhiqijqj.jpg,test_seen_loc,6180,True,102
SUN,42,closed_world_seen_test,1340,10658,532,repair shop,438,newsroom,-1,,exact,True,True,R0325;R0329;R0334;R0340;R0347;R0368;R0369;R0376;R0377;R0378,44,False,False,False,r/repair_shop/sun_awhgfewuoatdkrsu.jpg,r,repair_shop,repair_shop,sun_awhgfewuoatdkrsu.jpg,test_seen_loc,10658,True,102
SUN,42,closed_world_seen_test,1341,10645,532,repair shop,434,music store,-1,,exact,True,True,R0256;R0302;R0303;R0304;R0311;R0315;R0317;R0318;R0324;R0331,88,False,False,False,r/repair_shop/sun_alksklztsgvirrsw.jpg,r,repair_shop,repair_shop,sun_alksklztsgvirrsw.jpg,test_seen_loc,10645,True,102
SUN,42,closed_world_seen_test,1342,10640,532,repair shop,480,phone booth,129,car interior backseat,exact,False,False,R0033;R0206;R0306;R0323;R0330;R0336;R0337;R0354;R0366;R0371,37,True,False,False,r/repair_shop/sun_aaotgelvszyzkvek.jpg,r,repair_shop,repair_shop,sun_aaotgelvszyzkvek.jpg,test_seen_loc,10640,True,102
SUN,42,closed_world_seen_test,1343,10657,532,repair shop,380,laundromat,-1,,exact,True,True,R0252;R0297;R0300;R0302;R0303;R0304;R0305;R0306;R0308;R0311,248,False,False,False,r/repair_shop/sun_awhdqqrxweynmedm.jpg,r,repair_shop,repair_shop,sun_awhdqqrxweynmedm.jpg,test_seen_loc,10657,True,102
SUN,42,closed_world_seen_test,1344,9976,498,pond,73,bayou,-1,,exact,True,True,R0054;R0055;R0060;R0062;R0063;R0064;R0070;R0071;R0072;R0076,78,False,False,False,p/pond/sun_bwmnzbjwasmednqy.jpg,p,pond,pond,sun_bwmnzbjwasmednqy.jpg,test_seen_loc,9976,True,102
SUN,42,closed_world_seen_test,1345,9964,498,pond,611,swamp,-1,,exact,True,True,R0027;R0054;R0063;R0070;R0071;R0072;R0076;R0077;R0080;R0081,66,False,False,False,p/pond/sun_bfxrzhwspffgwqyl.jpg,p,pond,pond,sun_bfxrzhwspffgwqyl.jpg,test_seen_loc,9964,True,102
SUN,42,closed_world_seen_test,1346,9960,498,pond,275,forest path,-1,,exact,True,True,R0027;R0063;R0070;R0071;R0076;R0077;R0078;R0080;R0082;R0087,56,False,False,False,p/pond/sun_abuulrqoifrmacrb.jpg,p,pond,pond,sun_abuulrqoifrmacrb.jpg,test_seen_loc,9960,True,102
SUN,42,closed_world_seen_test,1347,9966,498,pond,73,bayou,-1,,exact,True,True,R0055;R0056;R0060;R0062;R0064;R0065;R0072;R0073;R0079;R0081,52,False,False,False,p/pond/sun_bhynyyyccpksgwiv.jpg,p,pond,pond,sun_bhynyyyccpksgwiv.jpg,test_seen_loc,9966,True,102
SUN,42,closed_world_seen_test,1348,4949,247,factory indoor,41,auto racing paddock,-1,,exact,True,True,R0196;R0206;R0222;R0225;R0274;R0330;R0336;R0337;R0344;R0356,107,False,False,False,f/factory/indoor/sun_bdrlchgxundfkhzt.jpg,f,factory/indoor,indoor,sun_bdrlchgxundfkhzt.jpg,test_seen_loc,4949,True,102
SUN,42,closed_world_seen_test,1349,4956,247,factory indoor,242,escalator indoor,-1,,exact,True,True,R0196;R0206;R0385;R0437;R0452;R0508;R0530;R0540;R0560;R0572,11,False,False,False,f/factory/indoor/sun_bxipjwerkfcyzyri.jpg,f,factory/indoor,indoor,sun_bxipjwerkfcyzyri.jpg,test_seen_loc,4956,True,102
SUN,42,closed_world_seen_test,1350,4942,247,factory indoor,546,rolling mill,-1,,exact,True,True,R0297;R0300;R0302;R0303;R0304;R0306;R0308;R0311;R0314;R0315,241,False,False,False,f/factory/indoor/sun_amslnflucdfoeusr.jpg,f,factory/indoor,indoor,sun_amslnflucdfoeusr.jpg,test_seen_loc,4942,True,102
SUN,42,closed_world_seen_test,1351,4959,247,factory indoor,593,stadium soccer,-1,,exact,True,True,R0026;R0036;R0041;R0044;R0045;R0048;R0051;R0112;R0134;R0144,38,False,False,False,f/factory/indoor/sun_dinzsuyqmvivfebn.jpg,f,factory/indoor,indoor,sun_dinzsuyqmvivfebn.jpg,test_seen_loc,4959,True,102
SUN,42,closed_world_seen_test,1352,10254,512,pump room,540,revolving door,-1,,exact,True,True,R0196;R0206;R0222;R0225;R0274;R0305;R0330;R0336;R0337;R0344,109,False,False,False,p/pump_room/sun_bjnyxybxeprcjcnb.jpg,p,pump_room,pump_room,sun_bjnyxybxeprcjcnb.jpg,test_seen_loc,10254,True,102
SUN,42,closed_world_seen_test,1353,10253,512,pump room,706,winery,-1,,exact,True,True,R0297;R0300;R0302;R0303;R0304;R0306;R0308;R0311;R0314;R0315,241,False,False,False,p/pump_room/sun_bdfljkoufdijotep.jpg,p,pump_room,pump_room,sun_bdfljkoufdijotep.jpg,test_seen_loc,10253,True,102
SUN,42,closed_world_seen_test,1354,10248,512,pump room,241,engine room,-1,,exact,True,True,R0256;R0297;R0300;R0303;R0306;R0314;R0315;R0318;R0320;R0322,129,False,False,False,p/pump_room/sun_anvlvhtmyhuielai.jpg,p,pump_room,pump_room,sun_anvlvhtmyhuielai.jpg,test_seen_loc,10248,True,102
SUN,42,closed_world_seen_test,1355,10244,512,pump room,241,engine room,-1,,exact,True,True,R0252;R0297;R0300;R0302;R0304;R0305;R0306;R0308;R0311;R0312,172,False,False,False,p/pump_room/sun_akiuhtstlcucqtqd.jpg,p,pump_room,pump_room,sun_akiuhtstlcucqtqd.jpg,test_seen_loc,10244,True,102
SUN,42,closed_world_seen_test,1356,6419,320,hedge maze,320,hedge maze,-1,,exact,True,True,R0071;R0087;R0091;R0109;R0135;R0136;R0138;R0142;R0153;R0159,39,False,False,False,h/hedge_maze/sun_dzqczkfbtaeaezqu.jpg,h,hedge_maze,hedge_maze,sun_dzqczkfbtaeaezqu.jpg,test_seen_loc,6419,True,102
SUN,42,closed_world_seen_test,1357,6409,320,hedge maze,320,hedge maze,-1,,exact,True,True,R0071;R0087;R0091;R0109;R0136;R0142;R0153;R0159;R0171;R0174,49,False,False,False,h/hedge_maze/sun_dqebotytwzilqywx.jpg,h,hedge_maze,hedge_maze,sun_dqebotytwzilqywx.jpg,test_seen_loc,6409,True,102
SUN,42,closed_world_seen_test,1358,6412,320,hedge maze,320,hedge maze,-1,,exact,True,True,R0071;R0087;R0091;R0109;R0135;R0136;R0142;R0153;R0159;R0171,49,False,False,False,h/hedge_maze/sun_dtjxcminmajulvte.jpg,h,hedge_maze,hedge_maze,sun_dtjxcminmajulvte.jpg,test_seen_loc,6412,True,102
SUN,42,closed_world_seen_test,1359,6403,320,hedge maze,320,hedge maze,586,soccer field,exact,False,False,R0012;R0013;R0056;R0067;R0079;R0123;R0136;R0141;R0142;R0147,44,True,False,False,h/hedge_maze/sun_djntlixkcneqpuku.jpg,h,hedge_maze,hedge_maze,sun_djntlixkcneqpuku.jpg,test_seen_loc,6403,True,102
SUN,42,closed_world_seen_test,1360,10767,538,restroom indoor,140,catacomb,-1,,exact,True,True,R0252;R0277;R0297;R0302;R0303;R0304;R0305;R0308;R0311;R0314,243,False,False,False,r/restroom/indoor/sun_agoctxatahqarfxu.jpg,r,restroom/indoor,indoor,sun_agoctxatahqarfxu.jpg,test_seen_loc,10767,True,102
SUN,42,closed_world_seen_test,1361,10760,538,restroom indoor,575,shower,-1,,exact,True,True,R0225;R0256;R0302;R0303;R0304;R0308;R0311;R0315;R0317;R0318,154,False,False,False,r/restroom/indoor/sun_aaklhhagnufvyfts.jpg,r,restroom/indoor,indoor,sun_aaklhhagnufvyfts.jpg,test_seen_loc,10760,True,102
SUN,42,closed_world_seen_test,1362,10764,538,restroom indoor,575,shower,-1,,exact,True,True,R0252;R0277;R0297;R0302;R0303;R0304;R0305;R0308;R0311;R0314,243,False,False,False,r/restroom/indoor/sun_acnhibhdlajpjbuw.jpg,r,restroom/indoor,indoor,sun_acnhibhdlajpjbuw.jpg,test_seen_loc,10764,True,102
SUN,42,closed_world_seen_test,1363,10775,538,restroom indoor,575,shower,-1,,exact,True,True,R0031;R0222;R0277;R0319;R0330;R0353;R0356;R0387;R0408;R0409,48,False,False,False,r/restroom/indoor/sun_aqhhtkxegjffohlw.jpg,r,restroom/indoor,indoor,sun_aqhhtkxegjffohlw.jpg,test_seen_loc,10775,True,102
SUN,42,closed_world_seen_test,1364,1658,82,beer hall,434,music store,-1,,exact,True,True,R0144;R0145;R0256;R0277;R0311;R0314;R0320;R0335;R0340;R0351,93,False,False,False,b/beer_hall/sun_btqzceujbkbwhphi.jpg,b,beer_hall,beer_hall,sun_btqzceujbkbwhphi.jpg,test_seen_loc,1658,True,102
SUN,42,closed_world_seen_test,1365,1659,82,beer hall,136,carrousel,-1,,exact,True,True,R0039;R0040;R0061;R0092;R0134;R0256;R0302;R0303;R0304;R0311,91,False,False,False,b/beer_hall/sun_bypnkrgjpuljfhpv.jpg,b,beer_hall,beer_hall,sun_bypnkrgjpuljfhpv.jpg,test_seen_loc,1659,True,102
SUN,42,closed_world_seen_test,1366,1650,82,beer hall,202,day care center,-1,,exact,True,True,R0040;R0059;R0144;R0145;R0256;R0277;R0297;R0302;R0303;R0306,163,False,False,False,b/beer_hall/sun_bmtfvmvadmbohoum.jpg,b,beer_hall,beer_hall,sun_bmtfvmvadmbohoum.jpg,test_seen_loc,1650,True,102
SUN,42,closed_world_seen_test,1367,1654,82,beer hall,82,beer hall,-1,,exact,True,True,R0039;R0040;R0059;R0061;R0112;R0134;R0144;R0145;R0256;R0277,202,False,False,False,b/beer_hall/sun_bqxoowtcycymfzfg.jpg,b,beer_hall,beer_hall,sun_bqxoowtcycymfzfg.jpg,test_seen_loc,1654,True,102
SUN,42,closed_world_seen_test,1368,1542,77,beach house,378,landfill,-1,,exact,True,True,R0078;R0157;R0160;R0161;R0170;R0187;R0188;R0226;R0229;R0321,10,False,False,False,b/beach_house/sun_aklaudyttzhgbzir.jpg,b,beach_house,beach_house,sun_aklaudyttzhgbzir.jpg,test_seen_loc,1542,True,102
SUN,42,closed_world_seen_test,1369,1552,77,beach house,402,manufactured home,-1,,exact,True,True,R0069;R0073;R0075;R0113;R0124;R0125;R0143;R0148;R0158;R0166,57,False,False,False,b/beach_house/sun_atlkjrsglnnsdtzn.jpg,b,beach_house,beach_house,sun_atlkjrsglnnsdtzn.jpg,test_seen_loc,1552,True,102
SUN,42,closed_world_seen_test,1370,1549,77,beach house,198,dacha,-1,,exact,True,True,R0056;R0065;R0067;R0074;R0123;R0138;R0149;R0228;R0240;R0241,28,False,False,False,b/beach_house/sun_aqoylotoyljjidge.jpg,b,beach_house,beach_house,sun_aqoylotoyljjidge.jpg,test_seen_loc,1549,True,102
SUN,42,closed_world_seen_test,1371,1543,77,beach house,696,wave,-1,,exact,True,True,R0019;R0054;R0060;R0064;R0073;R0081;R0083;R0086;R0096;R0097,39,False,False,False,b/beach_house/sun_akluskekobictmrx.jpg,b,beach_house,beach_house,sun_akluskekobictmrx.jpg,test_seen_loc,1543,True,102
SUN,42,closed_world_seen_test,1372,10848,542,riding arena,485,pig farm,-1,,exact,True,True,R0135;R0184;R0198;R0212;R0213;R0225;R0236;R0259;R0261;R0271,52,False,False,False,r/riding_arena/sun_bjyldohuqazjyvvr.jpg,r,riding_arena,riding_arena,sun_bjyldohuqazjyvvr.jpg,test_seen_loc,10848,True,102
SUN,42,closed_world_seen_test,1373,10844,542,riding arena,542,riding arena,-1,,exact,True,True,R0222;R0274;R0336;R0337;R0344;R0371;R0386;R0395;R0414;R0417,88,False,False,False,r/riding_arena/sun_bcdaurlpdnvdsjkz.jpg,r,riding_arena,riding_arena,sun_bcdaurlpdnvdsjkz.jpg,test_seen_loc,10844,True,102
SUN,42,closed_world_seen_test,1374,10858,542,riding arena,542,riding arena,13,amusement park,fallback,False,False,,0,True,False,False,r/riding_arena/sun_bxpdtnfjfbcvncnd.jpg,r,riding_arena,riding_arena,sun_bxpdtnfjfbcvncnd.jpg,test_seen_loc,10858,True,102
SUN,42,closed_world_seen_test,1375,10859,542,riding arena,606,subway station corridor,-1,,exact,True,True,R0046;R0135;R0198;R0202;R0225;R0259;R0261;R0269;R0271;R0283,29,False,False,False,r/riding_arena/sun_bxrcxcvgwblmuudz.jpg,r,riding_arena,riding_arena,sun_bxrcxcvgwblmuudz.jpg,test_seen_loc,10859,True,102
SUN,42,closed_world_seen_test,1376,9920,496,podium indoor,485,pig farm,-1,,exact,True,True,R0202;R0269;R0310;R0471;R0479;R0483;R0494;R0500;R0528;R0535,22,False,False,False,p/podium/indoor/sun_aaivhrieqtsxxcuo.jpg,p,podium/indoor,indoor,sun_aaivhrieqtsxxcuo.jpg,test_seen_loc,9920,True,102
SUN,42,closed_world_seen_test,1377,9932,496,podium indoor,519,raft,-1,,exact,True,True,R0026;R0036;R0041;R0042;R0045;R0048;R0144;R0145;R0176;R0206,28,False,False,False,p/podium/indoor/sun_awxdmizwndqijxkt.jpg,p,podium/indoor,indoor,sun_awxdmizwndqijxkt.jpg,test_seen_loc,9932,True,102
SUN,42,closed_world_seen_test,1378,9938,496,podium indoor,269,florist shop indoor,-1,,exact,True,True,R0274;R0297;R0322;R0325;R0329;R0338;R0339;R0350;R0360;R0383,61,False,False,False,p/podium/indoor/sun_bboglfsswwlehlcd.jpg,p,podium/indoor,indoor,sun_bboglfsswwlehlcd.jpg,test_seen_loc,9938,True,102
SUN,42,closed_world_seen_test,1379,9934,496,podium indoor,480,phone booth,-1,,exact,True,True,R0202;R0307;R0483;R0511;R0565;R0575,6,False,False,False,p/podium/indoor/sun_aykiedmkgraptown.jpg,p,podium/indoor,indoor,sun_aykiedmkgraptown.jpg,test_seen_loc,9934,True,102
SUN,42,closed_world_seen_test,1380,1012,50,balcony exterior,593,stadium soccer,-1,,exact,True,True,R0020;R0030;R0041;R0051;R0061;R0092;R0112;R0173;R0191;R0344,40,False,False,False,b/balcony/exterior/sun_asbclscpnwkynfgy.jpg,b,balcony/exterior,exterior,sun_asbclscpnwkynfgy.jpg,test_seen_loc,1012,True,102
SUN,42,closed_world_seen_test,1381,1014,50,balcony exterior,424,mosque outdoor,-1,,exact,True,True,R0093;R0130;R0173;R0184;R0191;R0197;R0213;R0224;R0233;R0245,59,False,False,False,b/balcony/exterior/sun_awqyklycqerohraj.jpg,b,balcony/exterior,exterior,sun_awqyklycqerohraj.jpg,test_seen_loc,1014,True,102
SUN,42,closed_world_seen_test,1382,1001,50,balcony exterior,443,nursery,-1,,exact,True,True,R0256;R0297;R0303;R0306;R0312;R0314;R0318;R0331;R0335;R0338,58,False,False,False,b/balcony/exterior/sun_ahtfxgsrmkiulnwk.jpg,b,balcony/exterior,exterior,sun_ahtfxgsrmkiulnwk.jpg,test_seen_loc,1001,True,102
SUN,42,closed_world_seen_test,1383,1008,50,balcony exterior,21,arch,-1,,exact,True,True,R0120;R0173;R0184;R0191;R0213;R0274;R0299;R0300;R0306;R0323,94,False,False,False,b/balcony/exterior/sun_aqdvvxokjkhhirji.jpg,b,balcony/exterior,exterior,sun_aqdvvxokjkhhirji.jpg,test_seen_loc,1008,True,102
SUN,42,closed_world_seen_test,1384,5109,256,field wild,319,heath,-1,,exact,True,True,R0063;R0070;R0071;R0076;R0077;R0080;R0082;R0087;R0091;R0109,57,False,False,False,f/field/wild/sun_addtdkycxbqlpfqa.jpg,f,field/wild,wild,sun_addtdkycxbqlpfqa.jpg,test_seen_loc,5109,True,102
SUN,42,closed_world_seen_test,1385,5113,256,field wild,269,florist shop indoor,-1,,exact,True,True,R0057;R0074;R0125;R0166;R0255;R0260;R0273;R0279;R0288;R0293,13,False,False,False,f/field/wild/sun_aerhfzpivjajerqp.jpg,f,field/wild,wild,sun_aerhfzpivjajerqp.jpg,test_seen_loc,5113,True,102
SUN,42,closed_world_seen_test,1386,5101,256,field wild,680,volcano,-1,,exact,True,True,R0078;R0152;R0157;R0160;R0161;R0163;R0167;R0168;R0170;R0185,27,False,False,False,f/field/wild/sun_aapwmnzassfnbxot.jpg,f,field/wild,wild,sun_aapwmnzassfnbxot.jpg,test_seen_loc,5101,True,102
SUN,42,closed_world_seen_test,1387,5117,256,field wild,302,glacier,-1,,exact,True,True,R0078;R0085;R0094;R0103;R0104;R0105;R0106;R0107;R0114;R0115,44,False,False,False,f/field/wild/sun_afszewifttbkkmhp.jpg,f,field/wild,wild,sun_afszewifttbkkmhp.jpg,test_seen_loc,5117,True,102
SUN,42,closed_world_seen_test,1388,11736,586,soccer field,366,kennel outdoor,-1,,exact,True,True,R0018;R0117;R0202;R0247;R0260;R0263;R0266;R0269;R0270;R0271,36,False,False,False,s/soccer_field/sun_axpqosblahzxkfkv.jpg,s,soccer_field,soccer_field,sun_axpqosblahzxkfkv.jpg,test_seen_loc,11736,True,102
SUN,42,closed_world_seen_test,1389,11738,586,soccer field,586,soccer field,586,soccer field,exact,False,False,R0012;R0013;R0020;R0023;R0037;R0042;R0044;R0049;R0067;R0079,48,True,True,True,s/soccer_field/sun_aznsygbmizffanze.jpg,s,soccer_field,soccer_field,sun_aznsygbmizffanze.jpg,test_seen_loc,11738,True,102
SUN,42,closed_world_seen_test,1390,11723,586,soccer field,519,raft,-1,,exact,True,True,R0038;R0079;R0123;R0135;R0139;R0141;R0255;R0279,8,False,False,False,s/soccer_field/sun_aevhaxwhxurzttkp.jpg,s,soccer_field,soccer_field,sun_aevhaxwhxurzttkp.jpg,test_seen_loc,11723,True,102
SUN,42,closed_world_seen_test,1391,11739,586,soccer field,488,pitchers mound,586,soccer field,exact,False,False,R0012;R0013;R0020;R0036;R0042;R0045;R0079;R0082;R0129;R0138,14,True,True,False,s/soccer_field/sun_azwyuilxeejdqlba.jpg,s,soccer_field,soccer_field,sun_azwyuilxeejdqlba.jpg,test_seen_loc,11739,True,102
SUN,42,closed_world_seen_test,1392,9169,458,organ loft exterior,16,apse indoor,-1,,exact,True,True,R0277;R0297;R0302;R0303;R0314;R0317;R0318;R0319;R0320;R0322,177,False,False,False,o/organ_loft/exterior/sun_aisunpzozxvamzws.jpg,o,organ_loft/exterior,exterior,sun_aisunpzozxvamzws.jpg,test_seen_loc,9169,True,102
SUN,42,closed_world_seen_test,1393,9174,458,organ loft exterior,27,armory,-1,,exact,True,True,R0277;R0297;R0302;R0303;R0304;R0308;R0311;R0314;R0315;R0317,240,False,False,False,o/organ_loft/exterior/sun_anvmbdilxlocofbu.jpg,o,organ_loft/exterior,exterior,sun_anvmbdilxlocofbu.jpg,test_seen_loc,9174,True,102
SUN,42,closed_world_seen_test,1394,9167,458,organ loft exterior,634,throne room,-1,,exact,True,True,R0297;R0300;R0302;R0303;R0304;R0306;R0308;R0311;R0314;R0315,241,False,False,False,o/organ_loft/exterior/sun_ailizpixtaslcawk.jpg,o,organ_loft/exterior,exterior,sun_ailizpixtaslcawk.jpg,test_seen_loc,9167,True,102
SUN,42,closed_world_seen_test,1395,9168,458,organ loft exterior,634,throne room,-1,,exact,True,True,R0031;R0033;R0222;R0252;R0300;R0305;R0306;R0312;R0319;R0330,81,False,False,False,o/organ_loft/exterior/sun_ainouczrtvukcfys.jpg,o,organ_loft/exterior,exterior,sun_ainouczrtvukcfys.jpg,test_seen_loc,9168,True,102
SUN,42,closed_world_seen_test,1396,4161,206,desert road,206,desert road,-1,,exact,True,True,R0024;R0160;R0161;R0170;R0171;R0187;R0188;R0190;R0217;R0229,20,False,False,False,d/desert_road/sun_adttimkgacydipie.jpg,d,desert_road,desert_road,sun_adttimkgacydipie.jpg,test_seen_loc,4161,True,102
SUN,42,closed_world_seen_test,1397,4164,206,desert road,255,field road,-1,,exact,True,True,R0024;R0027;R0063;R0113;R0122;R0152;R0160;R0161;R0163;R0165,47,False,False,False,d/desert_road/sun_aivpzzninrnzywvx.jpg,d,desert_road,desert_road,sun_aivpzzninrnzywvx.jpg,test_seen_loc,4164,True,102
SUN,42,closed_world_seen_test,1398,4176,206,desert road,603,strip mine,-1,,exact,True,True,R0085;R0094;R0103;R0104;R0105;R0106;R0107;R0114;R0115;R0116,36,False,False,False,d/desert_road/sun_bjdzqixbhndtzbve.jpg,d,desert_road,desert_road,sun_bjdzqixbhndtzbve.jpg,test_seen_loc,4176,True,102
SUN,42,closed_world_seen_test,1399,4165,206,desert road,206,desert road,-1,,exact,True,True,R0025;R0055;R0085;R0086;R0090;R0094;R0103;R0104;R0105;R0106,48,False,False,False,d/desert_road/sun_alpajtepoeryopra.jpg,d,desert_road,desert_road,sun_alpajtepoeryopra.jpg,test_seen_loc,4165,True,102
SUN,42,closed_world_seen_test,1400,6624,331,hot spring,354,jacuzzi outdoor,-1,,exact,True,True,R0022;R0038;R0118;R0125;R0131;R0135;R0139;R0183;R0201;R0217,19,False,False,False,h/hot_spring/sun_asemkfzrcriwppec.jpg,h,hot_spring,hot_spring,sun_asemkfzrcriwppec.jpg,test_seen_loc,6624,True,102
SUN,42,closed_world_seen_test,1401,6625,331,hot spring,144,cavern indoor,-1,,exact,True,True,R0055;R0062;R0064;R0071;R0081;R0082;R0083;R0086;R0090;R0095,42,False,False,False,h/hot_spring/sun_asxwjcbbjumxvjmr.jpg,h,hot_spring,hot_spring,sun_asxwjcbbjumxvjmr.jpg,test_seen_loc,6625,True,102
SUN,42,closed_world_seen_test,1402,6633,331,hot spring,690,waterfall block,-1,,exact,True,True,R0027;R0057;R0068;R0089;R0125;R0127;R0190;R0257;R0281;R0288,11,False,False,False,h/hot_spring/sun_bgcbhbeduspcepok.jpg,h,hot_spring,hot_spring,sun_bgcbhbeduspcepok.jpg,test_seen_loc,6633,True,102
SUN,42,closed_world_seen_test,1403,6639,331,hot spring,557,sandbar,-1,,exact,True,True,R0054;R0055;R0060;R0062;R0064;R0072;R0081;R0083;R0086;R0088,56,False,False,False,h/hot_spring/sun_bsqsdkeavvmmjywb.jpg,h,hot_spring,hot_spring,sun_bsqsdkeavvmmjywb.jpg,test_seen_loc,6639,True,102
SUN,42,closed_world_seen_test,1404,103,5,airport airport,28,arrival gate outdoor,-1,,exact,True,True,R0016;R0078;R0157;R0250;R0321,5,False,False,False,a/airport/airport/sun_akhqgzrrubgnwzpa.jpg,a,airport/airport,airport,sun_akhqgzrrubgnwzpa.jpg,test_seen_loc,103,True,102
SUN,42,closed_world_seen_test,1405,111,5,airport airport,28,arrival gate outdoor,-1,,exact,True,True,R0016;R0157,2,False,False,False,a/airport/airport/sun_aqogketumcqznmzs.jpg,a,airport/airport,airport,sun_aqogketumcqznmzs.jpg,test_seen_loc,111,True,102
SUN,42,closed_world_seen_test,1406,104,5,airport airport,491,planetarium outdoor,-1,,exact,True,True,R0016;R0073;R0078;R0113;R0157;R0250;R0305;R0321;R0326;R0327,14,False,False,False,a/airport/airport/sun_akzzhyuyqjksqovd.jpg,a,airport/airport,airport,sun_akzzhyuyqjksqovd.jpg,test_seen_loc,104,True,102
SUN,42,closed_world_seen_test,1407,100,5,airport airport,491,planetarium outdoor,-1,,exact,True,True,R0016;R0078;R0157;R0250;R0264;R0313;R0321;R0498;R0509;R0519,14,False,False,False,a/airport/airport/sun_aajqjnzswlmdcmyl.jpg,a,airport/airport,airport,sun_aajqjnzswlmdcmyl.jpg,test_seen_loc,100,True,102
SUN,42,closed_world_seen_test,1408,6601,330,hospital room,80,bedroom,-1,,exact,True,True,R0302;R0303;R0304;R0308;R0311;R0315;R0317;R0318;R0319;R0320,171,False,False,False,h/hospital_room/sun_aayldmprpuvwpxev.jpg,h,hospital_room,hospital_room,sun_aayldmprpuvwpxev.jpg,test_seen_loc,6601,True,102
SUN,42,closed_world_seen_test,1409,6603,330,hospital room,485,pig farm,-1,,exact,True,True,R0256;R0297;R0300;R0303;R0305;R0306;R0308;R0311;R0312;R0314,176,False,False,False,h/hospital_room/sun_absmacofhaocbwba.jpg,h,hospital_room,hospital_room,sun_absmacofhaocbwba.jpg,test_seen_loc,6603,True,102
SUN,42,closed_world_seen_test,1410,6604,330,hospital room,682,voting booth,-1,,exact,True,True,R0140;R0206;R0256;R0277;R0429;R0430;R0431;R0432;R0439;R0453,24,False,False,False,h/hospital_room/sun_abzbrvgknqmaeyun.jpg,h,hospital_room,hospital_room,sun_abzbrvgknqmaeyun.jpg,test_seen_loc,6604,True,102
SUN,42,closed_world_seen_test,1411,6615,330,hospital room,312,gymnasium indoor,-1,,exact,True,True,R0256;R0302;R0303;R0304;R0311;R0315;R0317;R0318;R0324;R0331,87,False,False,False,h/hospital_room/sun_ahwgsyfsxltzulcu.jpg,h,hospital_room,hospital_room,sun_ahwgsyfsxltzulcu.jpg,test_seen_loc,6615,True,102
SUN,42,closed_world_seen_test,1412,12785,639,topiary garden,318,hayfield,-1,,exact,True,True,R0063;R0070;R0071;R0078;R0080;R0082;R0087;R0091;R0109;R0129,41,False,False,False,t/topiary_garden/sun_akxafarsjlwrmcyd.jpg,t,topiary_garden,topiary_garden,sun_akxafarsjlwrmcyd.jpg,test_seen_loc,12785,True,102
SUN,42,closed_world_seen_test,1413,12799,639,topiary garden,485,pig farm,-1,,exact,True,True,R0047;R0127;R0227,3,False,False,False,t/topiary_garden/sun_bhtuydtmnjlwvcjg.jpg,t,topiary_garden,topiary_garden,sun_bhtuydtmnjlwvcjg.jpg,test_seen_loc,12799,True,102
SUN,42,closed_world_seen_test,1414,12794,639,topiary garden,600,stone circle,549,rope bridge,fallback,False,False,,0,True,False,False,t/topiary_garden/sun_bdkgejsdnggsaekd.jpg,t,topiary_garden,topiary_garden,sun_bdkgejsdnggsaekd.jpg,test_seen_loc,12794,True,102
SUN,42,closed_world_seen_test,1415,12787,639,topiary garden,320,hedge maze,-1,,exact,True,True,R0056;R0067;R0123;R0136;R0142;R0147;R0153;R0159;R0181;R0202,38,False,False,False,t/topiary_garden/sun_awblohobvejbazmi.jpg,t,topiary_garden,topiary_garden,sun_awblohobvejbazmi.jpg,test_seen_loc,12787,True,102
SUN,42,closed_world_seen_test,1416,6647,332,hot tub indoor,332,hot tub indoor,-1,,exact,True,True,R0277;R0314;R0317;R0325;R0329;R0330;R0334;R0335;R0340;R0347,122,False,False,False,h/hot_tub/indoor/sun_bkahvgfxgydyyxuy.jpg,h,hot_tub/indoor,indoor,sun_bkahvgfxgydyyxuy.jpg,test_seen_loc,6647,True,102
SUN,42,closed_world_seen_test,1417,6644,332,hot tub indoor,332,hot tub indoor,-1,,exact,True,True,R0093;R0130;R0246;R0269;R0274;R0310;R0344;R0346;R0395;R0414,46,False,False,False,h/hot_tub/indoor/sun_bhntxqpwhbmagifi.jpg,h,hot_tub/indoor,indoor,sun_bhntxqpwhbmagifi.jpg,test_seen_loc,6644,True,102
SUN,42,closed_world_seen_test,1418,6655,332,hot tub indoor,332,hot tub indoor,-1,,exact,True,True,R0093;R0130;R0197;R0222;R0246;R0274;R0344;R0346;R0371;R0395,43,False,False,False,h/hot_tub/indoor/sun_bzwvflybczzsenlx.jpg,h,hot_tub/indoor,indoor,sun_bzwvflybczzsenlx.jpg,test_seen_loc,6655,True,102
SUN,42,closed_world_seen_test,1419,6650,332,hot tub indoor,52,ball pit,-1,,exact,True,True,R0252;R0277;R0304;R0305;R0311;R0314;R0315;R0317;R0324;R0325,157,False,False,False,h/hot_tub/indoor/sun_bwkgguswsjzdpepz.jpg,h,hot_tub/indoor,indoor,sun_bwkgguswsjzdpepz.jpg,test_seen_loc,6650,True,102
SUN,42,closed_world_seen_test,1420,9944,497,podium outdoor,707,witness stand,-1,,exact,True,True,R0033;R0202;R0259;R0261;R0262;R0285;R0300;R0323;R0354;R0406,17,False,False,False,p/podium/outdoor/sun_aoigujdcxclieogi.jpg,p,podium/outdoor,outdoor,sun_aoigujdcxclieogi.jpg,test_seen_loc,9944,True,102
SUN,42,closed_world_seen_test,1421,9940,497,podium outdoor,644,track outdoor,-1,,exact,True,True,R0026;R0030;R0041;R0042;R0044;R0048;R0176;R0206;R0222;R0274,75,False,False,False,p/podium/outdoor/sun_acvdpckbpwkltjhk.jpg,p,podium/outdoor,outdoor,sun_acvdpckbpwkltjhk.jpg,test_seen_loc,9940,True,102
SUN,42,closed_world_seen_test,1422,9955,497,podium outdoor,70,batters box,-1,,exact,True,True,R0146;R0184;R0191;R0198;R0213;R0233;R0239;R0259;R0261;R0282,97,False,False,False,p/podium/outdoor/sun_bjiogshepcslxgmj.jpg,p,podium/outdoor,outdoor,sun_bjiogshepcslxgmj.jpg,test_seen_loc,9955,True,102
SUN,42,closed_world_seen_test,1423,9959,497,podium outdoor,70,batters box,-1,,exact,True,True,R0173;R0191;R0233;R0282;R0498;R0509;R0519;R0520;R0556;R0557,11,False,False,False,p/podium/outdoor/sun_bqqfrzsrnybsvduh.jpg,p,podium/outdoor,outdoor,sun_bqqfrzsrnybsvduh.jpg,test_seen_loc,9959,True,102
SUN,42,closed_world_seen_test,1424,909,45,badminton court indoor,373,labyrinth indoor,-1,,exact,True,True,R0026;R0041;R0042;R0048;R0176;R0206;R0222;R0330;R0356;R0414,36,False,False,False,b/badminton_court/indoor/sun_afvuhjxpxvknpvwx.jpg,b,badminton_court/indoor,indoor,sun_afvuhjxpxvknpvwx.jpg,test_seen_loc,909,True,102
SUN,42,closed_world_seen_test,1425,902,45,badminton court indoor,45,badminton court indoor,-1,,exact,True,True,R0026;R0036;R0037;R0041;R0042;R0045;R0048;R0049;R0144;R0145,31,False,False,False,b/badminton_court/indoor/sun_aeblyemiyagdawce.jpg,b,badminton_court/indoor,indoor,sun_aeblyemiyagdawce.jpg,test_seen_loc,902,True,102
SUN,42,closed_world_seen_test,1426,919,45,badminton court indoor,406,martial arts gym,-1,,exact,True,True,R0026;R0041;R0042;R0048;R0176;R0297;R0303;R0314;R0331;R0335,96,False,False,False,b/badminton_court/indoor/sun_aqhumofwxphazboe.jpg,b,badminton_court/indoor,indoor,sun_aqhumofwxphazboe.jpg,test_seen_loc,919,True,102
SUN,42,closed_world_seen_test,1427,901,45,badminton court indoor,624,tennis court indoor,-1,,exact,True,True,R0020;R0026;R0030;R0031;R0041;R0042;R0044;R0048;R0176;R0222,128,False,False,False,b/badminton_court/indoor/sun_adkofdhpejsowqvv.jpg,b,badminton_court/indoor,indoor,sun_adkofdhpejsowqvv.jpg,test_seen_loc,901,True,102
SUN,42,closed_world_seen_test,1428,11291,564,science museum,116,butchers shop,-1,,exact,True,True,R0256;R0297;R0300;R0302;R0303;R0304;R0306;R0308;R0311;R0314,220,False,False,False,s/science_museum/sun_bjifkfmvktwtmzrg.jpg,s,science_museum,science_museum,sun_bjifkfmvktwtmzrg.jpg,test_seen_loc,11291,True,102
SUN,42,closed_world_seen_test,1429,11284,564,science museum,464,pagoda,-1,,exact,True,True,R0277;R0297;R0302;R0303;R0304;R0308;R0314;R0317;R0318;R0319,200,False,False,False,s/science_museum/sun_auhkjmgiscerzvng.jpg,s,science_museum,science_museum,sun_auhkjmgiscerzvng.jpg,test_seen_loc,11284,True,102
SUN,42,closed_world_seen_test,1430,11292,564,science museum,485,pig farm,-1,,exact,True,True,R0252;R0297;R0300;R0302;R0303;R0304;R0305;R0306;R0308;R0311,248,False,False,False,s/science_museum/sun_blzakfzquidfljqn.jpg,s,science_museum,science_museum,sun_blzakfzquidfljqn.jpg,test_seen_loc,11292,True,102
SUN,42,closed_world_seen_test,1431,11289,564,science museum,52,ball pit,-1,,exact,True,True,R0256;R0302;R0303;R0304;R0311;R0315;R0317;R0318;R0324;R0331,83,False,False,False,s/science_museum/sun_bfgqszlurifiuhge.jpg,s,science_museum,science_museum,sun_bfgqszlurifiuhge.jpg,test_seen_loc,11289,True,102
SUN,42,closed_world_seen_test,1432,5016,250,farm,524,ranch,-1,,exact,True,True,R0029;R0065;R0067;R0074;R0095;R0109;R0123;R0138;R0142;R0149,40,False,False,False,f/farm/sun_dmshhbtovelcxnhf.jpg,f,farm,farm,sun_dmshhbtovelcxnhf.jpg,test_seen_loc,5016,True,102
SUN,42,closed_world_seen_test,1433,5014,250,farm,474,pasture,-1,,exact,True,True,R0024;R0082;R0109;R0129;R0138;R0159;R0160;R0161;R0167;R0168,24,False,False,False,f/farm/sun_dkwbukzigztvvjgz.jpg,f,farm,farm,sun_dkwbukzigztvvjgz.jpg,test_seen_loc,5014,True,102
SUN,42,closed_world_seen_test,1434,5017,250,farm,318,hayfield,-1,,exact,True,True,R0024;R0071;R0082;R0087;R0091;R0109;R0129;R0138;R0152;R0160,34,False,False,False,f/farm/sun_dpewaotutrsuaede.jpg,f,farm,farm,sun_dpewaotutrsuaede.jpg,test_seen_loc,5017,True,102
SUN,42,closed_world_seen_test,1435,5005,250,farm,318,hayfield,-1,,exact,True,True,R0024;R0063;R0119;R0121;R0122;R0137;R0152;R0160;R0161;R0163,43,False,False,False,f/farm/sun_baurzltrbxfksuhz.jpg,f,farm,farm,sun_baurzltrbxfksuhz.jpg,test_seen_loc,5005,True,102
SUN,42,closed_world_seen_test,1436,241,12,amusement arcade,52,ball pit,-1,,exact,True,True,R0277;R0297;R0302;R0303;R0304;R0308;R0314;R0315;R0317;R0318,215,False,False,False,a/amusement_arcade/sun_aauqgihglfziwydl.jpg,a,amusement_arcade,amusement_arcade,sun_aauqgihglfziwydl.jpg,test_seen_loc,241,True,102
SUN,42,closed_world_seen_test,1437,253,12,amusement arcade,137,casino indoor,-1,,exact,True,True,R0297;R0302;R0303;R0314;R0317;R0319;R0325;R0329;R0330;R0331,131,False,False,False,a/amusement_arcade/sun_ahsdsixdzoaeqgrh.jpg,a,amusement_arcade,amusement_arcade,sun_ahsdsixdzoaeqgrh.jpg,test_seen_loc,253,True,102
SUN,42,closed_world_seen_test,1438,252,12,amusement arcade,97,booth indoor,-1,,exact,True,True,R0256;R0277;R0297;R0302;R0303;R0304;R0308;R0314;R0315;R0317,195,False,False,False,a/amusement_arcade/sun_ahbwrgxdjiopriou.jpg,a,amusement_arcade,amusement_arcade,sun_ahbwrgxdjiopriou.jpg,test_seen_loc,252,True,102
SUN,42,closed_world_seen_test,1439,255,12,amusement arcade,137,casino indoor,-1,,exact,True,True,R0252;R0256;R0297;R0300;R0302;R0303;R0305;R0306;R0312;R0314,168,False,False,False,a/amusement_arcade/sun_ajadgdchdmjeigqs.jpg,a,amusement_arcade,amusement_arcade,sun_ajadgdchdmjeigqs.jpg,test_seen_loc,255,True,102
SUN,42,closed_world_seen_test,1440,2400,120,cafeteria,519,raft,-1,,exact,True,True,R0039;R0059;R0061;R0112;R0134;R0144;R0145;R0196;R0200;R0256,125,False,False,False,c/cafeteria/sun_abhnefiriurodluh.jpg,c,cafeteria,cafeteria,sun_abhnefiriurodluh.jpg,test_seen_loc,2400,True,102
SUN,42,closed_world_seen_test,1441,2411,120,cafeteria,214,dining hall,-1,,exact,True,True,R0039;R0040;R0059;R0061;R0112;R0134;R0144;R0145;R0277;R0297,223,False,False,False,c/cafeteria/sun_araujsmftinmqgbn.jpg,c,cafeteria,cafeteria,sun_araujsmftinmqgbn.jpg,test_seen_loc,2411,True,102
SUN,42,closed_world_seen_test,1442,2410,120,cafeteria,174,conference center,-1,,exact,True,True,R0256;R0277;R0297;R0303;R0314;R0318;R0320;R0322;R0331;R0335,118,False,False,False,c/cafeteria/sun_arauitecrqpaewip.jpg,c,cafeteria,cafeteria,sun_arauitecrqpaewip.jpg,test_seen_loc,2410,True,102
SUN,42,closed_world_seen_test,1443,2413,120,cafeteria,383,lecture room,-1,,exact,True,True,R0144;R0145;R0277;R0297;R0303;R0314;R0318;R0320;R0331;R0335,110,False,False,False,c/cafeteria/sun_artqtbphljpsxezt.jpg,c,cafeteria,cafeteria,sun_artqtbphljpsxezt.jpg,test_seen_loc,2413,True,102
SUN,42,closed_world_seen_test,1444,4481,224,downtown,583,skyscraper,-1,,exact,True,True,R0074;R0157;R0170;R0187;R0188;R0217;R0226;R0229;R0231;R0241,18,False,False,False,d/downtown/sun_acbmuljpyqdcboxt.jpg,d,downtown,downtown,sun_acbmuljpyqdcboxt.jpg,test_seen_loc,4481,True,102
SUN,42,closed_world_seen_test,1445,4487,224,downtown,583,skyscraper,-1,,exact,True,True,R0038;R0072;R0075;R0113;R0118;R0124;R0195;R0216;R0240;R0255,17,False,False,False,d/downtown/sun_aljrvcabwnwkorml.jpg,d,downtown,downtown,sun_aljrvcabwnwkorml.jpg,test_seen_loc,4487,True,102
SUN,42,closed_world_seen_test,1446,4498,224,downtown,583,skyscraper,-1,,exact,True,True,R0139;R0148;R0158;R0166;R0169;R0177;R0216;R0226;R0228;R0231,32,False,False,False,d/downtown/sun_bpuskoqxnlmoxazc.jpg,d,downtown,downtown,sun_bpuskoqxnlmoxazc.jpg,test_seen_loc,4498,True,102
SUN,42,closed_world_seen_test,1447,4499,224,downtown,224,downtown,-1,,exact,True,True,R0043;R0084;R0127;R0140;R0146;R0173;R0184;R0191;R0197;R0198,99,False,False,False,d/downtown/sun_bscnfabxppvcbcxj.jpg,d,downtown,downtown,sun_bscnfabxppvcbcxj.jpg,test_seen_loc,4499,True,102
SUN,42,closed_world_seen_test,1448,1196,59,baptistry indoor,83,bell foundry,282,fountain,fallback,False,False,,0,True,False,False,b/baptistry/indoor/sun_arbnvnoyeprolsox.jpg,b,baptistry/indoor,indoor,sun_arbnvnoyeprolsox.jpg,test_seen_loc,1196,True,102
SUN,42,closed_world_seen_test,1449,1195,59,baptistry indoor,664,underwater pool,577,skatepark,exact,False,False,R0135,1,True,False,False,b/baptistry/indoor/sun_aqmfgoazeflfvzhg.jpg,b,baptistry/indoor,indoor,sun_aqmfgoazeflfvzhg.jpg,test_seen_loc,1195,True,102
SUN,42,closed_world_seen_test,1450,1192,59,baptistry indoor,373,labyrinth indoor,-1,,exact,True,True,R0140;R0154;R0212;R0277;R0314;R0320;R0322;R0335;R0338;R0340,117,False,False,False,b/baptistry/indoor/sun_anefmoixcodatorz.jpg,b,baptistry/indoor,indoor,sun_anefmoixcodatorz.jpg,test_seen_loc,1192,True,102
SUN,42,closed_world_seen_test,1451,1181,59,baptistry indoor,83,bell foundry,-1,,exact,True,True,R0222;R0344;R0371;R0386;R0395;R0414;R0417;R0423;R0451;R0454,35,False,False,False,b/baptistry/indoor/sun_abftbkhycnsnfreq.jpg,b,baptistry/indoor,indoor,sun_abftbkhycnsnfreq.jpg,test_seen_loc,1181,True,102
SUN,42,closed_world_seen_test,1452,9453,472,parlor,634,throne room,129,car interior backseat,exact,False,False,R0033;R0323;R0354;R0406;R0418;R0471;R0500;R0528;R0535;R0537,21,True,False,False,p/parlor/sun_aluizcomvpimkerw.jpg,p,parlor,parlor,sun_aluizcomvpimkerw.jpg,test_seen_loc,9453,True,102
SUN,42,closed_world_seen_test,1453,9458,472,parlor,136,carrousel,-1,,exact,True,True,R0302;R0303;R0304;R0311;R0315;R0317;R0318;R0324;R0331;R0333,86,False,False,False,p/parlor/sun_apxngmjesbjxjcsw.jpg,p,parlor,parlor,sun_apxngmjesbjxjcsw.jpg,test_seen_loc,9458,True,102
SUN,42,closed_world_seen_test,1454,9445,472,parlor,373,labyrinth indoor,-1,,exact,True,True,R0297;R0302;R0304;R0308;R0311;R0315;R0318;R0319;R0320;R0322,163,False,False,False,p/parlor/sun_agdophjktlxnxagt.jpg,p,parlor,parlor,sun_agdophjktlxnxagt.jpg,test_seen_loc,9445,True,102
SUN,42,closed_world_seen_test,1455,9455,472,parlor,443,nursery,-1,,exact,True,True,R0252;R0297;R0300;R0302;R0303;R0305;R0306;R0312;R0314;R0315,196,False,False,False,p/parlor/sun_anctbyjqifwbewiv.jpg,p,parlor,parlor,sun_anctbyjqifwbewiv.jpg,test_seen_loc,9455,True,102
SUN,42,closed_world_seen_test,1456,6447,322,heliport,322,heliport,-1,,exact,True,True,R0084;R0135;R0184;R0191;R0196;R0213;R0225;R0233;R0236;R0239,27,False,False,False,h/heliport/sun_akjwetaidpoksyan.jpg,h,heliport,heliport,sun_akjwetaidpoksyan.jpg,test_seen_loc,6447,True,102
SUN,42,closed_world_seen_test,1457,6457,322,heliport,318,hayfield,-1,,exact,True,True,R0056;R0082;R0123;R0129;R0136;R0142;R0147;R0153;R0159;R0181,34,False,False,False,h/heliport/sun_ayukjlwoanzbhtxa.jpg,h,heliport,heliport,sun_ayukjlwoanzbhtxa.jpg,test_seen_loc,6457,True,102
SUN,42,closed_world_seen_test,1458,6450,322,heliport,519,raft,-1,,exact,True,True,R0125;R0127;R0278;R0281;R0440;R0551,6,False,False,False,h/heliport/sun_aontkdzttabipiwo.jpg,h,heliport,heliport,sun_aontkdzttabipiwo.jpg,test_seen_loc,6450,True,102
SUN,42,closed_world_seen_test,1459,6454,322,heliport,70,batters box,586,soccer field,exact,False,False,R0012;R0013;R0023;R0037;R0042;R0044;R0049;R0056;R0067;R0079,50,True,False,False,h/heliport/sun_avjobfsgdbxbhggi.jpg,h,heliport,heliport,sun_avjobfsgdbxbhggi.jpg,test_seen_loc,6454,True,102
SUN,42,closed_world_seen_test,1460,5835,291,garbage dump,378,landfill,-1,,exact,True,True,R0027;R0057;R0074;R0113;R0125;R0166;R0183;R0217;R0231;R0238,21,False,False,False,g/garbage_dump/sun_bgvokzazyrbhbawh.jpg,g,garbage_dump,garbage_dump,sun_bgvokzazyrbhbawh.jpg,test_seen_loc,5835,True,102
SUN,42,closed_world_seen_test,1461,5825,291,garbage dump,361,junk pile,-1,,exact,True,True,R0052;R0127;R0154;R0236;R0261;R0285;R0292;R0406;R0508;R0530,12,False,False,False,g/garbage_dump/sun_aotzbtfbdwrjsruq.jpg,g,garbage_dump,garbage_dump,sun_aotzbtfbdwrjsruq.jpg,test_seen_loc,5825,True,102
SUN,42,closed_world_seen_test,1462,5837,291,garbage dump,600,stone circle,-1,,exact,True,True,R0068;R0089;R0253;R0262;R0265;R0286,6,False,False,False,g/garbage_dump/sun_bqgppalfwpxltpyi.jpg,g,garbage_dump,garbage_dump,sun_bqgppalfwpxltpyi.jpg,test_seen_loc,5837,True,102
SUN,42,closed_world_seen_test,1463,5824,291,garbage dump,52,ball pit,267,flight of stairs urban,fallback,False,False,,0,True,False,False,g/garbage_dump/sun_aninfokhzdkndflx.jpg,g,garbage_dump,garbage_dump,sun_aninfokhzdkndflx.jpg,test_seen_loc,5824,True,102
SUN,42,closed_world_seen_test,1464,12646,632,theater outdoor,502,portico,-1,,exact,True,True,R0052;R0173;R0191;R0227;R0233;R0282;R0330;R0356;R0414;R0423,35,False,False,False,t/theater/outdoor/sun_ailbxtgddrauomej.jpg,t,theater/outdoor,outdoor,sun_ailbxtgddrauomej.jpg,test_seen_loc,12646,True,102
SUN,42,closed_world_seen_test,1465,12656,632,theater outdoor,431,movie theater outdoor,-1,,exact,True,True,R0126;R0146;R0244;R0247;R0261;R0275;R0277;R0285;R0289;R0330,64,False,False,False,t/theater/outdoor/sun_aukgvpxkqpttjflh.jpg,t,theater/outdoor,outdoor,sun_aukgvpxkqpttjflh.jpg,test_seen_loc,12656,True,102
SUN,42,closed_world_seen_test,1466,12658,632,theater outdoor,240,embassy,-1,,exact,True,True,R0052;R0173;R0233;R0261;R0262;R0285;R0299;R0306;R0366;R0406,26,False,False,False,t/theater/outdoor/sun_auuxfnocgnudwaxk.jpg,t,theater/outdoor,outdoor,sun_auuxfnocgnudwaxk.jpg,test_seen_loc,12658,True,102
SUN,42,closed_world_seen_test,1467,12647,632,theater outdoor,502,portico,-1,,exact,True,True,R0182;R0268;R0281;R0501,4,False,False,False,t/theater/outdoor/sun_airvgggrgzigdwrh.jpg,t,theater/outdoor,outdoor,sun_airvgggrgzigdwrh.jpg,test_seen_loc,12647,True,102
SUN,42,closed_world_seen_test,1468,12993,649,train station outdoor,648,train railway,-1,,exact,True,True,R0052;R0184;R0191;R0213;R0233;R0239;R0261;R0262;R0282;R0285,41,False,False,False,t/train_station/outdoor/sun_arzcykakgqajdkzg.jpg,t,train_station/outdoor,outdoor,sun_arzcykakgqajdkzg.jpg,test_seen_loc,12993,True,102
SUN,42,closed_world_seen_test,1469,12985,649,train station outdoor,346,igloo,-1,,exact,True,True,R0171;R0217;R0231;R0238;R0241;R0247;R0254;R0257;R0269;R0270,39,False,False,False,t/train_station/outdoor/sun_akxrchxdlzqzjjos.jpg,t,train_station/outdoor,outdoor,sun_akxrchxdlzqzjjos.jpg,test_seen_loc,12985,True,102
SUN,42,closed_world_seen_test,1470,12983,649,train station outdoor,491,planetarium outdoor,-1,,exact,True,True,R0052;R0146;R0173;R0182;R0184;R0191;R0197;R0213;R0227;R0233,54,False,False,False,t/train_station/outdoor/sun_ahdijhgrksmymosr.jpg,t,train_station/outdoor,outdoor,sun_ahdijhgrksmymosr.jpg,test_seen_loc,12983,True,102
SUN,42,closed_world_seen_test,1471,12995,649,train station outdoor,648,train railway,-1,,exact,True,True,R0084;R0127;R0140;R0173;R0191;R0212;R0233;R0236;R0282;R0498,16,False,False,False,t/train_station/outdoor/sun_auwlnygafbruicuq.jpg,t,train_station/outdoor,outdoor,sun_auwlnygafbruicuq.jpg,test_seen_loc,12995,True,102
SUN,42,closed_world_seen_test,1472,6252,312,gymnasium indoor,312,gymnasium indoor,-1,,exact,True,True,R0196;R0297;R0302;R0303;R0304;R0308;R0311;R0314;R0315;R0317,235,False,False,False,g/gymnasium/indoor/sun_akecysmtkjijrbqr.jpg,g,gymnasium/indoor,indoor,sun_akecysmtkjijrbqr.jpg,test_seen_loc,6252,True,102
SUN,42,closed_world_seen_test,1473,6250,312,gymnasium indoor,312,gymnasium indoor,-1,,exact,True,True,R0256;R0277;R0297;R0302;R0303;R0304;R0306;R0308;R0311;R0314,218,False,False,False,g/gymnasium/indoor/sun_aiivklwtzhqcwvfo.jpg,g,gymnasium/indoor,indoor,sun_aiivklwtzhqcwvfo.jpg,test_seen_loc,6250,True,102
SUN,42,closed_world_seen_test,1474,6241,312,gymnasium indoor,312,gymnasium indoor,-1,,exact,True,True,R0206;R0274;R0277;R0297;R0322;R0338;R0339;R0350;R0357;R0360,65,False,False,False,g/gymnasium/indoor/sun_abrkfgpnxdiaiptx.jpg,g,gymnasium/indoor,indoor,sun_abrkfgpnxdiaiptx.jpg,test_seen_loc,6241,True,102
SUN,42,closed_world_seen_test,1475,6245,312,gymnasium indoor,241,engine room,-1,,exact,True,True,R0256;R0302;R0303;R0304;R0311;R0315;R0317;R0318;R0324;R0331,84,False,False,False,g/gymnasium/indoor/sun_afqlxfmsavhjuplt.jpg,g,gymnasium/indoor,indoor,sun_afqlxfmsavhjuplt.jpg,test_seen_loc,6245,True,102
SUN,42,closed_world_seen_test,1476,9263,463,packaging plant,52,ball pit,-1,,exact,True,True,R0277;R0297;R0302;R0303;R0304;R0308;R0311;R0314;R0315;R0317,240,False,False,False,p/packaging_plant/sun_ajykspghmzeckpgq.jpg,p,packaging_plant,packaging_plant,sun_ajykspghmzeckpgq.jpg,test_seen_loc,9263,True,102
SUN,42,closed_world_seen_test,1477,9260,463,packaging plant,192,crawl space,-1,,exact,True,True,R0031;R0222;R0225;R0277;R0308;R0319;R0330;R0336;R0337;R0344,123,False,False,False,p/packaging_plant/sun_afwovweufbdhvyyk.jpg,p,packaging_plant,packaging_plant,sun_afwovweufbdhvyyk.jpg,test_seen_loc,9260,True,102
SUN,42,closed_world_seen_test,1478,9261,463,packaging plant,523,ramp,-1,,exact,True,True,R0196;R0206;R0222;R0460;R0461;R0462;R0486;R0502;R0503;R0518,11,False,False,False,p/packaging_plant/sun_agnieivxtvlcctqe.jpg,p,packaging_plant,packaging_plant,sun_agnieivxtvlcctqe.jpg,test_seen_loc,9261,True,102
SUN,42,closed_world_seen_test,1479,9267,463,packaging plant,392,liquor store outdoor,-1,,exact,True,True,R0112;R0134;R0144;R0145;R0146;R0173;R0184;R0191;R0196;R0198,77,False,False,False,p/packaging_plant/sun_avmcrdasnjzrinlv.jpg,p,packaging_plant,packaging_plant,sun_avmcrdasnjzrinlv.jpg,test_seen_loc,9267,True,102
SUN,42,closed_world_seen_test,1480,1059,52,ball pit,52,ball pit,-1,,exact,True,True,R0252;R0256;R0300;R0304;R0306;R0308;R0311;R0312;R0315;R0317,135,False,False,False,b/ball_pit/sun_alfsvlnqffeydmlc.jpg,b,ball_pit,ball_pit,sun_alfsvlnqffeydmlc.jpg,test_seen_loc,1059,True,102
SUN,42,closed_world_seen_test,1481,1048,52,ball pit,52,ball pit,-1,,exact,True,True,R0297;R0300;R0302;R0303;R0304;R0306;R0308;R0311;R0314;R0315,241,False,False,False,b/ball_pit/sun_aevamvswbkqpmcbw.jpg,b,ball_pit,ball_pit,sun_aevamvswbkqpmcbw.jpg,test_seen_loc,1048,True,102
SUN,42,closed_world_seen_test,1482,1040,52,ball pit,52,ball pit,-1,,exact,True,True,R0031;R0196;R0222;R0330;R0344;R0353;R0356;R0371;R0387;R0408,48,False,False,False,b/ball_pit/sun_aaikqftjagahgjjf.jpg,b,ball_pit,ball_pit,sun_aaikqftjagahgjjf.jpg,test_seen_loc,1040,True,102
SUN,42,closed_world_seen_test,1483,1053,52,ball pit,52,ball pit,354,jacuzzi outdoor,exact,False,False,R0017;R0196;R0314;R0317;R0325;R0329;R0330;R0334;R0335;R0340,123,True,False,False,b/ball_pit/sun_ahniwsasmqmeyzac.jpg,b,ball_pit,ball_pit,sun_ahniwsasmqmeyzac.jpg,test_seen_loc,1053,True,102
SUN,42,closed_world_seen_test,1484,5590,279,fortress,279,fortress,-1,,exact,True,True,R0108;R0117;R0158;R0164;R0169;R0183;R0190;R0194;R0202;R0216,50,False,False,False,f/fortress/sun_bcdqoyvidihlxlpr.jpg,f,fortress,fortress,sun_bcdqoyvidihlxlpr.jpg,test_seen_loc,5590,True,102
SUN,42,closed_world_seen_test,1485,5599,279,fortress,279,fortress,-1,,exact,True,True,R0108;R0117;R0158;R0164;R0169;R0194;R0202;R0216;R0223;R0242,51,False,False,False,f/fortress/sun_bpucwxutcnpczlbz.jpg,f,fortress,fortress,sun_bpucwxutcnpczlbz.jpg,test_seen_loc,5599,True,102
SUN,42,closed_world_seen_test,1486,5597,279,fortress,159,church outdoor,-1,,exact,True,True,R0043;R0192;R0203;R0224;R0239;R0245;R0246;R0261;R0269;R0276,54,False,False,False,f/fortress/sun_bojdwpsvobqmvzwo.jpg,f,fortress,fortress,sun_bojdwpsvobqmvzwo.jpg,test_seen_loc,5597,True,102
SUN,42,closed_world_seen_test,1487,5589,279,fortress,279,fortress,-1,,exact,True,True,R0053;R0074;R0117;R0183;R0190;R0202;R0217;R0218;R0228;R0231,50,False,False,False,f/fortress/sun_azcecrzdzxtrifbt.jpg,f,fortress,fortress,sun_azcecrzdzxtrifbt.jpg,test_seen_loc,5589,True,102
SUN,42,closed_world_seen_test,1488,2023,101,bowling alley,519,raft,-1,,exact,True,True,R0039;R0059;R0061;R0112;R0134;R0144;R0145;R0196;R0200;R0225,153,False,False,False,b/bowling_alley/sun_adxnpmjgyrdvvdjp.jpg,b,bowling_alley,bowling_alley,sun_adxnpmjgyrdvvdjp.jpg,test_seen_loc,2023,True,102
SUN,42,closed_world_seen_test,1489,2038,101,bowling alley,52,ball pit,-1,,exact,True,True,R0277;R0297;R0303;R0305;R0314;R0318;R0320;R0322;R0331;R0335,132,False,False,False,b/bowling_alley/sun_aiyiznahccvaipep.jpg,b,bowling_alley,bowling_alley,sun_aiyiznahccvaipep.jpg,test_seen_loc,2038,True,102
SUN,42,closed_world_seen_test,1490,2036,101,bowling alley,519,raft,-1,,exact,True,True,R0314;R0317;R0325;R0329;R0330;R0334;R0335;R0340;R0347;R0350,121,False,False,False,b/bowling_alley/sun_ainvwjdvydjzwkif.jpg,b,bowling_alley,bowling_alley,sun_ainvwjdvydjzwkif.jpg,test_seen_loc,2036,True,102
SUN,42,closed_world_seen_test,1491,2039,101,bowling alley,373,labyrinth indoor,-1,,exact,True,True,R0277;R0304;R0306;R0308;R0311;R0314;R0315;R0317;R0320;R0322,203,False,False,False,b/bowling_alley/sun_ajmhpmyxfljcpvju.jpg,b,bowling_alley,bowling_alley,sun_ajmhpmyxfljcpvju.jpg,test_seen_loc,2039,True,102
SUN,42,closed_world_seen_test,1492,11651,582,sky,449,ocean,-1,,exact,True,True,R0063;R0086;R0088;R0122;R0152;R0157;R0160;R0161;R0163;R0165,47,False,False,False,s/sky/sun_agnvbaxppmkhgxvb.jpg,s,sky,sky,sun_agnvbaxppmkhgxvb.jpg,test_seen_loc,11651,True,102
SUN,42,closed_world_seen_test,1493,11642,582,sky,663,underwater ocean shallow,-1,,exact,True,True,R0038;R0074;R0125;R0166;R0183;R0217;R0258;R0260;R0267;R0273,16,False,False,False,s/sky/sun_abbtimwgskvvaeps.jpg,s,sky,sky,sun_abbtimwgskvvaeps.jpg,test_seen_loc,11642,True,102
SUN,42,closed_world_seen_test,1494,11657,582,sky,661,underwater kelp forest,-1,,exact,True,True,R0057;R0125;R0127;R0281;R0288,5,False,False,False,s/sky/sun_alpjwwozdavjucpu.jpg,s,sky,sky,sun_alpjwwozdavjucpu.jpg,test_seen_loc,11657,True,102
SUN,42,closed_world_seen_test,1495,11659,582,sky,226,drill rig,-1,,exact,True,True,R0027;R0074;R0078;R0113;R0157;R0160;R0161;R0170;R0187;R0188,18,False,False,False,s/sky/sun_ammsnaezdygiuafg.jpg,s,sky,sky,sun_ammsnaezdygiuafg.jpg,test_seen_loc,11659,True,102
SUN,42,closed_world_seen_test,1496,6386,319,heath,187,cottage garden,-1,,exact,True,True,R0063;R0070;R0071;R0076;R0077;R0080;R0082;R0087;R0091;R0109,57,False,False,False,h/heath/sun_bhxwhlvakvtkiigi.jpg,h,heath,heath,sun_bhxwhlvakvtkiigi.jpg,test_seen_loc,6386,True,102
SUN,42,closed_world_seen_test,1497,6387,319,heath,405,marsh,-1,,exact,True,True,R0027;R0063;R0070;R0071;R0076;R0077;R0078;R0080;R0082;R0087,53,False,False,False,h/heath/sun_bitgqvplhvkagegw.jpg,h,heath,heath,sun_bitgqvplhvkagegw.jpg,test_seen_loc,6387,True,102
SUN,42,closed_world_seen_test,1498,6399,319,heath,581,ski slope,-1,,exact,True,True,R0027;R0071;R0076;R0077;R0078;R0082;R0087;R0091;R0109;R0113,40,False,False,False,h/heath/sun_btzcskabflndjlpq.jpg,h,heath,heath,sun_btzcskabflndjlpq.jpg,test_seen_loc,6399,True,102
SUN,42,closed_world_seen_test,1499,6391,319,heath,318,hayfield,-1,,exact,True,True,R0082;R0091;R0129;R0138;R0152;R0159;R0167;R0168;R0174;R0175,26,False,False,False,h/heath/sun_bkyryvtnktyevcfz.jpg,h,heath,heath,sun_bkyryvtnktyevcfz.jpg,test_seen_loc,6391,True,102
SUN,42,closed_world_seen_test,1500,145,7,airport terminal,491,planetarium outdoor,-1,,exact,True,True,R0297;R0300;R0302;R0303;R0304;R0306;R0308;R0311;R0314;R0315,241,False,False,False,a/airport_terminal/sun_abhqaesnfxfjejta.jpg,a,airport_terminal,airport_terminal,sun_abhqaesnfxfjejta.jpg,test_seen_loc,145,True,102
SUN,42,closed_world_seen_test,1501,146,7,airport terminal,406,martial arts gym,-1,,exact,True,True,R0206;R0212;R0222;R0460;R0461;R0462;R0475;R0486;R0498;R0502,19,False,False,False,a/airport_terminal/sun_absuvxrxwqknadoz.jpg,a,airport_terminal,airport_terminal,sun_absuvxrxwqknadoz.jpg,test_seen_loc,146,True,102
SUN,42,closed_world_seen_test,1502,156,7,airport terminal,606,subway station corridor,-1,,exact,True,True,R0196;R0297;R0302;R0303;R0304;R0311;R0314;R0315;R0317;R0319,170,False,False,False,a/airport_terminal/sun_adewfyjawwomcjnz.jpg,a,airport_terminal,airport_terminal,sun_adewfyjawwomcjnz.jpg,test_seen_loc,156,True,102
SUN,42,closed_world_seen_test,1503,141,7,airport terminal,447,observatory indoor,-1,,exact,True,True,R0256;R0277;R0297;R0302;R0303;R0314;R0315;R0317;R0325;R0330,62,False,False,False,a/airport_terminal/sun_aabkzjntjfarengi.jpg,a,airport_terminal,airport_terminal,sun_aabkzjntjfarengi.jpg,test_seen_loc,141,True,102
SUN,42,closed_world_seen_test,1504,7515,375,lagoon,375,lagoon,-1,,exact,True,True,R0055;R0062;R0064;R0081;R0083;R0086;R0090;R0096;R0097;R0098,38,False,False,False,l/lagoon/sun_btazqlvzjmoeegtb.jpg,l,lagoon,lagoon,sun_btazqlvzjmoeegtb.jpg,test_seen_loc,7515,True,102
SUN,42,closed_world_seen_test,1505,7507,375,lagoon,659,underwater coral reef,-1,,exact,True,True,R0054;R0055;R0060;R0062;R0063;R0064;R0070;R0071;R0072;R0076,78,False,False,False,l/lagoon/sun_bjzovpcbemxkqheo.jpg,l,lagoon,lagoon,sun_bjzovpcbemxkqheo.jpg,test_seen_loc,7507,True,102
SUN,42,closed_world_seen_test,1506,7500,375,lagoon,76,beach,-1,,exact,True,True,R0054;R0055;R0060;R0062;R0064;R0072;R0081;R0083;R0086;R0088,56,False,False,False,l/lagoon/sun_adhaglimnrryucix.jpg,l,lagoon,lagoon,sun_adhaglimnrryucix.jpg,test_seen_loc,7500,True,102
SUN,42,closed_world_seen_test,1507,7514,375,lagoon,415,mini golf course outdoor,-1,,exact,True,True,R0022;R0054;R0060;R0081;R0096;R0097;R0098;R0099;R0100;R0101,32,False,False,False,l/lagoon/sun_brlonslkmepqtauq.jpg,l,lagoon,lagoon,sun_brlonslkmepqtauq.jpg,test_seen_loc,7514,True,102
SUN,42,closed_world_seen_test,1508,2679,133,cargo deck airplane,133,cargo deck airplane,-1,,exact,True,True,R0256;R0300;R0302;R0303;R0304;R0306;R0308;R0311;R0315;R0317,161,False,False,False,c/cargo_deck/airplane/sun_bztcdmwcxctwlryj.jpg,c,cargo_deck/airplane,airplane,sun_bztcdmwcxctwlryj.jpg,test_seen_loc,2679,True,102
SUN,42,closed_world_seen_test,1509,2662,133,cargo deck airplane,606,subway station corridor,-1,,exact,True,True,R0040;R0092;R0134;R0200;R0303;R0311;R0315;R0318;R0324;R0331,60,False,False,False,c/cargo_deck/airplane/sun_algubfpbbidybcge.jpg,c,cargo_deck/airplane,airplane,sun_algubfpbbidybcge.jpg,test_seen_loc,2662,True,102
SUN,42,closed_world_seen_test,1510,2664,133,cargo deck airplane,606,subway station corridor,-1,,exact,True,True,R0039;R0040;R0059;R0061;R0092;R0112;R0297;R0302;R0304;R0308,169,False,False,False,c/cargo_deck/airplane/sun_asnggwyajmxbzpzr.jpg,c,cargo_deck/airplane,airplane,sun_asnggwyajmxbzpzr.jpg,test_seen_loc,2664,True,102
SUN,42,closed_world_seen_test,1511,2678,133,cargo deck airplane,171,cockpit,-1,,exact,True,True,R0277;R0297;R0302;R0303;R0304;R0311;R0314;R0315;R0317;R0318,122,False,False,False,c/cargo_deck/airplane/sun_bxmhoupmaonizbqo.jpg,c,cargo_deck/airplane,airplane,sun_bxmhoupmaonizbqo.jpg,test_seen_loc,2678,True,102
SUN,42,closed_world_seen_test,1512,8279,413,mine,414,mineshaft,144,cavern indoor,exact,False,False,R0009;R0043;R0261;R0269;R0278;R0284;R0285;R0286;R0310;R0354,30,True,False,False,m/mine/sun_bttyquqzuxrranqg.jpg,m,mine,mine,sun_bttyquqzuxrranqg.jpg,test_seen_loc,8279,True,102
SUN,42,closed_world_seen_test,1513,8265,413,mine,116,butchers shop,129,car interior backseat,exact,False,False,R0033,1,True,False,False,m/mine/sun_ajrzcafqipdwrcee.jpg,m,mine,mine,sun_ajrzcafqipdwrcee.jpg,test_seen_loc,8265,True,102
SUN,42,closed_world_seen_test,1514,8264,413,mine,660,underwater ice,661,underwater kelp forest,fallback,False,False,,0,True,False,False,m/mine/sun_ahssulkpqzjgqskt.jpg,m,mine,mine,sun_ahssulkpqzjgqskt.jpg,test_seen_loc,8264,True,102
SUN,42,closed_world_seen_test,1515,8272,413,mine,111,burial chamber,-1,,exact,True,True,R0061;R0092;R0112;R0134;R0144;R0145;R0206;R0222;R0274;R0277,101,False,False,False,m/mine/sun_bhmlukjuxwuinhlt.jpg,m,mine,mine,sun_bhmlukjuxwuinhlt.jpg,test_seen_loc,8272,True,102
SUN,42,closed_world_seen_test,1516,10085,504,power plant outdoor,442,nuclear power plant outdoor,-1,,exact,True,True,R0024;R0117;R0160;R0161;R0170;R0187;R0188;R0190;R0217;R0218,39,False,False,False,p/power_plant/outdoor/sun_bfhibeditcncbidc.jpg,p,power_plant/outdoor,outdoor,sun_bfhibeditcncbidc.jpg,test_seen_loc,10085,True,102
SUN,42,closed_world_seen_test,1517,10095,504,power plant outdoor,226,drill rig,-1,,exact,True,True,R0084;R0089;R0162;R0173;R0184;R0191;R0212;R0213;R0233;R0236,62,False,False,False,p/power_plant/outdoor/sun_bqwnxvhkmakzomvw.jpg,p,power_plant/outdoor,outdoor,sun_bqwnxvhkmakzomvw.jpg,test_seen_loc,10095,True,102
SUN,42,closed_world_seen_test,1518,10097,504,power plant outdoor,442,nuclear power plant outdoor,-1,,exact,True,True,R0027;R0074;R0113;R0156;R0162;R0166;R0183;R0190;R0193;R0228,29,False,False,False,p/power_plant/outdoor/sun_brilqgngnrooaypm.jpg,p,power_plant/outdoor,outdoor,sun_brilqgngnrooaypm.jpg,test_seen_loc,10097,True,102
SUN,42,closed_world_seen_test,1519,10089,504,power plant outdoor,687,water tower,-1,,exact,True,True,R0173;R0191;R0233;R0282;R0305;R0498;R0509;R0519;R0520;R0556,12,False,False,False,p/power_plant/outdoor/sun_biftdxwaqowredgl.jpg,p,power_plant/outdoor,outdoor,sun_biftdxwaqowredgl.jpg,test_seen_loc,10089,True,102
SUN,42,closed_world_seen_test,1520,8172,408,mausoleum,159,church outdoor,-1,,exact,True,True,R0027;R0057;R0068;R0089;R0125;R0190;R0238;R0253;R0257;R0262,16,False,False,False,m/mausoleum/sun_bmpadqevbdlkqttq.jpg,m,mausoleum,mausoleum,sun_bmpadqevbdlkqttq.jpg,test_seen_loc,8172,True,102
SUN,42,closed_world_seen_test,1521,8173,408,mausoleum,646,trailer park,-1,,exact,True,True,R0029;R0056;R0065;R0067;R0073;R0079;R0123;R0136;R0138;R0141,67,False,False,False,m/mausoleum/sun_brigndgsguhlpxdi.jpg,m,mausoleum,mausoleum,sun_brigndgsguhlpxdi.jpg,test_seen_loc,8173,True,102
SUN,42,closed_world_seen_test,1522,8168,408,mausoleum,266,flight of stairs natural,-1,,exact,True,True,R0065;R0095;R0109;R0123;R0139;R0149;R0183;R0190;R0228;R0240,30,False,False,False,m/mausoleum/sun_bjeavqftomzqvhlb.jpg,m,mausoleum,mausoleum,sun_bjeavqftomzqvhlb.jpg,test_seen_loc,8168,True,102
SUN,42,closed_world_seen_test,1523,8162,408,mausoleum,159,church outdoor,-1,,exact,True,True,R0065;R0095;R0109;R0123;R0138;R0149;R0190;R0241;R0251;R0253,27,False,False,False,m/mausoleum/sun_aosocrsbxcelvuyd.jpg,m,mausoleum,mausoleum,sun_aosocrsbxcelvuyd.jpg,test_seen_loc,8162,True,102
SUN,42,closed_world_seen_test,1524,419,20,aqueduct,20,aqueduct,-1,,exact,True,True,R0154;R0158;R0166;R0169;R0177;R0216;R0223;R0231;R0238;R0240,26,False,False,False,a/aqueduct/sun_amsmgucwotarzwxe.jpg,a,aqueduct,aqueduct,sun_amsmgucwotarzwxe.jpg,test_seen_loc,419,True,102
SUN,42,closed_world_seen_test,1525,411,20,aqueduct,21,arch,-1,,exact,True,True,R0027;R0047;R0057;R0089;R0125;R0169;R0177;R0182;R0223;R0232,26,False,False,False,a/aqueduct/sun_akdlcawhrrerhvol.jpg,a,aqueduct,aqueduct,sun_akdlcawhrrerhvol.jpg,test_seen_loc,411,True,102
SUN,42,closed_world_seen_test,1526,408,20,aqueduct,20,aqueduct,-1,,exact,True,True,R0065;R0074;R0095;R0109;R0123;R0138;R0166;R0183;R0240;R0251,19,False,False,False,a/aqueduct/sun_ahoiqduhgksixhny.jpg,a,aqueduct,aqueduct,sun_ahoiqduhgksixhny.jpg,test_seen_loc,408,True,102
SUN,42,closed_world_seen_test,1527,417,20,aqueduct,464,pagoda,-1,,exact,True,True,R0089;R0166;R0203;R0262;R0265;R0286;R0291;R0309;R0355;R0441,10,False,False,False,a/aqueduct/sun_amhibxgqpclsisqm.jpg,a,aqueduct,aqueduct,sun_amhibxgqpclsisqm.jpg,test_seen_loc,417,True,102
SUN,42,closed_world_seen_test,1528,10536,526,reading room,383,lecture room,-1,,exact,True,True,R0297;R0300;R0302;R0303;R0304;R0306;R0308;R0311;R0314;R0315,241,False,False,False,r/reading_room/sun_asqxdrkpojhdlmvg.jpg,r,reading_room,reading_room,sun_asqxdrkpojhdlmvg.jpg,test_seen_loc,10536,True,102
SUN,42,closed_world_seen_test,1529,10529,526,reading room,383,lecture room,-1,,exact,True,True,R0277;R0297;R0302;R0303;R0304;R0308;R0311;R0314;R0315;R0317,240,False,False,False,r/reading_room/sun_amfpnqtthiydaduh.jpg,r,reading_room,reading_room,sun_amfpnqtthiydaduh.jpg,test_seen_loc,10529,True,102
SUN,42,closed_world_seen_test,1530,10527,526,reading room,163,classroom,-1,,exact,True,True,R0297;R0300;R0302;R0304;R0306;R0308;R0311;R0315;R0318;R0319,165,False,False,False,r/reading_room/sun_ajapycsbigroxdsk.jpg,r,reading_room,reading_room,sun_ajapycsbigroxdsk.jpg,test_seen_loc,10527,True,102
SUN,42,closed_world_seen_test,1531,10539,526,reading room,383,lecture room,-1,,exact,True,True,R0039;R0040;R0059;R0061;R0092;R0112;R0134;R0144;R0145;R0277,213,False,False,False,r/reading_room/sun_aukydbletedtoxlg.jpg,r,reading_room,reading_room,sun_aukydbletedtoxlg.jpg,test_seen_loc,10539,True,102
SUN,42,closed_world_seen_test,1532,10326,516,quonset hut outdoor,626,tent indoor,-1,,exact,True,True,R0117;R0124;R0126;R0140;R0154;R0158;R0164;R0169;R0194;R0197,65,False,False,False,q/quonset_hut/outdoor/sun_afzchytcwksfhtin.jpg,q,quonset_hut/outdoor,outdoor,sun_afzchytcwksfhtin.jpg,test_seen_loc,10326,True,102
SUN,42,closed_world_seen_test,1533,10323,516,quonset hut outdoor,28,arrival gate outdoor,-1,,exact,True,True,R0073;R0117;R0220;R0228;R0260;R0263;R0273;R0280;R0283;R0289,23,False,False,False,q/quonset_hut/outdoor/sun_adewcxaftylfwkhe.jpg,q,quonset_hut/outdoor,outdoor,sun_adewcxaftylfwkhe.jpg,test_seen_loc,10323,True,102
SUN,42,closed_world_seen_test,1534,10322,516,quonset hut outdoor,491,planetarium outdoor,-1,,exact,True,True,R0053;R0069;R0073;R0117;R0162;R0202;R0218;R0228;R0231;R0237,74,False,False,False,q/quonset_hut/outdoor/sun_adczhjpjkebqrgty.jpg,q,quonset_hut/outdoor,outdoor,sun_adczhjpjkebqrgty.jpg,test_seen_loc,10322,True,102
SUN,42,closed_world_seen_test,1535,10320,516,quonset hut outdoor,362,junkyard,-1,,exact,True,True,R0117;R0143;R0202;R0218;R0220;R0231;R0237;R0254;R0260;R0263,41,False,False,False,q/quonset_hut/outdoor/sun_aagdgeuqugqseyyb.jpg,q,quonset_hut/outdoor,outdoor,sun_aagdgeuqugqseyyb.jpg,test_seen_loc,10320,True,102
SUN,42,closed_world_seen_test,1536,3461,173,computer room,121,call center,-1,,exact,True,True,R0297;R0300;R0302;R0303;R0304;R0306;R0308;R0314;R0315;R0317,219,False,False,False,c/computer_room/sun_aeixnywnqumolfho.jpg,c,computer_room,computer_room,sun_aeixnywnqumolfho.jpg,test_seen_loc,3461,True,102
SUN,42,closed_world_seen_test,1537,3463,173,computer room,450,office,-1,,exact,True,True,R0256;R0297;R0302;R0303;R0304;R0314;R0315;R0317;R0319;R0325,128,False,False,False,c/computer_room/sun_affljzadmlmgjotl.jpg,c,computer_room,computer_room,sun_affljzadmlmgjotl.jpg,test_seen_loc,3463,True,102
SUN,42,closed_world_seen_test,1538,3468,173,computer room,434,music store,-1,,exact,True,True,R0297;R0300;R0302;R0303;R0306;R0314;R0317;R0318;R0319;R0320,182,False,False,False,c/computer_room/sun_ajiheyoqvhauzvjj.jpg,c,computer_room,computer_room,sun_ajiheyoqvhauzvjj.jpg,test_seen_loc,3468,True,102
SUN,42,closed_world_seen_test,1539,3466,173,computer room,383,lecture room,-1,,exact,True,True,R0297;R0300;R0302;R0303;R0306;R0311;R0314;R0315;R0317;R0318,202,False,False,False,c/computer_room/sun_aiwoeojpxkqpjyqg.jpg,c,computer_room,computer_room,sun_aiwoeojpxkqpjyqg.jpg,test_seen_loc,3466,True,102
SUN,42,closed_world_seen_test,1540,7329,366,kennel outdoor,366,kennel outdoor,-1,,exact,True,True,R0065;R0095;R0136;R0202;R0235;R0237;R0247;R0261;R0275;R0284,31,False,False,False,k/kennel/outdoor/sun_aftqrthzncibopfq.jpg,k,kennel/outdoor,outdoor,sun_aftqrthzncibopfq.jpg,test_seen_loc,7329,True,102
SUN,42,closed_world_seen_test,1541,7328,366,kennel outdoor,366,kennel outdoor,-1,,exact,True,True,R0056;R0136;R0147;R0202;R0235;R0247;R0261;R0275;R0285;R0289,27,False,False,False,k/kennel/outdoor/sun_afnspnlnyyjmijqs.jpg,k,kennel/outdoor,outdoor,sun_afnspnlnyyjmijqs.jpg,test_seen_loc,7328,True,102
SUN,42,closed_world_seen_test,1542,7331,366,kennel outdoor,156,chicken farm outdoor,-1,,exact,True,True,R0073;R0079;R0136;R0141;R0142;R0147;R0149;R0153;R0159;R0162,73,False,False,False,k/kennel/outdoor/sun_ahlffsfyxkbttxpu.jpg,k,kennel/outdoor,outdoor,sun_ahlffsfyxkbttxpu.jpg,test_seen_loc,7331,True,102
SUN,42,closed_world_seen_test,1543,7324,366,kennel outdoor,675,veterinarians office,-1,,exact,True,True,R0079;R0123;R0141;R0255;R0279,5,False,False,False,k/kennel/outdoor/sun_adopsgowdilgzeiw.jpg,k,kennel/outdoor,outdoor,sun_adopsgowdilgzeiw.jpg,test_seen_loc,7324,True,102
SUN,42,closed_world_seen_test,1544,2807,140,catacomb,400,manhole,-1,,exact,True,True,R0261;R0262;R0285;R0406;R0418;R0528;R0553;R0554,8,False,False,False,c/catacomb/sun_ahoczngebbewfukk.jpg,c,catacomb,catacomb,sun_ahoczngebbewfukk.jpg,test_seen_loc,2807,True,102
SUN,42,closed_world_seen_test,1545,2811,140,catacomb,140,catacomb,-1,,exact,True,True,R0202;R0269;R0310;R0354;R0406;R0479;R0483;R0528;R0535;R0537,20,False,False,False,c/catacomb/sun_anjgaldhdepxhahw.jpg,c,catacomb,catacomb,sun_anjgaldhdepxhahw.jpg,test_seen_loc,2811,True,102
SUN,42,closed_world_seen_test,1546,2803,140,catacomb,459,ossuary,-1,,exact,True,True,R0323;R0354;R0406;R0418;R0528;R0537;R0545;R0553;R0554;R0555,12,False,False,False,c/catacomb/sun_aejgrdxkeqsowznb.jpg,c,catacomb,catacomb,sun_aejgrdxkeqsowznb.jpg,test_seen_loc,2803,True,102
SUN,42,closed_world_seen_test,1547,2812,140,catacomb,600,stone circle,129,car interior backseat,exact,False,False,R0033;R0253;R0269;R0310;R0323;R0354;R0358;R0406;R0418;R0471,21,True,False,False,c/catacomb/sun_anlyucgpymxqrldb.jpg,c,catacomb,catacomb,sun_anlyucgpymxqrldb.jpg,test_seen_loc,2812,True,102
SUN,42,closed_world_seen_test,1548,13891,694,waterfall plunge,600,stone circle,-1,,exact,True,True,R0068;R0253;R0262;R0286,4,False,False,False,w/waterfall/plunge/sun_axijdxoblvdpaham.jpg,w,waterfall/plunge,plunge,sun_axijdxoblvdpaham.jpg,test_seen_loc,13891,True,102
SUN,42,closed_world_seen_test,1549,13886,694,waterfall plunge,694,waterfall plunge,-1,,exact,True,True,R0063;R0070;R0071;R0076;R0077;R0080;R0087;R0091;R0109;R0122,51,False,False,False,w/waterfall/plunge/sun_akrgpbiojwkzpuwp.jpg,w,waterfall/plunge,plunge,sun_akrgpbiojwkzpuwp.jpg,test_seen_loc,13886,True,102
SUN,42,closed_world_seen_test,1550,13884,694,waterfall plunge,696,wave,-1,,exact,True,True,R0085;R0094;R0103;R0104;R0105;R0106;R0107;R0114;R0115;R0116,43,False,False,False,w/waterfall/plunge/sun_airwrcxqcvbhccmd.jpg,w,waterfall/plunge,plunge,sun_airwrcxqcvbhccmd.jpg,test_seen_loc,13884,True,102
SUN,42,closed_world_seen_test,1551,13897,694,waterfall plunge,519,raft,-1,,exact,True,True,R0063;R0070;R0071;R0080;R0087;R0091;R0109;R0135;R0138;R0149,27,False,False,False,w/waterfall/plunge/sun_bmvptvskhfjnikqf.jpg,w,waterfall/plunge,plunge,sun_bmvptvskhfjnikqf.jpg,test_seen_loc,13897,True,102
SUN,42,closed_world_seen_test,1552,7245,362,junkyard,378,landfill,-1,,exact,True,True,R0227;R0262;R0265;R0418,4,False,False,False,j/junkyard/sun_arrvapwkosyuozsi.jpg,j,junkyard,junkyard,sun_arrvapwkosyuozsi.jpg,test_seen_loc,7245,True,102
SUN,42,closed_world_seen_test,1553,7259,362,junkyard,362,junkyard,-1,,exact,True,True,R0043;R0053;R0089;R0162;R0184;R0192;R0198;R0203;R0213;R0224,78,False,False,False,j/junkyard/sun_bnjxloymknkoyvfg.jpg,j,junkyard,junkyard,sun_bnjxloymknkoyvfg.jpg,test_seen_loc,7259,True,102
SUN,42,closed_world_seen_test,1554,7247,362,junkyard,378,landfill,-1,,exact,True,True,R0024;R0113;R0157;R0160;R0161;R0254;R0258;R0267;R0309;R0418,11,False,False,False,j/junkyard/sun_bbvnkeareshnhkdu.jpg,j,junkyard,junkyard,sun_bbvnkeareshnhkdu.jpg,test_seen_loc,7247,True,102
SUN,42,closed_world_seen_test,1555,7243,362,junkyard,83,bell foundry,-1,,exact,True,True,R0033;R0202;R0253;R0323;R0354;R0358;R0406;R0418;R0476;R0480,24,False,False,False,j/junkyard/sun_aoguktonawylrudm.jpg,j,junkyard,junkyard,sun_aoguktonawylrudm.jpg,test_seen_loc,7243,True,102
SUN,42,closed_world_seen_test,1556,13061,653,tree house,653,tree house,-1,,exact,True,True,R0109;R0138;R0142;R0153;R0159;R0174;R0175;R0181;R0183;R0219,21,False,False,False,t/tree_house/sun_ajvyidbmmscmvmbg.jpg,t,tree_house,tree_house,sun_ajvyidbmmscmvmbg.jpg,test_seen_loc,13061,True,102
SUN,42,closed_world_seen_test,1557,13071,653,tree house,653,tree house,-1,,exact,True,True,R0065;R0095;R0136;R0202;R0235;R0237;R0247;R0253;R0261;R0262,39,False,False,False,t/tree_house/sun_azqdrfiissgshbwi.jpg,t,tree_house,tree_house,sun_azqdrfiissgshbwi.jpg,test_seen_loc,13071,True,102
SUN,42,closed_world_seen_test,1558,13073,653,tree house,653,tree house,122,campsite,exact,False,False,R0095,1,True,False,False,t/tree_house/sun_bhmtoixmhnxqyfhq.jpg,t,tree_house,tree_house,sun_bhmtoixmhnxqyfhq.jpg,test_seen_loc,13073,True,102
SUN,42,closed_world_seen_test,1559,13066,653,tree house,54,bamboo forest,-1,,exact,True,True,R0089;R0253;R0262;R0265;R0286,5,False,False,False,t/tree_house/sun_asvkmeiapluxtmiv.jpg,t,tree_house,tree_house,sun_asvkmeiapluxtmiv.jpg,test_seen_loc,13066,True,102
SUN,42,closed_world_seen_test,1560,7473,373,labyrinth indoor,373,labyrinth indoor,-1,,exact,True,True,R0225;R0269;R0310;R0471;R0477;R0494;R0500;R0525;R0528;R0535,23,False,False,False,l/labyrinth/indoor/sun_bwfkpifyxaxuwswq.jpg,l,labyrinth/indoor,indoor,sun_bwfkpifyxaxuwswq.jpg,test_seen_loc,7473,True,102
SUN,42,closed_world_seen_test,1561,7469,373,labyrinth indoor,373,labyrinth indoor,-1,,exact,True,True,R0269;R0310;R0471;R0500;R0528;R0535;R0537;R0545;R0546;R0547,18,False,False,False,l/labyrinth/indoor/sun_bnpkxbmyqtoyqzxx.jpg,l,labyrinth/indoor,indoor,sun_bnpkxbmyqtoyqzxx.jpg,test_seen_loc,7469,True,102
SUN,42,closed_world_seen_test,1562,7476,373,labyrinth indoor,373,labyrinth indoor,-1,,exact,True,True,R0026;R0030;R0036;R0041;R0042;R0045;R0048;R0176;R0222;R0414,26,False,False,False,l/labyrinth/indoor/sun_bwmndjkgosiriyue.jpg,l,labyrinth/indoor,indoor,sun_bwmndjkgosiriyue.jpg,test_seen_loc,7476,True,102
SUN,42,closed_world_seen_test,1563,7467,373,labyrinth indoor,373,labyrinth indoor,-1,,exact,True,True,R0202;R0269;R0310;R0471;R0500;R0528;R0535;R0537;R0545;R0546,19,False,False,False,l/labyrinth/indoor/sun_bkpbowwuojcnavbt.jpg,l,labyrinth/indoor,indoor,sun_bkpbowwuojcnavbt.jpg,test_seen_loc,7467,True,102
SUN,42,closed_world_seen_test,1564,6485,324,highway,648,train railway,-1,,exact,True,True,R0073;R0108;R0117;R0158;R0164;R0170;R0187;R0188;R0192;R0194,73,False,False,False,h/highway/sun_aatotjbxdswtjtml.jpg,h,highway,highway,sun_aatotjbxdswtjtml.jpg,test_seen_loc,6485,True,102
SUN,42,closed_world_seen_test,1565,6493,324,highway,324,highway,-1,,exact,True,True,R0015;R0074;R0157;R0170;R0187;R0188;R0226;R0229;R0279,9,False,False,False,h/highway/sun_abqvqtelqwqpspmx.jpg,h,highway,highway,sun_abqvqtelqwqpspmx.jpg,test_seen_loc,6493,True,102
SUN,42,closed_world_seen_test,1566,6497,324,highway,255,field road,-1,,exact,True,True,R0024;R0082;R0095;R0109;R0123;R0129;R0136;R0142;R0149;R0153,42,False,False,False,h/highway/sun_acavuimzdujsxhgo.jpg,h,highway,highway,sun_acavuimzdujsxhgo.jpg,test_seen_loc,6497,True,102
SUN,42,closed_world_seen_test,1567,6482,324,highway,324,highway,-1,,exact,True,True,R0073;R0157;R0170;R0187;R0188;R0226;R0229,7,False,False,False,h/highway/sun_aadkhfdmzchubudy.jpg,h,highway,highway,sun_aadkhfdmzchubudy.jpg,test_seen_loc,6482,True,102
SUN,42,closed_world_seen_test,1568,1838,91,bleachers outdoor,430,movie theater indoor,-1,,exact,True,True,R0047;R0127;R0227,3,False,False,False,b/bleachers/outdoor/sun_ampuipailcqgovei.jpg,b,bleachers/outdoor,outdoor,sun_ampuipailcqgovei.jpg,test_seen_loc,1838,True,102
SUN,42,closed_world_seen_test,1569,1830,91,bleachers outdoor,318,hayfield,-1,,exact,True,True,R0142;R0153;R0202;R0225;R0525;R0528;R0535;R0537;R0545;R0546,19,False,False,False,b/bleachers/outdoor/sun_agvokzazyrbhbawh.jpg,b,bleachers/outdoor,outdoor,sun_agvokzazyrbhbawh.jpg,test_seen_loc,1830,True,102
SUN,42,closed_world_seen_test,1570,1825,91,bleachers outdoor,485,pig farm,-1,,exact,True,True,R0192;R0202;R0224;R0236;R0239;R0245;R0246;R0249;R0261;R0269,43,False,False,False,b/bleachers/outdoor/sun_adtvjliygidgfzcr.jpg,b,bleachers/outdoor,outdoor,sun_adtvjliygidgfzcr.jpg,test_seen_loc,1825,True,102
SUN,42,closed_world_seen_test,1571,1822,91,bleachers outdoor,491,planetarium outdoor,-1,,exact,True,True,R0028;R0057;R0124;R0125;R0135;R0139;R0143;R0158;R0166;R0169,35,False,False,False,b/bleachers/outdoor/sun_actfmaotlntwijrm.jpg,b,bleachers/outdoor,outdoor,sun_actfmaotlntwijrm.jpg,test_seen_loc,1822,True,102
SUN,42,closed_world_seen_test,1572,5746,287,game room,500,poolroom home,-1,,exact,True,True,R0277;R0297;R0302;R0303;R0304;R0306;R0308;R0311;R0314;R0317,216,False,False,False,g/game_room/sun_alwvyytcookrfvjn.jpg,g,game_room,game_room,sun_alwvyytcookrfvjn.jpg,test_seen_loc,5746,True,102
SUN,42,closed_world_seen_test,1573,5754,287,game room,499,poolroom establishment,-1,,exact,True,True,R0196;R0304;R0311;R0314;R0315;R0317;R0324;R0325;R0329;R0330,144,False,False,False,g/game_room/sun_atbgszjqqrxrkmeu.jpg,g,game_room,game_room,sun_atbgszjqqrxrkmeu.jpg,test_seen_loc,5754,True,102
SUN,42,closed_world_seen_test,1574,5758,287,game room,41,auto racing paddock,-1,,exact,True,True,R0031;R0196;R0222;R0225;R0308;R0319;R0330;R0336;R0337;R0344,122,False,False,False,g/game_room/sun_bajjqzbierclzpqp.jpg,g,game_room,game_room,sun_bajjqzbierclzpqp.jpg,test_seen_loc,5758,True,102
SUN,42,closed_world_seen_test,1575,5741,287,game room,136,carrousel,-1,,exact,True,True,R0256;R0302;R0303;R0304;R0311;R0315;R0317;R0318;R0324;R0331,83,False,False,False,g/game_room/sun_accgcmqkndbwjwaf.jpg,g,game_room,game_room,sun_accgcmqkndbwjwaf.jpg,test_seen_loc,5741,True,102
SUN,42,closed_world_seen_test,1576,10283,514,quadrangle,279,fortress,-1,,exact,True,True,R0038;R0125;R0139;R0158;R0169;R0183;R0216;R0217;R0226;R0248,19,False,False,False,q/quadrangle/sun_acxobwppwtpsblph.jpg,q,quadrangle,quadrangle,sun_acxobwppwtpsblph.jpg,test_seen_loc,10283,True,102
SUN,42,closed_world_seen_test,1577,10281,514,quadrangle,0,abbey,-1,,exact,True,True,R0117;R0154;R0158;R0164;R0169;R0194;R0216;R0223;R0244;R0248,28,False,False,False,q/quadrangle/sun_aavyzmpyuatpbved.jpg,q,quadrangle,quadrangle,sun_aavyzmpyuatpbved.jpg,test_seen_loc,10281,True,102
SUN,42,closed_world_seen_test,1578,10289,514,quadrangle,277,formal garden,-1,,exact,True,True,R0198;R0259;R0479;R0483;R0494;R0511;R0525;R0535;R0546;R0547,13,False,False,False,q/quadrangle/sun_agybgxkqviinsomv.jpg,q,quadrangle,quadrangle,sun_agybgxkqviinsomv.jpg,test_seen_loc,10289,True,102
SUN,42,closed_world_seen_test,1579,10299,514,quadrangle,139,castle,-1,,exact,True,True,R0043;R0047;R0068;R0177;R0182;R0190;R0202;R0237;R0238;R0242,51,False,False,False,q/quadrangle/sun_axwxlbehyercojgv.jpg,q,quadrangle,quadrangle,sun_axwxlbehyercojgv.jpg,test_seen_loc,10299,True,102
SUN,42,closed_world_seen_test,1580,13725,686,water mill,686,water mill,-1,,exact,True,True,R0043;R0069;R0075;R0084;R0089;R0124;R0126;R0127;R0140;R0146,100,False,False,False,w/water_mill/sun_ahcuohffuqmwwrky.jpg,w,water_mill,water_mill,sun_ahcuohffuqmwwrky.jpg,test_seen_loc,13725,True,102
SUN,42,closed_world_seen_test,1581,13734,686,water mill,62,barn,-1,,exact,True,True,R0029;R0056;R0065;R0067;R0123;R0136;R0138;R0142;R0147;R0149,56,False,False,False,w/water_mill/sun_bbaexgtigmqiexbc.jpg,w,water_mill,water_mill,sun_bbaexgtigmqiexbc.jpg,test_seen_loc,13734,True,102
SUN,42,closed_world_seen_test,1582,13723,686,water mill,159,church outdoor,-1,,exact,True,True,R0113;R0125;R0139;R0148;R0158;R0169;R0177;R0216;R0226;R0228,40,False,False,False,w/water_mill/sun_afcknqtlwzchbmcf.jpg,w,water_mill,water_mill,sun_afcknqtlwzchbmcf.jpg,test_seen_loc,13723,True,102
SUN,42,closed_world_seen_test,1583,13735,686,water mill,278,fort,-1,,exact,True,True,R0027;R0038;R0065;R0074;R0095;R0109;R0113;R0123;R0138;R0139,24,False,False,False,w/water_mill/sun_bbztrjixhwnbpemt.jpg,w,water_mill,water_mill,sun_bbztrjixhwnbpemt.jpg,test_seen_loc,13735,True,102
SUN,42,closed_world_seen_test,1584,7919,395,lobby,185,corridor,-1,,exact,True,True,R0252;R0277;R0305;R0314;R0317;R0320;R0325;R0329;R0330;R0333,139,False,False,False,l/lobby/sun_aosxujozokdnyiby.jpg,l,lobby,lobby,sun_aosxujozokdnyiby.jpg,test_seen_loc,7919,True,102
SUN,42,closed_world_seen_test,1585,7906,395,lobby,185,corridor,-1,,exact,True,True,R0277;R0297;R0302;R0303;R0304;R0308;R0311;R0314;R0315;R0317,240,False,False,False,l/lobby/sun_aewjmnekqyjrrekq.jpg,l,lobby,lobby,sun_aewjmnekqyjrrekq.jpg,test_seen_loc,7906,True,102
SUN,42,closed_world_seen_test,1586,7907,395,lobby,356,jail indoor,-1,,exact,True,True,R0297;R0302;R0304;R0308;R0315;R0318;R0319;R0320;R0325;R0329,105,False,False,False,l/lobby/sun_afcltgfhusbdkrch.jpg,l,lobby,lobby,sun_afcltgfhusbdkrch.jpg,test_seen_loc,7907,True,102
SUN,42,closed_world_seen_test,1587,7909,395,lobby,238,elevator lobby,-1,,exact,True,True,R0277;R0297;R0302;R0303;R0304;R0308;R0311;R0314;R0315;R0317,240,False,False,False,l/lobby/sun_afvzasolgtfidrgu.jpg,l,lobby,lobby,sun_afvzasolgtfidrgu.jpg,test_seen_loc,7909,True,102
SUN,42,closed_world_seen_test,1588,3558,177,confessional,177,confessional,129,car interior backseat,exact,False,False,R0033;R0206;R0306;R0330;R0366;R0385;R0406;R0418;R0437;R0452,20,True,False,False,c/confessional/sun_ctutykoddpiwqiwa.jpg,c,confessional,confessional,sun_ctutykoddpiwqiwa.jpg,test_seen_loc,3558,True,102
SUN,42,closed_world_seen_test,1589,3542,177,confessional,177,confessional,-1,,exact,True,True,R0256;R0297;R0300;R0302;R0303;R0306;R0314;R0315;R0317;R0318,172,False,False,False,c/confessional/sun_agxwtwpkrbdonphl.jpg,c,confessional,confessional,sun_agxwtwpkrbdonphl.jpg,test_seen_loc,3542,True,102
SUN,42,closed_world_seen_test,1590,3541,177,confessional,177,confessional,-1,,exact,True,True,R0297;R0300;R0302;R0303;R0306;R0314;R0317;R0318;R0319;R0320,182,False,False,False,c/confessional/sun_afckbnlzejclyplr.jpg,c,confessional,confessional,sun_afckbnlzejclyplr.jpg,test_seen_loc,3541,True,102
SUN,42,closed_world_seen_test,1591,3547,177,confessional,177,confessional,-1,,exact,True,True,R0033;R0120;R0206;R0222;R0274;R0300;R0306;R0323;R0330;R0336,114,False,False,False,c/confessional/sun_awcexeqzknipixmx.jpg,c,confessional,confessional,sun_awcexeqzknipixmx.jpg,test_seen_loc,3547,True,102
SUN,42,closed_world_seen_test,1592,11110,555,salt plain,76,beach,-1,,exact,True,True,R0025;R0055;R0062;R0064;R0081;R0083;R0085;R0086;R0090;R0094,36,False,False,False,s/salt_plain/sun_atvqwalnflkxxcfx.jpg,s,salt_plain,salt_plain,sun_atvqwalnflkxxcfx.jpg,test_seen_loc,11110,True,102
SUN,42,closed_world_seen_test,1593,11112,555,salt plain,373,labyrinth indoor,-1,,exact,True,True,R0054;R0055;R0060;R0062;R0064;R0072;R0073;R0081;R0083;R0086,53,False,False,False,s/salt_plain/sun_bcztaebqvjaggqyh.jpg,s,salt_plain,salt_plain,sun_bcztaebqvjaggqyh.jpg,test_seen_loc,11112,True,102
SUN,42,closed_world_seen_test,1594,11100,555,salt plain,76,beach,-1,,exact,True,True,R0055;R0062;R0064;R0081;R0083;R0086;R0090;R0096;R0097;R0098,32,False,False,False,s/salt_plain/sun_aeegexcuoacpyzns.jpg,s,salt_plain,salt_plain,sun_aeegexcuoacpyzns.jpg,test_seen_loc,11100,True,102
SUN,42,closed_world_seen_test,1595,11102,555,salt plain,373,labyrinth indoor,-1,,exact,True,True,R0086;R0157;R0160;R0161;R0190;R0258;R0267,7,False,False,False,s/salt_plain/sun_ageemqvnycianrye.jpg,s,salt_plain,salt_plain,sun_ageemqvnycianrye.jpg,test_seen_loc,11102,True,102
SUN,42,closed_world_seen_test,1596,11452,572,shoe shop,52,ball pit,-1,,exact,True,True,R0274;R0297;R0322;R0325;R0329;R0336;R0337;R0338;R0339;R0344,108,False,False,False,s/shoe_shop/sun_ahyoemqpoceaawxw.jpg,s,shoe_shop,shoe_shop,sun_ahyoemqpoceaawxw.jpg,test_seen_loc,11452,True,102
SUN,42,closed_world_seen_test,1597,11456,572,shoe shop,434,music store,-1,,exact,True,True,R0252;R0304;R0305;R0311;R0312;R0314;R0317;R0324;R0325;R0329,138,False,False,False,s/shoe_shop/sun_akykrojcfmabmaws.jpg,s,shoe_shop,shoe_shop,sun_akykrojcfmabmaws.jpg,test_seen_loc,11456,True,102
SUN,42,closed_world_seen_test,1598,11443,572,shoe shop,391,liquor store indoor,-1,,exact,True,True,R0297;R0300;R0303;R0306;R0308;R0314;R0315;R0318;R0320;R0322,164,False,False,False,s/shoe_shop/sun_adbxrbtrfqukgxcd.jpg,s,shoe_shop,shoe_shop,sun_adbxrbtrfqukgxcd.jpg,test_seen_loc,11443,True,102
SUN,42,closed_world_seen_test,1599,11446,572,shoe shop,434,music store,-1,,exact,True,True,R0039;R0040;R0059;R0061;R0092;R0112;R0134;R0144;R0145;R0256,229,False,False,False,s/shoe_shop/sun_aeldqlysuzktokwm.jpg,s,shoe_shop,shoe_shop,sun_aeldqlysuzktokwm.jpg,test_seen_loc,11446,True,102
SUN,42,closed_world_seen_test,1600,8544,427,mountain path,427,mountain path,-1,,exact,True,True,R0029;R0034;R0066;R0070;R0076;R0077;R0080;R0082;R0085;R0091,82,False,False,False,m/mountain_path/sun_apjdtiqztlumzclr.jpg,m,mountain_path,mountain_path,sun_apjdtiqztlumzclr.jpg,test_seen_loc,8544,True,102
SUN,42,closed_world_seen_test,1601,8551,427,mountain path,680,volcano,-1,,exact,True,True,R0066;R0070;R0076;R0077;R0080;R0082;R0085;R0091;R0094;R0103,65,False,False,False,m/mountain_path/sun_bhixbaioztdwsrwy.jpg,m,mountain_path,mountain_path,sun_bhixbaioztdwsrwy.jpg,test_seen_loc,8551,True,102
SUN,42,closed_world_seen_test,1602,8552,427,mountain path,427,mountain path,-1,,exact,True,True,R0066;R0070;R0080;R0082;R0085;R0091;R0094;R0103;R0104;R0105,51,False,False,False,m/mountain_path/sun_bkyqlbdqbxrhwvxd.jpg,m,mountain_path,mountain_path,sun_bkyqlbdqbxrhwvxd.jpg,test_seen_loc,8552,True,102
SUN,42,closed_world_seen_test,1603,8546,427,mountain path,427,mountain path,-1,,exact,True,True,R0066;R0070;R0076;R0077;R0080;R0082;R0085;R0091;R0094;R0103,63,False,False,False,m/mountain_path/sun_avmctnlzgdxolmzh.jpg,m,mountain_path,mountain_path,sun_avmctnlzgdxolmzh.jpg,test_seen_loc,8546,True,102
SUN,42,closed_world_seen_test,1604,126,6,airport entrance,491,planetarium outdoor,-1,,exact,True,True,R0084;R0124;R0126;R0135;R0146;R0196;R0198;R0212;R0225;R0232,85,False,False,False,a/airport/entrance/sun_astnegfuzjwevhbe.jpg,a,airport/entrance,entrance,sun_astnegfuzjwevhbe.jpg,test_seen_loc,126,True,102
SUN,42,closed_world_seen_test,1605,122,6,airport entrance,324,highway,-1,,exact,True,True,R0069;R0073;R0124;R0148;R0154;R0158;R0169;R0197;R0212;R0216,50,False,False,False,a/airport/entrance/sun_agchhqpsdjqwmrcb.jpg,a,airport/entrance,entrance,sun_agchhqpsdjqwmrcb.jpg,test_seen_loc,122,True,102
SUN,42,closed_world_seen_test,1606,131,6,airport entrance,687,water tower,-1,,exact,True,True,R0148;R0154;R0158;R0169;R0183;R0190;R0216;R0217;R0224;R0228,32,False,False,False,a/airport/entrance/sun_bffiwmkezkvpjwum.jpg,a,airport/entrance,entrance,sun_bffiwmkezkvpjwum.jpg,test_seen_loc,131,True,102
SUN,42,closed_world_seen_test,1607,123,6,airport entrance,402,manufactured home,-1,,exact,True,True,R0038;R0125;R0135;R0260;R0273;R0280;R0292;R0293;R0294;R0295,12,False,False,False,a/airport/entrance/sun_ainpqoalfsqkxogl.jpg,a,airport/entrance,entrance,sun_ainpqoalfsqkxogl.jpg,test_seen_loc,123,True,102
SUN,42,closed_world_seen_test,1608,2372,118,cabana,491,planetarium outdoor,653,tree house,exact,False,False,R0029;R0198;R0202;R0259;R0262;R0284;R0286;R0300;R0323;R0354,22,True,False,False,c/cabana/sun_aoczpxyojilrxdpy.jpg,c,cabana,cabana,sun_aoczpxyojilrxdpy.jpg,test_seen_loc,2372,True,102
SUN,42,closed_world_seen_test,1609,2369,118,cabana,491,planetarium outdoor,-1,,exact,True,True,R0203;R0284;R0286;R0312;R0395;R0483;R0531;R0549,8,False,False,False,c/cabana/sun_aktnvfquxjzldfmk.jpg,c,cabana,cabana,sun_aktnvfquxjzldfmk.jpg,test_seen_loc,2369,True,102
SUN,42,closed_world_seen_test,1610,2373,118,cabana,54,bamboo forest,-1,,exact,True,True,R0299;R0300;R0323;R0354;R0358;R0406;R0418;R0471;R0476;R0477,29,False,False,False,c/cabana/sun_aoinfcjzdxbinsrn.jpg,c,cabana,cabana,sun_aoinfcjzdxbinsrn.jpg,test_seen_loc,2373,True,102
SUN,42,closed_world_seen_test,1611,2378,118,cabana,192,crawl space,-1,,exact,True,True,R0089;R0125;R0166;R0203;R0241;R0257;R0286;R0291;R0355;R0440,11,False,False,False,c/cabana/sun_aykkabestdohovzm.jpg,c,cabana,cabana,sun_aykkabestdohovzm.jpg,test_seen_loc,2378,True,102
SUN,42,closed_world_seen_test,1612,316,15,apartment building outdoor,583,skyscraper,-1,,exact,True,True,R0117;R0183;R0217;R0228;R0260;R0263;R0266;R0270;R0273;R0280,27,False,False,False,a/apartment_building/outdoor/sun_aglgojabataozlhk.jpg,a,apartment_building/outdoor,outdoor,sun_aglgojabataozlhk.jpg,test_seen_loc,316,True,102
SUN,42,closed_world_seen_test,1613,312,15,apartment building outdoor,431,movie theater outdoor,-1,,exact,True,True,R0052;R0075;R0093;R0177;R0182;R0242;R0264;R0268;R0276;R0281,18,False,False,False,a/apartment_building/outdoor/sun_aenkckgfjeofgavc.jpg,a,apartment_building/outdoor,outdoor,sun_aenkckgfjeofgavc.jpg,test_seen_loc,312,True,102
SUN,42,closed_world_seen_test,1614,319,15,apartment building outdoor,123,campus,-1,,exact,True,True,R0079;R0108;R0126;R0138;R0141;R0142;R0153;R0159;R0164;R0181,44,False,False,False,a/apartment_building/outdoor/sun_ahcztdhqprvwesuw.jpg,a,apartment_building/outdoor,outdoor,sun_ahcztdhqprvwesuw.jpg,test_seen_loc,319,True,102
SUN,42,closed_world_seen_test,1615,304,15,apartment building outdoor,15,apartment building outdoor,-1,,exact,True,True,R0108;R0148;R0158;R0177;R0192;R0231;R0238;R0241;R0242;R0257,25,False,False,False,a/apartment_building/outdoor/sun_abiohpdioinnseds.jpg,a,apartment_building/outdoor,outdoor,sun_abiohpdioinnseds.jpg,test_seen_loc,304,True,102
SUN,42,closed_world_seen_test,1616,37,1,access road,255,field road,-1,,exact,True,True,R0056;R0082;R0123;R0129;R0136;R0142;R0147;R0149;R0153;R0159,37,False,False,False,a/access_road/sun_ardkooutxmkycoiy.jpg,a,access_road,access_road,sun_ardkooutxmkycoiy.jpg,test_seen_loc,37,True,102
SUN,42,closed_world_seen_test,1617,30,1,access road,255,field road,-1,,exact,True,True,R0024;R0074;R0113;R0157;R0160;R0161;R0170;R0187;R0188;R0226,29,False,False,False,a/access_road/sun_akxpqygihxvzeujo.jpg,a,access_road,access_road,sun_akxpqygihxvzeujo.jpg,test_seen_loc,30,True,102
SUN,42,closed_world_seen_test,1618,39,1,access road,68,basketball court outdoor,-1,,exact,True,True,R0069;R0073;R0079;R0135;R0141;R0149;R0228,7,False,False,False,a/access_road/sun_arzpyyzgycwcxqpm.jpg,a,access_road,access_road,sun_arzpyyzgycwcxqpm.jpg,test_seen_loc,39,True,102
SUN,42,closed_world_seen_test,1619,22,1,access road,206,desert road,-1,,exact,True,True,R0073;R0170;R0187;R0188;R0229;R0280;R0298;R0345,8,False,False,False,a/access_road/sun_abcgdjrcxmncdaht.jpg,a,access_road,access_road,sun_abcgdjrcxmncdaht.jpg,test_seen_loc,22,True,102
SUN,42,closed_world_seen_test,1620,1432,71,batting cage indoor,485,pig farm,-1,,exact,True,True,R0297;R0302;R0303;R0304;R0308;R0311;R0314;R0315;R0317;R0318,233,False,False,False,b/batting_cage/indoor/sun_bplmdlhudggvdwhq.jpg,b,batting_cage/indoor,indoor,sun_bplmdlhudggvdwhq.jpg,test_seen_loc,1432,True,102
SUN,42,closed_world_seen_test,1621,1437,71,batting cage indoor,488,pitchers mound,-1,,exact,True,True,R0020;R0021;R0030;R0036;R0040;R0042;R0044;R0045;R0048;R0050,72,False,False,False,b/batting_cage/indoor/sun_bxafgqyvpikpjkar.jpg,b,batting_cage/indoor,indoor,sun_bxafgqyvpikpjkar.jpg,test_seen_loc,1437,True,102
SUN,42,closed_world_seen_test,1622,1435,71,batting cage indoor,70,batters box,-1,,exact,True,True,R0020;R0021;R0026;R0030;R0041;R0042;R0044;R0048;R0093;R0130,60,False,False,False,b/batting_cage/indoor/sun_budxpxbmcxyvihbx.jpg,b,batting_cage/indoor,indoor,sun_budxpxbmcxyvihbx.jpg,test_seen_loc,1435,True,102
SUN,42,closed_world_seen_test,1623,1425,71,batting cage indoor,71,batting cage indoor,-1,,exact,True,True,R0020;R0026;R0030;R0036;R0041;R0042;R0044;R0045;R0048;R0051,122,False,False,False,b/batting_cage/indoor/sun_bdtaajwktfrxupoj.jpg,b,batting_cage/indoor,indoor,sun_bdtaajwktfrxupoj.jpg,test_seen_loc,1425,True,102
SUN,42,closed_world_seen_test,1624,8492,424,mosque outdoor,424,mosque outdoor,-1,,exact,True,True,R0089;R0148;R0154;R0162;R0203;R0232;R0239;R0241;R0244;R0261,30,False,False,False,m/mosque/outdoor/sun_anfnywdssfsqhwrc.jpg,m,mosque/outdoor,outdoor,sun_anfnywdssfsqhwrc.jpg,test_seen_loc,8492,True,102
SUN,42,closed_world_seen_test,1625,8495,424,mosque outdoor,424,mosque outdoor,-1,,exact,True,True,R0052;R0075;R0126;R0244;R0261;R0285;R0289;R0343;R0406;R0437,19,False,False,False,m/mosque/outdoor/sun_aqbpilconybpxklf.jpg,m,mosque/outdoor,outdoor,sun_aqbpilconybpxklf.jpg,test_seen_loc,8495,True,102
SUN,42,closed_world_seen_test,1626,8482,424,mosque outdoor,668,van interior,-1,,exact,True,True,R0052;R0075;R0126;R0146;R0198;R0237;R0244;R0247;R0250;R0259,80,False,False,False,m/mosque/outdoor/sun_achsrpxotjcyvmek.jpg,m,mosque/outdoor,outdoor,sun_achsrpxotjcyvmek.jpg,test_seen_loc,8482,True,102
SUN,42,closed_world_seen_test,1627,8493,424,mosque outdoor,666,utility room,-1,,exact,True,True,R0043;R0093;R0130;R0146;R0173;R0184;R0191;R0197;R0198;R0213,121,False,False,False,m/mosque/outdoor/sun_aoqsiljperxulsbd.jpg,m,mosque/outdoor,outdoor,sun_aoqsiljperxulsbd.jpg,test_seen_loc,8493,True,102
SUN,42,closed_world_seen_test,1628,86,4,airplane cabin,129,car interior backseat,-1,,exact,True,True,R0162;R0198;R0259;R0261;R0262;R0265;R0271;R0283;R0285;R0292,33,False,False,False,a/airplane_cabin/sun_afuoinkozbbhqksk.jpg,a,airplane_cabin,airplane_cabin,sun_afuoinkozbbhqksk.jpg,test_seen_loc,86,True,102
SUN,42,closed_world_seen_test,1629,80,4,airplane cabin,4,airplane cabin,-1,,exact,True,True,R0039;R0040;R0059;R0061;R0092;R0112;R0134;R0144;R0145;R0297,247,False,False,False,a/airplane_cabin/sun_aajrkgygaguuddbv.jpg,a,airplane_cabin,airplane_cabin,sun_aajrkgygaguuddbv.jpg,test_seen_loc,80,True,102
SUN,42,closed_world_seen_test,1630,87,4,airplane cabin,668,van interior,-1,,exact,True,True,R0039;R0040;R0059;R0061;R0092;R0112;R0134;R0144;R0145;R0277,246,False,False,False,a/airplane_cabin/sun_agqabtaqxxhvoyuh.jpg,a,airplane_cabin,airplane_cabin,sun_agqabtaqxxhvoyuh.jpg,test_seen_loc,87,True,102
SUN,42,closed_world_seen_test,1631,82,4,airplane cabin,129,car interior backseat,-1,,exact,True,True,R0035;R0323;R0354;R0418;R0546;R0547,6,False,False,False,a/airplane_cabin/sun_acmcpvbknqctkaba.jpg,a,airplane_cabin,airplane_cabin,sun_acmcpvbknqctkaba.jpg,test_seen_loc,82,True,102
SUN,42,closed_world_seen_test,1632,10269,513,putting green,70,batters box,-1,,exact,True,True,R0013;R0020;R0023;R0037;R0042;R0044;R0049;R0142;R0153;R0176,16,False,False,False,p/putting_green/sun_azawwntmczsnemdq.jpg,p,putting_green,putting_green,sun_azawwntmczsnemdq.jpg,test_seen_loc,10269,True,102
SUN,42,closed_world_seen_test,1633,10271,513,putting green,556,sand trap,-1,,exact,True,True,R0082;R0095;R0109;R0123;R0129;R0151;R0157;R0160;R0161;R0189,14,False,False,False,p/putting_green/sun_bldluorzpapgbuxp.jpg,p,putting_green,putting_green,sun_bldluorzpapgbuxp.jpg,test_seen_loc,10271,True,102
SUN,42,closed_world_seen_test,1634,10263,513,putting green,249,fairway,-1,,exact,True,True,R0056;R0123;R0135;R0139;R0279,5,False,False,False,p/putting_green/sun_avainahqglwqhyup.jpg,p,putting_green,putting_green,sun_avainahqglwqhyup.jpg,test_seen_loc,10263,True,102
SUN,42,closed_world_seen_test,1635,10278,513,putting green,70,batters box,586,soccer field,exact,False,False,R0012;R0013;R0036;R0037;R0042;R0044;R0045;R0049;R0051;R0056,25,True,False,False,p/putting_green/sun_bumurzqpopvljrof.jpg,p,putting_green,putting_green,sun_bumurzqpopvljrof.jpg,test_seen_loc,10278,True,102
SUN,42,closed_world_seen_test,1636,7317,365,kennel indoor,366,kennel outdoor,626,tent indoor,exact,False,False,R0035;R0422;R0494;R0506;R0507;R0508;R0528;R0530;R0531;R0535,29,True,False,False,k/kennel/indoor/sun_avvrhshpgnjnbwys.jpg,k,kennel/indoor,indoor,sun_avvrhshpgnjnbwys.jpg,test_seen_loc,7317,True,102
SUN,42,closed_world_seen_test,1637,7306,365,kennel indoor,391,liquor store indoor,-1,,exact,True,True,R0302;R0303;R0304;R0308;R0311;R0315;R0317;R0318;R0319;R0320,171,False,False,False,k/kennel/indoor/sun_ainxicqtjuwezqsd.jpg,k,kennel/indoor,indoor,sun_ainxicqtjuwezqsd.jpg,test_seen_loc,7306,True,102
SUN,42,closed_world_seen_test,1638,7316,365,kennel indoor,485,pig farm,-1,,exact,True,True,R0256;R0277;R0297;R0302;R0303;R0304;R0311;R0314;R0315;R0317,124,False,False,False,k/kennel/indoor/sun_aturtrzmosmqeojb.jpg,k,kennel/indoor,indoor,sun_aturtrzmosmqeojb.jpg,test_seen_loc,7316,True,102
SUN,42,closed_world_seen_test,1639,7319,365,kennel indoor,625,tennis court outdoor,-1,,exact,True,True,R0020;R0026;R0030;R0031;R0041;R0042;R0044;R0048;R0176;R0222,128,False,False,False,k/kennel/indoor/sun_awyoexffacklhiay.jpg,k,kennel/indoor,indoor,sun_awyoexffacklhiay.jpg,test_seen_loc,7319,True,102
SUN,42,closed_world_seen_test,1640,455,22,archaelogical excavation,46,badminton court outdoor,586,soccer field,exact,False,False,R0012;R0013;R0056;R0067;R0073;R0079;R0123;R0136;R0141;R0142,49,True,False,False,a/archaelogical_excavation/sun_btsrhpqvafzvqrvh.jpg,a,archaelogical_excavation,archaelogical_excavation,sun_btsrhpqvafzvqrvh.jpg,test_seen_loc,455,True,102
SUN,42,closed_world_seen_test,1641,440,22,archaelogical excavation,519,raft,-1,,exact,True,True,R0046;R0131,2,False,False,False,a/archaelogical_excavation/sun_ahllxtagrnbkdsaq.jpg,a,archaelogical_excavation,archaelogical_excavation,sun_ahllxtagrnbkdsaq.jpg,test_seen_loc,440,True,102
SUN,42,closed_world_seen_test,1642,443,22,archaelogical excavation,22,archaelogical excavation,-1,,exact,True,True,R0127;R0202;R0261;R0271;R0284;R0285;R0292;R0307;R0476;R0479,25,False,False,False,a/archaelogical_excavation/sun_annwoapgrzjfxmkt.jpg,a,archaelogical_excavation,archaelogical_excavation,sun_annwoapgrzjfxmkt.jpg,test_seen_loc,443,True,102
SUN,42,closed_world_seen_test,1643,447,22,archaelogical excavation,318,hayfield,-1,,exact,True,True,R0074;R0160;R0161;R0170;R0187;R0188;R0229;R0279;R0321,9,False,False,False,a/archaelogical_excavation/sun_bezyeylfdgocpali.jpg,a,archaelogical_excavation,archaelogical_excavation,sun_bezyeylfdgocpali.jpg,test_seen_loc,447,True,102
SUN,42,closed_world_seen_test,1644,8726,436,natural history museum,70,batters box,-1,,exact,True,True,R0061;R0092;R0112;R0134;R0144;R0145;R0196;R0200;R0206;R0299,58,False,False,False,n/natural_history_museum/sun_bkwjyvnvzquwljil.jpg,n,natural_history_museum,natural_history_museum,sun_bkwjyvnvzquwljil.jpg,test_seen_loc,8726,True,102
SUN,42,closed_world_seen_test,1645,8731,436,natural history museum,241,engine room,-1,,exact,True,True,R0300;R0302;R0304;R0306;R0308;R0311;R0315;R0318;R0319;R0320,121,False,False,False,n/natural_history_museum/sun_bmyuotcawclnopzn.jpg,n,natural_history_museum,natural_history_museum,sun_bmyuotcawclnopzn.jpg,test_seen_loc,8731,True,102
SUN,42,closed_world_seen_test,1646,8722,436,natural history museum,373,labyrinth indoor,-1,,exact,True,True,R0302;R0303;R0304;R0308;R0314;R0317;R0318;R0319;R0320;R0322,73,False,False,False,n/natural_history_museum/sun_bgmlerebfymjcoak.jpg,n,natural_history_museum,natural_history_museum,sun_bgmlerebfymjcoak.jpg,test_seen_loc,8722,True,102
SUN,42,closed_world_seen_test,1647,8738,436,natural history museum,136,carrousel,-1,,exact,True,True,R0140;R0154;R0256;R0311;R0314;R0335;R0340;R0351;R0352;R0361,78,False,False,False,n/natural_history_museum/sun_btustkhqyzzswzno.jpg,n,natural_history_museum,natural_history_museum,sun_btustkhqyzzswzno.jpg,test_seen_loc,8738,True,102
SUN,42,closed_world_seen_test,1648,10563,528,recreation room,485,pig farm,-1,,exact,True,True,R0302;R0303;R0304;R0308;R0311;R0315;R0317;R0318;R0319;R0320,171,False,False,False,r/recreation_room/sun_aghsutguqpsbxebg.jpg,r,recreation_room,recreation_room,sun_aghsutguqpsbxebg.jpg,test_seen_loc,10563,True,102
SUN,42,closed_world_seen_test,1649,10561,528,recreation room,499,poolroom establishment,-1,,exact,True,True,R0037;R0048;R0049;R0256,4,False,False,False,r/recreation_room/sun_aavuoscaegpbwspj.jpg,r,recreation_room,recreation_room,sun_aavuoscaegpbwspj.jpg,test_seen_loc,10561,True,102
SUN,42,closed_world_seen_test,1650,10578,528,recreation room,499,poolroom establishment,-1,,exact,True,True,R0196;R0225;R0304;R0308;R0311;R0314;R0315;R0317;R0320;R0322,199,False,False,False,r/recreation_room/sun_artaijmlasgobgax.jpg,r,recreation_room,recreation_room,sun_artaijmlasgobgax.jpg,test_seen_loc,10578,True,102
SUN,42,closed_world_seen_test,1651,10562,528,recreation room,499,poolroom establishment,-1,,exact,True,True,R0020;R0026;R0030;R0041;R0042;R0044;R0048;R0176;R0206;R0350,53,False,False,False,r/recreation_room/sun_abxuqcztistbjntg.jpg,r,recreation_room,recreation_room,sun_abxuqcztistbjntg.jpg,test_seen_loc,10562,True,102
SUN,42,closed_world_seen_test,1652,12080,604,submarine interior,241,engine room,-1,,exact,True,True,R0252;R0297;R0300;R0302;R0304;R0305;R0306;R0308;R0311;R0312,172,False,False,False,s/submarine_interior/sun_albmlcornlzsudee.jpg,s,submarine_interior,submarine_interior,sun_albmlcornlzsudee.jpg,test_seen_loc,12080,True,102
SUN,42,closed_world_seen_test,1653,12091,604,submarine interior,380,laundromat,-1,,exact,True,True,R0040;R0144;R0145;R0277;R0297;R0303;R0314;R0315;R0331;R0335,99,False,False,False,s/submarine_interior/sun_bfwckyheusmkjhze.jpg,s,submarine_interior,submarine_interior,sun_bfwckyheusmkjhze.jpg,test_seen_loc,12091,True,102
SUN,42,closed_world_seen_test,1654,12097,604,submarine interior,668,van interior,-1,,exact,True,True,R0032;R0252;R0300;R0304;R0308;R0320;R0322;R0323;R0324;R0333,40,False,False,False,s/submarine_interior/sun_brfhcrkzvxgomdee.jpg,s,submarine_interior,submarine_interior,sun_brfhcrkzvxgomdee.jpg,test_seen_loc,12097,True,102
SUN,42,closed_world_seen_test,1655,12096,604,submarine interior,604,submarine interior,-1,,exact,True,True,R0297;R0300;R0303;R0306;R0308;R0314;R0315;R0318;R0320;R0322,164,False,False,False,s/submarine_interior/sun_botyvfbehzvdxcpa.jpg,s,submarine_interior,submarine_interior,sun_botyvfbehzvdxcpa.jpg,test_seen_loc,12096,True,102
SUN,42,closed_world_seen_test,1656,14063,703,window seat,49,bakery shop,-1,,exact,True,True,R0297;R0302;R0303;R0304;R0306;R0311;R0312;R0314;R0315;R0317,131,False,False,False,w/window_seat/sun_afcgnpnvrinwtfrn.jpg,w,window_seat,window_seat,sun_afcgnpnvrinwtfrn.jpg,test_seen_loc,14063,True,102
SUN,42,closed_world_seen_test,1657,14075,703,window seat,371,kitchenette,-1,,exact,True,True,R0334;R0420,2,False,False,False,w/window_seat/sun_atzhtphjfrfwehkw.jpg,w,window_seat,window_seat,sun_atzhtphjfrfwehkw.jpg,test_seen_loc,14075,True,102
SUN,42,closed_world_seen_test,1658,14067,703,window seat,703,window seat,-1,,exact,True,True,R0252;R0297;R0302;R0303;R0305;R0314;R0315;R0317;R0318;R0319,189,False,False,False,w/window_seat/sun_aiehacsnoxuvtebc.jpg,w,window_seat,window_seat,sun_aiehacsnoxuvtebc.jpg,test_seen_loc,14067,True,102
SUN,42,closed_world_seen_test,1659,14064,703,window seat,480,phone booth,-1,,exact,True,True,R0252;R0297;R0300;R0302;R0304;R0305;R0306;R0308;R0311;R0312,172,False,False,False,w/window_seat/sun_afjbbdftqltjtzct.jpg,w,window_seat,window_seat,sun_afjbbdftqltjtzct.jpg,test_seen_loc,14064,True,102
SUN,42,closed_world_seen_test,1660,12386,619,teashop,391,liquor store indoor,-1,,exact,True,True,R0277;R0297;R0302;R0303;R0304;R0308;R0311;R0314;R0315;R0317,240,False,False,False,t/teashop/sun_beklgddsjlfvpitm.jpg,t,teashop,teashop,sun_beklgddsjlfvpitm.jpg,test_seen_loc,12386,True,102
SUN,42,closed_world_seen_test,1661,12394,619,teashop,150,cheese factory,-1,,exact,True,True,R0252;R0300;R0304;R0305;R0306;R0308;R0311;R0312;R0315;R0320,142,False,False,False,t/teashop/sun_bqbkhpdjuzfhabfz.jpg,t,teashop,teashop,sun_bqbkhpdjuzfhabfz.jpg,test_seen_loc,12394,True,102
SUN,42,closed_world_seen_test,1662,12384,619,teashop,609,supermarket,-1,,exact,True,True,R0297;R0300;R0302;R0303;R0306;R0314;R0315;R0317;R0318;R0319,191,False,False,False,t/teashop/sun_ayopnzgmsmpgnqeb.jpg,t,teashop,teashop,sun_ayopnzgmsmpgnqeb.jpg,test_seen_loc,12384,True,102
SUN,42,closed_world_seen_test,1663,12380,619,teashop,466,pantry,-1,,exact,True,True,R0252;R0297;R0302;R0303;R0304;R0305;R0308;R0311;R0314;R0315,242,False,False,False,t/teashop/sun_abpnkfnclaxvdogd.jpg,t,teashop,teashop,sun_abpnkfnclaxvdogd.jpg,test_seen_loc,12380,True,102
SUN,42,closed_world_seen_test,1664,11495,574,shopping mall indoor,373,labyrinth indoor,-1,,exact,True,True,R0222;R0414;R0423;R0454;R0456;R0458;R0459;R0491;R0492;R0493,20,False,False,False,s/shopping_mall/indoor/sun_akypdmkqzceudwyu.jpg,s,shopping_mall/indoor,indoor,sun_akypdmkqzceudwyu.jpg,test_seen_loc,11495,True,102
SUN,42,closed_world_seen_test,1665,11497,574,shopping mall indoor,356,jail indoor,-1,,exact,True,True,R0297;R0302;R0303;R0304;R0308;R0311;R0314;R0315;R0317;R0318,236,False,False,False,s/shopping_mall/indoor/sun_almtnjgugigufhwz.jpg,s,shopping_mall/indoor,indoor,sun_almtnjgugigufhwz.jpg,test_seen_loc,11497,True,102
SUN,42,closed_world_seen_test,1666,11484,574,shopping mall indoor,19,aquatic theater,-1,,exact,True,True,R0039;R0040;R0059;R0061;R0092;R0112;R0134;R0144;R0145;R0196,224,False,False,False,s/shopping_mall/indoor/sun_abinzcwwdalhotve.jpg,s,shopping_mall/indoor,indoor,sun_abinzcwwdalhotve.jpg,test_seen_loc,11484,True,102
SUN,42,closed_world_seen_test,1667,11492,574,shopping mall indoor,49,bakery shop,-1,,exact,True,True,R0033;R0120;R0206;R0222;R0274;R0300;R0306;R0323;R0330;R0336,114,False,False,False,s/shopping_mall/indoor/sun_ahnzszxedgrhaxuq.jpg,s,shopping_mall/indoor,indoor,sun_ahnzszxedgrhaxuq.jpg,test_seen_loc,11492,True,102
SUN,42,closed_world_seen_test,1668,10435,521,railway yard,521,railway yard,-1,,exact,True,True,R0157;R0158;R0170;R0177;R0187;R0188;R0197;R0224;R0226;R0229,35,False,False,False,r/railway_yard/sun_atsakgtjuhwgenuw.jpg,r,railway_yard,railway_yard,sun_atsakgtjuhwgenuw.jpg,test_seen_loc,10435,True,102
SUN,42,closed_world_seen_test,1669,10425,521,railway yard,521,railway yard,-1,,exact,True,True,R0173;R0191;R0305;R0414;R0423;R0454;R0456;R0458;R0459;R0491,19,False,False,False,r/railway_yard/sun_ahlrosembmwfrvzv.jpg,r,railway_yard,railway_yard,sun_ahlrosembmwfrvzv.jpg,test_seen_loc,10425,True,102
SUN,42,closed_world_seen_test,1670,10427,521,railway yard,706,winery,476,pavilion,fallback,False,False,,0,True,False,False,r/railway_yard/sun_ahsyobaxiibstttx.jpg,r,railway_yard,railway_yard,sun_ahsyobaxiibstttx.jpg,test_seen_loc,10427,True,102
SUN,42,closed_world_seen_test,1671,10422,521,railway yard,648,train railway,-1,,exact,True,True,R0018;R0053;R0154;R0158;R0162;R0169;R0177;R0216;R0224;R0231,46,False,False,False,r/railway_yard/sun_aflldvpqqfxbvdvf.jpg,r,railway_yard,railway_yard,sun_aflldvpqqfxbvdvf.jpg,test_seen_loc,10422,True,102
SUN,42,closed_world_seen_test,1672,14108,705,wine cellar bottle storage,192,crawl space,-1,,exact,True,True,R0277;R0297;R0302;R0303;R0304;R0308;R0311;R0314;R0315;R0317,240,False,False,False,w/wine_cellar/bottle_storage/sun_arsrdtlbuvxklkdx.jpg,w,wine_cellar/bottle_storage,bottle_storage,sun_arsrdtlbuvxklkdx.jpg,test_seen_loc,14108,True,102
SUN,42,closed_world_seen_test,1673,14118,705,wine cellar bottle storage,705,wine cellar bottle storage,-1,,exact,True,True,R0222;R0261;R0282;R0285;R0437;R0452;R0467;R0498;R0508;R0509,25,False,False,False,w/wine_cellar/bottle_storage/sun_awebqhqxqrxgqsdu.jpg,w,wine_cellar/bottle_storage,bottle_storage,sun_awebqhqxqrxgqsdu.jpg,test_seen_loc,14118,True,102
SUN,42,closed_world_seen_test,1674,14101,705,wine cellar bottle storage,400,manhole,-1,,exact,True,True,R0033;R0035;R0306;R0323;R0354;R0366;R0375;R0395;R0406;R0418,45,False,False,False,w/wine_cellar/bottle_storage/sun_ahdhrorpawgxvxdg.jpg,w,wine_cellar/bottle_storage,bottle_storage,sun_ahdhrorpawgxvxdg.jpg,test_seen_loc,14101,True,102
SUN,42,closed_world_seen_test,1675,14111,705,wine cellar bottle storage,391,liquor store indoor,-1,,exact,True,True,R0277;R0297;R0302;R0303;R0304;R0308;R0311;R0314;R0315;R0317,240,False,False,False,w/wine_cellar/bottle_storage/sun_auhdenkmobjgvpcm.jpg,w,wine_cellar/bottle_storage,bottle_storage,sun_auhdenkmobjgvpcm.jpg,test_seen_loc,14111,True,102
SUN,42,closed_world_seen_test,1676,6273,313,hacienda,424,mosque outdoor,-1,,exact,True,True,R0078;R0253,2,False,False,False,h/hacienda/sun_blptwhyudiqjluzs.jpg,h,hacienda,hacienda,sun_blptwhyudiqjluzs.jpg,test_seen_loc,6273,True,102
SUN,42,closed_world_seen_test,1677,6268,313,hacienda,464,pagoda,-1,,exact,True,True,R0065;R0074;R0095;R0109;R0123;R0138;R0149;R0166;R0183;R0190,32,False,False,False,h/hacienda/sun_azheswejtxcyxpqv.jpg,h,hacienda,hacienda,sun_azheswejtxcyxpqv.jpg,test_seen_loc,6268,True,102
SUN,42,closed_world_seen_test,1678,6271,313,hacienda,468,park,-1,,exact,True,True,R0015;R0056;R0074;R0123;R0136;R0138;R0142;R0147;R0153;R0159,18,False,False,False,h/hacienda/sun_biyevxzfkkmlyjon.jpg,h,hacienda,hacienda,sun_biyevxzfkkmlyjon.jpg,test_seen_loc,6271,True,102
SUN,42,closed_world_seen_test,1679,6272,313,hacienda,464,pagoda,-1,,exact,True,True,R0056;R0074;R0123;R0135;R0138;R0142;R0147;R0153;R0159;R0166,15,False,False,False,h/hacienda/sun_blkkhqvwkcoyfuel.jpg,h,hacienda,hacienda,sun_blkkhqvwkcoyfuel.jpg,test_seen_loc,6272,True,102
SUN,42,closed_world_seen_test,1680,7865,393,living room,80,bedroom,-1,,exact,True,True,R0297;R0300;R0302;R0303;R0304;R0306;R0308;R0311;R0314;R0315,241,False,False,False,l/living_room/sun_aauycdcdmruicjvw.jpg,l,living_room,living_room,sun_aauycdcdmruicjvw.jpg,test_seen_loc,7865,True,102
SUN,42,closed_world_seen_test,1681,7864,393,living room,327,home theater,-1,,exact,True,True,R0304;R0324;R0334;R0353;R0403;R0420,6,False,False,False,l/living_room/sun_aasjlkqrfdcvegal.jpg,l,living_room,living_room,sun_aasjlkqrfdcvegal.jpg,test_seen_loc,7864,True,102
SUN,42,closed_world_seen_test,1682,7876,393,living room,80,bedroom,-1,,exact,True,True,R0302;R0303;R0304;R0317;R0318;R0323;R0331;R0333;R0341;R0342,40,False,False,False,l/living_room/sun_acoqpaqrryuxvjjk.jpg,l,living_room,living_room,sun_acoqpaqrryuxvjjk.jpg,test_seen_loc,7876,True,102
SUN,42,closed_world_seen_test,1683,7873,393,living room,80,bedroom,-1,,exact,True,True,R0252;R0256;R0297;R0300;R0302;R0303;R0304;R0305;R0306;R0308,204,False,False,False,l/living_room/sun_abxrfzxmisdljlky.jpg,l,living_room,living_room,sun_abxrfzxmisdljlky.jpg,test_seen_loc,7873,True,102
SUN,42,closed_world_seen_test,1684,2941,147,chaparral,427,mountain path,-1,,exact,True,True,R0066;R0070;R0076;R0077;R0080;R0091;R0094;R0103;R0104;R0105,90,False,False,False,c/chaparral/sun_bemnqxrippjskpyb.jpg,c,chaparral,chaparral,sun_bemnqxrippjskpyb.jpg,test_seen_loc,2941,True,102
SUN,42,closed_world_seen_test,1685,2940,147,chaparral,700,wheat field,-1,,exact,True,True,R0066;R0070;R0076;R0077;R0080;R0082;R0085;R0091;R0094;R0103,66,False,False,False,c/chaparral/sun_bbjmmylultziljdn.jpg,c,chaparral,chaparral,sun_bbjmmylultziljdn.jpg,test_seen_loc,2940,True,102
SUN,42,closed_world_seen_test,1686,2952,147,chaparral,147,chaparral,-1,,exact,True,True,R0058;R0066;R0070;R0076;R0077;R0078;R0080;R0082;R0085;R0091,68,False,False,False,c/chaparral/sun_bollrfmlivswpjfp.jpg,c,chaparral,chaparral,sun_bollrfmlivswpjfp.jpg,test_seen_loc,2952,True,102
SUN,42,closed_world_seen_test,1687,2951,147,chaparral,680,volcano,-1,,exact,True,True,R0034;R0076;R0077;R0082;R0085;R0091;R0094;R0103;R0104;R0105,52,False,False,False,c/chaparral/sun_bobwvfaetqridrmc.jpg,c,chaparral,chaparral,sun_bobwvfaetqridrmc.jpg,test_seen_loc,2951,True,102
SUN,42,closed_world_seen_test,1688,8637,431,movie theater outdoor,431,movie theater outdoor,-1,,exact,True,True,R0146;R0173;R0184;R0191;R0198;R0213;R0233;R0259;R0261;R0262,130,False,False,False,m/movie_theater/outdoor/sun_asiqoncoxhrhkxna.jpg,m,movie_theater/outdoor,outdoor,sun_asiqoncoxhrhkxna.jpg,test_seen_loc,8637,True,102
SUN,42,closed_world_seen_test,1689,8621,431,movie theater outdoor,82,beer hall,-1,,exact,True,True,R0144;R0145;R0206;R0222;R0277;R0460;R0461;R0462;R0475;R0486,21,False,False,False,m/movie_theater/outdoor/sun_abarpeohmwbkqvfy.jpg,m,movie_theater/outdoor,outdoor,sun_abarpeohmwbkqvfy.jpg,test_seen_loc,8621,True,102
SUN,42,closed_world_seen_test,1690,8630,431,movie theater outdoor,373,labyrinth indoor,-1,,exact,True,True,R0206;R0222;R0274;R0277;R0330;R0336;R0337;R0344;R0356;R0357,112,False,False,False,m/movie_theater/outdoor/sun_amtrhinntjgggeay.jpg,m,movie_theater/outdoor,outdoor,sun_amtrhinntjgggeay.jpg,test_seen_loc,8630,True,102
SUN,42,closed_world_seen_test,1691,8628,431,movie theater outdoor,240,embassy,-1,,exact,True,True,R0043;R0069;R0075;R0093;R0126;R0146;R0177;R0182;R0197;R0237,51,False,False,False,m/movie_theater/outdoor/sun_airiuwnzigjsjwtu.jpg,m,movie_theater/outdoor,outdoor,sun_airiuwnzigjsjwtu.jpg,test_seen_loc,8628,True,102
SUN,42,closed_world_seen_test,1692,9495,474,pasture,485,pig farm,-1,,exact,True,True,R0024;R0063;R0070;R0071;R0080;R0082;R0087;R0091;R0109;R0129,40,False,False,False,p/pasture/sun_ahxrgwairtnydugp.jpg,p,pasture,pasture,sun_ahxrgwairtnydugp.jpg,test_seen_loc,9495,True,102
SUN,42,closed_world_seen_test,1693,9483,474,pasture,156,chicken farm outdoor,-1,,exact,True,True,R0063;R0070;R0071;R0080;R0087;R0091;R0109;R0136;R0138;R0142,42,False,False,False,p/pasture/sun_abhfnmlyhgusraxa.jpg,p,pasture,pasture,sun_abhfnmlyhgusraxa.jpg,test_seen_loc,9483,True,102
SUN,42,closed_world_seen_test,1694,9497,474,pasture,318,hayfield,-1,,exact,True,True,R0063;R0070;R0071;R0078;R0080;R0082;R0087;R0091;R0109;R0129,40,False,False,False,p/pasture/sun_aidynayttggijsik.jpg,p,pasture,pasture,sun_aidynayttggijsik.jpg,test_seen_loc,9497,True,102
SUN,42,closed_world_seen_test,1695,9488,474,pasture,325,hill,-1,,exact,True,True,R0024;R0071;R0082;R0087;R0091;R0109;R0119;R0121;R0129;R0137,37,False,False,False,p/pasture/sun_acttwlhpglvecxiy.jpg,p,pasture,pasture,sun_acttwlhpglvecxiy.jpg,test_seen_loc,9488,True,102
SUN,42,closed_world_seen_test,1696,6581,329,hospital,161,circus tent outdoor,-1,,exact,True,True,R0093;R0126;R0130;R0146;R0197;R0198;R0224;R0242;R0244;R0246,116,False,False,False,h/hospital/sun_aboyhqxxnsdnxrrr.jpg,h,hospital,hospital,sun_aboyhqxxnsdnxrrr.jpg,test_seen_loc,6581,True,102
SUN,42,closed_world_seen_test,1697,6586,329,hospital,252,fence,-1,,exact,True,True,R0127;R0140;R0169;R0192;R0198;R0220;R0224;R0232;R0239;R0242,75,False,False,False,h/hospital/sun_aijtqqsnkaqsihvq.jpg,h,hospital,hospital,sun_aijtqqsnkaqsihvq.jpg,test_seen_loc,6586,True,102
SUN,42,closed_world_seen_test,1698,6596,329,hospital,518,raceway,-1,,exact,True,True,R0108;R0117;R0124;R0126;R0140;R0143;R0158;R0164;R0169;R0194,79,False,False,False,h/hospital/sun_bbvuiudevldicaqd.jpg,h,hospital,hospital,sun_bbvuiudevldicaqd.jpg,test_seen_loc,6596,True,102
SUN,42,closed_world_seen_test,1699,6590,329,hospital,583,skyscraper,-1,,exact,True,True,R0053;R0089;R0148;R0154;R0162;R0169;R0177;R0203;R0224;R0232,44,False,False,False,h/hospital/sun_aqujofshgcurcsrc.jpg,h,hospital,hospital,sun_aqujofshgcurcsrc.jpg,test_seen_loc,6590,True,102
SUN,42,closed_world_seen_test,1700,2758,137,casino indoor,137,casino indoor,-1,,exact,True,True,R0297;R0302;R0304;R0308;R0311;R0315;R0318;R0319;R0320;R0322,163,False,False,False,c/casino/indoor/sun_ajhqruyrwsjelzou.jpg,c,casino/indoor,indoor,sun_ajhqruyrwsjelzou.jpg,test_seen_loc,2758,True,102
SUN,42,closed_world_seen_test,1701,2743,137,casino indoor,668,van interior,-1,,exact,True,True,R0039;R0059;R0061;R0092;R0112;R0134;R0144;R0145;R0304;R0311,154,False,False,False,c/casino/indoor/sun_actbvothnxbozbiy.jpg,c,casino/indoor,indoor,sun_actbvothnxbozbiy.jpg,test_seen_loc,2743,True,102
SUN,42,closed_world_seen_test,1702,2753,137,casino indoor,137,casino indoor,-1,,exact,True,True,R0302;R0303;R0304;R0317;R0318;R0323;R0331;R0333;R0341;R0342,40,False,False,False,c/casino/indoor/sun_aihpdfituarmevbb.jpg,c,casino/indoor,indoor,sun_aihpdfituarmevbb.jpg,test_seen_loc,2753,True,102
SUN,42,closed_world_seen_test,1703,2744,137,casino indoor,137,casino indoor,-1,,exact,True,True,R0256;R0297;R0302;R0303;R0314;R0317;R0318;R0325;R0330;R0331,59,False,False,False,c/casino/indoor/sun_adisysjjfwkwrzgh.jpg,c,casino/indoor,indoor,sun_adisysjjfwkwrzgh.jpg,test_seen_loc,2744,True,102
SUN,42,closed_world_seen_test,1704,4786,239,elevator shaft,400,manhole,-1,,exact,True,True,R0144;R0145;R0196;R0200;R0206;R0222;R0330;R0356;R0414;R0423,35,False,False,False,e/elevator_shaft/sun_afxxlyvgmhxzkxjs.jpg,e,elevator_shaft,elevator_shaft,sun_afxxlyvgmhxzkxjs.jpg,test_seen_loc,4786,True,102
SUN,42,closed_world_seen_test,1705,4794,239,elevator shaft,192,crawl space,-1,,exact,True,True,R0202;R0253;R0354;R0358;R0406;R0476;R0479;R0480;R0541;R0545,13,False,False,False,e/elevator_shaft/sun_aktwjrhpbihxnxhq.jpg,e,elevator_shaft,elevator_shaft,sun_aktwjrhpbihxnxhq.jpg,test_seen_loc,4794,True,102
SUN,42,closed_world_seen_test,1706,4798,239,elevator shaft,239,elevator shaft,-1,,exact,True,True,R0206;R0222;R0274;R0305;R0367;R0445;R0460;R0461;R0462;R0467,26,False,False,False,e/elevator_shaft/sun_aqftctjxicgethmn.jpg,e,elevator_shaft,elevator_shaft,sun_aqftctjxicgethmn.jpg,test_seen_loc,4798,True,102
SUN,42,closed_world_seen_test,1707,4796,239,elevator shaft,593,stadium soccer,-1,,exact,True,True,R0061;R0092;R0112;R0134;R0144;R0145;R0200;R0206;R0299;R0330,60,False,False,False,e/elevator_shaft/sun_amatwvgcfyzuynms.jpg,e,elevator_shaft,elevator_shaft,sun_amatwvgcfyzuynms.jpg,test_seen_loc,4796,True,102
SUN,42,closed_world_seen_test,1708,13768,688,water treatment plant indoor,241,engine room,-1,,exact,True,True,R0302;R0303;R0304;R0308;R0311;R0315;R0317;R0318;R0319;R0320,171,False,False,False,w/water_treatment_plant/indoor/sun_biulpnvallbycglc.jpg,w,water_treatment_plant/indoor,indoor,sun_biulpnvallbycglc.jpg,test_seen_loc,13768,True,102
SUN,42,closed_world_seen_test,1709,13766,688,water treatment plant indoor,682,voting booth,-1,,exact,True,True,R0252;R0256;R0297;R0300;R0302;R0303;R0305;R0306;R0312;R0314,168,False,False,False,w/water_treatment_plant/indoor/sun_bceshftktbncnooa.jpg,w,water_treatment_plant/indoor,indoor,sun_bceshftktbncnooa.jpg,test_seen_loc,13766,True,102
SUN,42,closed_world_seen_test,1710,13763,688,water treatment plant indoor,19,aquatic theater,-1,,exact,True,True,R0093;R0197;R0222;R0414;R0423;R0454;R0456;R0458;R0459;R0491,19,False,False,False,w/water_treatment_plant/indoor/sun_alccosqpvsasbkkf.jpg,w,water_treatment_plant/indoor,indoor,sun_alccosqpvsasbkkf.jpg,test_seen_loc,13763,True,102
SUN,42,closed_world_seen_test,1711,13779,688,water treatment plant indoor,69,bathroom,-1,,exact,True,True,R0196;R0311;R0314;R0315;R0317;R0325;R0329;R0330;R0334;R0335,129,False,False,False,w/water_treatment_plant/indoor/sun_byobkvbsdlnocrgg.jpg,w,water_treatment_plant/indoor,indoor,sun_byobkvbsdlnocrgg.jpg,test_seen_loc,13779,True,102
SUN,42,closed_world_seen_test,1712,11474,573,shopfront,540,revolving door,-1,,exact,True,True,R0084;R0135;R0146;R0196;R0233;R0236;R0239;R0261;R0271;R0285,49,False,False,False,s/shopfront/sun_aohpgleqauhznnpw.jpg,s,shopfront,shopfront,sun_aohpgleqauhznnpw.jpg,test_seen_loc,11474,True,102
SUN,42,closed_world_seen_test,1713,11472,573,shopfront,480,phone booth,-1,,exact,True,True,R0031;R0033;R0222;R0319;R0330;R0356;R0366;R0385;R0387;R0408,38,False,False,False,s/shopfront/sun_amyailzqcgsdjjwr.jpg,s,shopfront,shopfront,sun_amyailzqcgsdjjwr.jpg,test_seen_loc,11472,True,102
SUN,42,closed_world_seen_test,1714,11469,573,shopfront,480,phone booth,-1,,exact,True,True,R0173;R0191;R0414;R0423;R0454;R0456;R0458;R0459;R0491;R0492,18,False,False,False,s/shopfront/sun_alozdqcwmlshqlrd.jpg,s,shopfront,shopfront,sun_alozdqcwmlshqlrd.jpg,test_seen_loc,11469,True,102
SUN,42,closed_world_seen_test,1715,11467,573,shopfront,480,phone booth,-1,,exact,True,True,R0196;R0206;R0222;R0225;R0274;R0330;R0336;R0337;R0356;R0357,90,False,False,False,s/shopfront/sun_ajftrjbkoiigpzuh.jpg,s,shopfront,shopfront,sun_ajftrjbkoiigpzuh.jpg,test_seen_loc,11467,True,102
SUN,42,closed_world_seen_test,1716,2883,144,cavern indoor,414,mineshaft,-1,,exact,True,True,R0202;R0479;R0483;R0494;R0528;R0535;R0537;R0545;R0546;R0547,17,False,False,False,c/cavern/indoor/sun_adzocdwvcxcbwids.jpg,c,cavern/indoor,indoor,sun_adzocdwvcxcbwids.jpg,test_seen_loc,2883,True,102
SUN,42,closed_world_seen_test,1717,2897,144,cavern indoor,111,burial chamber,-1,,exact,True,True,R0135;R0202;R0236;R0261;R0271;R0285;R0292;R0307;R0422;R0506,35,False,False,False,c/cavern/indoor/sun_argzapucixrdgkwo.jpg,c,cavern/indoor,indoor,sun_argzapucixrdgkwo.jpg,test_seen_loc,2897,True,102
SUN,42,closed_world_seen_test,1718,2886,144,cavern indoor,661,underwater kelp forest,661,underwater kelp forest,exact,False,False,R0007,1,True,False,True,c/cavern/indoor/sun_ahthedkspmzzypao.jpg,c,cavern/indoor,indoor,sun_ahthedkspmzzypao.jpg,test_seen_loc,2886,True,102
SUN,42,closed_world_seen_test,1719,2890,144,cavern indoor,144,cavern indoor,-1,,exact,True,True,R0202;R0304;R0317;R0324;R0333;R0341;R0348;R0364;R0365;R0370,20,False,False,False,c/cavern/indoor/sun_aljxnkvimkawzbsn.jpg,c,cavern/indoor,indoor,sun_aljxnkvimkawzbsn.jpg,test_seen_loc,2890,True,102
SUN,42,closed_world_seen_test,1720,10961,548,root cellar,49,bakery shop,-1,,exact,True,True,R0300;R0357;R0358;R0406;R0418;R0437;R0480;R0484;R0528;R0553,11,False,False,False,r/root_cellar/sun_afnviiciffsfkcyk.jpg,r,root_cellar,root_cellar,sun_afnviiciffsfkcyk.jpg,test_seen_loc,10961,True,102
SUN,42,closed_world_seen_test,1721,10975,548,root cellar,606,subway station corridor,-1,,exact,True,True,R0297;R0302;R0304;R0308;R0311;R0315;R0318;R0319;R0320;R0322,163,False,False,False,r/root_cellar/sun_ayltrxwpgxgajvmm.jpg,r,root_cellar,root_cellar,sun_ayltrxwpgxgajvmm.jpg,test_seen_loc,10975,True,102
SUN,42,closed_world_seen_test,1722,10963,548,root cellar,400,manhole,-1,,exact,True,True,R0269;R0299;R0310;R0471;R0479;R0500;R0528;R0537;R0545;R0553,15,False,False,False,r/root_cellar/sun_ajvegxielloktqkh.jpg,r,root_cellar,root_cellar,sun_ajvegxielloktqkh.jpg,test_seen_loc,10963,True,102
SUN,42,closed_world_seen_test,1723,10964,548,root cellar,140,catacomb,714,zen garden,exact,False,False,R0057,1,True,False,False,r/root_cellar/sun_alflxjeuggoxvjvh.jpg,r,root_cellar,root_cellar,sun_alflxjeuggoxvjvh.jpg,test_seen_loc,10964,True,102
SUN,42,closed_world_seen_test,1724,10137,506,priory,159,church outdoor,-1,,exact,True,True,R0117;R0171;R0183;R0190;R0202;R0217;R0228;R0247;R0258;R0260,51,False,False,False,p/priory/sun_bvxgrtavtoiolsns.jpg,p,priory,priory,sun_bvxgrtavtoiolsns.jpg,test_seen_loc,10137,True,102
SUN,42,closed_world_seen_test,1725,10123,506,priory,159,church outdoor,-1,,exact,True,True,R0065;R0074;R0095;R0109;R0123;R0138;R0149;R0166;R0183;R0190,28,False,False,False,p/priory/sun_bbdqeditbuqbjggg.jpg,p,priory,priory,sun_bbdqeditbuqbjggg.jpg,test_seen_loc,10123,True,102
SUN,42,closed_world_seen_test,1726,10139,506,priory,142,cathedral outdoor,-1,,exact,True,True,R0117;R0171;R0183;R0190;R0202;R0217;R0228;R0258;R0260;R0263,40,False,False,False,p/priory/sun_bxqnywvkudubnkvl.jpg,p,priory,priory,sun_bxqnywvkudubnkvl.jpg,test_seen_loc,10139,True,102
SUN,42,closed_world_seen_test,1727,10128,506,priory,488,pitchers mound,-1,,exact,True,True,R0056;R0067;R0123;R0135;R0138;R0142;R0147;R0153;R0159;R0181,21,False,False,False,p/priory/sun_bigczdlbplokyhjn.jpg,p,priory,priory,sun_bigczdlbplokyhjn.jpg,test_seen_loc,10128,True,102
SUN,42,closed_world_seen_test,1728,547,27,armory,27,armory,-1,,exact,True,True,R0277;R0297;R0302;R0303;R0304;R0308;R0314;R0315;R0317;R0318,215,False,False,False,a/armory/sun_baoktempcmudsvna.jpg,a,armory,armory,sun_baoktempcmudsvna.jpg,test_seen_loc,547,True,102
SUN,42,closed_world_seen_test,1729,554,27,armory,27,armory,-1,,exact,True,True,R0252;R0297;R0300;R0302;R0303;R0304;R0305;R0306;R0308;R0311,248,False,False,False,a/armory/sun_bmqtsdxjnzyvlvlj.jpg,a,armory,armory,sun_bmqtsdxjnzyvlvlj.jpg,test_seen_loc,554,True,102
SUN,42,closed_world_seen_test,1730,548,27,armory,70,batters box,-1,,exact,True,True,R0256;R0297;R0302;R0303;R0304;R0308;R0311;R0314;R0315;R0317,215,False,False,False,a/armory/sun_baptqbdtmjheykdo.jpg,a,armory,armory,sun_baptqbdtmjheykdo.jpg,test_seen_loc,548,True,102
SUN,42,closed_world_seen_test,1731,555,27,armory,27,armory,-1,,exact,True,True,R0297;R0302;R0304;R0308;R0311;R0315;R0318;R0319;R0320;R0322,163,False,False,False,a/armory/sun_booizdwunagzsfqd.jpg,a,armory,armory,sun_booizdwunagzsfqd.jpg,test_seen_loc,555,True,102
SUN,42,closed_world_seen_test,1732,11852,592,stadium outdoor,25,arena hockey,-1,,exact,True,True,R0135;R0154;R0166;R0223;R0232,5,False,False,False,s/stadium/outdoor/sun_bcrlbqgopqzeghmq.jpg,s,stadium/outdoor,outdoor,sun_bcrlbqgopqzeghmq.jpg,test_seen_loc,11852,True,102
SUN,42,closed_world_seen_test,1733,11855,592,stadium outdoor,45,badminton court indoor,-1,,exact,True,True,R0021;R0023;R0036;R0037;R0044;R0045;R0048;R0049;R0051;R0092,76,False,False,False,s/stadium/outdoor/sun_birbqbpkfdxclrtp.jpg,s,stadium/outdoor,outdoor,sun_birbqbpkfdxclrtp.jpg,test_seen_loc,11855,True,102
SUN,42,closed_world_seen_test,1734,11846,592,stadium outdoor,491,planetarium outdoor,-1,,exact,True,True,R0013;R0020;R0023;R0026;R0030;R0037;R0041;R0042;R0044;R0048,61,False,False,False,s/stadium/outdoor/sun_aqwzwzipqwqpkdkd.jpg,s,stadium/outdoor,outdoor,sun_aqwzwzipqwqpkdkd.jpg,test_seen_loc,11846,True,102
SUN,42,closed_world_seen_test,1735,11840,592,stadium outdoor,630,theater indoor round,-1,,exact,True,True,R0047;R0092;R0182;R0242;R0244;R0246;R0268;R0269;R0278;R0281,31,False,False,False,s/stadium/outdoor/sun_aafrjsirjwoyicwo.jpg,s,stadium/outdoor,outdoor,sun_aafrjsirjwoyicwo.jpg,test_seen_loc,11840,True,102
SUN,42,closed_world_seen_test,1736,11821,591,stadium football,593,stadium soccer,-1,,exact,True,True,R0046;R0092;R0182;R0245;R0246;R0269;R0310;R0346;R0506;R0507,19,False,False,False,s/stadium/football/sun_ajersoqqetrcgtkd.jpg,s,stadium/football,football,sun_ajersoqqetrcgtkd.jpg,test_seen_loc,11821,True,102
SUN,42,closed_world_seen_test,1737,11839,591,stadium football,593,stadium soccer,-1,,exact,True,True,R0026;R0036;R0037;R0041;R0045;R0048;R0049;R0050;R0084;R0124,14,False,False,False,s/stadium/football/sun_cbuifqilgdwocfxa.jpg,s,stadium/football,football,sun_cbuifqilgdwocfxa.jpg,test_seen_loc,11839,True,102
SUN,42,closed_world_seen_test,1738,11835,591,stadium football,591,stadium football,-1,,exact,True,True,R0028;R0124;R0125;R0139;R0158;R0169;R0196;R0197;R0212;R0216,29,False,False,False,s/stadium/football/sun_bvxrwztmmrmfvckr.jpg,s,stadium/football,football,sun_bvxrwztmmrmfvckr.jpg,test_seen_loc,11835,True,102
SUN,42,closed_world_seen_test,1739,11823,591,stadium football,591,stadium football,-1,,exact,True,True,R0026;R0036;R0037;R0041;R0042;R0045;R0048;R0049;R0124;R0143,16,False,False,False,s/stadium/football/sun_bavrtvixnbumqxyl.jpg,s,stadium/football,football,sun_bavrtvixnbumqxyl.jpg,test_seen_loc,11823,True,102
SUN,42,closed_world_seen_test,1740,6141,307,greenhouse outdoor,659,underwater coral reef,-1,,exact,True,True,R0052;R0162;R0236;R0239;R0261;R0262;R0265;R0285;R0292;R0306,29,False,False,False,g/greenhouse/outdoor/sun_acsnvdppbbdgpplp.jpg,g,greenhouse/outdoor,outdoor,sun_acsnvdppbbdgpplp.jpg,test_seen_loc,6141,True,102
SUN,42,closed_world_seen_test,1741,6145,307,greenhouse outdoor,307,greenhouse outdoor,-1,,exact,True,True,R0043;R0069;R0093;R0130;R0198;R0224;R0242;R0244;R0246;R0247,85,False,False,False,g/greenhouse/outdoor/sun_aowkjnakraaenyal.jpg,g,greenhouse/outdoor,outdoor,sun_aowkjnakraaenyal.jpg,test_seen_loc,6145,True,102
SUN,42,closed_world_seen_test,1742,6156,307,greenhouse outdoor,307,greenhouse outdoor,-1,,exact,True,True,R0043;R0069;R0198;R0224;R0242;R0244;R0246;R0247;R0259;R0261,70,False,False,False,g/greenhouse/outdoor/sun_btwgodylqqiatjkd.jpg,g,greenhouse/outdoor,outdoor,sun_btwgodylqqiatjkd.jpg,test_seen_loc,6156,True,102
SUN,42,closed_world_seen_test,1743,6149,307,greenhouse outdoor,129,car interior backseat,-1,,exact,True,True,R0053;R0057;R0069;R0073;R0113;R0125;R0143;R0228;R0231;R0238,27,False,False,False,g/greenhouse/outdoor/sun_bayqtxkruectmpxc.jpg,g,greenhouse/outdoor,outdoor,sun_bayqtxkruectmpxc.jpg,test_seen_loc,6149,True,102
SUN,42,closed_world_seen_test,1744,1734,86,bicycle racks,86,bicycle racks,-1,,exact,True,True,R0127;R0140;R0236;R0245;R0249,5,False,False,False,b/bicycle_racks/sun_arslyusoncytrras.jpg,b,bicycle_racks,bicycle_racks,sun_arslyusoncytrras.jpg,test_seen_loc,1734,True,102
SUN,42,closed_world_seen_test,1745,1730,86,bicycle racks,391,liquor store indoor,-1,,exact,True,True,R0395;R0483;R0495;R0511;R0531;R0549;R0558;R0573,8,False,False,False,b/bicycle_racks/sun_ajjhlrmprpuxjpib.jpg,b,bicycle_racks,bicycle_racks,sun_ajjhlrmprpuxjpib.jpg,test_seen_loc,1730,True,102
SUN,42,closed_world_seen_test,1746,1736,86,bicycle racks,86,bicycle racks,-1,,exact,True,True,R0084;R0127;R0140;R0173;R0191;R0212;R0233;R0236;R0282;R0305,18,False,False,False,b/bicycle_racks/sun_asrbrigctsughchz.jpg,b,bicycle_racks,bicycle_racks,sun_asrbrigctsughchz.jpg,test_seen_loc,1736,True,102
SUN,42,closed_world_seen_test,1747,1733,86,bicycle racks,86,bicycle racks,-1,,exact,True,True,R0120;R0206;R0274;R0297;R0300;R0306;R0322;R0338;R0339;R0342,71,False,False,False,b/bicycle_racks/sun_arrjvwzlwmidoqzk.jpg,b,bicycle_racks,bicycle_racks,sun_arrjvwzlwmidoqzk.jpg,test_seen_loc,1733,True,102
SUN,42,closed_world_seen_test,1748,9827,491,planetarium outdoor,491,planetarium outdoor,161,circus tent outdoor,exact,False,False,R0018;R0127;R0202;R0261;R0269;R0271;R0278;R0285;R0292;R0307,27,True,False,False,p/planetarium/outdoor/sun_bilbqlsgkutumont.jpg,p,planetarium/outdoor,outdoor,sun_bilbqlsgkutumont.jpg,test_seen_loc,9827,True,102
SUN,42,closed_world_seen_test,1749,9821,491,planetarium outdoor,491,planetarium outdoor,-1,,exact,True,True,R0146;R0173;R0184;R0191;R0197;R0198;R0213;R0224;R0233;R0245,85,False,False,False,p/planetarium/outdoor/sun_arpshqqelhfppxzq.jpg,p,planetarium/outdoor,outdoor,sun_arpshqqelhfppxzq.jpg,test_seen_loc,9821,True,102
SUN,42,closed_world_seen_test,1750,9832,491,planetarium outdoor,491,planetarium outdoor,-1,,exact,True,True,R0173;R0182;R0184;R0191;R0197;R0213;R0233;R0245;R0278;R0282,26,False,False,False,p/planetarium/outdoor/sun_bugizccrfxovcozy.jpg,p,planetarium/outdoor,outdoor,sun_bugizccrfxovcozy.jpg,test_seen_loc,9832,True,102
SUN,42,closed_world_seen_test,1751,9825,491,planetarium outdoor,424,mosque outdoor,-1,,exact,True,True,R0075;R0148;R0158;R0177;R0231;R0238;R0241;R0257;R0309;R0312,21,False,False,False,p/planetarium/outdoor/sun_bfgkqptfuqvijovj.jpg,p,planetarium/outdoor,outdoor,sun_bfgkqptfuqvijovj.jpg,test_seen_loc,9825,True,102
SUN,42,closed_world_seen_test,1752,6233,311,gun deck indoor,311,gun deck indoor,-1,,exact,True,True,R0297;R0300;R0303;R0306;R0308;R0311;R0314;R0315;R0318;R0320,184,False,False,False,g/gun_deck/indoor/sun_aqxsryndumtaiqkb.jpg,g,gun_deck/indoor,indoor,sun_aqxsryndumtaiqkb.jpg,test_seen_loc,6233,True,102
SUN,42,closed_world_seen_test,1753,6231,311,gun deck indoor,434,music store,-1,,exact,True,True,R0256;R0277;R0314;R0315;R0335;R0340;R0351;R0352;R0361;R0362,76,False,False,False,g/gun_deck/indoor/sun_apafchrtrvykulbn.jpg,g,gun_deck/indoor,indoor,sun_apafchrtrvykulbn.jpg,test_seen_loc,6231,True,102
SUN,42,closed_world_seen_test,1754,6222,311,gun deck indoor,668,van interior,-1,,exact,True,True,R0206;R0256;R0274;R0277;R0297;R0322;R0336;R0337;R0338;R0339,98,False,False,False,g/gun_deck/indoor/sun_aceeopojomskralm.jpg,g,gun_deck/indoor,indoor,sun_aceeopojomskralm.jpg,test_seen_loc,6222,True,102
SUN,42,closed_world_seen_test,1755,6238,311,gun deck indoor,311,gun deck indoor,-1,,exact,True,True,R0256;R0277;R0297;R0303;R0308;R0311;R0314;R0315;R0318;R0320,169,False,False,False,g/gun_deck/indoor/sun_avlblxfouxdzutek.jpg,g,gun_deck/indoor,indoor,sun_avlblxfouxdzutek.jpg,test_seen_loc,6238,True,102
SUN,42,closed_world_seen_test,1756,13923,696,wave,696,wave,-1,,exact,True,True,R0025;R0055;R0060;R0062;R0064;R0066;R0083;R0085;R0086;R0088,65,False,False,False,w/wave/sun_adohscuttzvykhhe.jpg,w,wave,wave,sun_adohscuttzvykhhe.jpg,test_seen_loc,13923,True,102
SUN,42,closed_world_seen_test,1757,13929,696,wave,696,wave,-1,,exact,True,True,R0054;R0055;R0060;R0062;R0064;R0081;R0083;R0086;R0088;R0090,44,False,False,False,w/wave/sun_ainbmxkkdgtffgsy.jpg,w,wave,wave,sun_ainbmxkkdgtffgsy.jpg,test_seen_loc,13929,True,102
SUN,42,closed_world_seen_test,1758,13926,696,wave,696,wave,-1,,exact,True,True,R0054;R0055;R0060;R0062;R0064;R0072;R0081;R0083;R0086;R0088,58,False,False,False,w/wave/sun_afwyxdxheffelwew.jpg,w,wave,wave,sun_afwyxdxheffelwew.jpg,test_seen_loc,13926,True,102
SUN,42,closed_world_seen_test,1759,13936,696,wave,519,raft,-1,,exact,True,True,R0054;R0055;R0060;R0062;R0064;R0072;R0081;R0083;R0086;R0088,52,False,False,False,w/wave/sun_alnmkzvpbbcszhnl.jpg,w,wave,wave,sun_alnmkzvpbbcszhnl.jpg,test_seen_loc,13936,True,102
SUN,42,closed_world_seen_test,1760,4838,241,engine room,49,bakery shop,-1,,exact,True,True,R0252;R0256;R0277;R0297;R0302;R0303;R0305;R0311;R0314;R0315,182,False,False,False,e/engine_room/sun_bjdqbjvvjfmusnne.jpg,e,engine_room,engine_room,sun_bjdqbjvvjfmusnne.jpg,test_seen_loc,4838,True,102
SUN,42,closed_world_seen_test,1761,4836,241,engine room,241,engine room,-1,,exact,True,True,R0252;R0300;R0306;R0308;R0312;R0323;R0354;R0358;R0366;R0387,42,False,False,False,e/engine_room/sun_bfomkrtwmowlyjsq.jpg,e,engine_room,engine_room,sun_bfomkrtwmowlyjsq.jpg,test_seen_loc,4836,True,102
SUN,42,closed_world_seen_test,1762,4829,241,engine room,241,engine room,-1,,exact,True,True,R0302;R0304;R0308;R0311;R0315;R0318;R0319;R0320;R0322;R0324,120,False,False,False,e/engine_room/sun_ayboezqgoyvjtruz.jpg,e,engine_room,engine_room,sun_ayboezqgoyvjtruz.jpg,test_seen_loc,4829,True,102
SUN,42,closed_world_seen_test,1763,4821,241,engine room,706,winery,-1,,exact,True,True,R0031;R0222;R0408;R0409;R0442;R0460;R0461;R0462;R0469;R0475,23,False,False,False,e/engine_room/sun_aepghxktidydptmk.jpg,e,engine_room,engine_room,sun_aepghxktidydptmk.jpg,test_seen_loc,4821,True,102
SUN,42,closed_world_seen_test,1764,1845,92,boardwalk,92,boardwalk,13,amusement park,exact,False,False,R0127,1,True,False,False,b/boardwalk/sun_bgclhkamxawtqaag.jpg,b,boardwalk,boardwalk,sun_bgclhkamxawtqaag.jpg,test_seen_loc,1845,True,102
SUN,42,closed_world_seen_test,1765,1841,92,boardwalk,628,terrace farm,-1,,exact,True,True,R0157;R0170;R0187;R0188;R0226;R0229;R0279,7,False,False,False,b/boardwalk/sun_bbxhnpevjjmblggl.jpg,b,boardwalk,boardwalk,sun_bbxhnpevjjmblggl.jpg,test_seen_loc,1841,True,102
SUN,42,closed_world_seen_test,1766,1857,92,boardwalk,92,boardwalk,-1,,exact,True,True,R0038;R0125;R0139;R0183;R0217;R0226;R0260;R0273;R0288;R0293,13,False,False,False,b/boardwalk/sun_bwkfqkgfahtjjaic.jpg,b,boardwalk,boardwalk,sun_bwkfqkgfahtjjaic.jpg,test_seen_loc,1857,True,102
SUN,42,closed_world_seen_test,1767,1842,92,boardwalk,484,pier,-1,,exact,True,True,R0060;R0064;R0072;R0081;R0083;R0086;R0096;R0097;R0098;R0099,39,False,False,False,b/boardwalk/sun_bcpumvfsjnphykff.jpg,b,boardwalk,boardwalk,sun_bcpumvfsjnphykff.jpg,test_seen_loc,1842,True,102
SUN,42,closed_world_seen_test,1768,2212,110,bullring,660,underwater ice,-1,,exact,True,True,R0046;R0135;R0259,3,False,False,False,b/bullring/sun_amsbeqwitvwvcgyq.jpg,b,bullring,bullring,sun_amsbeqwitvwvcgyq.jpg,test_seen_loc,2212,True,102
SUN,42,closed_world_seen_test,1769,2208,110,bullring,25,arena hockey,-1,,exact,True,True,R0041;R0050;R0084;R0144;R0145;R0154;R0227;R0233;R0236,9,False,False,False,b/bullring/sun_ahzeowvclcswdwxd.jpg,b,bullring,bullring,sun_ahzeowvclcswdwxd.jpg,test_seen_loc,2208,True,102
SUN,42,closed_world_seen_test,1770,2218,110,bullring,485,pig farm,-1,,exact,True,True,R0225;R0227,2,False,False,False,b/bullring/sun_aupxciymaniprhyk.jpg,b,bullring,bullring,sun_aupxciymaniprhyk.jpg,test_seen_loc,2218,True,102
SUN,42,closed_world_seen_test,1771,2200,110,bullring,110,bullring,-1,,exact,True,True,R0026;R0030;R0036;R0037;R0041;R0042;R0044;R0045;R0048;R0049,72,False,False,False,b/bullring/sun_aavhiwpljxivucjr.jpg,b,bullring,bullring,sun_aavhiwpljxivucjr.jpg,test_seen_loc,2200,True,102
SUN,42,closed_world_seen_test,1772,4083,204,dentists office,204,dentists office,-1,,exact,True,True,R0277;R0297;R0303;R0305;R0308;R0311;R0314;R0315;R0318;R0320,181,False,False,False,d/dentists_office/sun_aatiihujitfdmkwz.jpg,d,dentists_office,dentists_office,sun_aatiihujitfdmkwz.jpg,test_seen_loc,4083,True,102
SUN,42,closed_world_seen_test,1773,4093,204,dentists office,383,lecture room,-1,,exact,True,True,R0297;R0302;R0304;R0308;R0311;R0315;R0318;R0319;R0320;R0322,163,False,False,False,d/dentists_office/sun_afgnfcmgshsddgoy.jpg,d,dentists_office,dentists_office,sun_afgnfcmgshsddgoy.jpg,test_seen_loc,4093,True,102
SUN,42,closed_world_seen_test,1774,4084,204,dentists office,204,dentists office,-1,,exact,True,True,R0300;R0308;R0311;R0312;R0320;R0324;R0350;R0351;R0352;R0354,74,False,False,False,d/dentists_office/sun_abgqtjetpzezynih.jpg,d,dentists_office,dentists_office,sun_abgqtjetpzezynih.jpg,test_seen_loc,4084,True,102
SUN,42,closed_world_seen_test,1775,4091,204,dentists office,675,veterinarians office,-1,,exact,True,True,R0297;R0300;R0302;R0303;R0304;R0306;R0308;R0311;R0314;R0315,241,False,False,False,d/dentists_office/sun_aesjxobnvohmzbym.jpg,d,dentists_office,dentists_office,sun_aesjxobnvohmzbym.jpg,test_seen_loc,4091,True,102
SUN,42,closed_world_seen_test,1776,3260,163,classroom,202,day care center,-1,,exact,True,True,R0302;R0304;R0308;R0318;R0319;R0320;R0333;R0334;R0339;R0403,21,False,False,False,c/classroom/sun_aajmvqwpoyvbogxj.jpg,c,classroom,classroom,sun_aajmvqwpoyvbogxj.jpg,test_seen_loc,3260,True,102
SUN,42,closed_world_seen_test,1777,3274,163,classroom,383,lecture room,-1,,exact,True,True,R0302;R0304;R0308;R0311;R0315;R0318;R0319;R0320;R0322;R0324,119,False,False,False,c/classroom/sun_aglrdgcswaczzoya.jpg,c,classroom,classroom,sun_aglrdgcswaczzoya.jpg,test_seen_loc,3274,True,102
SUN,42,closed_world_seen_test,1778,3267,163,classroom,383,lecture room,-1,,exact,True,True,R0277;R0297;R0302;R0303;R0314;R0317;R0318;R0319;R0320;R0322,177,False,False,False,c/classroom/sun_aeiaqojqsljsshid.jpg,c,classroom,classroom,sun_aeiaqojqsljsshid.jpg,test_seen_loc,3267,True,102
SUN,42,closed_world_seen_test,1779,3261,163,classroom,383,lecture room,-1,,exact,True,True,R0297;R0300;R0302;R0303;R0304;R0306;R0308;R0311;R0314;R0315,241,False,False,False,c/classroom/sun_aampvucecsfbdafn.jpg,c,classroom,classroom,sun_aampvucecsfbdafn.jpg,test_seen_loc,3261,True,102
SUN,42,closed_world_seen_test,1780,12579,628,terrace farm,320,hedge maze,-1,,exact,True,True,R0024;R0071;R0082;R0087;R0091;R0109;R0119;R0121;R0129;R0136,61,False,False,False,t/terrace_farm/sun_bmmnpaheooapqpes.jpg,t,terrace_farm,terrace_farm,sun_bmmnpaheooapqpes.jpg,test_seen_loc,12579,True,102
SUN,42,closed_world_seen_test,1781,12566,628,terrace farm,373,labyrinth indoor,-1,,exact,True,True,R0057;R0074;R0125;R0139;R0166;R0183;R0217;R0226;R0255;R0258,19,False,False,False,t/terrace_farm/sun_axucrdtlogkkfkhp.jpg,t,terrace_farm,terrace_farm,sun_axucrdtlogkkfkhp.jpg,test_seen_loc,12566,True,102
SUN,42,closed_world_seen_test,1782,12578,628,terrace farm,320,hedge maze,-1,,exact,True,True,R0082;R0085;R0091;R0094;R0103;R0104;R0105;R0106;R0107;R0114,46,False,False,False,t/terrace_farm/sun_bkujkeaocqmoohgt.jpg,t,terrace_farm,terrace_farm,sun_bkujkeaocqmoohgt.jpg,test_seen_loc,12578,True,102
SUN,42,closed_world_seen_test,1783,12571,628,terrace farm,320,hedge maze,-1,,exact,True,True,R0076;R0077;R0091;R0094;R0103;R0104;R0105;R0106;R0107;R0114,37,False,False,False,t/terrace_farm/sun_bdhxjrskhqujsgor.jpg,t,terrace_farm,terrace_farm,sun_bdhxjrskhqujsgor.jpg,test_seen_loc,12571,True,102
SUN,42,closed_world_seen_test,1784,4587,229,drugstore,111,burial chamber,-1,,exact,True,True,R0206;R0222;R0274;R0277;R0330;R0336;R0337;R0344;R0356;R0357,112,False,False,False,d/drugstore/sun_arypxqxejdewotwy.jpg,d,drugstore,drugstore,sun_arypxqxejdewotwy.jpg,test_seen_loc,4587,True,102
SUN,42,closed_world_seen_test,1785,4597,229,drugstore,126,candy store,-1,,exact,True,True,R0252;R0300;R0305;R0306;R0312;R0314;R0317;R0320;R0322;R0325,165,False,False,False,d/drugstore/sun_dfjgkabbrfgeozaz.jpg,d,drugstore,drugstore,sun_dfjgkabbrfgeozaz.jpg,test_seen_loc,4597,True,102
SUN,42,closed_world_seen_test,1786,4596,229,drugstore,391,liquor store indoor,-1,,exact,True,True,R0252;R0297;R0300;R0302;R0303;R0305;R0306;R0312;R0314;R0317,187,False,False,False,d/drugstore/sun_defpjfeelulwhzxk.jpg,d,drugstore,drugstore,sun_defpjfeelulwhzxk.jpg,test_seen_loc,4596,True,102
SUN,42,closed_world_seen_test,1787,4581,229,drugstore,391,liquor store indoor,675,veterinarians office,fallback,False,False,,0,True,False,False,d/drugstore/sun_abuwfkqfysxluvha.jpg,d,drugstore,drugstore,sun_abuwfkqfysxluvha.jpg,test_seen_loc,4581,True,102
SUN,42,closed_world_seen_test,1788,698,34,athletic field outdoor,318,hayfield,-1,,exact,True,True,R0056;R0073;R0074;R0079;R0082;R0123;R0129;R0138;R0141;R0149,15,False,False,False,a/athletic_field/outdoor/sun_btvklotqiutgnddr.jpg,a,athletic_field/outdoor,outdoor,sun_btvklotqiutgnddr.jpg,test_seen_loc,698,True,102
SUN,42,closed_world_seen_test,1789,694,34,athletic field outdoor,318,hayfield,-1,,exact,True,True,R0024;R0082;R0109;R0129;R0136;R0142;R0149;R0153;R0159;R0160,47,False,False,False,a/athletic_field/outdoor/sun_bnforgluykkryxjo.jpg,a,athletic_field/outdoor,outdoor,sun_bnforgluykkryxjo.jpg,test_seen_loc,694,True,102
SUN,42,closed_world_seen_test,1790,682,34,athletic field outdoor,249,fairway,586,soccer field,exact,False,False,R0012;R0042;R0079;R0082;R0091;R0129;R0138;R0141;R0152;R0156,30,True,False,False,a/athletic_field/outdoor/sun_aftzwszehrjfyjjr.jpg,a,athletic_field/outdoor,outdoor,sun_aftzwszehrjfyjjr.jpg,test_seen_loc,682,True,102
SUN,42,closed_world_seen_test,1791,688,34,athletic field outdoor,586,soccer field,586,soccer field,exact,False,False,R0012;R0013;R0020;R0023;R0036;R0037;R0042;R0044;R0045;R0049,44,True,False,True,a/athletic_field/outdoor/sun_avhkijjlsixqbaye.jpg,a,athletic_field/outdoor,outdoor,sun_avhkijjlsixqbaye.jpg,test_seen_loc,688,True,102
SUN,42,closed_world_seen_test,1792,9158,457,orchard,485,pig farm,-1,,exact,True,True,R0024;R0029;R0063;R0070;R0071;R0076;R0077;R0080;R0082;R0087,78,False,False,False,o/orchard/sun_apbpvrqbmgpebras.jpg,o,orchard,orchard,sun_apbpvrqbmgpebras.jpg,test_seen_loc,9158,True,102
SUN,42,closed_world_seen_test,1793,9142,457,orchard,708,woodland,-1,,exact,True,True,R0029;R0063;R0070;R0071;R0076;R0077;R0080;R0087;R0091;R0109,79,False,False,False,o/orchard/sun_aeixslaookutvifa.jpg,o,orchard,orchard,sun_aeixslaookutvifa.jpg,test_seen_loc,9142,True,102
SUN,42,closed_world_seen_test,1794,9140,457,orchard,319,heath,-1,,exact,True,True,R0058;R0063;R0070;R0071;R0076;R0077;R0080;R0082;R0087;R0091,60,False,False,False,o/orchard/sun_abwltkecajoiypdl.jpg,o,orchard,orchard,sun_abwltkecajoiypdl.jpg,test_seen_loc,9140,True,102
SUN,42,closed_world_seen_test,1795,9154,457,orchard,410,mesa,-1,,exact,True,True,R0034;R0066;R0070;R0076;R0077;R0080;R0082;R0085;R0091;R0094,102,False,False,False,o/orchard/sun_ampjnwubvqspkvul.jpg,o,orchard,orchard,sun_ampjnwubvqspkvul.jpg,test_seen_loc,9154,True,102
SUN,42,closed_world_seen_test,1796,1529,76,beach,76,beach,-1,,exact,True,True,R0054;R0055;R0060;R0062;R0064;R0081;R0083;R0086;R0088;R0090,36,False,False,False,b/beach/sun_acbeypdvskqxwbrf.jpg,b,beach,beach,sun_acbeypdvskqxwbrf.jpg,test_seen_loc,1529,True,102
SUN,42,closed_world_seen_test,1797,1521,76,beach,449,ocean,-1,,exact,True,True,R0055;R0062;R0064;R0081;R0096;R0097;R0098;R0099;R0100;R0101,15,False,False,False,b/beach/sun_aacgcodmtsyjjmbx.jpg,b,beach,beach,sun_aacgcodmtsyjjmbx.jpg,test_seen_loc,1521,True,102
SUN,42,closed_world_seen_test,1798,1523,76,beach,557,sandbar,-1,,exact,True,True,R0055;R0062;R0064;R0072;R0081;R0083;R0086;R0090;R0096;R0097,48,False,False,False,b/beach/sun_aamaawgxvfyjjfyh.jpg,b,beach,beach,sun_aamaawgxvfyjjfyh.jpg,test_seen_loc,1523,True,102
SUN,42,closed_world_seen_test,1799,1520,76,beach,557,sandbar,22,archaelogical excavation,exact,False,False,R0010;R0034;R0055;R0060;R0062;R0064;R0066;R0072;R0081;R0083,46,True,False,False,b/beach/sun_aabhqzsffoeycgje.jpg,b,beach,beach,sun_aabhqzsffoeycgje.jpg,test_seen_loc,1520,True,102
SUN,42,closed_world_seen_test,1800,7230,361,junk pile,626,tent indoor,-1,,exact,True,True,R0043;R0146;R0182;R0184;R0191;R0192;R0197;R0198;R0203;R0213,68,False,False,False,j/junk_pile/sun_awiviotibpkglebd.jpg,j,junk_pile,junk_pile,sun_awiviotibpkglebd.jpg,test_seen_loc,7230,True,102
SUN,42,closed_world_seen_test,1801,7237,361,junk pile,361,junk pile,-1,,exact,True,True,R0173;R0191;R0197;R0233;R0245;R0262;R0276;R0282;R0286;R0305,18,False,False,False,j/junk_pile/sun_bkivqhsdzavbqkvv.jpg,j,junk_pile,junk_pile,sun_bkivqhsdzavbqkvv.jpg,test_seen_loc,7237,True,102
SUN,42,closed_world_seen_test,1802,7227,361,junk pile,378,landfill,-1,,exact,True,True,R0018;R0046;R0135;R0202;R0247;R0261;R0269;R0271;R0275;R0285,29,False,False,False,j/junk_pile/sun_aojwlimnwjghxgjp.jpg,j,junk_pile,junk_pile,sun_aojwlimnwjghxgjp.jpg,test_seen_loc,7227,True,102
SUN,42,closed_world_seen_test,1803,7236,361,junk pile,22,archaelogical excavation,-1,,exact,True,True,R0029;R0066;R0138;R0149;R0159;R0165;R0166;R0174;R0175;R0183,31,False,False,False,j/junk_pile/sun_bexmuikyerykjiwc.jpg,j,junk_pile,junk_pile,sun_bexmuikyerykjiwc.jpg,test_seen_loc,7236,True,102
SUN,42,closed_world_seen_test,1804,791,39,auto factory,41,auto racing paddock,-1,,exact,True,True,R0274;R0451;R0479;R0483;R0494;R0495;R0506;R0507;R0508;R0510,44,False,False,False,a/auto_factory/sun_alevwqtyzlgqueiz.jpg,a,auto_factory,auto_factory,sun_alevwqtyzlgqueiz.jpg,test_seen_loc,791,True,102
SUN,42,closed_world_seen_test,1805,789,39,auto factory,383,lecture room,-1,,exact,True,True,R0222;R0274;R0300;R0467;R0498;R0509;R0510;R0519;R0520;R0552,14,False,False,False,a/auto_factory/sun_ajrlnryrjkrfnoms.jpg,a,auto_factory,auto_factory,sun_ajrlnryrjkrfnoms.jpg,test_seen_loc,789,True,102
SUN,42,closed_world_seen_test,1806,797,39,auto factory,129,car interior backseat,-1,,exact,True,True,R0120;R0173;R0184;R0191;R0213;R0274;R0299;R0300;R0306;R0323,94,False,False,False,a/auto_factory/sun_aqqvtwsncvxqufue.jpg,a,auto_factory,auto_factory,sun_aqqvtwsncvxqufue.jpg,test_seen_loc,797,True,102
SUN,42,closed_world_seen_test,1807,787,39,auto factory,42,auto showroom,-1,,exact,True,True,R0225;R0274;R0344;R0395;R0414;R0451;R0458;R0459;R0466;R0471,52,False,False,False,a/auto_factory/sun_aiazewhvymjzhxys.jpg,a,auto_factory,auto_factory,sun_aiazewhvymjzhxys.jpg,test_seen_loc,787,True,102
SUN,42,closed_world_seen_test,1808,10200,510,pub outdoor,159,church outdoor,-1,,exact,True,True,R0043;R0093;R0130;R0146;R0184;R0191;R0192;R0197;R0198;R0203,107,False,False,False,p/pub/outdoor/sun_aabxjjdteigmqnyg.jpg,p,pub/outdoor,outdoor,sun_aabxjjdteigmqnyg.jpg,test_seen_loc,10200,True,102
SUN,42,closed_world_seen_test,1809,10219,510,pub outdoor,392,liquor store outdoor,-1,,exact,True,True,R0173;R0184;R0191;R0213;R0252;R0299;R0300;R0305;R0306;R0308,137,False,False,False,p/pub/outdoor/sun_aocczcsnlqmqqwpp.jpg,p,pub/outdoor,outdoor,sun_aocczcsnlqmqqwpp.jpg,test_seen_loc,10219,True,102
SUN,42,closed_world_seen_test,1810,10216,510,pub outdoor,480,phone booth,-1,,exact,True,True,R0173;R0184;R0191;R0213;R0252;R0299;R0300;R0305;R0306;R0308,111,False,False,False,p/pub/outdoor/sun_alqankldgmgmfqqz.jpg,p,pub/outdoor,outdoor,sun_alqankldgmgmfqqz.jpg,test_seen_loc,10216,True,102
SUN,42,closed_world_seen_test,1811,10214,510,pub outdoor,15,apartment building outdoor,-1,,exact,True,True,R0043;R0069;R0093;R0126;R0146;R0182;R0197;R0242;R0246;R0250,52,False,False,False,p/pub/outdoor/sun_akldkoohglnpqsmh.jpg,p,pub/outdoor,outdoor,sun_akldkoohglnpqsmh.jpg,test_seen_loc,10214,True,102
SUN,42,closed_world_seen_test,1812,12746,637,toll plaza,550,roundabout,-1,,exact,True,True,R0108;R0117;R0158;R0164;R0170;R0187;R0188;R0192;R0194;R0229,18,False,False,False,t/toll_plaza/sun_akyhmlqghofmpvld.jpg,t,toll_plaza,toll_plaza,sun_akyhmlqghofmpvld.jpg,test_seen_loc,12746,True,102
SUN,42,closed_world_seen_test,1813,12755,637,toll plaza,670,velodrome indoor,-1,,exact,True,True,R0227;R0236;R0307;R0479;R0506;R0526;R0546;R0547;R0550;R0563,10,False,False,False,t/toll_plaza/sun_awdfxogjgykhcpzr.jpg,t,toll_plaza,toll_plaza,sun_awdfxogjgykhcpzr.jpg,test_seen_loc,12755,True,102
SUN,42,closed_world_seen_test,1814,12747,637,toll plaza,392,liquor store outdoor,-1,,exact,True,True,R0018;R0028;R0108;R0117;R0135;R0158;R0164;R0169;R0192;R0194,77,False,False,False,t/toll_plaza/sun_akzpxfogpxgpgvfg.jpg,t,toll_plaza,toll_plaza,sun_akzpxfogpxgpgvfg.jpg,test_seen_loc,12747,True,102
SUN,42,closed_world_seen_test,1815,12744,637,toll plaza,64,baseball field,-1,,exact,True,True,R0046;R0146;R0184;R0191;R0192;R0196;R0197;R0198;R0213;R0224,73,False,False,False,t/toll_plaza/sun_ajgzicslsvprckvp.jpg,t,toll_plaza,toll_plaza,sun_ajgzicslsvprckvp.jpg,test_seen_loc,12744,True,102
SUN,42,closed_world_seen_test,1816,8951,447,observatory indoor,129,car interior backseat,-1,,exact,True,True,R0206;R0277;R0385;R0437;R0452;R0507;R0508;R0528;R0530;R0540,15,False,False,False,o/observatory/indoor/sun_apsyusxgukclxvnx.jpg,o,observatory/indoor,indoor,sun_apsyusxgukclxvnx.jpg,test_seen_loc,8951,True,102
SUN,42,closed_world_seen_test,1817,8940,447,observatory indoor,487,pilothouse outdoor,-1,,exact,True,True,R0206;R0222;R0277;R0305;R0460;R0461;R0462;R0486;R0502;R0503,13,False,False,False,o/observatory/indoor/sun_aaosbbqptygnkjqk.jpg,o,observatory/indoor,indoor,sun_aaosbbqptygnkjqk.jpg,test_seen_loc,8940,True,102
SUN,42,closed_world_seen_test,1818,8955,447,observatory indoor,706,winery,-1,,exact,True,True,R0031;R0196;R0222;R0408;R0409;R0442;R0460;R0461;R0462;R0469,16,False,False,False,o/observatory/indoor/sun_autteikujowaqyde.jpg,o,observatory/indoor,indoor,sun_autteikujowaqyde.jpg,test_seen_loc,8955,True,102
SUN,42,closed_world_seen_test,1819,8949,447,observatory indoor,447,observatory indoor,-1,,exact,True,True,R0206;R0222;R0225;R0274;R0277;R0305;R0357;R0367;R0385;R0437,47,False,False,False,o/observatory/indoor/sun_anyondslfxvwsgzk.jpg,o,observatory/indoor,indoor,sun_anyondslfxvwsgzk.jpg,test_seen_loc,8949,True,102
SUN,42,closed_world_seen_test,1820,2164,108,building facade,41,auto racing paddock,-1,,exact,True,True,R0043;R0177;R0192;R0203;R0224;R0237;R0238;R0239;R0242;R0244,70,False,False,False,b/building_facade/sun_abetzvfneagobyvq.jpg,b,building_facade,building_facade,sun_abetzvfneagobyvq.jpg,test_seen_loc,2164,True,102
SUN,42,closed_world_seen_test,1821,2167,108,building facade,41,auto racing paddock,-1,,exact,True,True,R0043;R0093;R0130;R0184;R0198;R0213;R0224;R0245;R0246;R0259,76,False,False,False,b/building_facade/sun_abpcfnnrjpqqaytl.jpg,b,building_facade,building_facade,sun_abpcfnnrjpqqaytl.jpg,test_seen_loc,2167,True,102
SUN,42,closed_world_seen_test,1822,2174,108,building facade,502,portico,-1,,exact,True,True,R0126;R0146;R0203;R0237;R0239;R0244;R0247;R0261;R0262;R0275,69,False,False,False,b/building_facade/sun_acllaentvwcbnraz.jpg,b,building_facade,building_facade,sun_acllaentvwcbnraz.jpg,test_seen_loc,2174,True,102
SUN,42,closed_world_seen_test,1823,2173,108,building facade,573,shopfront,-1,,exact,True,True,R0222;R0274;R0344;R0371;R0386;R0395;R0414;R0417;R0423;R0451,67,False,False,False,b/building_facade/sun_ackmblqgdjkaojjd.jpg,b,building_facade,building_facade,sun_ackmblqgdjkaojjd.jpg,test_seen_loc,2173,True,102
SUN,42,closed_world_seen_test,1824,12285,614,swimming pool outdoor,354,jacuzzi outdoor,-1,,exact,True,True,R0014;R0017;R0019;R0022;R0028;R0046;R0057;R0084;R0124;R0125,32,False,False,False,s/swimming_pool/outdoor/sun_adycqtgdjmioodtb.jpg,s,swimming_pool/outdoor,outdoor,sun_adycqtgdjmioodtb.jpg,test_seen_loc,12285,True,102
SUN,42,closed_world_seen_test,1825,12292,614,swimming pool outdoor,19,aquatic theater,-1,,exact,True,True,R0014;R0017;R0019;R0173;R0191;R0197;R0233;R0245;R0282;R0498,16,False,False,False,s/swimming_pool/outdoor/sun_alkvkavnnunmdavq.jpg,s,swimming_pool/outdoor,outdoor,sun_alkvkavnnunmdavq.jpg,test_seen_loc,12292,True,102
SUN,42,closed_world_seen_test,1826,12283,614,swimming pool outdoor,354,jacuzzi outdoor,-1,,exact,True,True,R0014;R0019;R0096;R0097;R0098;R0099;R0100;R0101;R0102;R0111,15,False,False,False,s/swimming_pool/outdoor/sun_abmafiafisngvteo.jpg,s,swimming_pool/outdoor,outdoor,sun_abmafiafisngvteo.jpg,test_seen_loc,12283,True,102
SUN,42,closed_world_seen_test,1827,12286,614,swimming pool outdoor,499,poolroom establishment,226,drill rig,exact,False,False,R0078,1,True,False,False,s/swimming_pool/outdoor/sun_aelfhlyhvuglfcha.jpg,s,swimming_pool/outdoor,outdoor,sun_aelfhlyhvuglfcha.jpg,test_seen_loc,12286,True,102
SUN,42,closed_world_seen_test,1828,7957,397,locker room,397,locker room,-1,,exact,True,True,R0196;R0222;R0225;R0274;R0336;R0337;R0344;R0371;R0386;R0395,84,False,False,False,l/locker_room/sun_aoxkzdvxcakqqkdd.jpg,l,locker_room,locker_room,sun_aoxkzdvxcakqqkdd.jpg,test_seen_loc,7957,True,102
SUN,42,closed_world_seen_test,1829,7955,397,locker room,397,locker room,-1,,exact,True,True,R0196;R0297;R0302;R0303;R0304;R0311;R0314;R0315;R0317;R0318,120,False,False,False,l/locker_room/sun_aojlhnjjqmlwflxa.jpg,l,locker_room,locker_room,sun_aojlhnjjqmlwflxa.jpg,test_seen_loc,7955,True,102
SUN,42,closed_world_seen_test,1830,7949,397,locker room,397,locker room,-1,,exact,True,True,R0252;R0277;R0297;R0302;R0303;R0304;R0305;R0308;R0311;R0314,243,False,False,False,l/locker_room/sun_ajmpvavauqulktew.jpg,l,locker_room,locker_room,sun_ajmpvavauqulktew.jpg,test_seen_loc,7949,True,102
SUN,42,closed_world_seen_test,1831,7942,397,locker room,434,music store,-1,,exact,True,True,R0206;R0277;R0350;R0393;R0400;R0421;R0429;R0430;R0431;R0432,34,False,False,False,l/locker_room/sun_aeosymlkheqlrhue.jpg,l,locker_room,locker_room,sun_aeosymlkheqlrhue.jpg,test_seen_loc,7942,True,102
SUN,42,closed_world_seen_test,1832,7664,383,lecture room,383,lecture room,-1,,exact,True,True,R0059;R0144;R0145;R0277;R0314;R0317;R0325;R0329;R0330;R0334,125,False,False,False,l/lecture_room/sun_afpeytvjxqccsnwz.jpg,l,lecture_room,lecture_room,sun_afpeytvjxqccsnwz.jpg,test_seen_loc,7664,True,102
SUN,42,closed_world_seen_test,1833,7678,383,lecture room,383,lecture room,-1,,exact,True,True,R0039;R0040;R0059;R0061;R0092;R0112;R0134;R0144;R0145;R0196,245,False,False,False,l/lecture_room/sun_asdnazfiedaignwo.jpg,l,lecture_room,lecture_room,sun_asdnazfiedaignwo.jpg,test_seen_loc,7678,True,102
SUN,42,closed_world_seen_test,1834,7662,383,lecture room,383,lecture room,-1,,exact,True,True,R0039;R0040;R0059;R0061;R0092;R0112;R0134;R0144;R0145;R0196,245,False,False,False,l/lecture_room/sun_abolkceksyhbllmf.jpg,l,lecture_room,lecture_room,sun_abolkceksyhbllmf.jpg,test_seen_loc,7662,True,102
SUN,42,closed_world_seen_test,1835,7671,383,lecture room,383,lecture room,-1,,exact,True,True,R0144;R0145;R0297;R0300;R0303;R0314;R0318;R0320;R0331;R0335,110,False,False,False,l/lecture_room/sun_ajsmhnxkgwdpzokt.jpg,l,lecture_room,lecture_room,sun_ajsmhnxkgwdpzokt.jpg,test_seen_loc,7671,True,102
SUN,42,closed_world_seen_test,1836,6981,349,inn indoor,168,closet,-1,,exact,True,True,R0297;R0300;R0302;R0303;R0304;R0306;R0308;R0311;R0314;R0315,241,False,False,False,i/inn/indoor/sun_aggzxpkevhsdneay.jpg,i,inn/indoor,indoor,sun_aggzxpkevhsdneay.jpg,test_seen_loc,6981,True,102
SUN,42,closed_world_seen_test,1837,6998,349,inn indoor,215,dining room,-1,,exact,True,True,R0277;R0297;R0302;R0303;R0304;R0308;R0311;R0314;R0315;R0317,240,False,False,False,i/inn/indoor/sun_bokhtzjnurgqhdtq.jpg,i,inn/indoor,indoor,sun_bokhtzjnurgqhdtq.jpg,test_seen_loc,6998,True,102
SUN,42,closed_world_seen_test,1838,6982,349,inn indoor,345,iceberg,-1,,exact,True,True,R0252;R0297;R0300;R0302;R0303;R0305;R0306;R0312;R0314;R0315,196,False,False,False,i/inn/indoor/sun_agujpwisnavvsqyv.jpg,i,inn/indoor,indoor,sun_agujpwisnavvsqyv.jpg,test_seen_loc,6982,True,102
SUN,42,closed_world_seen_test,1839,6999,349,inn indoor,540,revolving door,-1,,exact,True,True,R0297;R0300;R0302;R0303;R0304;R0306;R0308;R0311;R0314;R0315,241,False,False,False,i/inn/indoor/sun_bpertdkfhrtjpegb.jpg,i,inn/indoor,indoor,sun_bpertdkfhrtjpegb.jpg,test_seen_loc,6999,True,102
SUN,42,closed_world_seen_test,1840,2583,129,car interior backseat,129,car interior backseat,-1,,exact,True,True,R0033;R0035;R0162;R0265;R0271;R0292;R0358;R0406;R0418;R0476,15,False,False,False,c/car_interior/backseat/sun_aejwvxulmveceiwv.jpg,c,car_interior/backseat,backseat,sun_aejwvxulmveceiwv.jpg,test_seen_loc,2583,True,102
SUN,42,closed_world_seen_test,1841,2585,129,car interior backseat,129,car interior backseat,-1,,exact,True,True,R0297;R0300;R0303;R0306;R0311;R0314;R0315;R0318;R0320;R0322,152,False,False,False,c/car_interior/backseat/sun_afqfvsufutiqnwip.jpg,c,car_interior/backseat,backseat,sun_afqfvsufutiqnwip.jpg,test_seen_loc,2585,True,102
SUN,42,closed_world_seen_test,1842,2587,129,car interior backseat,129,car interior backseat,-1,,exact,True,True,R0040;R0059;R0144;R0145;R0200;R0297;R0302;R0303;R0314;R0317,181,False,False,False,c/car_interior/backseat/sun_ahorjmjefvywpxah.jpg,c,car_interior/backseat,backseat,sun_ahorjmjefvywpxah.jpg,test_seen_loc,2587,True,102
SUN,42,closed_world_seen_test,1843,2580,129,car interior backseat,129,car interior backseat,-1,,exact,True,True,R0035;R0271;R0292;R0479;R0528;R0537;R0545;R0553;R0554;R0555,12,False,False,False,c/car_interior/backseat/sun_aagvtgpqzcahfdgf.jpg,c,car_interior/backseat,backseat,sun_aagvtgpqzcahfdgf.jpg,test_seen_loc,2580,True,102
SUN,42,closed_world_seen_test,1844,11812,590,stadium baseball,593,stadium soccer,-1,,exact,True,True,R0021;R0036;R0037;R0044;R0045;R0049;R0050;R0051;R0227,9,False,False,False,s/stadium/baseball/sun_atdsfjkwnjgaqdcn.jpg,s,stadium/baseball,baseball,sun_atdsfjkwnjgaqdcn.jpg,test_seen_loc,11812,True,102
SUN,42,closed_world_seen_test,1845,11815,590,stadium baseball,590,stadium baseball,-1,,exact,True,True,R0021;R0023;R0036;R0037;R0042;R0044;R0045;R0049;R0050;R0051,16,False,False,False,s/stadium/baseball/sun_axoxkilxvttfmxvp.jpg,s,stadium/baseball,baseball,sun_axoxkilxvttfmxvp.jpg,test_seen_loc,11815,True,102
SUN,42,closed_world_seen_test,1846,11818,590,stadium baseball,590,stadium baseball,-1,,exact,True,True,R0021;R0036;R0037;R0044;R0045;R0048;R0049;R0051;R0192;R0246,10,False,False,False,s/stadium/baseball/sun_azruvuczuamiqodg.jpg,s,stadium/baseball,baseball,sun_azruvuczuamiqodg.jpg,test_seen_loc,11818,True,102
SUN,42,closed_world_seen_test,1847,11804,590,stadium baseball,593,stadium soccer,-1,,exact,True,True,R0017;R0021;R0026;R0036;R0037;R0041;R0042;R0045;R0048;R0049,30,False,False,False,s/stadium/baseball/sun_aegtpuzdxqgxixfz.jpg,s,stadium/baseball,baseball,sun_aegtpuzdxqgxixfz.jpg,test_seen_loc,11804,True,102
SUN,42,closed_world_seen_test,1848,7138,357,jail outdoor,671,velodrome outdoor,-1,,exact,True,True,R0084;R0124;R0232;R0250;R0282,5,False,False,False,j/jail/outdoor/sun_bccjzvujgebxopma.jpg,j,jail/outdoor,outdoor,sun_bccjzvujgebxopma.jpg,test_seen_loc,7138,True,102
SUN,42,closed_world_seen_test,1849,7135,357,jail outdoor,646,trailer park,-1,,exact,True,True,R0069;R0073;R0117;R0225;R0228;R0247;R0260;R0263;R0266;R0269,44,False,False,False,j/jail/outdoor/sun_ayobuhsgvryskzzl.jpg,j,jail/outdoor,outdoor,sun_ayobuhsgvryskzzl.jpg,test_seen_loc,7135,True,102
SUN,42,closed_world_seen_test,1850,7125,357,jail outdoor,491,planetarium outdoor,-1,,exact,True,True,R0146;R0173;R0233;R0261;R0277;R0285;R0323;R0336;R0337;R0385,45,False,False,False,j/jail/outdoor/sun_alcupircqtkhtnon.jpg,j,jail/outdoor,outdoor,sun_alcupircqtkhtnon.jpg,test_seen_loc,7125,True,102
SUN,42,closed_world_seen_test,1851,7121,357,jail outdoor,318,hayfield,-1,,exact,True,True,R0146;R0197;R0198;R0222;R0224;R0246;R0259;R0261;R0269;R0278,80,False,False,False,j/jail/outdoor/sun_advopsuhehsbzgqn.jpg,j,jail/outdoor,outdoor,sun_advopsuhehsbzgqn.jpg,test_seen_loc,7121,True,102
SUN,42,closed_world_seen_test,1852,4445,222,doorway outdoor,424,mosque outdoor,-1,,exact,True,True,R0120;R0173;R0184;R0191;R0206;R0213;R0274;R0299;R0300;R0306,117,False,False,False,d/doorway/outdoor/sun_abumnsizrlkqjiht.jpg,d,doorway/outdoor,outdoor,sun_abumnsizrlkqjiht.jpg,test_seen_loc,4445,True,102
SUN,42,closed_world_seen_test,1853,4447,222,doorway outdoor,16,apse indoor,-1,,exact,True,True,R0120;R0184;R0191;R0213;R0274;R0299;R0300;R0306;R0323;R0336,77,False,False,False,d/doorway/outdoor/sun_adtoithsmbatotwy.jpg,d,doorway/outdoor,outdoor,sun_adtoithsmbatotwy.jpg,test_seen_loc,4447,True,102
SUN,42,closed_world_seen_test,1854,4459,222,doorway outdoor,480,phone booth,-1,,exact,True,True,R0031;R0033;R0222;R0252;R0305;R0308;R0319;R0323;R0330;R0336,108,False,False,False,d/doorway/outdoor/sun_anptcuvnzbwmizeb.jpg,d,doorway/outdoor,outdoor,sun_anptcuvnzbwmizeb.jpg,test_seen_loc,4459,True,102
SUN,42,closed_world_seen_test,1855,4458,222,doorway outdoor,480,phone booth,-1,,exact,True,True,R0031;R0033;R0222;R0300;R0306;R0308;R0319;R0323;R0330;R0336,128,False,False,False,d/doorway/outdoor/sun_ancexoyiongrtjso.jpg,d,doorway/outdoor,outdoor,sun_ancexoyiongrtjso.jpg,test_seen_loc,4458,True,102
SUN,42,closed_world_seen_test,1856,7640,382,lean-to,54,bamboo forest,-1,,exact,True,True,R0029;R0066;R0070;R0076;R0077;R0080;R0091;R0094;R0103;R0104,87,False,False,False,l/lean-to/sun_aaxrwrnybfnkrsun.jpg,l,lean-to,lean-to,sun_aaxrwrnybfnkrsun.jpg,test_seen_loc,7640,True,102
SUN,42,closed_world_seen_test,1857,7647,382,lean-to,382,lean-to,-1,,exact,True,True,R0068;R0136;R0172;R0190;R0235;R0237;R0247;R0253;R0261;R0262,39,False,False,False,l/lean-to/sun_bazrzzeiewhsgzda.jpg,l,lean-to,lean-to,sun_bazrzzeiewhsgzda.jpg,test_seen_loc,7647,True,102
SUN,42,closed_world_seen_test,1858,7642,382,lean-to,519,raft,-1,,exact,True,True,R0022;R0081;R0096;R0097;R0098;R0099;R0100;R0101;R0102;R0111,23,False,False,False,l/lean-to/sun_afwzqesxxnskczvi.jpg,l,lean-to,lean-to,sun_afwzqesxxnskczvi.jpg,test_seen_loc,7642,True,102
SUN,42,closed_world_seen_test,1859,7649,382,lean-to,382,lean-to,-1,,exact,True,True,R0202;R0261;R0285;R0479;R0483;R0494;R0528;R0535;R0537;R0545,19,False,False,False,l/lean-to/sun_bfqfalhjqwaipetv.jpg,l,lean-to,lean-to,sun_bfqfalhjqwaipetv.jpg,test_seen_loc,7649,True,102
SUN,42,closed_world_seen_test,1860,13509,675,veterinarians office,485,pig farm,-1,,exact,True,True,R0334;R0353;R0420,3,False,False,False,v/veterinarians_office/sun_arlypqkuhawwobbw.jpg,v,veterinarians_office,veterinarians_office,sun_arlypqkuhawwobbw.jpg,test_seen_loc,13509,True,102
SUN,42,closed_world_seen_test,1861,13508,675,veterinarians office,675,veterinarians office,-1,,exact,True,True,R0196;R0225;R0297;R0302;R0304;R0308;R0311;R0315;R0318;R0319,159,False,False,False,v/veterinarians_office/sun_arebcoybuntmkcho.jpg,v,veterinarians_office,veterinarians_office,sun_arebcoybuntmkcho.jpg,test_seen_loc,13508,True,102
SUN,42,closed_world_seen_test,1862,13502,675,veterinarians office,675,veterinarians office,222,doorway outdoor,fallback,False,False,,0,True,False,False,v/veterinarians_office/sun_ahyrcsdwyvzoviev.jpg,v,veterinarians_office,veterinarians_office,sun_ahyrcsdwyvzoviev.jpg,test_seen_loc,13502,True,102
SUN,42,closed_world_seen_test,1863,13519,675,veterinarians office,675,veterinarians office,281,foundry outdoor,exact,False,False,R0265,1,True,False,False,v/veterinarians_office/sun_bpkomnluqwgmeboo.jpg,v,veterinarians_office,veterinarians_office,sun_bpkomnluqwgmeboo.jpg,test_seen_loc,13519,True,102
SUN,42,closed_world_seen_test,1864,5303,265,flea market outdoor,604,submarine interior,-1,,exact,True,True,R0222;R0305,2,False,False,False,f/flea_market/outdoor/sun_ailxdmhoqhbcedzx.jpg,f,flea_market/outdoor,outdoor,sun_ailxdmhoqhbcedzx.jpg,test_seen_loc,5303,True,102
SUN,42,closed_world_seen_test,1865,5302,265,flea market outdoor,136,carrousel,-1,,exact,True,True,R0130;R0146;R0192;R0224;R0233;R0239;R0245;R0246;R0261;R0269,61,False,False,False,f/flea_market/outdoor/sun_agaqmbpzsmxwpvjm.jpg,f,flea_market/outdoor,outdoor,sun_agaqmbpzsmxwpvjm.jpg,test_seen_loc,5302,True,102
SUN,42,closed_world_seen_test,1866,5306,265,flea market outdoor,136,carrousel,-1,,exact,True,True,R0061;R0092;R0112;R0134;R0144;R0145;R0200;R0206;R0222;R0274,115,False,False,False,f/flea_market/outdoor/sun_atzcxxdwzcvyfcgs.jpg,f,flea_market/outdoor,outdoor,sun_atzcxxdwzcvyfcgs.jpg,test_seen_loc,5306,True,102
SUN,42,closed_world_seen_test,1867,5318,265,flea market outdoor,83,bell foundry,-1,,exact,True,True,R0093;R0120;R0197;R0222;R0246;R0344;R0371;R0386;R0395;R0414,37,False,False,False,f/flea_market/outdoor/sun_bpeqetqmaocxlyez.jpg,f,flea_market/outdoor,outdoor,sun_bpeqetqmaocxlyez.jpg,test_seen_loc,5318,True,102
SUN,42,closed_world_seen_test,1868,1215,60,baptistry outdoor,159,church outdoor,-1,,exact,True,True,R0056;R0065;R0067;R0123;R0138;R0147;R0149;R0181;R0183;R0228,36,False,False,False,b/baptistry/outdoor/sun_aibuhtaedpyomwbv.jpg,b,baptistry/outdoor,outdoor,sun_aibuhtaedpyomwbv.jpg,test_seen_loc,1215,True,102
SUN,42,closed_world_seen_test,1869,1206,60,baptistry outdoor,491,planetarium outdoor,-1,,exact,True,True,R0027;R0057;R0068;R0089;R0125;R0127;R0166;R0190;R0257;R0281,11,False,False,False,b/baptistry/outdoor/sun_aeikhcfdzmmyqujk.jpg,b,baptistry/outdoor,outdoor,sun_aeikhcfdzmmyqujk.jpg,test_seen_loc,1206,True,102
SUN,42,closed_world_seen_test,1870,1213,60,baptistry outdoor,480,phone booth,-1,,exact,True,True,R0120;R0206;R0222;R0274;R0300;R0305;R0306;R0312;R0323;R0330,96,False,False,False,b/baptistry/outdoor/sun_ahghyfjwcqjlwkam.jpg,b,baptistry/outdoor,outdoor,sun_ahghyfjwcqjlwkam.jpg,test_seen_loc,1213,True,102
SUN,42,closed_world_seen_test,1871,1212,60,baptistry outdoor,159,church outdoor,-1,,exact,True,True,R0065;R0074;R0095;R0109;R0123;R0138;R0149;R0166;R0183;R0190,33,False,False,False,b/baptistry/outdoor/sun_agbucnrlsxhawxzy.jpg,b,baptistry/outdoor,outdoor,sun_agbucnrlsxhawxzy.jpg,test_seen_loc,1212,True,102
SUN,42,closed_world_seen_test,1872,12048,602,strip mall,431,movie theater outdoor,-1,,exact,True,True,R0108;R0140;R0158;R0169;R0212;R0216;R0220;R0224;R0242;R0244,49,False,False,False,s/strip_mall/sun_awpljhtawococmwc.jpg,s,strip_mall,strip_mall,sun_awpljhtawococmwc.jpg,test_seen_loc,12048,True,102
SUN,42,closed_world_seen_test,1873,12045,602,strip mall,392,liquor store outdoor,-1,,exact,True,True,R0052;R0146;R0173;R0191;R0227;R0233;R0259;R0282;R0417;R0451,30,False,False,False,s/strip_mall/sun_atihwhawrewecoem.jpg,s,strip_mall,strip_mall,sun_atihwhawrewecoem.jpg,test_seen_loc,12045,True,102
SUN,42,closed_world_seen_test,1874,12052,602,strip mall,480,phone booth,-1,,exact,True,True,R0069;R0073;R0117;R0124;R0126;R0140;R0143;R0154;R0158;R0164,65,False,False,False,s/strip_mall/sun_bdwgcidhmzygpfpg.jpg,s,strip_mall,strip_mall,sun_bdwgcidhmzygpfpg.jpg,test_seen_loc,12052,True,102
SUN,42,closed_world_seen_test,1875,12042,602,strip mall,373,labyrinth indoor,-1,,exact,True,True,R0046;R0146;R0173;R0184;R0191;R0196;R0197;R0198;R0213;R0224,82,False,False,False,s/strip_mall/sun_ajnypogktiurcmvb.jpg,s,strip_mall,strip_mall,sun_ajnypogktiurcmvb.jpg,test_seen_loc,12042,True,102
SUN,42,closed_world_seen_test,1876,2053,102,boxing ring,102,boxing ring,-1,,exact,True,True,R0196;R0314;R0317;R0325;R0329;R0330;R0334;R0335;R0340;R0347,122,False,False,False,b/boxing_ring/sun_awetgwjnbynkijfa.jpg,b,boxing_ring,boxing_ring,sun_awetgwjnbynkijfa.jpg,test_seen_loc,2053,True,102
SUN,42,closed_world_seen_test,1877,2046,102,boxing ring,192,crawl space,-1,,exact,True,True,R0222;R0308;R0319;R0336;R0337;R0344;R0353;R0371;R0386;R0387,94,False,False,False,b/boxing_ring/sun_apluglxrkwguirgn.jpg,b,boxing_ring,boxing_ring,sun_apluglxrkwguirgn.jpg,test_seen_loc,2046,True,102
SUN,42,closed_world_seen_test,1878,2049,102,boxing ring,485,pig farm,-1,,exact,True,True,R0026;R0036;R0042;R0045;R0176,5,False,False,False,b/boxing_ring/sun_ateoezaygqukjmeq.jpg,b,boxing_ring,boxing_ring,sun_ateoezaygqukjmeq.jpg,test_seen_loc,2049,True,102
SUN,42,closed_world_seen_test,1879,2051,102,boxing ring,540,revolving door,-1,,exact,True,True,R0277;R0314;R0317;R0325;R0329;R0330;R0334;R0335;R0340;R0347,122,False,False,False,b/boxing_ring/sun_avtzvilxbjruccoh.jpg,b,boxing_ring,boxing_ring,sun_avtzvilxbjruccoh.jpg,test_seen_loc,2051,True,102
SUN,42,closed_world_seen_test,1880,12188,609,supermarket,391,liquor store indoor,-1,,exact,True,True,R0322;R0339;R0357;R0360;R0410;R0484;R0496;R0528;R0553;R0554,10,False,False,False,s/supermarket/sun_agipdkpovnqrcsgh.jpg,s,supermarket,supermarket,sun_agipdkpovnqrcsgh.jpg,test_seen_loc,12188,True,102
SUN,42,closed_world_seen_test,1881,12199,609,supermarket,404,market outdoor,135,carport outdoor,exact,False,False,R0043;R0261;R0269;R0278;R0284;R0285;R0310;R0476;R0479;R0483,24,True,False,False,s/supermarket/sun_amgycegphrxbrtcj.jpg,s,supermarket,supermarket,sun_amgycegphrxbrtcj.jpg,test_seen_loc,12199,True,102
SUN,42,closed_world_seen_test,1882,12182,609,supermarket,182,convenience store indoor,-1,,exact,True,True,R0256;R0297;R0300;R0303;R0305;R0306;R0312;R0314;R0315;R0318,133,False,False,False,s/supermarket/sun_abkaxecjpzdozrqn.jpg,s,supermarket,supermarket,sun_abkaxecjpzdozrqn.jpg,test_seen_loc,12182,True,102
SUN,42,closed_world_seen_test,1883,12193,609,supermarket,182,convenience store indoor,-1,,exact,True,True,R0252;R0256;R0305;R0311;R0312;R0314;R0317;R0325;R0329;R0330,109,False,False,False,s/supermarket/sun_aiswkjoymayvkxvj.jpg,s,supermarket,supermarket,sun_aiswkjoymayvkxvj.jpg,test_seen_loc,12193,True,102
SUN,42,closed_world_seen_test,1884,1769,88,biology laboratory,391,liquor store indoor,-1,,exact,True,True,R0277;R0297;R0302;R0303;R0304;R0308;R0311;R0314;R0315;R0317,240,False,False,False,b/biology_laboratory/sun_aqgtygkrpoamkwpi.jpg,b,biology_laboratory,biology_laboratory,sun_aqgtygkrpoamkwpi.jpg,test_seen_loc,1769,True,102
SUN,42,closed_world_seen_test,1885,1766,88,biology laboratory,536,restaurant kitchen,-1,,exact,True,True,R0252;R0297;R0300;R0302;R0303;R0304;R0305;R0306;R0308;R0311,248,False,False,False,b/biology_laboratory/sun_apvsxfhghtkuelpb.jpg,b,biology_laboratory,biology_laboratory,sun_apvsxfhghtkuelpb.jpg,test_seen_loc,1766,True,102
SUN,42,closed_world_seen_test,1886,1763,88,biology laboratory,171,cockpit,-1,,exact,True,True,R0252;R0297;R0300;R0302;R0303;R0304;R0305;R0306;R0308;R0311,248,False,False,False,b/biology_laboratory/sun_adwxfnrhzuxjhbaz.jpg,b,biology_laboratory,biology_laboratory,sun_adwxfnrhzuxjhbaz.jpg,test_seen_loc,1763,True,102
SUN,42,closed_world_seen_test,1887,1777,88,biology laboratory,380,laundromat,-1,,exact,True,True,R0196;R0225;R0297;R0302;R0303;R0304;R0308;R0311;R0314;R0315,235,False,False,False,b/biology_laboratory/sun_axlanojufuvxzvvo.jpg,b,biology_laboratory,biology_laboratory,sun_axlanojufuvxzvvo.jpg,test_seen_loc,1777,True,102
SUN,42,closed_world_seen_test,1888,11048,552,ruin,320,hedge maze,-1,,exact,True,True,R0094;R0103;R0104;R0105;R0106;R0107;R0114;R0115;R0116;R0119,37,False,False,False,r/ruin/sun_afmdmnxjcqwymtnn.jpg,r,ruin,ruin,sun_afmdmnxjcqwymtnn.jpg,test_seen_loc,11048,True,102
SUN,42,closed_world_seen_test,1889,11046,552,ruin,139,castle,-1,,exact,True,True,R0117;R0183;R0190;R0202;R0217;R0218;R0228;R0231;R0237;R0254,50,False,False,False,r/ruin/sun_aduqpdofesbqjucg.jpg,r,ruin,ruin,sun_aduqpdofesbqjucg.jpg,test_seen_loc,11046,True,102
SUN,42,closed_world_seen_test,1890,11057,552,ruin,279,fortress,-1,,exact,True,True,R0043;R0202;R0237;R0238;R0247;R0257;R0261;R0262;R0269;R0275,41,False,False,False,r/ruin/sun_amnhzwjggzgjdltm.jpg,r,ruin,ruin,sun_amnhzwjggzgjdltm.jpg,test_seen_loc,11057,True,102
SUN,42,closed_world_seen_test,1891,11040,552,ruin,131,caravansary,-1,,exact,True,True,R0074;R0113;R0125;R0166;R0183;R0190;R0217;R0228;R0231;R0238,35,False,False,False,r/ruin/sun_aagyntbjsqecukcz.jpg,r,ruin,ruin,sun_aagyntbjsqecukcz.jpg,test_seen_loc,11040,True,102
SUN,42,closed_world_seen_test,1892,11095,554,sacristy,16,apse indoor,-1,,exact,True,True,R0130;R0192;R0224;R0269;R0299;R0301;R0306;R0310;R0312;R0323,38,False,False,False,s/sacristy/sun_avghwzqivrkeyvzu.jpg,s,sacristy,sacristy,sun_avghwzqivrkeyvzu.jpg,test_seen_loc,11095,True,102
SUN,42,closed_world_seen_test,1893,11092,554,sacristy,690,waterfall block,-1,,exact,True,True,R0297;R0302;R0304;R0308;R0311;R0315;R0318;R0319;R0320;R0322,163,False,False,False,s/sacristy/sun_aoerrkadsbulkntq.jpg,s,sacristy,sacristy,sun_aoerrkadsbulkntq.jpg,test_seen_loc,11092,True,102
SUN,42,closed_world_seen_test,1894,11090,554,sacristy,16,apse indoor,-1,,exact,True,True,R0300;R0314;R0315;R0317;R0320;R0325;R0329;R0330;R0333;R0334,140,False,False,False,s/sacristy/sun_akaxyluefrruidfk.jpg,s,sacristy,sacristy,sun_akaxyluefrruidfk.jpg,test_seen_loc,11090,True,102
SUN,42,closed_world_seen_test,1895,11081,554,sacristy,373,labyrinth indoor,-1,,exact,True,True,R0206;R0277;R0350;R0393;R0400;R0421;R0429;R0430;R0431;R0432,34,False,False,False,s/sacristy/sun_acmkybbwnpoujhqf.jpg,s,sacristy,sacristy,sun_acmkybbwnpoujhqf.jpg,test_seen_loc,11081,True,102
SUN,42,closed_world_seen_test,1896,1565,78,beauty salon,391,liquor store indoor,-1,,exact,True,True,R0206;R0256;R0277;R0439;R0472;R0473,6,False,False,False,b/beauty_salon/sun_acmermygfhpxjtck.jpg,b,beauty_salon,beauty_salon,sun_acmermygfhpxjtck.jpg,test_seen_loc,1565,True,102
SUN,42,closed_world_seen_test,1897,1576,78,beauty salon,332,hot tub indoor,-1,,exact,True,True,R0314;R0317;R0335;R0361;R0364;R0365;R0401;R0402;R0455;R0470,12,False,False,False,b/beauty_salon/sun_agfhbwdmriflbqzp.jpg,b,beauty_salon,beauty_salon,sun_agfhbwdmriflbqzp.jpg,test_seen_loc,1576,True,102
SUN,42,closed_world_seen_test,1898,1566,78,beauty salon,485,pig farm,513,putting green,fallback,False,False,,0,True,False,False,b/beauty_salon/sun_acnhffqpagcxdtia.jpg,b,beauty_salon,beauty_salon,sun_acnhffqpagcxdtia.jpg,test_seen_loc,1566,True,102
SUN,42,closed_world_seen_test,1899,1569,78,beauty salon,83,bell foundry,-1,,exact,True,True,R0256;R0302;R0303;R0304;R0308;R0311;R0315;R0317;R0318;R0319,154,False,False,False,b/beauty_salon/sun_adoenodkzpcxlsta.jpg,b,beauty_salon,beauty_salon,sun_adoenodkzpcxlsta.jpg,test_seen_loc,1569,True,102
SUN,42,closed_world_seen_test,1900,8573,428,mountain road,680,volcano,-1,,exact,True,True,R0214;R0247;R0254;R0255;R0266;R0270;R0271;R0272;R0275;R0279,26,False,False,False,m/mountain_road/sun_aqgfmjgjfxofyzwl.jpg,m,mountain_road,mountain_road,sun_aqgfmjgjfxofyzwl.jpg,test_seen_loc,8573,True,102
SUN,42,closed_world_seen_test,1901,8562,428,mountain road,206,desert road,-1,,exact,True,True,R0085;R0170;R0187;R0188;R0229;R0247;R0269;R0270;R0275;R0279,22,False,False,False,m/mountain_road/sun_aedzmmgfahsghutu.jpg,m,mountain_road,mountain_road,sun_aedzmmgfahsghutu.jpg,test_seen_loc,8562,True,102
SUN,42,closed_world_seen_test,1902,8566,428,mountain road,206,desert road,-1,,exact,True,True,R0066;R0085;R0094;R0103;R0104;R0105;R0106;R0107;R0114;R0115,46,False,False,False,m/mountain_road/sun_agizngwabzcnhrui.jpg,m,mountain_road,mountain_road,sun_agizngwabzcnhrui.jpg,test_seen_loc,8566,True,102
SUN,42,closed_world_seen_test,1903,8577,428,mountain road,428,mountain road,-1,,exact,True,True,R0066;R0070;R0076;R0077;R0080;R0082;R0085;R0091;R0094;R0103,65,False,False,False,m/mountain_road/sun_atuwbftbwxjjsonw.jpg,m,mountain_road,mountain_road,sun_atuwbftbwxjjsonw.jpg,test_seen_loc,8577,True,102
SUN,42,closed_world_seen_test,1904,8999,449,ocean,449,ocean,-1,,exact,True,True,R0054;R0055;R0060;R0062;R0064;R0081;R0083;R0086;R0088;R0090,44,False,False,False,o/ocean/sun_agkwhhxcnkdnemap.jpg,o,ocean,ocean,sun_agkwhhxcnkdnemap.jpg,test_seen_loc,8999,True,102
SUN,42,closed_world_seen_test,1905,8991,449,ocean,449,ocean,-1,,exact,True,True,R0055;R0062;R0064;R0081;R0096;R0097;R0098;R0099;R0100;R0101,15,False,False,False,o/ocean/sun_adzogzbfijsbxcfg.jpg,o,ocean,ocean,sun_adzogzbfijsbxcfg.jpg,test_seen_loc,8991,True,102
SUN,42,closed_world_seen_test,1906,8986,449,ocean,449,ocean,-1,,exact,True,True,R0055;R0062;R0064;R0081;R0096;R0097;R0098;R0099;R0100;R0101,15,False,False,False,o/ocean/sun_ackeayxpscnxtfzl.jpg,o,ocean,ocean,sun_ackeayxpscnxtfzl.jpg,test_seen_loc,8986,True,102
SUN,42,closed_world_seen_test,1907,8982,449,ocean,449,ocean,-1,,exact,True,True,R0054;R0055;R0060;R0062;R0063;R0064;R0072;R0081;R0083;R0086,70,False,False,False,o/ocean/sun_aaxpyxtvdcroofxz.jpg,o,ocean,ocean,sun_aaxpyxtvdcroofxz.jpg,test_seen_loc,8982,True,102
SUN,42,closed_world_seen_test,1908,3073,153,chicken coop indoor,69,bathroom,-1,,exact,True,True,R0252;R0300;R0302;R0304;R0306;R0308;R0311;R0312;R0315;R0318,116,False,False,False,c/chicken_coop/indoor/sun_alymvmwmoxusbwym.jpg,c,chicken_coop/indoor,indoor,sun_alymvmwmoxusbwym.jpg,test_seen_loc,3073,True,102
SUN,42,closed_world_seen_test,1909,3075,153,chicken coop indoor,156,chicken farm outdoor,-1,,exact,True,True,R0033;R0035;R0120;R0274;R0300;R0306;R0323;R0354;R0356;R0357,63,False,False,False,c/chicken_coop/indoor/sun_amddfdldsvvfrhuh.jpg,c,chicken_coop/indoor,indoor,sun_amddfdldsvvfrhuh.jpg,test_seen_loc,3075,True,102
SUN,42,closed_world_seen_test,1910,3067,153,chicken coop indoor,156,chicken farm outdoor,-1,,exact,True,True,R0184;R0191;R0213;R0274;R0299;R0336;R0337;R0371;R0386;R0395,75,False,False,False,c/chicken_coop/indoor/sun_afjxoctvtrpvubuk.jpg,c,chicken_coop/indoor,indoor,sun_afjxoctvtrpvubuk.jpg,test_seen_loc,3067,True,102
SUN,42,closed_world_seen_test,1911,3064,153,chicken coop indoor,192,crawl space,129,car interior backseat,exact,False,False,R0033;R0253;R0269;R0300;R0310;R0323;R0354;R0358;R0406;R0418,32,True,False,False,c/chicken_coop/indoor/sun_acubusjumdxofazy.jpg,c,chicken_coop/indoor,indoor,sun_acubusjumdxofazy.jpg,test_seen_loc,3064,True,102
SUN,42,closed_world_seen_test,1912,3867,193,creek,54,bamboo forest,-1,,exact,True,True,R0034;R0066;R0070;R0072;R0076;R0077;R0080;R0081;R0090;R0091,62,False,False,False,c/creek/sun_afxtgecjnlpwldpz.jpg,c,creek,creek,sun_afxtgecjnlpwldpz.jpg,test_seen_loc,3867,True,102
SUN,42,closed_world_seen_test,1913,3871,193,creek,54,bamboo forest,-1,,exact,True,True,R0063;R0068;R0070;R0076;R0077;R0080;R0087;R0122;R0172;R0253,11,False,False,False,c/creek/sun_agrdjyieuuziwlxb.jpg,c,creek,creek,sun_agrdjyieuuziwlxb.jpg,test_seen_loc,3871,True,102
SUN,42,closed_world_seen_test,1914,3869,193,creek,519,raft,-1,,exact,True,True,R0025;R0055;R0060;R0062;R0064;R0066;R0081;R0083;R0085;R0086,79,False,False,False,c/creek/sun_agmpjbcgtxorfoqs.jpg,c,creek,creek,sun_agmpjbcgtxorfoqs.jpg,test_seen_loc,3869,True,102
SUN,42,closed_world_seen_test,1915,3864,193,creek,659,underwater coral reef,-1,,exact,True,True,R0025;R0034;R0055;R0060;R0062;R0088;R0089;R0096;R0097;R0098,40,False,False,False,c/creek/sun_adldsxrckcxskwaa.jpg,c,creek,creek,sun_adldsxrckcxskwaa.jpg,test_seen_loc,3864,True,102
SUN,42,closed_world_seen_test,1916,3754,187,cottage garden,269,florist shop indoor,-1,,exact,True,True,R0198;R0202;R0259;R0261;R0285;R0299;R0471;R0477;R0479;R0483,29,False,False,False,c/cottage_garden/sun_asiwtgiwatnzcrno.jpg,c,cottage_garden,cottage_garden,sun_asiwtgiwatnzcrno.jpg,test_seen_loc,3754,True,102
SUN,42,closed_world_seen_test,1917,3753,187,cottage garden,269,florist shop indoor,-1,,exact,True,True,R0065;R0095;R0136;R0202;R0235;R0237;R0247;R0261;R0262;R0275,30,False,False,False,c/cottage_garden/sun_asdwyaospxcturgp.jpg,c,cottage_garden,cottage_garden,sun_asdwyaospxcturgp.jpg,test_seen_loc,3753,True,102
SUN,42,closed_world_seen_test,1918,3744,187,cottage garden,269,florist shop indoor,-1,,exact,True,True,R0063;R0068;R0070;R0071;R0076;R0077;R0080;R0087;R0122;R0136,51,False,False,False,c/cottage_garden/sun_akiumnshvrbxzhpw.jpg,c,cottage_garden,cottage_garden,sun_akiumnshvrbxzhpw.jpg,test_seen_loc,3744,True,102
SUN,42,closed_world_seen_test,1919,3758,187,cottage garden,522,rainforest,-1,,exact,True,True,R0029;R0063;R0070;R0071;R0076;R0077;R0080;R0087;R0091;R0109,62,False,False,False,c/cottage_garden/sun_awzwhewzcptcvxxr.jpg,c,cottage_garden,cottage_garden,sun_awzwhewzcptcvxxr.jpg,test_seen_loc,3758,True,102
SUN,42,closed_world_seen_test,1920,6347,317,harbor,317,harbor,-1,,exact,True,True,R0014;R0017;R0019;R0022;R0081;R0096;R0097;R0098;R0099;R0100,44,False,False,False,h/harbor/sun_aivunyvwzlwwijgg.jpg,h,harbor,harbor,sun_aivunyvwzlwwijgg.jpg,test_seen_loc,6347,True,102
SUN,42,closed_world_seen_test,1921,6355,317,harbor,551,rubble,-1,,exact,True,True,R0057;R0084;R0233;R0236;R0245;R0249;R0262;R0265;R0276,9,False,False,False,h/harbor/sun_arsykfyfyckuuado.jpg,h,harbor,harbor,sun_arsykfyfyckuuado.jpg,test_seen_loc,6355,True,102
SUN,42,closed_world_seen_test,1922,6342,317,harbor,519,raft,-1,,exact,True,True,R0057;R0125;R0139;R0183;R0217;R0226;R0255;R0258;R0260;R0267,15,False,False,False,h/harbor/sun_acheqldxhpembglk.jpg,h,harbor,harbor,sun_acheqldxhpembglk.jpg,test_seen_loc,6342,True,102
SUN,42,closed_world_seen_test,1923,6344,317,harbor,557,sandbar,-1,,exact,True,True,R0055;R0062;R0064;R0081;R0083;R0086;R0090;R0096;R0097;R0098,39,False,False,False,h/harbor/sun_afndrkoffwqpprlg.jpg,h,harbor,harbor,sun_afndrkoffwqpprlg.jpg,test_seen_loc,6344,True,102
SUN,42,closed_world_seen_test,1924,6369,318,hayfield,318,hayfield,-1,,exact,True,True,R0024;R0063;R0171;R0310;R0528;R0553;R0554,7,False,False,False,h/hayfield/sun_aiybnnwdgzzyuejh.jpg,h,hayfield,hayfield,sun_aiybnnwdgzzyuejh.jpg,test_seen_loc,6369,True,102
SUN,42,closed_world_seen_test,1925,6377,318,hayfield,318,hayfield,-1,,exact,True,True,R0021;R0024;R0036;R0044;R0045;R0051;R0092;R0117;R0171;R0269,24,False,False,False,h/hayfield/sun_audkzxdeuemhjbpe.jpg,h,hayfield,hayfield,sun_audkzxdeuemhjbpe.jpg,test_seen_loc,6377,True,102
SUN,42,closed_world_seen_test,1926,6376,318,hayfield,318,hayfield,318,hayfield,exact,False,False,R0024;R0171;R0310;R0528;R0553;R0554,6,True,True,True,h/hayfield/sun_atvuzjajhjxkwrxh.jpg,h,hayfield,hayfield,sun_atvuzjajhjxkwrxh.jpg,test_seen_loc,6376,True,102
SUN,42,closed_world_seen_test,1927,6378,318,hayfield,318,hayfield,-1,,exact,True,True,R0063;R0152;R0156;R0160;R0161;R0163;R0165;R0167;R0168;R0170,29,False,False,False,h/hayfield/sun_avewwfajjwjntohf.jpg,h,hayfield,hayfield,sun_avewwfajjwjntohf.jpg,test_seen_loc,6378,True,102
SUN,42,closed_world_seen_test,1928,10825,541,rice paddy,405,marsh,-1,,exact,True,True,R0071;R0078;R0082;R0087;R0090;R0091;R0109;R0129;R0151;R0152,35,False,False,False,r/rice_paddy/sun_aerwmaehscumivmx.jpg,r,rice_paddy,rice_paddy,sun_aerwmaehscumivmx.jpg,test_seen_loc,10825,True,102
SUN,42,closed_world_seen_test,1929,10832,541,rice paddy,700,wheat field,-1,,exact,True,True,R0063;R0070;R0071;R0080;R0087;R0091;R0109;R0139;R0149;R0156,29,False,False,False,r/rice_paddy/sun_aotbzdbmnrrcanqp.jpg,r,rice_paddy,rice_paddy,sun_aotbzdbmnrrcanqp.jpg,test_seen_loc,10832,True,102
SUN,42,closed_world_seen_test,1930,10837,541,rice paddy,405,marsh,-1,,exact,True,True,R0071;R0081;R0082;R0083;R0087;R0090;R0091;R0109;R0111;R0129,39,False,False,False,r/rice_paddy/sun_arzwbxoxkjfrnxcz.jpg,r,rice_paddy,rice_paddy,sun_arzwbxoxkjfrnxcz.jpg,test_seen_loc,10837,True,102
SUN,42,closed_world_seen_test,1931,10838,541,rice paddy,249,fairway,-1,,exact,True,True,R0069;R0073;R0079;R0082;R0123;R0129;R0141;R0149;R0157;R0189,12,False,False,False,r/rice_paddy/sun_asjjbsnuymyfjdcm.jpg,r,rice_paddy,rice_paddy,sun_asjjbsnuymyfjdcm.jpg,test_seen_loc,10838,True,102
SUN,42,closed_world_seen_test,1932,9727,486,pilothouse indoor,668,van interior,-1,,exact,True,True,R0314;R0335;R0340;R0350;R0351;R0352;R0361;R0362;R0363;R0368,85,False,False,False,p/pilothouse/indoor/sun_agjzgsvfpswfvcet.jpg,p,pilothouse/indoor,indoor,sun_agjzgsvfpswfvcet.jpg,test_seen_loc,9727,True,102
SUN,42,closed_world_seen_test,1933,9730,486,pilothouse indoor,137,casino indoor,-1,,exact,True,True,R0277;R0297;R0302;R0303;R0304;R0308;R0311;R0314;R0315;R0317,240,False,False,False,p/pilothouse/indoor/sun_alhspwsfmrshpfwe.jpg,p,pilothouse/indoor,indoor,sun_alhspwsfmrshpfwe.jpg,test_seen_loc,9730,True,102
SUN,42,closed_world_seen_test,1934,9725,486,pilothouse indoor,129,car interior backseat,-1,,exact,True,True,R0256;R0277;R0297;R0302;R0303;R0304;R0306;R0308;R0311;R0314,216,False,False,False,p/pilothouse/indoor/sun_adeiqdcfnrdgmcxl.jpg,p,pilothouse/indoor,indoor,sun_adeiqdcfnrdgmcxl.jpg,test_seen_loc,9725,True,102
SUN,42,closed_world_seen_test,1935,9723,486,pilothouse indoor,129,car interior backseat,-1,,exact,True,True,R0256;R0300;R0302;R0303;R0304;R0306;R0308;R0311;R0315;R0317,161,False,False,False,p/pilothouse/indoor/sun_acbmlqfmmrydqyzy.jpg,p,pilothouse/indoor,indoor,sun_acbmlqfmmrydqyzy.jpg,test_seen_loc,9723,True,102
SUN,42,closed_world_seen_test,1936,7099,354,jacuzzi outdoor,332,hot tub indoor,-1,,exact,True,True,R0014;R0017;R0019;R0096;R0097;R0098;R0099;R0100;R0101;R0102,32,False,False,False,j/jacuzzi/outdoor/sun_bymlxhcspjkzgoys.jpg,j,jacuzzi/outdoor,outdoor,sun_bymlxhcspjkzgoys.jpg,test_seen_loc,7099,True,102
SUN,42,closed_world_seen_test,1937,7084,354,jacuzzi outdoor,519,raft,19,aquatic theater,exact,False,False,R0019;R0131;R0281,3,True,False,False,j/jacuzzi/outdoor/sun_bberrzrtrbxewmoa.jpg,j,jacuzzi/outdoor,outdoor,sun_bberrzrtrbxewmoa.jpg,test_seen_loc,7084,True,102
SUN,42,closed_world_seen_test,1938,7085,354,jacuzzi outdoor,332,hot tub indoor,-1,,exact,True,True,R0014;R0017;R0019;R0173;R0191;R0197;R0233;R0245;R0282;R0498,16,False,False,False,j/jacuzzi/outdoor/sun_bbvfqhmbidvtdgaw.jpg,j,jacuzzi/outdoor,outdoor,sun_bbvfqhmbidvtdgaw.jpg,test_seen_loc,7085,True,102
SUN,42,closed_world_seen_test,1939,7089,354,jacuzzi outdoor,354,jacuzzi outdoor,-1,,exact,True,True,R0017;R0019;R0191;R0196,4,False,False,False,j/jacuzzi/outdoor/sun_bguwlmirfpkfblod.jpg,j,jacuzzi/outdoor,outdoor,sun_bguwlmirfpkfblod.jpg,test_seen_loc,7089,True,102
SUN,42,closed_world_seen_test,1940,8108,405,marsh,73,bayou,-1,,exact,True,True,R0054;R0055;R0060;R0062;R0063;R0064;R0070;R0071;R0072;R0076,78,False,False,False,m/marsh/sun_afjsdqvzxdxcmraz.jpg,m,marsh,marsh,sun_afjsdqvzxdxcmraz.jpg,test_seen_loc,8108,True,102
SUN,42,closed_world_seen_test,1941,8104,405,marsh,405,marsh,-1,,exact,True,True,R0054;R0055;R0060;R0062;R0063;R0064;R0070;R0071;R0076;R0077,74,False,False,False,m/marsh/sun_abhpzvlebifyddjj.jpg,m,marsh,marsh,sun_abhpzvlebifyddjj.jpg,test_seen_loc,8104,True,102
SUN,42,closed_world_seen_test,1942,8114,405,marsh,405,marsh,-1,,exact,True,True,R0054;R0055;R0060;R0062;R0063;R0064;R0070;R0071;R0072;R0076,76,False,False,False,m/marsh/sun_ajfpjaikgqflkodz.jpg,m,marsh,marsh,sun_ajfpjaikgqflkodz.jpg,test_seen_loc,8114,True,102
SUN,42,closed_world_seen_test,1943,8118,405,marsh,700,wheat field,-1,,exact,True,True,R0070;R0073;R0078;R0079;R0080;R0082;R0091;R0129;R0141;R0149,33,False,False,False,m/marsh/sun_aldvunmssrqjadvk.jpg,m,marsh,marsh,sun_aldvunmssrqjadvk.jpg,test_seen_loc,8118,True,102
SUN,42,closed_world_seen_test,1944,4272,213,dining car,610,sushi bar,-1,,exact,True,True,R0256;R0297;R0300;R0302;R0303;R0306;R0314;R0317;R0318;R0319,163,False,False,False,d/dining_car/sun_ashqmogfzbvrybms.jpg,d,dining_car,dining_car,sun_ashqmogfzbvrybms.jpg,test_seen_loc,4272,True,102
SUN,42,closed_world_seen_test,1945,4271,213,dining car,215,dining room,-1,,exact,True,True,R0297;R0302;R0304;R0308;R0311;R0315;R0318;R0319;R0320;R0322,163,False,False,False,d/dining_car/sun_arofccjpehwiuykj.jpg,d,dining_car,dining_car,sun_arofccjpehwiuykj.jpg,test_seen_loc,4271,True,102
SUN,42,closed_world_seen_test,1946,4260,213,dining car,4,airplane cabin,-1,,exact,True,True,R0277;R0297;R0302;R0303;R0304;R0308;R0311;R0314;R0315;R0317,240,False,False,False,d/dining_car/sun_aadlitmwagrvldth.jpg,d,dining_car,dining_car,sun_aadlitmwagrvldth.jpg,test_seen_loc,4260,True,102
SUN,42,closed_world_seen_test,1947,4273,213,dining car,668,van interior,-1,,exact,True,True,R0297;R0300;R0302;R0303;R0304;R0306;R0308;R0311;R0314;R0315,241,False,False,False,d/dining_car/sun_asikqylpqiuqrzvh.jpg,d,dining_car,dining_car,sun_asikqylpqiuqrzvh.jpg,test_seen_loc,4273,True,102
SUN,42,closed_world_seen_test,1948,13402,670,velodrome indoor,670,velodrome indoor,-1,,exact,True,True,R0039;R0040;R0061;R0092;R0225;R0304;R0308;R0311;R0315;R0320,93,False,False,False,v/velodrome/indoor/sun_abewjordbmiivvxx.jpg,v,velodrome/indoor,indoor,sun_abewjordbmiivvxx.jpg,test_seen_loc,13402,True,102
SUN,42,closed_world_seen_test,1949,13418,670,velodrome indoor,670,velodrome indoor,-1,,exact,True,True,R0026;R0036;R0037;R0041;R0044;R0045;R0048;R0049;R0050;R0051,16,False,False,False,v/velodrome/indoor/sun_bupvppbdlcrjpnoe.jpg,v,velodrome/indoor,indoor,sun_bupvppbdlcrjpnoe.jpg,test_seen_loc,13418,True,102
SUN,42,closed_world_seen_test,1950,13419,670,velodrome indoor,670,velodrome indoor,-1,,exact,True,True,R0026;R0036;R0037;R0041;R0045;R0048;R0049;R0050;R0084,9,False,False,False,v/velodrome/indoor/sun_bvrvttwyjlbjjxcq.jpg,v,velodrome/indoor,indoor,sun_bvrvttwyjlbjjxcq.jpg,test_seen_loc,13419,True,102
SUN,42,closed_world_seen_test,1951,13416,670,velodrome indoor,670,velodrome indoor,-1,,exact,True,True,R0112;R0134;R0135;R0144;R0145;R0196;R0200;R0206;R0386;R0504,10,False,False,False,v/velodrome/indoor/sun_bmsmtngomnxkbotq.jpg,v,velodrome/indoor,indoor,sun_bmsmtngomnxkbotq.jpg,test_seen_loc,13416,True,102
SUN,42,closed_world_seen_test,1952,12721,636,ticket window outdoor,625,tennis court outdoor,-1,,exact,True,True,R0026;R0036;R0041;R0044;R0045;R0048;R0050;R0051;R0061;R0092,68,False,False,False,t/ticket_window/outdoor/sun_abudmjbjsddynxyq.jpg,t,ticket_window/outdoor,outdoor,sun_abudmjbjsddynxyq.jpg,test_seen_loc,12721,True,102
SUN,42,closed_world_seen_test,1953,12738,636,ticket window outdoor,392,liquor store outdoor,-1,,exact,True,True,R0046;R0093;R0130;R0146;R0173;R0184;R0191;R0196;R0197;R0198,86,False,False,False,t/ticket_window/outdoor/sun_ayrnowikceswrkxq.jpg,t,ticket_window/outdoor,outdoor,sun_ayrnowikceswrkxq.jpg,test_seen_loc,12738,True,102
SUN,42,closed_world_seen_test,1954,12726,636,ticket window outdoor,49,bakery shop,-1,,exact,True,True,R0031;R0222;R0277;R0308;R0319;R0330;R0336;R0337;R0344;R0353,127,False,False,False,t/ticket_window/outdoor/sun_agucqpgfpcgeyuev.jpg,t,ticket_window/outdoor,outdoor,sun_agucqpgfpcgeyuev.jpg,test_seen_loc,12726,True,102
SUN,42,closed_world_seen_test,1955,12730,636,ticket window outdoor,391,liquor store indoor,-1,,exact,True,True,R0033;R0120;R0206;R0222;R0274;R0300;R0305;R0306;R0312;R0357,50,False,False,False,t/ticket_window/outdoor/sun_akmaapqapmijczhn.jpg,t,ticket_window/outdoor,outdoor,sun_akmaapqapmijczhn.jpg,test_seen_loc,12730,True,102
SUN,42,closed_world_seen_test,1956,6529,326,home office,326,home office,-1,,exact,True,True,R0277;R0297;R0302;R0303;R0304;R0308;R0311;R0314;R0315;R0317,240,False,False,False,h/home_office/sun_ahmhrncocyhsjpxk.jpg,h,home_office,home_office,sun_ahmhrncocyhsjpxk.jpg,test_seen_loc,6529,True,102
SUN,42,closed_world_seen_test,1957,6530,326,home office,434,music store,-1,,exact,True,True,R0256;R0297;R0302;R0303;R0304;R0306;R0311;R0312;R0314;R0315,130,False,False,False,h/home_office/sun_ahqrlvcxjznuoewy.jpg,h,home_office,home_office,sun_ahqrlvcxjznuoewy.jpg,test_seen_loc,6530,True,102
SUN,42,closed_world_seen_test,1958,6525,326,home office,435,music studio,-1,,exact,True,True,R0252;R0297;R0300;R0302;R0303;R0305;R0306;R0311;R0312;R0314,198,False,False,False,h/home_office/sun_adlgpzvqgsnzevhd.jpg,h,home_office,home_office,sun_adlgpzvqgsnzevhd.jpg,test_seen_loc,6525,True,102
SUN,42,closed_world_seen_test,1959,6533,326,home office,430,movie theater indoor,-1,,exact,True,True,R0039;R0040;R0061;R0092;R0134;R0256;R0300;R0302;R0303;R0304,166,False,False,False,h/home_office/sun_ajrfdddslycffhpc.jpg,h,home_office,home_office,sun_ajrfdddslycffhpc.jpg,test_seen_loc,6533,True,102
SUN,42,closed_world_seen_test,1960,9352,467,parade ground,434,music store,-1,,exact,True,True,R0026;R0036;R0037;R0040;R0041;R0045;R0048;R0049;R0144;R0145,30,False,False,False,p/parade_ground/sun_bqwihdfjvbpihfrb.jpg,p,parade_ground,parade_ground,sun_bqwihdfjvbpihfrb.jpg,test_seen_loc,9352,True,102
SUN,42,closed_world_seen_test,1961,9342,467,parade ground,519,raft,577,skatepark,exact,False,False,R0135,1,True,False,False,p/parade_ground/sun_atcppxqahkuqyqes.jpg,p,parade_ground,parade_ground,sun_atcppxqahkuqyqes.jpg,test_seen_loc,9342,True,102
SUN,42,closed_world_seen_test,1962,9344,467,parade ground,318,hayfield,-1,,exact,True,True,R0024;R0160;R0161;R0170;R0187;R0188;R0229;R0280;R0298;R0321,12,False,False,False,p/parade_ground/sun_bbkqwhgtxvgulchz.jpg,p,parade_ground,parade_ground,sun_bbkqwhgtxvgulchz.jpg,test_seen_loc,9344,True,102
SUN,42,closed_world_seen_test,1963,9350,467,parade ground,27,armory,-1,,exact,True,True,R0084;R0127;R0140;R0146;R0173;R0184;R0191;R0198;R0212;R0213,63,False,False,False,p/parade_ground/sun_bptwufuubginwctn.jpg,p,parade_ground,parade_ground,sun_bptwufuubginwctn.jpg,test_seen_loc,9350,True,102
SUN,42,closed_world_seen_test,1964,8296,414,mineshaft,414,mineshaft,135,carport outdoor,exact,False,False,R0043;R0261;R0278;R0285;R0406;R0479;R0545;R0562;R0577,9,True,False,False,m/mineshaft/sun_bswlalhygmnrhvuw.jpg,m,mineshaft,mineshaft,sun_bswlalhygmnrhvuw.jpg,test_seen_loc,8296,True,102
SUN,42,closed_world_seen_test,1965,8290,414,mineshaft,414,mineshaft,-1,,exact,True,True,R0035;R0375;R0471;R0500;R0523;R0528;R0537;R0545;R0553;R0554,14,False,False,False,m/mineshaft/sun_bmbamiayorvnkftn.jpg,m,mineshaft,mineshaft,sun_bmbamiayorvnkftn.jpg,test_seen_loc,8290,True,102
SUN,42,closed_world_seen_test,1966,8286,414,mineshaft,414,mineshaft,-1,,exact,True,True,R0206;R0277;R0330;R0371;R0499;R0536;R0539,7,False,False,False,m/mineshaft/sun_bgkakdpcgjacshdp.jpg,m,mineshaft,mineshaft,sun_bgkakdpcgjacshdp.jpg,test_seen_loc,8286,True,102
SUN,42,closed_world_seen_test,1967,8288,414,mineshaft,414,mineshaft,-1,,exact,True,True,R0034;R0057;R0058;R0066;R0094;R0103;R0104;R0105;R0106;R0107,61,False,False,False,m/mineshaft/sun_bjpzfrcgnfyqorud.jpg,m,mineshaft,mineshaft,sun_bjpzfrcgnfyqorud.jpg,test_seen_loc,8288,True,102
SUN,42,closed_world_seen_test,1968,5855,292,gas station,518,raceway,-1,,exact,True,True,R0117;R0170;R0187;R0188;R0225;R0229;R0247;R0269;R0270;R0275,31,False,False,False,g/gas_station/sun_anviowoahmbzwcts.jpg,g,gas_station,gas_station,sun_anviowoahmbzwcts.jpg,test_seen_loc,5855,True,102
SUN,42,closed_world_seen_test,1969,5852,292,gas station,480,phone booth,-1,,exact,True,True,R0252;R0256;R0300;R0302;R0303;R0304;R0306;R0308;R0311;R0312,167,False,False,False,g/gas_station/sun_amdhbhauigiuactn.jpg,g,gas_station,gas_station,sun_amdhbhauigiuactn.jpg,test_seen_loc,5852,True,102
SUN,42,closed_world_seen_test,1970,5840,292,gas station,392,liquor store outdoor,-1,,exact,True,True,R0043;R0127;R0140;R0169;R0192;R0198;R0220;R0224;R0232;R0239,79,False,False,False,g/gas_station/sun_abepmxcpitdejuqu.jpg,g,gas_station,gas_station,sun_abepmxcpitdejuqu.jpg,test_seen_loc,5840,True,102
SUN,42,closed_world_seen_test,1971,5857,292,gas station,480,phone booth,-1,,exact,True,True,R0057;R0069;R0084;R0124;R0125;R0127;R0140;R0143;R0166;R0169,33,False,False,False,g/gas_station/sun_aoydwztdqooqgoec.jpg,g,gas_station,gas_station,sun_aoydwztdqooqgoec.jpg,test_seen_loc,5857,True,102
SUN,42,closed_world_seen_test,1972,11183,559,sauna,559,sauna,-1,,exact,True,True,R0269;R0300;R0302;R0304;R0308;R0310;R0318;R0319;R0320;R0322,53,False,False,False,s/sauna/sun_akgctclsovthiced.jpg,s,sauna,sauna,sun_akgctclsovthiced.jpg,test_seen_loc,11183,True,102
SUN,42,closed_world_seen_test,1973,11180,559,sauna,480,phone booth,-1,,exact,True,True,R0252;R0256;R0300;R0305;R0312;R0314;R0317;R0320;R0325;R0329,125,False,False,False,s/sauna/sun_acoywszvjzxbkuge.jpg,s,sauna,sauna,sun_acoywszvjzxbkuge.jpg,test_seen_loc,11180,True,102
SUN,42,closed_world_seen_test,1974,11181,559,sauna,559,sauna,-1,,exact,True,True,R0297;R0302;R0304;R0308;R0311;R0315;R0318;R0319;R0320;R0322,163,False,False,False,s/sauna/sun_adxgxetwtjibgayn.jpg,s,sauna,sauna,sun_adxgxetwtjibgayn.jpg,test_seen_loc,11181,True,102
SUN,42,closed_world_seen_test,1975,11197,559,sauna,480,phone booth,-1,,exact,True,True,R0302;R0304;R0315;R0319;R0329;R0334;R0347;R0374;R0376;R0377,38,False,False,False,s/sauna/sun_bmnlekfpbfeiaxss.jpg,s,sauna,sauna,sun_bmnlekfpbfeiaxss.jpg,test_seen_loc,11197,True,102
SUN,42,closed_world_seen_test,1976,6133,306,greenhouse indoor,269,florist shop indoor,-1,,exact,True,True,R0173;R0182;R0191;R0197;R0233;R0245;R0262;R0276;R0282;R0286,19,False,False,False,g/greenhouse/indoor/sun_akhnjemvbsmulmil.jpg,g,greenhouse/indoor,indoor,sun_akhnjemvbsmulmil.jpg,test_seen_loc,6133,True,102
SUN,42,closed_world_seen_test,1977,6137,306,greenhouse indoor,306,greenhouse indoor,-1,,exact,True,True,R0015;R0056;R0147;R0166;R0284,5,False,False,False,g/greenhouse/indoor/sun_alvwshpgrpqramln.jpg,g,greenhouse/indoor,indoor,sun_alvwshpgrpqramln.jpg,test_seen_loc,6137,True,102
SUN,42,closed_world_seen_test,1978,6134,306,greenhouse indoor,269,florist shop indoor,-1,,exact,True,True,R0093;R0130;R0184;R0213;R0246;R0274;R0344;R0346;R0395;R0414,22,False,False,False,g/greenhouse/indoor/sun_akxyhbzflvfvpzzu.jpg,g,greenhouse/indoor,indoor,sun_akxyhbzflvfvpzzu.jpg,test_seen_loc,6134,True,102
SUN,42,closed_world_seen_test,1979,6126,306,greenhouse indoor,306,greenhouse indoor,13,amusement park,exact,False,False,R0127,1,True,False,False,g/greenhouse/indoor/sun_aemhmqcolfgxwdqj.jpg,g,greenhouse/indoor,indoor,sun_aemhmqcolfgxwdqj.jpg,test_seen_loc,6126,True,102
SUN,42,closed_world_seen_test,1980,4116,205,departure lounge,430,movie theater indoor,-1,,exact,True,True,R0277;R0314;R0317;R0320;R0325;R0329;R0330;R0333;R0334;R0335,137,False,False,False,d/departure_lounge/sun_bsvcsndwjwvcssiu.jpg,d,departure_lounge,departure_lounge,sun_bsvcsndwjwvcssiu.jpg,test_seen_loc,4116,True,102
SUN,42,closed_world_seen_test,1981,4112,205,departure lounge,383,lecture room,-1,,exact,True,True,R0277;R0314;R0317;R0325;R0329;R0330;R0334;R0335;R0340;R0347,122,False,False,False,d/departure_lounge/sun_bmgnebdgpijcksfl.jpg,d,departure_lounge,departure_lounge,sun_bmgnebdgpijcksfl.jpg,test_seen_loc,4112,True,102
SUN,42,closed_world_seen_test,1982,4117,205,departure lounge,606,subway station corridor,-1,,exact,True,True,R0277;R0314;R0317;R0325;R0329;R0330;R0334;R0335;R0340;R0347,122,False,False,False,d/departure_lounge/sun_buspspkjiflhwmkz.jpg,d,departure_lounge,departure_lounge,sun_buspspkjiflhwmkz.jpg,test_seen_loc,4117,True,102
SUN,42,closed_world_seen_test,1983,4108,205,departure lounge,485,pig farm,-1,,exact,True,True,R0039;R0040;R0059;R0061;R0092;R0112;R0297;R0302;R0304;R0308,169,False,False,False,d/departure_lounge/sun_biibcxefnpqlaknz.jpg,d,departure_lounge,departure_lounge,sun_biibcxefnpqlaknz.jpg,test_seen_loc,4108,True,102
SUN,42,closed_world_seen_test,1984,9542,477,pedestrian overpass outdoor,354,jacuzzi outdoor,-1,,exact,True,True,R0016;R0078;R0151;R0157;R0158;R0170;R0187;R0188;R0201;R0226,14,False,False,False,p/pedestrian_overpass/outdoor/sun_allonxmaojafcowh.jpg,p,pedestrian_overpass/outdoor,outdoor,sun_allonxmaojafcowh.jpg,test_seen_loc,9542,True,102
SUN,42,closed_world_seen_test,1985,9555,477,pedestrian overpass outdoor,521,railway yard,-1,,exact,True,True,R0125;R0139;R0158;R0166;R0169;R0216;R0223;R0226;R0248;R0260,18,False,False,False,p/pedestrian_overpass/outdoor/sun_bprdpzmprmvvgmhu.jpg,p,pedestrian_overpass/outdoor,outdoor,sun_bprdpzmprmvvgmhu.jpg,test_seen_loc,9555,True,102
SUN,42,closed_world_seen_test,1986,9545,477,pedestrian overpass outdoor,324,highway,-1,,exact,True,True,R0074;R0160;R0161;R0170;R0187;R0188;R0190;R0217;R0229;R0258,12,False,False,False,p/pedestrian_overpass/outdoor/sun_aqhdjmlpjurufrnh.jpg,p,pedestrian_overpass/outdoor,outdoor,sun_aqhdjmlpjurufrnh.jpg,test_seen_loc,9545,True,102
SUN,42,closed_world_seen_test,1987,9541,477,pedestrian overpass outdoor,269,florist shop indoor,-1,,exact,True,True,R0046;R0173;R0182;R0191;R0197;R0233;R0245;R0282;R0498;R0509,15,False,False,False,p/pedestrian_overpass/outdoor/sun_akbplytecvxwdcti.jpg,p,pedestrian_overpass/outdoor,outdoor,sun_akbplytecvxwdcti.jpg,test_seen_loc,9541,True,102
SUN,42,closed_world_seen_test,1988,14138,706,winery,434,music store,-1,,exact,True,True,R0252;R0297;R0300;R0302;R0303;R0305;R0306;R0311;R0312;R0314,209,False,False,False,w/winery/sun_bxnfjgenxhbterzg.jpg,w,winery,winery,sun_bxnfjgenxhbterzg.jpg,test_seen_loc,14138,True,102
SUN,42,closed_world_seen_test,1989,14123,706,winery,606,subway station corridor,-1,,exact,True,True,R0277;R0314;R0317;R0325;R0329;R0330;R0334;R0335;R0340;R0347,122,False,False,False,w/winery/sun_bdyxsmijhzmzdfgp.jpg,w,winery,winery,sun_bdyxsmijhzmzdfgp.jpg,test_seen_loc,14123,True,102
SUN,42,closed_world_seen_test,1990,14120,706,winery,400,manhole,-1,,exact,True,True,R0140;R0206;R0212;R0271;R0274;R0277;R0322;R0338;R0350;R0357,73,False,False,False,w/winery/sun_bangbuylfvckqqoo.jpg,w,winery,winery,sun_bangbuylfvckqqoo.jpg,test_seen_loc,14120,True,102
SUN,42,closed_world_seen_test,1991,14134,706,winery,434,music store,-1,,exact,True,True,R0297;R0308;R0311;R0315;R0318;R0320;R0322;R0324;R0336;R0337,119,False,False,False,w/winery/sun_brtsshvqssxikniq.jpg,w,winery,winery,sun_brtsshvqssxikniq.jpg,test_seen_loc,14134,True,102
SUN,42,closed_world_seen_test,1992,9567,478,pet shop,494,playroom,-1,,exact,True,True,R0252;R0305;R0314;R0317;R0325;R0329;R0330;R0334;R0335;R0340,123,False,False,False,p/pet_shop/sun_beutzrcersvgvbbo.jpg,p,pet_shop,pet_shop,sun_beutzrcersvgvbbo.jpg,test_seen_loc,9567,True,102
SUN,42,closed_world_seen_test,1993,9579,478,pet shop,52,ball pit,-1,,exact,True,True,R0154;R0212;R0265;R0305;R0312;R0314;R0335;R0340;R0350;R0351,90,False,False,False,p/pet_shop/sun_buztlarustqfjoex.jpg,p,pet_shop,pet_shop,sun_buztlarustqfjoex.jpg,test_seen_loc,9579,True,102
SUN,42,closed_world_seen_test,1994,9560,478,pet shop,182,convenience store indoor,-1,,exact,True,True,R0252;R0256;R0312;R0317;R0329;R0334;R0347;R0351;R0352;R0356,66,False,False,False,p/pet_shop/sun_aafvhjkxaoirlfum.jpg,p,pet_shop,pet_shop,sun_aafvhjkxaoirlfum.jpg,test_seen_loc,9560,True,102
SUN,42,closed_world_seen_test,1995,9564,478,pet shop,182,convenience store indoor,-1,,exact,True,True,R0252;R0297;R0300;R0302;R0303;R0305;R0306;R0311;R0312;R0314,209,False,False,False,p/pet_shop/sun_bdaecflqayuluxar.jpg,p,pet_shop,pet_shop,sun_bdaecflqayuluxar.jpg,test_seen_loc,9564,True,102
SUN,42,closed_world_seen_test,1996,14288,714,zen garden,320,hedge maze,-1,,exact,True,True,R0057;R0074;R0125;R0166;R0183;R0217;R0255;R0258;R0260;R0267,15,False,False,False,z/zen_garden/sun_agovmtqxkmjwlhvd.jpg,z,zen_garden,zen_garden,sun_agovmtqxkmjwlhvd.jpg,test_seen_loc,14288,True,102
SUN,42,closed_world_seen_test,1997,14292,714,zen garden,714,zen garden,-1,,exact,True,True,R0073;R0078;R0113;R0157;R0170;R0187;R0188;R0226;R0229;R0231,18,False,False,False,z/zen_garden/sun_ajyoyhoaeonjwqzb.jpg,z,zen_garden,zen_garden,sun_ajyoyhoaeonjwqzb.jpg,test_seen_loc,14292,True,102
SUN,42,closed_world_seen_test,1998,14289,714,zen garden,646,trailer park,-1,,exact,True,True,R0069;R0073;R0075;R0079;R0141;R0149;R0154;R0159;R0162;R0164,67,False,False,False,z/zen_garden/sun_ahghmyjbtphvpfxi.jpg,z,zen_garden,zen_garden,sun_ahghmyjbtphvpfxi.jpg,test_seen_loc,14289,True,102
SUN,42,closed_world_seen_test,1999,14291,714,zen garden,277,formal garden,-1,,exact,True,True,R0029;R0142;R0153;R0171;R0307;R0483;R0575,7,False,False,False,z/zen_garden/sun_ajwueyrhplnhmakq.jpg,z,zen_garden,zen_garden,sun_ajwueyrhplnhmakq.jpg,test_seen_loc,14291,True,102
SUN,42,closed_world_seen_test,2000,435,21,arch,21,arch,-1,,exact,True,True,R0052;R0068;R0262;R0309;R0366;R0385,6,False,False,False,a/arch/sun_axyskiuessifakar.jpg,a,arch,arch,sun_axyskiuessifakar.jpg,test_seen_loc,435,True,102
SUN,42,closed_world_seen_test,2001,430,21,arch,277,formal garden,-1,,exact,True,True,R0063;R0068;R0070;R0076;R0077;R0080;R0087;R0089;R0122;R0172,14,False,False,False,a/arch/sun_aqwseqruetcqgowa.jpg,a,arch,arch,sun_aqwseqruetcqgowa.jpg,test_seen_loc,430,True,102
SUN,42,closed_world_seen_test,2002,434,21,arch,414,mineshaft,22,archaelogical excavation,exact,False,False,R0010;R0238;R0257;R0262;R0286;R0309;R0355;R0441,8,True,False,False,a/arch/sun_aviifqlpavcienth.jpg,a,arch,arch,sun_aviifqlpavcienth.jpg,test_seen_loc,434,True,102
SUN,42,closed_world_seen_test,2003,421,21,arch,491,planetarium outdoor,-1,,exact,True,True,R0065;R0069;R0073;R0074;R0079;R0082;R0123;R0129;R0141;R0149,21,False,False,False,a/arch/sun_abgodqrpbbcvtrzn.jpg,a,arch,arch,sun_abgodqrpbbcvtrzn.jpg,test_seen_loc,421,True,102
SUN,42,closed_world_seen_test,2004,5526,276,forest road,276,forest road,-1,,exact,True,True,R0027;R0063;R0070;R0071;R0076;R0077;R0078;R0080;R0082;R0087,56,False,False,False,f/forest_road/sun_aievzqxzhgwtlsve.jpg,f,forest_road,forest_road,sun_aievzqxzhgwtlsve.jpg,test_seen_loc,5526,True,102
SUN,42,closed_world_seen_test,2005,5522,276,forest road,206,desert road,-1,,exact,True,True,R0024;R0082;R0109;R0129;R0136;R0142;R0149;R0153;R0159;R0160,55,False,False,False,f/forest_road/sun_acxlierutrtjhety.jpg,f,forest_road,forest_road,sun_acxlierutrtjhety.jpg,test_seen_loc,5522,True,102
SUN,42,closed_world_seen_test,2006,5531,276,forest road,276,forest road,-1,,exact,True,True,R0024;R0071;R0082;R0087;R0091;R0109;R0129;R0136;R0138;R0142,50,False,False,False,f/forest_road/sun_almctiyexzvxcjkn.jpg,f,forest_road,forest_road,sun_almctiyexzvxcjkn.jpg,test_seen_loc,5531,True,102
SUN,42,closed_world_seen_test,2007,5537,276,forest road,276,forest road,-1,,exact,True,True,R0063;R0070;R0071;R0076;R0077;R0080;R0087;R0091;R0109;R0122,76,False,False,False,f/forest_road/sun_arfethmvqrsjeexc.jpg,f,forest_road,forest_road,sun_arfethmvqrsjeexc.jpg,test_seen_loc,5537,True,102
SUN,42,closed_world_seen_test,2008,5451,272,football field,488,pitchers mound,586,soccer field,exact,False,False,R0012;R0013;R0020;R0023;R0030;R0036;R0037;R0042;R0044;R0045,82,True,False,False,f/football_field/sun_bnmkcximwfkahemo.jpg,f,football_field,football_field,sun_bnmkcximwfkahemo.jpg,test_seen_loc,5451,True,102
SUN,42,closed_world_seen_test,2009,5457,272,football field,591,stadium football,-1,,exact,True,True,R0020;R0021;R0026;R0030;R0036;R0041;R0042;R0044;R0045;R0048,118,False,False,False,f/football_field/sun_bybipztzrhfzjtjc.jpg,f,football_field,football_field,sun_bybipztzrhfzjtjc.jpg,test_seen_loc,5457,True,102
SUN,42,closed_world_seen_test,2010,5441,272,football field,625,tennis court outdoor,586,soccer field,exact,False,False,R0012;R0013;R0023;R0037;R0042;R0044;R0049;R0056;R0067;R0079,49,True,False,False,f/football_field/sun_aehrswyogeahuhgb.jpg,f,football_field,football_field,sun_aehrswyogeahuhgb.jpg,test_seen_loc,5441,True,102
SUN,42,closed_world_seen_test,2011,5453,272,football field,581,ski slope,-1,,exact,True,True,R0067;R0079;R0123;R0135;R0136;R0141;R0142;R0153;R0159;R0181,41,False,False,False,f/football_field/sun_bolthxfsygyjbqzj.jpg,f,football_field,football_field,sun_bolthxfsygyjbqzj.jpg,test_seen_loc,5453,True,102
SUN,42,closed_world_seen_test,2012,1401,70,batters box,70,batters box,-1,,exact,True,True,R0013;R0026;R0036;R0041;R0042;R0045;R0048;R0157;R0176;R0250,12,False,False,False,b/batters_box/sun_aaxhhhuuesmvbfcc.jpg,b,batters_box,batters_box,sun_aaxhhhuuesmvbfcc.jpg,test_seen_loc,1401,True,102
SUN,42,closed_world_seen_test,2013,1407,70,batters box,70,batters box,-1,,exact,True,True,R0020;R0021;R0023;R0026;R0030;R0036;R0037;R0041;R0042;R0044,113,False,False,False,b/batters_box/sun_aglrubaipflyafrn.jpg,b,batters_box,batters_box,sun_aglrubaipflyafrn.jpg,test_seen_loc,1407,True,102
SUN,42,closed_world_seen_test,2014,1416,70,batters box,70,batters box,-1,,exact,True,True,R0020;R0021;R0026;R0030;R0036;R0041;R0042;R0044;R0045;R0048,99,False,False,False,b/batters_box/sun_aqnedtpkovqniyzb.jpg,b,batters_box,batters_box,sun_aqnedtpkovqniyzb.jpg,test_seen_loc,1416,True,102
SUN,42,closed_world_seen_test,2015,1419,70,batters box,70,batters box,-1,,exact,True,True,R0026;R0036;R0037;R0041;R0042;R0044;R0045;R0048;R0049;R0050,60,False,False,False,b/batters_box/sun_auctnmtcmauoxisj.jpg,b,batters_box,batters_box,sun_auctnmtcmauoxisj.jpg,test_seen_loc,1419,True,102
SUN,42,closed_world_seen_test,2016,3122,156,chicken farm outdoor,489,pizzeria,556,sand trap,fallback,False,False,,0,True,False,False,c/chicken_farm/outdoor/sun_adqtnlqzfwmkqiyc.jpg,c,chicken_farm/outdoor,outdoor,sun_adqtnlqzfwmkqiyc.jpg,test_seen_loc,3122,True,102
SUN,42,closed_world_seen_test,2017,3137,156,chicken farm outdoor,346,igloo,-1,,exact,True,True,R0253;R0265,2,False,False,False,c/chicken_farm/outdoor/sun_avdiullnvzoxqpik.jpg,c,chicken_farm/outdoor,outdoor,sun_avdiullnvzoxqpik.jpg,test_seen_loc,3137,True,102
SUN,42,closed_world_seen_test,2018,3134,156,chicken farm outdoor,116,butchers shop,-1,,exact,True,True,R0256;R0297;R0300;R0302;R0303;R0304;R0306;R0308;R0311;R0314,220,False,False,False,c/chicken_farm/outdoor/sun_aqejjdgsmkqxlryt.jpg,c,chicken_farm/outdoor,outdoor,sun_aqejjdgsmkqxlryt.jpg,test_seen_loc,3134,True,102
SUN,42,closed_world_seen_test,2019,3126,156,chicken farm outdoor,156,chicken farm outdoor,-1,,exact,True,True,R0184;R0198;R0202;R0203;R0213;R0239;R0259;R0261;R0284;R0285,57,False,False,False,c/chicken_farm/outdoor/sun_agtrkguyfislkuct.jpg,c,chicken_farm/outdoor,outdoor,sun_agtrkguyfislkuct.jpg,test_seen_loc,3126,True,102
SUN,42,closed_world_seen_test,2020,11062,553,runway,322,heliport,2,airfield,fallback,False,False,,0,True,False,False,r/runway/sun_adeigeswsugecvhs.jpg,r,runway,runway,sun_adeigeswsugecvhs.jpg,test_seen_loc,11062,True,102
SUN,42,closed_world_seen_test,2021,11075,553,runway,70,batters box,-1,,exact,True,True,R0170;R0187;R0188;R0225;R0229;R0247;R0269;R0270;R0275;R0280,21,False,False,False,r/runway/sun_aotwojufokshdoyu.jpg,r,runway,runway,sun_aotwojufokshdoyu.jpg,test_seen_loc,11075,True,102
SUN,42,closed_world_seen_test,2022,11078,553,runway,322,heliport,-1,,exact,True,True,R0016;R0069;R0073;R0148;R0157;R0158;R0170;R0187;R0188;R0197,38,False,False,False,r/runway/sun_aqfgiaooehmquwln.jpg,r,runway,runway,sun_aqfgiaooehmquwln.jpg,test_seen_loc,11078,True,102
SUN,42,closed_world_seen_test,2023,11068,553,runway,437,naval base,-1,,exact,True,True,R0083;R0086;R0151;R0170;R0187;R0188;R0195;R0201;R0229;R0231,11,False,False,False,r/runway/sun_ahueajdakwecddnm.jpg,r,runway,runway,sun_ahueajdakwecddnm.jpg,test_seen_loc,11068,True,102
SUN,42,closed_world_seen_test,2024,4775,238,elevator lobby,238,elevator lobby,-1,,exact,True,True,R0252;R0256;R0297;R0300;R0302;R0303;R0304;R0305;R0306;R0308,202,False,False,False,e/elevator_lobby/sun_dtbkrjupsnrfeodc.jpg,e,elevator_lobby,elevator_lobby,sun_dtbkrjupsnrfeodc.jpg,test_seen_loc,4775,True,102
SUN,42,closed_world_seen_test,2025,4768,238,elevator lobby,238,elevator lobby,-1,,exact,True,True,R0252;R0297;R0302;R0305;R0315;R0319;R0325;R0329;R0334;R0340,70,False,False,False,e/elevator_lobby/sun_bksajnaiuslmewbh.jpg,e,elevator_lobby,elevator_lobby,sun_bksajnaiuslmewbh.jpg,test_seen_loc,4768,True,102
SUN,42,closed_world_seen_test,2026,4766,238,elevator lobby,238,elevator lobby,-1,,exact,True,True,R0252;R0297;R0302;R0304;R0305;R0311;R0315;R0319;R0324;R0325,94,False,False,False,e/elevator_lobby/sun_bfmhtzkkabgfjerx.jpg,e,elevator_lobby,elevator_lobby,sun_bfmhtzkkabgfjerx.jpg,test_seen_loc,4766,True,102
SUN,42,closed_world_seen_test,2027,4771,238,elevator lobby,540,revolving door,-1,,exact,True,True,R0252;R0277;R0297;R0302;R0303;R0305;R0314;R0315;R0317;R0318,188,False,False,False,e/elevator_lobby/sun_ddrrcfshltkovmyc.jpg,e,elevator_lobby,elevator_lobby,sun_ddrrcfshltkovmyc.jpg,test_seen_loc,4771,True,102
SUN,42,closed_world_seen_test,2028,12877,643,track indoor,625,tennis court outdoor,-1,,exact,True,True,R0021;R0036;R0044;R0045;R0048;R0050;R0051;R0061;R0092;R0130,52,False,False,False,t/track/indoor/sun_auyskdnlzzukbieg.jpg,t,track/indoor,indoor,sun_auyskdnlzzukbieg.jpg,test_seen_loc,12877,True,102
SUN,42,closed_world_seen_test,2029,12860,643,track indoor,624,tennis court indoor,-1,,exact,True,True,R0026;R0041;R0044;R0048;R0206;R0336;R0337;R0385;R0386;R0422,42,False,False,False,t/track/indoor/sun_aabihxplrkjjzopy.jpg,t,track/indoor,indoor,sun_aabihxplrkjjzopy.jpg,test_seen_loc,12860,True,102
SUN,42,closed_world_seen_test,2030,12872,643,track indoor,644,track outdoor,-1,,exact,True,True,R0020;R0026;R0030;R0036;R0041;R0042;R0044;R0045;R0048;R0051,95,False,False,False,t/track/indoor/sun_alqgffepqpmyjolw.jpg,t,track/indoor,indoor,sun_alqgffepqpmyjolw.jpg,test_seen_loc,12872,True,102
SUN,42,closed_world_seen_test,2031,12875,643,track indoor,185,corridor,-1,,exact,True,True,R0196;R0256;R0297;R0302;R0303;R0304;R0311;R0314;R0315;R0317,119,False,False,False,t/track/indoor/sun_arhdfmoxdtsrazsw.jpg,t,track/indoor,indoor,sun_arhdfmoxdtsrazsw.jpg,test_seen_loc,12875,True,102
SUN,42,closed_world_seen_test,2032,14046,702,windmill,702,windmill,-1,,exact,True,True,R0073;R0074;R0170;R0187;R0188;R0229;R0321,7,False,False,False,w/windmill/sun_ahkhvvnvkjevxvvu.jpg,w,windmill,windmill,sun_ahkhvvnvkjevxvvu.jpg,test_seen_loc,14046,True,102
SUN,42,closed_world_seen_test,2033,14041,702,windmill,373,labyrinth indoor,-1,,exact,True,True,R0057;R0074;R0113;R0125;R0139;R0166;R0226;R0228;R0231;R0240,32,False,False,False,w/windmill/sun_acijpcruwskdzwbx.jpg,w,windmill,windmill,sun_acijpcruwskdzwbx.jpg,test_seen_loc,14041,True,102
SUN,42,closed_world_seen_test,2034,14059,702,windmill,454,oilrig,614,swimming pool outdoor,exact,False,False,R0014;R0081,2,True,False,False,w/windmill/sun_bawuwqwpisnuzpjd.jpg,w,windmill,windmill,sun_bawuwqwpisnuzpjd.jpg,test_seen_loc,14059,True,102
SUN,42,closed_world_seen_test,2035,14051,702,windmill,702,windmill,-1,,exact,True,True,R0038;R0127;R0166;R0232,4,False,False,False,w/windmill/sun_arostrfeclmqdszk.jpg,w,windmill,windmill,sun_arostrfeclmqdszk.jpg,test_seen_loc,14051,True,102
SUN,42,closed_world_seen_test,2036,7531,376,lake artificial,519,raft,586,soccer field,exact,False,False,R0012;R0056;R0118;R0123;R0139;R0255;R0279,7,True,False,False,l/lake/artificial/sun_bqzkhyvbyvjtpbao.jpg,l,lake/artificial,artificial,sun_bqzkhyvbyvjtpbao.jpg,test_seen_loc,7531,True,102
SUN,42,closed_world_seen_test,2037,7528,376,lake artificial,73,bayou,-1,,exact,True,True,R0055;R0056;R0060;R0062;R0064;R0065;R0072;R0081;R0082;R0083,49,False,False,False,l/lake/artificial/sun_bieootivfrxkwonv.jpg,l,lake/artificial,artificial,sun_bieootivfrxkwonv.jpg,test_seen_loc,7528,True,102
SUN,42,closed_world_seen_test,2038,7533,376,lake artificial,694,waterfall plunge,-1,,exact,True,True,R0027;R0054;R0063;R0070;R0071;R0076;R0077;R0080;R0087;R0090,47,False,False,False,l/lake/artificial/sun_bunvrrzomhqgqtyp.jpg,l,lake/artificial,artificial,sun_bunvrrzomhqgqtyp.jpg,test_seen_loc,7533,True,102
SUN,42,closed_world_seen_test,2039,7539,376,lake artificial,277,formal garden,-1,,exact,True,True,R0056;R0065;R0113;R0123;R0139;R0149;R0193;R0211;R0228;R0234,26,False,False,False,l/lake/artificial/sun_bzyzebzdyvmelcju.jpg,l,lake/artificial,artificial,sun_bzyzebzdyvmelcju.jpg,test_seen_loc,7539,True,102
SUN,42,closed_world_seen_test,2040,321,16,apse indoor,16,apse indoor,129,car interior backseat,exact,False,False,R0033;R0269;R0300;R0308;R0310;R0319;R0323;R0353;R0354;R0406,31,True,False,False,a/apse/indoor/sun_acrxepejjmnxuahe.jpg,a,apse/indoor,indoor,sun_acrxepejjmnxuahe.jpg,test_seen_loc,321,True,102
SUN,42,closed_world_seen_test,2041,329,16,apse indoor,16,apse indoor,-1,,exact,True,True,R0140;R0206;R0212;R0222;R0271;R0274;R0277;R0292;R0357;R0367,49,False,False,False,a/apse/indoor/sun_aolkdoioaurxbwuj.jpg,a,apse/indoor,indoor,sun_aolkdoioaurxbwuj.jpg,test_seen_loc,329,True,102
SUN,42,closed_world_seen_test,2042,325,16,apse indoor,16,apse indoor,129,car interior backseat,exact,False,False,R0033;R0206;R0306;R0312;R0330;R0358;R0366;R0385;R0406;R0418,29,True,False,False,a/apse/indoor/sun_akwhlasasocuraux.jpg,a,apse/indoor,indoor,sun_akwhlasasocuraux.jpg,test_seen_loc,325,True,102
SUN,42,closed_world_seen_test,2043,333,16,apse indoor,16,apse indoor,-1,,exact,True,True,R0120;R0274;R0297;R0300;R0306;R0322;R0323;R0325;R0329;R0336,111,False,False,False,a/apse/indoor/sun_auhutjmptbhfmqyj.jpg,a,apse/indoor,indoor,sun_auhutjmptbhfmqyj.jpg,test_seen_loc,333,True,102
SUN,42,closed_world_seen_test,2044,7921,396,lock chamber,566,seawall,-1,,exact,True,True,R0014;R0017;R0019;R0084;R0096;R0097;R0098;R0099;R0100;R0101,28,False,False,False,l/lock_chamber/sun_akotwqojuabeoyer.jpg,l,lock_chamber,lock_chamber,sun_akotwqojuabeoyer.jpg,test_seen_loc,7921,True,102
SUN,42,closed_world_seen_test,2045,7927,396,lock chamber,519,raft,-1,,exact,True,True,R0014;R0017;R0019;R0028;R0084;R0111;R0124;R0131;R0135;R0150,34,False,False,False,l/lock_chamber/sun_bcfeeqevcwbfzfri.jpg,l,lock_chamber,lock_chamber,sun_bcfeeqevcwbfzfri.jpg,test_seen_loc,7927,True,102
SUN,42,closed_world_seen_test,2046,7932,396,lock chamber,226,drill rig,-1,,exact,True,True,R0038;R0139;R0166;R0183;R0216;R0223;R0258;R0267;R0290;R0321,10,False,False,False,l/lock_chamber/sun_bjitoyqxscsjdycx.jpg,l,lock_chamber,lock_chamber,sun_bjitoyqxscsjdycx.jpg,test_seen_loc,7932,True,102
SUN,42,closed_world_seen_test,2047,7928,396,lock chamber,224,downtown,-1,,exact,True,True,R0038;R0057;R0113;R0124;R0125;R0139;R0140;R0158;R0169;R0177,32,False,False,False,l/lock_chamber/sun_bedqyvjipynkxlyj.jpg,l,lock_chamber,lock_chamber,sun_bedqyvjipynkxlyj.jpg,test_seen_loc,7928,True,102
SUN,42,closed_world_seen_test,2048,10513,525,ranch house,492,plantation house,-1,,exact,True,True,R0065;R0074;R0095;R0109;R0123;R0138;R0149;R0166;R0183;R0190,32,False,False,False,r/ranch_house/sun_asvelhclnjwxkenb.jpg,r,ranch_house,ranch_house,sun_asvelhclnjwxkenb.jpg,test_seen_loc,10513,True,102
SUN,42,closed_world_seen_test,2049,10516,525,ranch house,318,hayfield,-1,,exact,True,True,R0065;R0074;R0095;R0109;R0113;R0123;R0138;R0139;R0149;R0166,30,False,False,False,r/ranch_house/sun_avgtuzoipknwdixh.jpg,r,ranch_house,ranch_house,sun_avgtuzoipknwdixh.jpg,test_seen_loc,10516,True,102
SUN,42,closed_world_seen_test,2050,10515,525,ranch house,581,ski slope,-1,,exact,True,True,R0056;R0065;R0074;R0123;R0138;R0147;R0149;R0166;R0181;R0228,30,False,False,False,r/ranch_house/sun_auvsyzbzilcwiafc.jpg,r,ranch_house,ranch_house,sun_auvsyzbzilcwiafc.jpg,test_seen_loc,10515,True,102
SUN,42,closed_world_seen_test,2051,10504,525,ranch house,461,outhouse outdoor,-1,,exact,True,True,R0065;R0068;R0095;R0136;R0190;R0202;R0235;R0237;R0247;R0253,41,False,False,False,r/ranch_house/sun_agqslooxiotimltx.jpg,r,ranch_house,ranch_house,sun_agqslooxiotimltx.jpg,test_seen_loc,10504,True,102
SUN,42,closed_world_seen_test,2052,8199,409,medina,409,medina,-1,,exact,True,True,R0277;R0297;R0302;R0303;R0304;R0308;R0311;R0314;R0317;R0318,217,False,False,False,m/medina/sun_diksckruhokcdpmb.jpg,m,medina,medina,sun_diksckruhokcdpmb.jpg,test_seen_loc,8199,True,102
SUN,42,closed_world_seen_test,2053,8195,409,medina,140,catacomb,-1,,exact,True,True,R0033;R0035;R0253;R0306;R0312;R0323;R0354;R0358;R0366;R0375,51,False,False,False,m/medina/sun_datckaqdohfwzylg.jpg,m,medina,medina,sun_datckaqdohfwzylg.jpg,test_seen_loc,8195,True,102
SUN,42,closed_world_seen_test,2054,8191,409,medina,18,aquarium,-1,,exact,True,True,R0043;R0130;R0182;R0192;R0203;R0239;R0245;R0246;R0269;R0276,41,False,False,False,m/medina/sun_cpwqszybavqilxet.jpg,m,medina,medina,sun_cpwqszybavqilxet.jpg,test_seen_loc,8191,True,102
SUN,42,closed_world_seen_test,2055,8189,409,medina,140,catacomb,-1,,exact,True,True,R0222;R0274;R0437;R0452;R0467;R0508;R0530;R0540;R0552;R0560,14,False,False,False,m/medina/sun_cojdiitepxpmvxvy.jpg,m,medina,medina,sun_cojdiitepxpmvxvy.jpg,test_seen_loc,8189,True,102
SUN,42,closed_world_seen_test,2056,13261,663,underwater ocean shallow,661,underwater kelp forest,661,underwater kelp forest,exact,False,False,R0007;R0027;R0054;R0057;R0125;R0253;R0257;R0291;R0355;R0440,11,True,False,True,u/underwater/ocean_shallow/sun_aihtczaohuvjtlaj.jpg,u,underwater/ocean_shallow,ocean_shallow,sun_aihtczaohuvjtlaj.jpg,test_seen_loc,13261,True,102
SUN,42,closed_world_seen_test,2057,13270,663,underwater ocean shallow,660,underwater ice,661,underwater kelp forest,exact,False,False,R0007,1,True,False,False,u/underwater/ocean_shallow/sun_bdfcsnhopjbzlium.jpg,u,underwater/ocean_shallow,ocean_shallow,sun_bdfcsnhopjbzlium.jpg,test_seen_loc,13270,True,102
SUN,42,closed_world_seen_test,2058,13277,663,underwater ocean shallow,660,underwater ice,661,underwater kelp forest,exact,False,False,R0007;R0253,2,True,False,False,u/underwater/ocean_shallow/sun_bskluzcrpdxktmua.jpg,u,underwater/ocean_shallow,ocean_shallow,sun_bskluzcrpdxktmua.jpg,test_seen_loc,13277,True,102
SUN,42,closed_world_seen_test,2059,13279,663,underwater ocean shallow,660,underwater ice,661,underwater kelp forest,exact,False,False,R0007;R0011,2,True,False,False,u/underwater/ocean_shallow/sun_btxfjlazgbkzvinq.jpg,u,underwater/ocean_shallow,ocean_shallow,sun_btxfjlazgbkzvinq.jpg,test_seen_loc,13279,True,102
SUN,42,closed_world_seen_test,2060,3886,194,crevasse,207,desert sand,-1,,exact,True,True,R0034;R0085;R0094;R0103;R0104;R0105;R0106;R0107;R0113;R0114,44,False,False,False,c/crevasse/sun_aisrgzazogatmizy.jpg,c,crevasse,crevasse,sun_aisrgzazogatmizy.jpg,test_seen_loc,3886,True,102
SUN,42,closed_world_seen_test,2061,3884,194,crevasse,345,iceberg,144,cavern indoor,exact,False,False,R0009,1,True,False,False,c/crevasse/sun_agfepmviijelomju.jpg,c,crevasse,crevasse,sun_agfepmviijelomju.jpg,test_seen_loc,3884,True,102
SUN,42,closed_world_seen_test,2062,3891,194,crevasse,194,crevasse,144,cavern indoor,exact,False,False,R0009;R0058;R0089;R0127,4,True,False,False,c/crevasse/sun_aofvkahlbziujgkp.jpg,c,crevasse,crevasse,sun_aofvkahlbziujgkp.jpg,test_seen_loc,3891,True,102
SUN,42,closed_world_seen_test,2063,3885,194,crevasse,696,wave,-1,,exact,True,True,R0055;R0060;R0062;R0088;R0096;R0097;R0098;R0099;R0100;R0101,16,False,False,False,c/crevasse/sun_aiiorllkzaikirhz.jpg,c,crevasse,crevasse,sun_aiiorllkzaikirhz.jpg,test_seen_loc,3885,True,102
SUN,42,closed_world_seen_test,2064,9234,461,outhouse outdoor,414,mineshaft,-1,,exact,True,True,R0057;R0068;R0089;R0253;R0262;R0265;R0286,7,False,False,False,o/outhouse/outdoor/sun_ampngluzqiwfahwz.jpg,o,outhouse/outdoor,outdoor,sun_ampngluzqiwfahwz.jpg,test_seen_loc,9234,True,102
SUN,42,closed_world_seen_test,2065,9237,461,outhouse outdoor,402,manufactured home,-1,,exact,True,True,R0069;R0075;R0126;R0177;R0197;R0198;R0224;R0244;R0250;R0257,71,False,False,False,o/outhouse/outdoor/sun_aqgynfnsbkyghzfn.jpg,o,outhouse/outdoor,outdoor,sun_aqgynfnsbkyghzfn.jpg,test_seen_loc,9237,True,102
SUN,42,closed_world_seen_test,2066,9229,461,outhouse outdoor,480,phone booth,-1,,exact,True,True,R0033;R0120;R0202;R0224;R0246;R0253;R0269;R0274;R0300;R0301,57,False,False,False,o/outhouse/outdoor/sun_ahwrbvsrafuzqbvz.jpg,o,outhouse/outdoor,outdoor,sun_ahwrbvsrafuzqbvz.jpg,test_seen_loc,9229,True,102
SUN,42,closed_world_seen_test,2067,9230,461,outhouse outdoor,627,tent outdoor,-1,,exact,True,True,R0109;R0136;R0142;R0153;R0159;R0171;R0174;R0175;R0181;R0183,46,False,False,False,o/outhouse/outdoor/sun_aihwxnhoqhvgldmu.jpg,o,outhouse/outdoor,outdoor,sun_aihwxnhoqhvgldmu.jpg,test_seen_loc,9230,True,102
SUN,42,closed_world_seen_test,2068,5781,289,garage indoor,588,squash court,-1,,exact,True,True,R0196;R0225;R0297;R0302;R0303;R0304;R0308;R0311;R0314;R0315,235,False,False,False,g/garage/indoor/sun_abpiuxixnmzcxpue.jpg,g,garage/indoor,indoor,sun_abpiuxixnmzcxpue.jpg,test_seen_loc,5781,True,102
SUN,42,closed_world_seen_test,2069,5796,289,garage indoor,380,laundromat,-1,,exact,True,True,R0033;R0120;R0206;R0222;R0274;R0300;R0305;R0306;R0312;R0330,67,False,False,False,g/garage/indoor/sun_alxmwejtedyyrcum.jpg,g,garage/indoor,indoor,sun_alxmwejtedyyrcum.jpg,test_seen_loc,5796,True,102
SUN,42,closed_world_seen_test,2070,5794,289,garage indoor,126,candy store,-1,,exact,True,True,R0032;R0253;R0323;R0342;R0354;R0358;R0360;R0406;R0418;R0464,29,False,False,False,g/garage/indoor/sun_alpxhhjbfvrtqlxh.jpg,g,garage/indoor,indoor,sun_alpxhhjbfvrtqlxh.jpg,test_seen_loc,5794,True,102
SUN,42,closed_world_seen_test,2071,5783,289,garage indoor,86,bicycle racks,-1,,exact,True,True,R0274;R0300;R0306;R0312;R0354;R0358;R0395;R0406;R0466;R0471,56,False,False,False,g/garage/indoor/sun_acolzqgspmdkovoh.jpg,g,garage/indoor,indoor,sun_acolzqgspmdkovoh.jpg,test_seen_loc,5783,True,102
SUN,42,closed_world_seen_test,2072,11667,583,skyscraper,583,skyscraper,-1,,exact,True,True,R0148;R0154;R0162;R0183;R0216;R0228;R0240;R0241;R0244;R0254,38,False,False,False,s/skyscraper/sun_aaqshclgwiwhlbkw.jpg,s,skyscraper,skyscraper,sun_aaqshclgwiwhlbkw.jpg,test_seen_loc,11667,True,102
SUN,42,closed_world_seen_test,2073,11671,583,skyscraper,583,skyscraper,-1,,exact,True,True,R0162;R0216;R0240;R0244;R0254;R0265;R0271;R0272;R0280;R0290,27,False,False,False,s/skyscraper/sun_aatzckpwhavnnsbi.jpg,s,skyscraper,skyscraper,sun_aatzckpwhavnnsbi.jpg,test_seen_loc,11671,True,102
SUN,42,closed_world_seen_test,2074,11676,583,skyscraper,583,skyscraper,587,spillway,exact,False,False,R0321,1,True,False,False,s/skyscraper/sun_abehikbddjyqdkiz.jpg,s,skyscraper,skyscraper,sun_abehikbddjyqdkiz.jpg,test_seen_loc,11676,True,102
SUN,42,closed_world_seen_test,2075,11677,583,skyscraper,583,skyscraper,-1,,exact,True,True,R0108;R0117;R0158;R0164;R0169;R0171;R0177;R0183;R0192;R0194,92,False,False,False,s/skyscraper/sun_abhfmupcwoqjgoqx.jpg,s,skyscraper,skyscraper,sun_abhfmupcwoqjgoqx.jpg,test_seen_loc,11677,True,102
SUN,42,closed_world_seen_test,2076,272,13,amusement park,70,batters box,-1,,exact,True,True,R0026;R0036;R0041;R0042;R0044;R0045;R0048;R0051;R0061;R0112,63,False,False,False,a/amusement_park/sun_agglfhtjcrgklqxc.jpg,a,amusement_park,amusement_park,sun_agglfhtjcrgklqxc.jpg,test_seen_loc,272,True,102
SUN,42,closed_world_seen_test,2077,279,13,amusement park,373,labyrinth indoor,-1,,exact,True,True,R0089;R0127;R0227,3,False,False,False,a/amusement_park/sun_amlcmyftyevvfwhf.jpg,a,amusement_park,amusement_park,sun_amlcmyftyevvfwhf.jpg,test_seen_loc,279,True,102
SUN,42,closed_world_seen_test,2078,267,13,amusement park,86,bicycle racks,-1,,exact,True,True,R0074;R0157;R0170;R0187;R0188;R0217;R0226;R0229,8,False,False,False,a/amusement_park/sun_aczwgyukesaajxnx.jpg,a,amusement_park,amusement_park,sun_aczwgyukesaajxnx.jpg,test_seen_loc,267,True,102
SUN,42,closed_world_seen_test,2079,275,13,amusement park,52,ball pit,-1,,exact,True,True,R0089;R0154;R0203;R0236;R0239;R0261;R0285;R0286;R0292;R0306,24,False,False,False,a/amusement_park/sun_agvpwkqldosfbgbr.jpg,a,amusement_park,amusement_park,sun_agvpwkqldosfbgbr.jpg,test_seen_loc,275,True,102
SUN,42,closed_world_seen_test,2080,14024,701,wind farm,701,wind farm,-1,,exact,True,True,R0024;R0160;R0161;R0163;R0167;R0168;R0170;R0185;R0186;R0187,20,False,False,False,w/wind_farm/sun_bgfocntobwjlykek.jpg,w,wind_farm,wind_farm,sun_bgfocntobwjlykek.jpg,test_seen_loc,14024,True,102
SUN,42,closed_world_seen_test,2081,14031,701,wind farm,701,wind farm,-1,,exact,True,True,R0016;R0157;R0158;R0170;R0187;R0188;R0224;R0226;R0229;R0332,12,False,False,False,w/wind_farm/sun_boejscwmhpdniyuu.jpg,w,wind_farm,wind_farm,sun_boejscwmhpdniyuu.jpg,test_seen_loc,14031,True,102
SUN,42,closed_world_seen_test,2082,14033,701,wind farm,701,wind farm,-1,,exact,True,True,R0015;R0024;R0074;R0160;R0161;R0170;R0187;R0188;R0190;R0217,15,False,False,False,w/wind_farm/sun_bqhiormwsvatwikf.jpg,w,wind_farm,wind_farm,sun_bqhiormwsvatwikf.jpg,test_seen_loc,14033,True,102
SUN,42,closed_world_seen_test,2083,14026,701,wind farm,701,wind farm,-1,,exact,True,True,R0157;R0170;R0187;R0188;R0226;R0229;R0280;R0298;R0345,9,False,False,False,w/wind_farm/sun_bjovgycboomekyyx.jpg,w,wind_farm,wind_farm,sun_bjovgycboomekyyx.jpg,test_seen_loc,14026,True,102
SUN,42,closed_world_seen_test,2084,10607,530,recycling plant indoor,383,lecture room,-1,,exact,True,True,R0304;R0308;R0320;R0325;R0329;R0333;R0334;R0340;R0344;R0347,86,False,False,False,r/recycling_plant/indoor/sun_amjvhuadqbkscykv.jpg,r,recycling_plant/indoor,indoor,sun_amjvhuadqbkscykv.jpg,test_seen_loc,10607,True,102
SUN,42,closed_world_seen_test,2085,10606,530,recycling plant indoor,434,music store,-1,,exact,True,True,R0256;R0303;R0308;R0311;R0315;R0318;R0320;R0322;R0324;R0331,121,False,False,False,r/recycling_plant/indoor/sun_akrngyxbxoqgqbbe.jpg,r,recycling_plant/indoor,indoor,sun_akrngyxbxoqgqbbe.jpg,test_seen_loc,10606,True,102
SUN,42,closed_world_seen_test,2086,10601,530,recycling plant indoor,269,florist shop indoor,-1,,exact,True,True,R0031;R0033;R0222;R0300;R0306;R0308;R0319;R0323;R0330;R0336,128,False,False,False,r/recycling_plant/indoor/sun_afldvmksbsuwlzpn.jpg,r,recycling_plant/indoor,indoor,sun_afldvmksbsuwlzpn.jpg,test_seen_loc,10601,True,102
SUN,42,closed_world_seen_test,2087,10600,530,recycling plant indoor,373,labyrinth indoor,-1,,exact,True,True,R0297;R0302;R0304;R0308;R0311;R0315;R0318;R0319;R0320;R0322,162,False,False,False,r/recycling_plant/indoor/sun_adfhoqveuuamjyqe.jpg,r,recycling_plant/indoor,indoor,sun_adfhoqveuuamjyqe.jpg,test_seen_loc,10600,True,102
SUN,42,closed_world_seen_test,2088,10144,507,promenade,644,track outdoor,-1,,exact,True,True,R0016;R0078;R0157;R0158;R0160;R0161;R0170;R0187;R0188;R0226,12,False,False,False,p/promenade/sun_acxiinkffovgroge.jpg,p,promenade,promenade,sun_acxiinkffovgroge.jpg,test_seen_loc,10144,True,102
SUN,42,closed_world_seen_test,2089,10158,507,promenade,373,labyrinth indoor,-1,,exact,True,True,R0117;R0140;R0184;R0212;R0213;R0224;R0271;R0283;R0292;R0310,32,False,False,False,p/promenade/sun_bmxsronafujikspg.jpg,p,promenade,promenade,sun_bmxsronafujikspg.jpg,test_seen_loc,10158,True,102
SUN,42,closed_world_seen_test,2090,10153,507,promenade,430,movie theater indoor,-1,,exact,True,True,R0135;R0212;R0580,3,False,False,False,p/promenade/sun_bbqktxiabcxomoxe.jpg,p,promenade,promenade,sun_bbqktxiabcxomoxe.jpg,test_seen_loc,10153,True,102
SUN,42,closed_world_seen_test,2091,10148,507,promenade,19,aquatic theater,-1,,exact,True,True,R0046;R0093;R0173;R0191;R0197;R0233;R0245;R0282;R0414;R0423,24,False,False,False,p/promenade/sun_armeadajobpmjdot.jpg,p,promenade,promenade,sun_armeadajobpmjdot.jpg,test_seen_loc,10148,True,102
SUN,42,closed_world_seen_test,2092,8430,421,moor,277,formal garden,-1,,exact,True,True,R0027;R0058;R0063;R0070;R0071;R0076;R0077;R0078;R0080;R0082,61,False,False,False,m/moor/sun_braoujbqeitclsal.jpg,m,moor,moor,sun_braoujbqeitclsal.jpg,test_seen_loc,8430,True,102
SUN,42,closed_world_seen_test,2093,8437,421,moor,117,butte,-1,,exact,True,True,R0085;R0094;R0103;R0104;R0105;R0106;R0107;R0114;R0115;R0116,49,False,False,False,m/moor/sun_bwzsisbnduqvfecq.jpg,m,moor,moor,sun_bwzsisbnduqvfecq.jpg,test_seen_loc,8437,True,102
SUN,42,closed_world_seen_test,2094,8435,421,moor,680,volcano,-1,,exact,True,True,R0034;R0066;R0085;R0094;R0103;R0104;R0105;R0106;R0107;R0114,67,False,False,False,m/moor/sun_bublhntnfxxitafg.jpg,m,moor,moor,sun_bublhntnfxxitafg.jpg,test_seen_loc,8435,True,102
SUN,42,closed_world_seen_test,2095,8425,421,moor,427,mountain path,-1,,exact,True,True,R0066;R0070;R0080;R0082;R0085;R0091;R0094;R0103;R0104;R0105,49,False,False,False,m/moor/sun_blbwjzckgcprehyx.jpg,m,moor,moor,sun_blbwjzckgcprehyx.jpg,test_seen_loc,8425,True,102
SUN,42,closed_world_seen_test,2096,2977,148,chapel,16,apse indoor,-1,,exact,True,True,R0297;R0300;R0302;R0303;R0304;R0306;R0308;R0311;R0314;R0315,241,False,False,False,c/chapel/sun_bvxhcartmxcorarz.jpg,c,chapel,chapel,sun_bvxhcartmxcorarz.jpg,test_seen_loc,2977,True,102
SUN,42,closed_world_seen_test,2097,2965,148,chapel,666,utility room,-1,,exact,True,True,R0252;R0297;R0300;R0302;R0303;R0305;R0306;R0312;R0314;R0317,187,False,False,False,c/chapel/sun_bcqbisdkjoxugodz.jpg,c,chapel,chapel,sun_bcqbisdkjoxugodz.jpg,test_seen_loc,2965,True,102
SUN,42,closed_world_seen_test,2098,2969,148,chapel,16,apse indoor,-1,,exact,True,True,R0222;R0300;R0306;R0353;R0366;R0387;R0414;R0418;R0423;R0452,37,False,False,False,c/chapel/sun_bipvblrynxgyrutj.jpg,c,chapel,chapel,sun_bipvblrynxgyrutj.jpg,test_seen_loc,2969,True,102
SUN,42,closed_world_seen_test,2099,2973,148,chapel,16,apse indoor,-1,,exact,True,True,R0314;R0317;R0325;R0329;R0330;R0334;R0335;R0340;R0347;R0350,121,False,False,False,c/chapel/sun_bnndwhsikcnjllcn.jpg,c,chapel,chapel,sun_bnndwhsikcnjllcn.jpg,test_seen_loc,2973,True,102
SUN,42,closed_world_seen_test,2100,12033,601,street,601,street,-1,,exact,True,True,R0166;R0218;R0228;R0231;R0237;R0240;R0257;R0260;R0263;R0266,29,False,False,False,s/street/sun_abhjteqstcfyacpq.jpg,s,street,street,sun_abhjteqstcfyacpq.jpg,test_seen_loc,12033,True,102
SUN,42,closed_world_seen_test,2101,12032,601,street,583,skyscraper,-1,,exact,True,True,R0117;R0154;R0158;R0164;R0169;R0194;R0216;R0223;R0228;R0248,21,False,False,False,s/street/sun_abfelgkioejrcugp.jpg,s,street,street,sun_abfelgkioejrcugp.jpg,test_seen_loc,12032,True,102
SUN,42,closed_world_seen_test,2102,12034,601,street,283,freeway,-1,,exact,True,True,R0069;R0073;R0124;R0126;R0140;R0143;R0154;R0158;R0164;R0166,43,False,False,False,s/street/sun_abqzvytgmhripkgv.jpg,s,street,street,sun_abqzvytgmhripkgv.jpg,test_seen_loc,12034,True,102
SUN,42,closed_world_seen_test,2103,12035,601,street,601,street,-1,,exact,True,True,R0108;R0117;R0124;R0126;R0140;R0143;R0158;R0164;R0169;R0192,69,False,False,False,s/street/sun_abrsvgqwevwxdnbp.jpg,s,street,street,sun_abrsvgqwevwxdnbp.jpg,test_seen_loc,12035,True,102
SUN,42,closed_world_seen_test,2104,7366,368,kiosk indoor,126,candy store,-1,,exact,True,True,R0256;R0277;R0297;R0302;R0303;R0304;R0308;R0314;R0315;R0317,195,False,False,False,k/kiosk/indoor/sun_ajkuzzcsvilyepok.jpg,k,kiosk/indoor,indoor,sun_ajkuzzcsvilyepok.jpg,test_seen_loc,7366,True,102
SUN,42,closed_world_seen_test,2105,7367,368,kiosk indoor,49,bakery shop,-1,,exact,True,True,R0252;R0256;R0277;R0297;R0302;R0303;R0304;R0305;R0308;R0311,222,False,False,False,k/kiosk/indoor/sun_akdwjimxdsnwudsl.jpg,k,kiosk/indoor,indoor,sun_akdwjimxdsnwudsl.jpg,test_seen_loc,7367,True,102
SUN,42,closed_world_seen_test,2106,7364,368,kiosk indoor,137,casino indoor,-1,,exact,True,True,R0252;R0256;R0277;R0297;R0302;R0303;R0304;R0305;R0308;R0314,196,False,False,False,k/kiosk/indoor/sun_ailmkzylciesohty.jpg,k,kiosk/indoor,indoor,sun_ailmkzylciesohty.jpg,test_seen_loc,7364,True,102
SUN,42,closed_world_seen_test,2107,7371,368,kiosk indoor,494,playroom,-1,,exact,True,True,R0206;R0256;R0277;R0325;R0329;R0330;R0356;R0371;R0386;R0392,52,False,False,False,k/kiosk/indoor/sun_amiqqjappfifgdgu.jpg,k,kiosk/indoor,indoor,sun_amiqqjappfifgdgu.jpg,test_seen_loc,7371,True,102
SUN,42,closed_world_seen_test,2108,11691,584,slum,584,slum,-1,,exact,True,True,R0047;R0052;R0182;R0227;R0245;R0246;R0262;R0276,8,False,False,False,s/slum/sun_arphgijlmcqgezfs.jpg,s,slum,slum,sun_arphgijlmcqgezfs.jpg,test_seen_loc,11691,True,102
SUN,42,closed_world_seen_test,2109,11699,584,slum,626,tent indoor,-1,,exact,True,True,R0043;R0089;R0127;R0202;R0261;R0269;R0271;R0278;R0284;R0285,31,False,False,False,s/slum/sun_benwwwwdcpyekwgo.jpg,s,slum,slum,sun_benwwwwdcpyekwgo.jpg,test_seen_loc,11699,True,102
SUN,42,closed_world_seen_test,2110,11681,584,slum,521,railway yard,-1,,exact,True,True,R0093;R0245;R0414;R0458;R0459,5,False,False,False,s/slum/sun_aczcyculcmfwvrga.jpg,s,slum,slum,sun_aczcyculcmfwvrga.jpg,test_seen_loc,11681,True,102
SUN,42,closed_world_seen_test,2111,11694,584,slum,461,outhouse outdoor,-1,,exact,True,True,R0093;R0120;R0173;R0191;R0197;R0246;R0305;R0312;R0344;R0371,33,False,False,False,s/slum/sun_aunmqsvyxrndgmlk.jpg,s,slum,slum,sun_aunmqsvyxrndgmlk.jpg,test_seen_loc,11694,True,102
SUN,42,closed_world_seen_test,2112,1478,73,bayou,73,bayou,-1,,exact,True,True,R0027;R0054;R0063;R0070;R0071;R0072;R0076;R0077;R0080;R0081,66,False,False,False,b/bayou/sun_argixxzqacepjkmq.jpg,b,bayou,bayou,sun_argixxzqacepjkmq.jpg,test_seen_loc,1478,True,102
SUN,42,closed_world_seen_test,2113,1471,73,bayou,519,raft,-1,,exact,True,True,R0056;R0123;R0279,3,False,False,False,b/bayou/sun_ajmfizfxxtkvqzsa.jpg,b,bayou,bayou,sun_ajmfizfxxtkvqzsa.jpg,test_seen_loc,1471,True,102
SUN,42,closed_world_seen_test,2114,1470,73,bayou,73,bayou,-1,,exact,True,True,R0055;R0056;R0060;R0062;R0064;R0065;R0072;R0073;R0079;R0081,53,False,False,False,b/bayou/sun_ajkeeikqzcyucmks.jpg,b,bayou,bayou,sun_ajkeeikqzcyucmks.jpg,test_seen_loc,1470,True,102
SUN,42,closed_world_seen_test,2115,1468,73,bayou,73,bayou,-1,,exact,True,True,R0055;R0056;R0060;R0062;R0064;R0065;R0072;R0073;R0079;R0081,53,False,False,False,b/bayou/sun_ailwsjmjbvfnvaxt.jpg,b,bayou,bayou,sun_ailwsjmjbvfnvaxt.jpg,test_seen_loc,1468,True,102
SUN,42,closed_world_seen_test,2116,12473,623,temple western,159,church outdoor,-1,,exact,True,True,R0043;R0148;R0177;R0192;R0203;R0224;R0238;R0239;R0241;R0242,57,False,False,False,t/temple/western/sun_bucxqplfgkjwgjrf.jpg,t,temple/western,western,sun_bucxqplfgkjwgjrf.jpg,test_seen_loc,12473,True,102
SUN,42,closed_world_seen_test,2117,12467,623,temple western,424,mosque outdoor,-1,,exact,True,True,R0108;R0136;R0142;R0147;R0149;R0153;R0159;R0164;R0181;R0194,83,False,False,False,t/temple/western/sun_bgwyclxutravmwnp.jpg,t,temple/western,western,sun_bgwyclxutravmwnp.jpg,test_seen_loc,12467,True,102
SUN,42,closed_world_seen_test,2118,12466,623,temple western,131,caravansary,-1,,exact,True,True,R0069;R0075;R0084;R0089;R0124;R0143;R0148;R0154;R0166;R0169,44,False,False,False,t/temple/western/sun_bgwkzxvlvdxfvjje.jpg,t,temple/western,western,sun_bgwkzxvlvdxfvjje.jpg,test_seen_loc,12466,True,102
SUN,42,closed_world_seen_test,2119,12471,623,temple western,0,abbey,-1,,exact,True,True,R0260;R0273;R0280;R0288;R0293;R0294;R0295;R0298;R0321;R0343,11,False,False,False,t/temple/western/sun_bodmqufreqqlrobt.jpg,t,temple/western,western,sun_bodmqufreqqlrobt.jpg,test_seen_loc,12471,True,102
SUN,42,closed_world_seen_test,2120,10022,501,porch,402,manufactured home,-1,,exact,True,True,R0043;R0068;R0130;R0202;R0224;R0245;R0246;R0253;R0261;R0262,61,False,False,False,p/porch/sun_acmsvrcnnirdlqar.jpg,p,porch,porch,sun_acmsvrcnnirdlqar.jpg,test_seen_loc,10022,True,102
SUN,42,closed_world_seen_test,2121,10028,501,porch,475,patio,-1,,exact,True,True,R0033;R0093;R0120;R0130;R0192;R0224;R0246;R0269;R0274;R0300,68,False,False,False,p/porch/sun_axordszsykjebvpx.jpg,p,porch,porch,sun_axordszsykjebvpx.jpg,test_seen_loc,10028,True,102
SUN,42,closed_world_seen_test,2122,10024,501,porch,238,elevator lobby,-1,,exact,True,True,R0093;R0197;R0222;R0305;R0414;R0423;R0454;R0456;R0458;R0459,21,False,False,False,p/porch/sun_aggogmvsvoqepjta.jpg,p,porch,porch,sun_aggogmvsvoqepjta.jpg,test_seen_loc,10024,True,102
SUN,42,closed_world_seen_test,2123,10021,501,porch,54,bamboo forest,-1,,exact,True,True,R0202;R0464;R0483;R0500;R0511;R0565;R0575,7,False,False,False,p/porch/sun_abxbqxmbwilqtaev.jpg,p,porch,porch,sun_abxbqxmbwilqtaev.jpg,test_seen_loc,10021,True,102
SUN,42,closed_world_seen_test,2124,10862,543,river,73,bayou,-1,,exact,True,True,R0056;R0065;R0072;R0090;R0113;R0118;R0123;R0139;R0149;R0193,29,False,False,False,r/river/sun_aawrgbknzaichelh.jpg,r,river,river,sun_aawrgbknzaichelh.jpg,test_seen_loc,10862,True,102
SUN,42,closed_world_seen_test,2125,10865,543,river,274,forest needleleaf,-1,,exact,True,True,R0063;R0070;R0071;R0076;R0077;R0080;R0082;R0087;R0091;R0109,55,False,False,False,r/river/sun_abcwbwwkyytyynpk.jpg,r,river,river,sun_abcwbwwkyytyynpk.jpg,test_seen_loc,10865,True,102
SUN,42,closed_world_seen_test,2126,10871,543,river,611,swamp,-1,,exact,True,True,R0054;R0055;R0060;R0062;R0063;R0064;R0070;R0071;R0072;R0076,79,False,False,False,r/river/sun_admzoythtujleopp.jpg,r,river,river,sun_admzoythtujleopp.jpg,test_seen_loc,10871,True,102
SUN,42,closed_world_seen_test,2127,10863,543,river,73,bayou,-1,,exact,True,True,R0054;R0055;R0060;R0062;R0063;R0064;R0070;R0071;R0076;R0077,74,False,False,False,r/river/sun_aaxtzlpstustrmbe.jpg,r,river,river,sun_aaxtzlpstustrmbe.jpg,test_seen_loc,10863,True,102
SUN,42,closed_world_seen_test,2128,7893,394,loading dock,28,arrival gate outdoor,-1,,exact,True,True,R0154;R0158;R0164;R0169;R0177;R0194;R0216;R0218;R0223;R0228,34,False,False,False,l/loading_dock/sun_bibuzrvfbfkhpocv.jpg,l,loading_dock,loading_dock,sun_bibuzrvfbfkhpocv.jpg,test_seen_loc,7893,True,102
SUN,42,closed_world_seen_test,2129,7899,394,loading dock,222,doorway outdoor,-1,,exact,True,True,R0206;R0222;R0274;R0277;R0330;R0336;R0337;R0344;R0356;R0357,112,False,False,False,l/loading_dock/sun_bqjoyllodqyraggt.jpg,l,loading_dock,loading_dock,sun_bqjoyllodqyraggt.jpg,test_seen_loc,7899,True,102
SUN,42,closed_world_seen_test,2130,7896,394,loading dock,235,elevator door,-1,,exact,True,True,R0031;R0222;R0277;R0308;R0323;R0330;R0344;R0353;R0356;R0357,99,False,False,False,l/loading_dock/sun_bmltjyxsjwpihrwa.jpg,l,loading_dock,loading_dock,sun_bmltjyxsjwpihrwa.jpg,test_seen_loc,7896,True,102
SUN,42,closed_world_seen_test,2131,7894,394,loading dock,659,underwater coral reef,-1,,exact,True,True,R0146;R0173;R0184;R0191;R0198;R0213;R0233;R0259;R0261;R0262,86,False,False,False,l/loading_dock/sun_bkphvetgwimgsucn.jpg,l,loading_dock,loading_dock,sun_bkphvetgwimgsucn.jpg,test_seen_loc,7894,True,102
SUN,42,closed_world_seen_test,2132,5929,296,general store indoor,391,liquor store indoor,-1,,exact,True,True,R0297;R0300;R0302;R0303;R0304;R0306;R0308;R0311;R0314;R0315,241,False,False,False,g/general_store/indoor/sun_bjayjpxktiqiblqk.jpg,g,general_store/indoor,indoor,sun_bjayjpxktiqiblqk.jpg,test_seen_loc,5929,True,102
SUN,42,closed_world_seen_test,2133,5930,296,general store indoor,126,candy store,-1,,exact,True,True,R0252;R0297;R0300;R0302;R0303;R0304;R0305;R0306;R0308;R0311,248,False,False,False,g/general_store/indoor/sun_bkqxuwemgfvgvuqz.jpg,g,general_store/indoor,indoor,sun_bkqxuwemgfvgvuqz.jpg,test_seen_loc,5930,True,102
SUN,42,closed_world_seen_test,2134,5937,296,general store indoor,52,ball pit,-1,,exact,True,True,R0252;R0297;R0300;R0302;R0303;R0305;R0306;R0311;R0312;R0314,209,False,False,False,g/general_store/indoor/sun_brzprxznulaorwti.jpg,g,general_store/indoor,indoor,sun_brzprxznulaorwti.jpg,test_seen_loc,5937,True,102
SUN,42,closed_world_seen_test,2135,5928,296,general store indoor,706,winery,-1,,exact,True,True,R0033;R0120;R0222;R0274;R0300;R0305;R0306;R0312;R0323;R0336,97,False,False,False,g/general_store/indoor/sun_bihwqggjondnmohi.jpg,g,general_store/indoor,indoor,sun_bihwqggjondnmohi.jpg,test_seen_loc,5928,True,102
SUN,42,closed_world_seen_test,2136,12773,638,tollbooth,253,ferryboat outdoor,-1,,exact,True,True,R0236;R0239;R0261;R0271;R0285;R0292;R0307;R0494;R0506;R0507,33,False,False,False,t/tollbooth/sun_brmyljtofzsojrld.jpg,t,tollbooth,tollbooth,sun_brmyljtofzsojrld.jpg,test_seen_loc,12773,True,102
SUN,42,closed_world_seen_test,2137,12779,638,tollbooth,392,liquor store outdoor,-1,,exact,True,True,R0173;R0184;R0191;R0213;R0233;R0261;R0262;R0282;R0285;R0286,55,False,False,False,t/tollbooth/sun_bztebfeclwfbudda.jpg,t,tollbooth,tollbooth,sun_bztebfeclwfbudda.jpg,test_seen_loc,12779,True,102
SUN,42,closed_world_seen_test,2138,12776,638,tollbooth,356,jail indoor,-1,,exact,True,True,R0093;R0130;R0197;R0222;R0246;R0269;R0274;R0310;R0344;R0346,74,False,False,False,t/tollbooth/sun_byhqkhqhupokjfqe.jpg,t,tollbooth,tollbooth,sun_byhqkhqhupokjfqe.jpg,test_seen_loc,12776,True,102
SUN,42,closed_world_seen_test,2139,12767,638,tollbooth,113,bus interior,-1,,exact,True,True,R0031;R0222;R0252;R0277;R0305;R0308;R0319;R0330;R0336;R0337,130,False,False,False,t/tollbooth/sun_beykhkmklxyebzdm.jpg,t,tollbooth,tollbooth,sun_beykhkmklxyebzdm.jpg,test_seen_loc,12767,True,102
SUN,42,closed_world_seen_test,2140,8654,432,museum indoor,18,aquarium,-1,,exact,True,True,R0031;R0222;R0277;R0308;R0319;R0330;R0336;R0337;R0356;R0357,109,False,False,False,m/museum/indoor/sun_alwoocldftordtge.jpg,m,museum/indoor,indoor,sun_alwoocldftordtge.jpg,test_seen_loc,8654,True,102
SUN,42,closed_world_seen_test,2141,8642,432,museum indoor,390,limousine interior,-1,,exact,True,True,R0302;R0303;R0304;R0317;R0318;R0324;R0331;R0333;R0341;R0348,42,False,False,False,m/museum/indoor/sun_acyiluahybsljwdj.jpg,m,museum/indoor,indoor,sun_acyiluahybsljwdj.jpg,test_seen_loc,8642,True,102
SUN,42,closed_world_seen_test,2142,8643,432,museum indoor,18,aquarium,-1,,exact,True,True,R0196;R0256;R0314;R0335;R0340;R0351;R0352;R0361;R0362;R0363,75,False,False,False,m/museum/indoor/sun_adbolmmaiuggksjz.jpg,m,museum/indoor,indoor,sun_adbolmmaiuggksjz.jpg,test_seen_loc,8643,True,102
SUN,42,closed_world_seen_test,2143,8641,432,museum indoor,642,toyshop,-1,,exact,True,True,R0252;R0305;R0312;R0314;R0317;R0325;R0329;R0330;R0334;R0335,124,False,False,False,m/museum/indoor/sun_acbyhgvgrpyipsji.jpg,m,museum/indoor,indoor,sun_acbyhgvgrpyipsji.jpg,test_seen_loc,8641,True,102
SUN,42,closed_world_seen_test,2144,6423,321,hedgerow,249,fairway,-1,,exact,True,True,R0024;R0063;R0070;R0071;R0080;R0082;R0087;R0091;R0109;R0129,36,False,False,False,h/hedgerow/sun_adohmjaavtrukopm.jpg,h,hedgerow,hedgerow,sun_adohmjaavtrukopm.jpg,test_seen_loc,6423,True,102
SUN,42,closed_world_seen_test,2145,6436,321,hedgerow,468,park,-1,,exact,True,True,R0071;R0079;R0087;R0091;R0109;R0136;R0138;R0141;R0142;R0143,41,False,False,False,h/hedgerow/sun_bphyiwjqezaxqddt.jpg,h,hedgerow,hedgerow,sun_bphyiwjqezaxqddt.jpg,test_seen_loc,6436,True,102
SUN,42,closed_world_seen_test,2146,6439,321,hedgerow,227,driveway,-1,,exact,True,True,R0029;R0065;R0069;R0073;R0079;R0123;R0136;R0138;R0141;R0142,50,False,False,False,h/hedgerow/sun_bupgsbhpuiixoehu.jpg,h,hedgerow,hedgerow,sun_bupgsbhpuiixoehu.jpg,test_seen_loc,6439,True,102
SUN,42,closed_world_seen_test,2147,6420,321,hedgerow,187,cottage garden,-1,,exact,True,True,R0063;R0070;R0071;R0073;R0076;R0077;R0079;R0080;R0082;R0087,55,False,False,False,h/hedgerow/sun_aariccypjgabewuv.jpg,h,hedgerow,hedgerow,sun_aariccypjgabewuv.jpg,test_seen_loc,6420,True,102
SUN,42,closed_world_seen_test,2148,13641,682,voting booth,540,revolving door,-1,,exact,True,True,R0173;R0191;R0206;R0277;R0305;R0460;R0461;R0462;R0475;R0486,21,False,False,False,v/voting_booth/sun_adenapzsrpikzzfh.jpg,v,voting_booth,voting_booth,sun_adenapzsrpikzzfh.jpg,test_seen_loc,13641,True,102
SUN,42,closed_world_seen_test,2149,13647,682,voting booth,168,closet,-1,,exact,True,True,R0093;R0130;R0196;R0197;R0222;R0224;R0225;R0274;R0414;R0423,42,False,False,False,v/voting_booth/sun_ajtfanwgjneiqbma.jpg,v,voting_booth,voting_booth,sun_ajtfanwgjneiqbma.jpg,test_seen_loc,13647,True,102
SUN,42,closed_world_seen_test,2150,13659,682,voting booth,485,pig farm,-1,,exact,True,True,R0196;R0225;R0297;R0302;R0303;R0304;R0308;R0311;R0314;R0315,235,False,False,False,v/voting_booth/sun_aqleyaydniythjqu.jpg,v,voting_booth,voting_booth,sun_aqleyaydniythjqu.jpg,test_seen_loc,13659,True,102
SUN,42,closed_world_seen_test,2151,13649,682,voting booth,218,dock,-1,,exact,True,True,R0140;R0206;R0212;R0222;R0274;R0277;R0305;R0367;R0445;R0460,28,False,False,False,v/voting_booth/sun_aktirtrpjwygnijp.jpg,v,voting_booth,voting_booth,sun_aktirtrpjwygnijp.jpg,test_seen_loc,13649,True,102
SUN,42,closed_world_seen_test,2152,7059,352,islet,449,ocean,-1,,exact,True,True,R0054;R0055;R0060;R0062;R0064;R0072;R0081;R0083;R0086;R0088,58,False,False,False,i/islet/sun_azxigykupccpccfj.jpg,i,islet,islet,sun_azxigykupccpccfj.jpg,test_seen_loc,7059,True,102
SUN,42,closed_world_seen_test,2153,7051,352,islet,377,lake natural,-1,,exact,True,True,R0072;R0081;R0083;R0086;R0090;R0111;R0131;R0150;R0151;R0170,34,False,False,False,i/islet/sun_arfexmyzirgrfhvb.jpg,i,islet,islet,sun_arfexmyzirgrfhvb.jpg,test_seen_loc,7051,True,102
SUN,42,closed_world_seen_test,2154,7054,352,islet,49,bakery shop,-1,,exact,True,True,R0058;R0066;R0078;R0085;R0090;R0094;R0113;R0128;R0157;R0170,34,False,False,False,i/islet/sun_astvdhaxwqenkire.jpg,i,islet,islet,sun_astvdhaxwqenkire.jpg,test_seen_loc,7054,True,102
SUN,42,closed_world_seen_test,2155,7040,352,islet,352,islet,-1,,exact,True,True,R0025;R0034;R0055;R0060;R0062;R0064;R0066;R0072;R0081;R0083,52,False,False,False,i/islet/sun_acyqdciyhsnshscm.jpg,i,islet,islet,sun_acyqdciyhsnshscm.jpg,test_seen_loc,7040,True,102
SUN,42,closed_world_seen_test,2156,13818,690,waterfall block,345,iceberg,-1,,exact,True,True,R0027;R0058;R0063;R0070;R0071;R0076;R0077;R0080;R0087;R0091,44,False,False,False,w/waterfall/block/sun_avcjcyscceyddzzd.jpg,w,waterfall/block,block,sun_avcjcyscceyddzzd.jpg,test_seen_loc,13818,True,102
SUN,42,closed_world_seen_test,2157,13810,690,waterfall block,680,volcano,-1,,exact,True,True,R0034;R0085;R0094;R0103;R0104;R0105;R0106;R0107;R0114;R0115,16,False,False,False,w/waterfall/block/sun_amllmcnybcmhnqmj.jpg,w,waterfall/block,block,sun_amllmcnybcmhnqmj.jpg,test_seen_loc,13810,True,102
SUN,42,closed_world_seen_test,2158,13812,690,waterfall block,696,wave,-1,,exact,True,True,R0025;R0055;R0090;R0094;R0128;R0139;R0178;R0179;R0226;R0260,16,False,False,False,w/waterfall/block/sun_andvaoamnpthswld.jpg,w,waterfall/block,block,sun_andvaoamnpthswld.jpg,test_seen_loc,13812,True,102
SUN,42,closed_world_seen_test,2159,13808,690,waterfall block,690,waterfall block,144,cavern indoor,exact,False,False,R0009;R0034;R0076;R0077;R0103;R0104;R0105;R0106;R0107;R0114,16,True,False,False,w/waterfall/block/sun_ajupzjouciqiokpf.jpg,w,waterfall/block,block,sun_ajupzjouciqiokpf.jpg,test_seen_loc,13808,True,102
SUN,42,closed_world_seen_test,2160,7995,399,machine shop,285,furnace room,-1,,exact,True,True,R0252;R0256;R0297;R0300;R0302;R0303;R0304;R0305;R0306;R0308,227,False,False,False,m/machine_shop/sun_bqamemqgdbvhdmpc.jpg,m,machine_shop,machine_shop,sun_bqamemqgdbvhdmpc.jpg,test_seen_loc,7995,True,102
SUN,42,closed_world_seen_test,2161,7980,399,machine shop,362,junkyard,-1,,exact,True,True,R0206;R0222;R0274;R0277;R0330;R0336;R0337;R0344;R0356;R0357,112,False,False,False,m/machine_shop/sun_aemjhbvwkpahogjn.jpg,m,machine_shop,machine_shop,sun_aemjhbvwkpahogjn.jpg,test_seen_loc,7980,True,102
SUN,42,closed_world_seen_test,2162,7996,399,machine shop,87,bindery,-1,,exact,True,True,R0256;R0277;R0314;R0335;R0340;R0351;R0352;R0361;R0362;R0363,75,False,False,False,m/machine_shop/sun_buszzlglxgfjcwqv.jpg,m,machine_shop,machine_shop,sun_buszzlglxgfjcwqv.jpg,test_seen_loc,7996,True,102
SUN,42,closed_world_seen_test,2163,7986,399,machine shop,540,revolving door,-1,,exact,True,True,R0277;R0297;R0302;R0303;R0304;R0308;R0311;R0314;R0315;R0317,240,False,False,False,m/machine_shop/sun_bazobpwemjgqmvci.jpg,m,machine_shop,machine_shop,sun_bazobpwemjgqmvci.jpg,test_seen_loc,7986,True,102
SUN,42,closed_world_seen_test,2164,5601,280,foundry indoor,194,crevasse,129,car interior backseat,exact,False,False,R0033;R0306;R0323;R0330;R0336;R0337;R0354;R0366;R0371;R0375,62,True,False,False,f/foundry/indoor/sun_addidvgjatnseyje.jpg,f,foundry/indoor,indoor,sun_addidvgjatnseyje.jpg,test_seen_loc,5601,True,102
SUN,42,closed_world_seen_test,2165,5605,280,foundry indoor,280,foundry indoor,-1,,exact,True,True,R0031;R0222;R0277;R0308;R0319;R0330;R0336;R0337;R0356;R0357,88,False,False,False,f/foundry/indoor/sun_aycmwsxyjefbbtnb.jpg,f,foundry/indoor,indoor,sun_aycmwsxyjefbbtnb.jpg,test_seen_loc,5605,True,102
SUN,42,closed_world_seen_test,2166,5606,280,foundry indoor,280,foundry indoor,-1,,exact,True,True,R0256;R0277;R0297;R0302;R0303;R0304;R0308;R0311;R0314;R0315,219,False,False,False,f/foundry/indoor/sun_ayhqkhqhupokjfqe.jpg,f,foundry/indoor,indoor,sun_ayhqkhqhupokjfqe.jpg,test_seen_loc,5606,True,102
SUN,42,closed_world_seen_test,2167,5604,280,foundry indoor,280,foundry indoor,-1,,exact,True,True,R0033;R0120;R0206;R0222;R0274;R0300;R0306;R0323;R0330;R0336,97,False,False,False,f/foundry/indoor/sun_averoxbwjxdpqlqq.jpg,f,foundry/indoor,indoor,sun_averoxbwjxdpqlqq.jpg,test_seen_loc,5604,True,102
SUN,42,closed_world_seen_test,2168,6933,346,igloo,194,crevasse,-1,,exact,True,True,R0162;R0261;R0262;R0265;R0271;R0285;R0291;R0292;R0309;R0406,14,False,False,False,i/igloo/sun_alfypgemndiiefcz.jpg,i,igloo,igloo,sun_alfypgemndiiefcz.jpg,test_seen_loc,6933,True,102
SUN,42,closed_world_seen_test,2169,6928,346,igloo,346,igloo,282,fountain,exact,False,False,R0281,1,True,False,False,i/igloo/sun_agrdlyzmqfkxeyan.jpg,i,igloo,igloo,sun_agrdlyzmqfkxeyan.jpg,test_seen_loc,6928,True,102
SUN,42,closed_world_seen_test,2170,6930,346,igloo,346,igloo,-1,,exact,True,True,R0261;R0262;R0285;R0406;R0418,5,False,False,False,i/igloo/sun_ahnnzhaewggnofhi.jpg,i,igloo,igloo,sun_ahnnzhaewggnofhi.jpg,test_seen_loc,6930,True,102
SUN,42,closed_world_seen_test,2171,6923,346,igloo,346,igloo,-1,,exact,True,True,R0027;R0057;R0074;R0113;R0125;R0139;R0156;R0166;R0183;R0190,41,False,False,False,i/igloo/sun_adpugmaaugdgqmqn.jpg,i,igloo,igloo,sun_adpugmaaugdgqmqn.jpg,test_seen_loc,6923,True,102
SUN,42,closed_world_seen_test,2172,7023,351,irrigation ditch,659,underwater coral reef,-1,,exact,True,True,R0027;R0057;R0113;R0125;R0139;R0183;R0190;R0193;R0217;R0226,38,False,False,False,i/irrigation_ditch/sun_aiqpylgkjldsrcvw.jpg,i,irrigation_ditch,irrigation_ditch,sun_aiqpylgkjldsrcvw.jpg,test_seen_loc,7023,True,102
SUN,42,closed_world_seen_test,2173,7029,351,irrigation ditch,700,wheat field,-1,,exact,True,True,R0024;R0063;R0070;R0071;R0080;R0082;R0087;R0091;R0109;R0129,38,False,False,False,i/irrigation_ditch/sun_axqucrspubnabeca.jpg,i,irrigation_ditch,irrigation_ditch,sun_axqucrspubnabeca.jpg,test_seen_loc,7029,True,102
SUN,42,closed_world_seen_test,2174,7033,351,irrigation ditch,206,desert road,-1,,exact,True,True,R0024;R0160;R0161;R0171;R0247;R0258;R0267;R0270;R0275;R0279,22,False,False,False,i/irrigation_ditch/sun_bglfxxsnfkykazwz.jpg,i,irrigation_ditch,irrigation_ditch,sun_bglfxxsnfkykazwz.jpg,test_seen_loc,7033,True,102
SUN,42,closed_world_seen_test,2175,7024,351,irrigation ditch,700,wheat field,-1,,exact,True,True,R0024;R0063;R0070;R0071;R0076;R0077;R0080;R0082;R0087;R0091,61,False,False,False,i/irrigation_ditch/sun_akwnedfuryptesro.jpg,i,irrigation_ditch,irrigation_ditch,sun_akwnedfuryptesro.jpg,test_seen_loc,7024,True,102
SUN,42,closed_world_seen_test,2176,11931,596,staircase,707,witness stand,-1,,exact,True,True,R0297;R0300;R0302;R0303;R0306;R0314;R0317;R0318;R0319;R0320,182,False,False,False,s/staircase/sun_ajgkcpeyoosaagpv.jpg,s,staircase,staircase,sun_ajgkcpeyoosaagpv.jpg,test_seen_loc,11931,True,102
SUN,42,closed_world_seen_test,2177,11939,596,staircase,559,sauna,-1,,exact,True,True,R0093;R0130;R0197;R0222;R0224;R0274;R0310;R0414;R0423;R0437,47,False,False,False,s/staircase/sun_aqewkatjbspfgbnv.jpg,s,staircase,staircase,sun_aqewkatjbspfgbnv.jpg,test_seen_loc,11939,True,102
SUN,42,closed_world_seen_test,2178,11920,596,staircase,312,gymnasium indoor,-1,,exact,True,True,R0256;R0277;R0297;R0302;R0303;R0311;R0314;R0315;R0317;R0318,91,False,False,False,s/staircase/sun_aawllegdvskdsdps.jpg,s,staircase,staircase,sun_aawllegdvskdsdps.jpg,test_seen_loc,11920,True,102
SUN,42,closed_world_seen_test,2179,11923,596,staircase,630,theater indoor round,-1,,exact,True,True,R0039;R0040;R0059;R0061;R0092;R0112;R0134;R0144;R0145;R0196,245,False,False,False,s/staircase/sun_aconkvqngkvvasbe.jpg,s,staircase,staircase,sun_aconkvqngkvvasbe.jpg,test_seen_loc,11923,True,102
SUN,42,closed_world_seen_test,2180,6776,338,hunting lodge indoor,52,ball pit,-1,,exact,True,True,R0297;R0300;R0302;R0303;R0306;R0314;R0317;R0318;R0319;R0320,182,False,False,False,h/hunting_lodge/indoor/sun_bjbvtexwzxszfuga.jpg,h,hunting_lodge/indoor,indoor,sun_bjbvtexwzxszfuga.jpg,test_seen_loc,6776,True,102
SUN,42,closed_world_seen_test,2181,6773,338,hunting lodge indoor,338,hunting lodge indoor,-1,,exact,True,True,R0256;R0297;R0300;R0302;R0303;R0304;R0306;R0308;R0311;R0314,220,False,False,False,h/hunting_lodge/indoor/sun_batbhqzuoyjmmmvq.jpg,h,hunting_lodge/indoor,indoor,sun_batbhqzuoyjmmmvq.jpg,test_seen_loc,6773,True,102
SUN,42,closed_world_seen_test,2182,6769,338,hunting lodge indoor,215,dining room,-1,,exact,True,True,R0302;R0304;R0306;R0311;R0315;R0318;R0323;R0324;R0333;R0338,63,False,False,False,h/hunting_lodge/indoor/sun_anspnydwiiczkaof.jpg,h,hunting_lodge/indoor,indoor,sun_anspnydwiiczkaof.jpg,test_seen_loc,6769,True,102
SUN,42,closed_world_seen_test,2183,6762,338,hunting lodge indoor,519,raft,-1,,exact,True,True,R0297;R0300;R0302;R0303;R0304;R0306;R0308;R0311;R0314;R0315,241,False,False,False,h/hunting_lodge/indoor/sun_acrilchjozkqlhkg.jpg,h,hunting_lodge/indoor,indoor,sun_acrilchjozkqlhkg.jpg,test_seen_loc,6762,True,102
SUN,42,closed_world_seen_test,2184,3442,172,coffee shop,202,day care center,-1,,exact,True,True,R0039;R0040;R0059;R0061;R0112;R0134;R0144;R0145;R0196;R0200,113,False,False,False,c/coffee_shop/sun_affdvsukstgxprvd.jpg,c,coffee_shop,coffee_shop,sun_affdvsukstgxprvd.jpg,test_seen_loc,3442,True,102
SUN,42,closed_world_seen_test,2185,3453,172,coffee shop,434,music store,-1,,exact,True,True,R0304;R0308;R0311;R0317;R0320;R0322;R0324;R0329;R0333;R0334,127,False,False,False,c/coffee_shop/sun_bplxfzfvbtxmrjnr.jpg,c,coffee_shop,coffee_shop,sun_bplxfzfvbtxmrjnr.jpg,test_seen_loc,3453,True,102
SUN,42,closed_world_seen_test,2186,3451,172,coffee shop,383,lecture room,-1,,exact,True,True,R0300;R0304;R0306;R0308;R0311;R0314;R0315;R0317;R0320;R0322,204,False,False,False,c/coffee_shop/sun_bjlruzowqbseivyc.jpg,c,coffee_shop,coffee_shop,sun_bjlruzowqbseivyc.jpg,test_seen_loc,3451,True,102
SUN,42,closed_world_seen_test,2187,3454,172,coffee shop,373,labyrinth indoor,-1,,exact,True,True,R0196;R0225;R0297;R0302;R0303;R0304;R0308;R0311;R0314;R0315,235,False,False,False,c/coffee_shop/sun_bqpnqtzcqrfykfwg.jpg,c,coffee_shop,coffee_shop,sun_bqpnqtzcqrfykfwg.jpg,test_seen_loc,3454,True,102
SUN,42,closed_world_seen_test,2188,3984,199,dairy indoor,19,aquatic theater,-1,,exact,True,True,R0093;R0130;R0224;R0225;R0246;R0269;R0274;R0301;R0310;R0344,60,False,False,False,d/dairy/indoor/sun_ajcpyppgnmcyhqvi.jpg,d,dairy/indoor,indoor,sun_ajcpyppgnmcyhqvi.jpg,test_seen_loc,3984,True,102
SUN,42,closed_world_seen_test,2189,3985,199,dairy indoor,485,pig farm,-1,,exact,True,True,R0479;R0483;R0494;R0506;R0507;R0508;R0526;R0528;R0530;R0531,29,False,False,False,d/dairy/indoor/sun_akpeeokpjxnryfwi.jpg,d,dairy/indoor,indoor,sun_akpeeokpjxnryfwi.jpg,test_seen_loc,3985,True,102
SUN,42,closed_world_seen_test,2190,3993,199,dairy indoor,524,ranch,-1,,exact,True,True,R0033;R0053;R0068;R0162;R0261;R0262;R0265;R0285;R0292;R0406,11,False,False,False,d/dairy/indoor/sun_bfjpmaqruvvqrpxv.jpg,d,dairy/indoor,indoor,sun_bfjpmaqruvvqrpxv.jpg,test_seen_loc,3993,True,102
SUN,42,closed_world_seen_test,2191,3998,199,dairy indoor,485,pig farm,-1,,exact,True,True,R0031;R0222;R0252;R0277;R0305;R0330;R0344;R0353;R0356;R0371,61,False,False,False,d/dairy/indoor/sun_bqpscbuuymmtivwd.jpg,d,dairy/indoor,indoor,sun_bqpscbuuymmtivwd.jpg,test_seen_loc,3998,True,102
SUN,42,closed_world_seen_test,2192,810,40,auto mechanics indoor,480,phone booth,-1,,exact,True,True,R0277;R0297;R0302;R0303;R0304;R0308;R0311;R0314;R0315;R0317,240,False,False,False,a/auto_mechanics/indoor/sun_bcfwuekgprbkgyjh.jpg,a,auto_mechanics/indoor,indoor,sun_bcfwuekgprbkgyjh.jpg,test_seen_loc,810,True,102
SUN,42,closed_world_seen_test,2193,818,40,auto mechanics indoor,668,van interior,-1,,exact,True,True,R0206;R0222;R0274;R0277;R0305;R0330;R0336;R0337;R0344;R0356,114,False,False,False,a/auto_mechanics/indoor/sun_bgnazynqvwbbfoog.jpg,a,auto_mechanics/indoor,indoor,sun_bgnazynqvwbbfoog.jpg,test_seen_loc,818,True,102
SUN,42,closed_world_seen_test,2194,819,40,auto mechanics indoor,519,raft,-1,,exact,True,True,R0035;R0225;R0274;R0357;R0367;R0422;R0445;R0451;R0475;R0484,48,False,False,False,a/auto_mechanics/indoor/sun_bjagrleopvmxwnnr.jpg,a,auto_mechanics/indoor,indoor,sun_bjagrleopvmxwnnr.jpg,test_seen_loc,819,True,102
SUN,42,closed_world_seen_test,2195,814,40,auto mechanics indoor,171,cockpit,-1,,exact,True,True,R0277;R0297;R0302;R0303;R0304;R0308;R0311;R0314;R0315;R0317,240,False,False,False,a/auto_mechanics/indoor/sun_bcvjxvpcgaewdwwx.jpg,a,auto_mechanics/indoor,indoor,sun_bcvjxvpcgaewdwwx.jpg,test_seen_loc,814,True,102
SUN,42,closed_world_seen_test,2196,11914,595,stage outdoor,595,stage outdoor,-1,,exact,True,True,R0046;R0112;R0146;R0173;R0184;R0191;R0197;R0198;R0213;R0224,64,False,False,False,s/stage/outdoor/sun_blghzfzncehqaoex.jpg,s,stage/outdoor,outdoor,sun_blghzfzncehqaoex.jpg,test_seen_loc,11914,True,102
SUN,42,closed_world_seen_test,2197,11915,595,stage outdoor,136,carrousel,-1,,exact,True,True,R0130;R0146;R0192;R0224;R0233;R0239;R0245;R0246;R0261;R0269,61,False,False,False,s/stage/outdoor/sun_bnsxvxgyiwdxrbsh.jpg,s,stage/outdoor,outdoor,sun_bnsxvxgyiwdxrbsh.jpg,test_seen_loc,11915,True,102
SUN,42,closed_world_seen_test,2198,11911,595,stage outdoor,70,batters box,-1,,exact,True,True,R0018;R0028;R0108;R0117;R0135;R0158;R0164;R0169;R0192;R0194,66,False,False,False,s/stage/outdoor/sun_bihjhtcndktxbidc.jpg,s,stage/outdoor,outdoor,sun_bihjhtcndktxbidc.jpg,test_seen_loc,11911,True,102
SUN,42,closed_world_seen_test,2199,11912,595,stage outdoor,491,planetarium outdoor,-1,,exact,True,True,R0173;R0191;R0197;R0233;R0245;R0262;R0276;R0282;R0286;R0305,18,False,False,False,s/stage/outdoor/sun_bihlzfhprcudwgtz.jpg,s,stage/outdoor,outdoor,sun_bihlzfhprcudwgtz.jpg,test_seen_loc,11912,True,102
SUN,42,closed_world_seen_test,2200,4469,223,dorm room,49,bakery shop,-1,,exact,True,True,R0256;R0297;R0300;R0303;R0305;R0306;R0308;R0311;R0312;R0314,176,False,False,False,d/dorm_room/sun_beiqydbduorogvgf.jpg,d,dorm_room,dorm_room,sun_beiqydbduorogvgf.jpg,test_seen_loc,4469,True,102
SUN,42,closed_world_seen_test,2201,4461,223,dorm room,668,van interior,-1,,exact,True,True,R0256;R0297;R0302;R0303;R0306;R0314;R0317;R0318;R0325;R0330,82,False,False,False,d/dorm_room/sun_anyxwhfsjoamabog.jpg,d,dorm_room,dorm_room,sun_anyxwhfsjoamabog.jpg,test_seen_loc,4461,True,102
SUN,42,closed_world_seen_test,2202,4475,223,dorm room,80,bedroom,-1,,exact,True,True,R0277;R0297;R0302;R0303;R0304;R0308;R0311;R0314;R0315;R0317,240,False,False,False,d/dorm_room/sun_bjfzoyismqtrfvhb.jpg,d,dorm_room,dorm_room,sun_bjfzoyismqtrfvhb.jpg,test_seen_loc,4475,True,102
SUN,42,closed_world_seen_test,2203,4468,223,dorm room,703,window seat,-1,,exact,True,True,R0252;R0300;R0302;R0303;R0304;R0306;R0308;R0311;R0312;R0315,179,False,False,False,d/dorm_room/sun_bdntqenjksbwdaag.jpg,d,dorm_room,dorm_room,sun_bdntqenjksbwdaag.jpg,test_seen_loc,4468,True,102
SUN,42,closed_world_seen_test,2204,3212,160,circus tent indoor,664,underwater pool,-1,,exact,True,True,R0031;R0059;R0061;R0092;R0112;R0134;R0144;R0145;R0196;R0200,130,False,False,False,c/circus_tent/indoor/sun_aojjdpiuakytsytk.jpg,c,circus_tent/indoor,indoor,sun_aojjdpiuakytsytk.jpg,test_seen_loc,3212,True,102
SUN,42,closed_world_seen_test,2205,3208,160,circus tent indoor,160,circus tent indoor,-1,,exact,True,True,R0020;R0026;R0030;R0031;R0036;R0041;R0042;R0044;R0045;R0048,93,False,False,False,c/circus_tent/indoor/sun_akpqugbqkszaxggf.jpg,c,circus_tent/indoor,indoor,sun_akpqugbqkszaxggf.jpg,test_seen_loc,3208,True,102
SUN,42,closed_world_seen_test,2206,3203,160,circus tent indoor,485,pig farm,-1,,exact,True,True,R0031;R0222;R0277;R0408;R0409;R0442;R0460;R0461;R0462;R0469,24,False,False,False,c/circus_tent/indoor/sun_ahutbmvkjysfemiz.jpg,c,circus_tent/indoor,indoor,sun_ahutbmvkjysfemiz.jpg,test_seen_loc,3203,True,102
SUN,42,closed_world_seen_test,2207,3210,160,circus tent indoor,485,pig farm,-1,,exact,True,True,R0135;R0225;R0261;R0285;R0292;R0545;R0577,7,False,False,False,c/circus_tent/indoor/sun_amclpzsprtloyaby.jpg,c,circus_tent/indoor,indoor,sun_amclpzsprtloyaby.jpg,test_seen_loc,3210,True,102
SUN,42,closed_world_seen_test,2208,13058,652,tree farm,273,forest broadleaf,-1,,exact,True,True,R0063;R0070;R0071;R0076;R0077;R0080;R0087;R0091;R0109;R0119,48,False,False,False,t/tree_farm/sun_bnkyccofpyslgnuh.jpg,t,tree_farm,tree_farm,sun_bnkyccofpyslgnuh.jpg,test_seen_loc,13058,True,102
SUN,42,closed_world_seen_test,2209,13047,652,tree farm,652,tree farm,-1,,exact,True,True,R0063;R0070;R0071;R0076;R0077;R0080;R0082;R0087;R0091;R0109,57,False,False,False,t/tree_farm/sun_bayjdojxyhsvijcf.jpg,t,tree_farm,tree_farm,sun_bayjdojxyhsvijcf.jpg,test_seen_loc,13047,True,102
SUN,42,closed_world_seen_test,2210,13056,652,tree farm,675,veterinarians office,-1,,exact,True,True,R0027;R0063;R0070;R0071;R0076;R0077;R0080;R0087;R0091;R0109,43,False,False,False,t/tree_farm/sun_blyxbydoddvykqbv.jpg,t,tree_farm,tree_farm,sun_blyxbydoddvykqbv.jpg,test_seen_loc,13056,True,102
SUN,42,closed_world_seen_test,2211,13054,652,tree farm,541,rice paddy,-1,,exact,True,True,R0024;R0071;R0082;R0087;R0091;R0109;R0129;R0152;R0159;R0160,33,False,False,False,t/tree_farm/sun_bjjcfujbbminsvzt.jpg,t,tree_farm,tree_farm,sun_bjjcfujbbminsvzt.jpg,test_seen_loc,13054,True,102
SUN,42,closed_world_seen_test,2212,8068,403,market indoor,82,beer hall,-1,,exact,True,True,R0297;R0300;R0302;R0304;R0306;R0308;R0311;R0315;R0318;R0319,165,False,False,False,m/market/indoor/sun_bpctfhnvixooxqqd.jpg,m,market/indoor,indoor,sun_bpctfhnvixooxqqd.jpg,test_seen_loc,8068,True,102
SUN,42,closed_world_seen_test,2213,8075,403,market indoor,52,ball pit,-1,,exact,True,True,R0252;R0256;R0297;R0300;R0302;R0303;R0305;R0306;R0311;R0312,189,False,False,False,m/market/indoor/sun_bvwsbtsxqvkdyesl.jpg,m,market/indoor,indoor,sun_bvwsbtsxqvkdyesl.jpg,test_seen_loc,8075,True,102
SUN,42,closed_world_seen_test,2214,8073,403,market indoor,404,market outdoor,129,car interior backseat,exact,False,False,R0033;R0269;R0300;R0310;R0323;R0354;R0358;R0406;R0418;R0471,31,True,False,False,m/market/indoor/sun_bszzdplcvlgqbhvv.jpg,m,market/indoor,indoor,sun_bszzdplcvlgqbhvv.jpg,test_seen_loc,8073,True,102
SUN,42,closed_world_seen_test,2215,8061,403,market indoor,49,bakery shop,-1,,exact,True,True,R0252;R0256;R0277;R0297;R0302;R0303;R0305;R0314;R0315;R0317,169,False,False,False,m/market/indoor/sun_aqrgqdlvofssatit.jpg,m,market/indoor,indoor,sun_aqrgqdlvofssatit.jpg,test_seen_loc,8061,True,102
SUN,42,closed_world_seen_test,2216,4992,249,fairway,249,fairway,586,soccer field,exact,False,False,R0012;R0074;R0079;R0082;R0123;R0129;R0138;R0141;R0156;R0189,17,True,False,False,f/fairway/sun_bqrobfeezwceistc.jpg,f,fairway,fairway,sun_bqrobfeezwceistc.jpg,test_seen_loc,4992,True,102
SUN,42,closed_world_seen_test,2217,4993,249,fairway,249,fairway,586,soccer field,exact,False,False,R0012;R0020;R0037;R0042;R0044;R0049;R0074;R0079;R0123;R0136,25,True,False,False,f/fairway/sun_bqyzksazdyuxqlok.jpg,f,fairway,fairway,sun_bqyzksazdyuxqlok.jpg,test_seen_loc,4993,True,102
SUN,42,closed_world_seen_test,2218,4999,249,fairway,318,hayfield,-1,,exact,True,True,R0024;R0117;R0160;R0161;R0170;R0171;R0187;R0188;R0190;R0202,45,False,False,False,f/fairway/sun_bzqyiqfgyddocior.jpg,f,fairway,fairway,sun_bzqyiqfgyddocior.jpg,test_seen_loc,4999,True,102
SUN,42,closed_world_seen_test,2219,4984,249,fairway,249,fairway,-1,,exact,True,True,R0071;R0078;R0082;R0087;R0091;R0109;R0119;R0121;R0129;R0137,37,False,False,False,f/fairway/sun_bckxxnemhkepskof.jpg,f,fairway,fairway,sun_bckxxnemhkepskof.jpg,test_seen_loc,4984,True,102
SUN,42,closed_world_seen_test,2220,8343,417,moat dry,600,stone circle,-1,,exact,True,True,R0057;R0127,2,False,False,False,m/moat/dry/sun_bhzbbdefptwtrniv.jpg,m,moat/dry,dry,sun_bhzbbdefptwtrniv.jpg,test_seen_loc,8343,True,102
SUN,42,closed_world_seen_test,2221,8350,417,moat dry,600,stone circle,-1,,exact,True,True,R0027;R0071;R0076;R0077;R0078;R0082;R0087;R0091;R0109;R0113,41,False,False,False,m/moat/dry/sun_bocvxykuorpwagym.jpg,m,moat/dry,dry,sun_bocvxykuorpwagym.jpg,test_seen_loc,8350,True,102
SUN,42,closed_world_seen_test,2222,8349,417,moat dry,159,church outdoor,-1,,exact,True,True,R0067;R0095;R0109;R0123;R0136;R0142;R0149;R0153;R0159;R0171,54,False,False,False,m/moat/dry/sun_blobxbceiolazjtn.jpg,m,moat/dry,dry,sun_blobxbceiolazjtn.jpg,test_seen_loc,8349,True,102
SUN,42,closed_world_seen_test,2223,8359,417,moat dry,464,pagoda,-1,,exact,True,True,R0092;R0108;R0117;R0158;R0164;R0169;R0171;R0183;R0194;R0216,73,False,False,False,m/moat/dry/sun_byboptwgjnhqlqjh.jpg,m,moat/dry,dry,sun_byboptwgjnhqlqjh.jpg,test_seen_loc,8359,True,102
SUN,42,closed_world_seen_test,2224,2275,113,bus interior,668,van interior,-1,,exact,True,True,R0314;R0335;R0340;R0350;R0351;R0352;R0361;R0362;R0363;R0368,85,False,False,False,b/bus_interior/sun_ahunbgtsnwcozyze.jpg,b,bus_interior,bus_interior,sun_ahunbgtsnwcozyze.jpg,test_seen_loc,2275,True,102
SUN,42,closed_world_seen_test,2225,2277,113,bus interior,113,bus interior,-1,,exact,True,True,R0039;R0040;R0061;R0092;R0134;R0302;R0303;R0304;R0306;R0311,94,False,False,False,b/bus_interior/sun_akoqarkgeobrmcmi.jpg,b,bus_interior,bus_interior,sun_akoqarkgeobrmcmi.jpg,test_seen_loc,2277,True,102
SUN,42,closed_world_seen_test,2226,2279,113,bus interior,668,van interior,-1,,exact,True,True,R0031;R0033;R0222;R0308;R0319;R0323;R0330;R0336;R0337;R0356,89,False,False,False,b/bus_interior/sun_alharewbbgteazev.jpg,b,bus_interior,bus_interior,sun_alharewbbgteazev.jpg,test_seen_loc,2279,True,102
SUN,42,closed_world_seen_test,2227,2270,113,bus interior,668,van interior,-1,,exact,True,True,R0033;R0120;R0274;R0300;R0306;R0323;R0354;R0366;R0406;R0418,44,False,False,False,b/bus_interior/sun_adwjoegdbjbljbpg.jpg,b,bus_interior,bus_interior,sun_adwjoegdbjbljbpg.jpg,test_seen_loc,2270,True,102
SUN,42,closed_world_seen_test,2228,8789,439,newsstand outdoor,136,carrousel,-1,,exact,True,True,R0043;R0093;R0146;R0173;R0182;R0191;R0197;R0233;R0245;R0246,50,False,False,False,n/newsstand/outdoor/sun_axbornrwjuszkgdx.jpg,n,newsstand/outdoor,outdoor,sun_axbornrwjuszkgdx.jpg,test_seen_loc,8789,True,102
SUN,42,closed_world_seen_test,2229,8794,439,newsstand outdoor,182,convenience store indoor,-1,,exact,True,True,R0252;R0256;R0297;R0300;R0302;R0303;R0305;R0306;R0312;R0314,177,False,False,False,n/newsstand/outdoor/sun_bojmwbcurqsabaoj.jpg,n,newsstand/outdoor,outdoor,sun_bojmwbcurqsabaoj.jpg,test_seen_loc,8794,True,102
SUN,42,closed_world_seen_test,2230,8796,439,newsstand outdoor,478,pet shop,-1,,exact,True,True,R0252;R0256;R0297;R0300;R0302;R0303;R0305;R0306;R0311;R0312,189,False,False,False,n/newsstand/outdoor/sun_brlzpynuibnekmee.jpg,n,newsstand/outdoor,outdoor,sun_brlzpynuibnekmee.jpg,test_seen_loc,8796,True,102
SUN,42,closed_world_seen_test,2231,8791,439,newsstand outdoor,480,phone booth,-1,,exact,True,True,R0146;R0191;R0198;R0233;R0239;R0259;R0282;R0284;R0299;R0305,42,False,False,False,n/newsstand/outdoor/sun_bhzcrhpenzckollr.jpg,n,newsstand/outdoor,outdoor,sun_bhzcrhpenzckollr.jpg,test_seen_loc,8791,True,102
SUN,42,closed_world_seen_test,2232,9138,456,optician,168,closet,-1,,exact,True,True,R0256;R0297;R0302;R0303;R0304;R0311;R0314;R0315;R0317;R0318,125,False,False,False,o/optician/sun_bqzravnaoxwynpdm.jpg,o,optician,optician,sun_bqzravnaoxwynpdm.jpg,test_seen_loc,9138,True,102
SUN,42,closed_world_seen_test,2233,9124,456,optician,675,veterinarians office,-1,,exact,True,True,R0252;R0300;R0302;R0304;R0306;R0308;R0311;R0312;R0315;R0318,116,False,False,False,o/optician/sun_aigfpwlupsmsavhv.jpg,o,optician,optician,sun_aigfpwlupsmsavhv.jpg,test_seen_loc,9124,True,102
SUN,42,closed_world_seen_test,2234,9121,456,optician,540,revolving door,-1,,exact,True,True,R0252;R0305;R0312;R0314;R0317;R0325;R0329;R0330;R0334;R0335,124,False,False,False,o/optician/sun_abfymxvyxnkqdtbz.jpg,o,optician,optician,sun_abfymxvyxnkqdtbz.jpg,test_seen_loc,9121,True,102
SUN,42,closed_world_seen_test,2235,9139,456,optician,391,liquor store indoor,-1,,exact,True,True,R0277;R0297;R0302;R0303;R0304;R0308;R0311;R0314;R0315;R0317,240,False,False,False,o/optician/sun_buyhdvbmjyyojzhn.jpg,o,optician,optician,sun_buyhdvbmjyyojzhn.jpg,test_seen_loc,9139,True,102
SUN,42,closed_world_seen_test,2236,12369,618,tearoom,535,restaurant,-1,,exact,True,True,R0252;R0297;R0300;R0302;R0303;R0304;R0305;R0306;R0308;R0311,248,False,False,False,t/tearoom/sun_dayqsjepewfimvzz.jpg,t,tearoom,tearoom,sun_dayqsjepewfimvzz.jpg,test_seen_loc,12369,True,102
SUN,42,closed_world_seen_test,2237,12374,618,tearoom,269,florist shop indoor,-1,,exact,True,True,R0252;R0297;R0300;R0302;R0304;R0305;R0306;R0308;R0311;R0312,172,False,False,False,t/tearoom/sun_dkfxmdywhqqsbdqu.jpg,t,tearoom,tearoom,sun_dkfxmdywhqqsbdqu.jpg,test_seen_loc,12374,True,102
SUN,42,closed_world_seen_test,2238,12378,618,tearoom,450,office,-1,,exact,True,True,R0093;R0130;R0197;R0246;R0252;R0269;R0300;R0304;R0305;R0306,150,False,False,False,t/tearoom/sun_dukooyndguhwudmx.jpg,t,tearoom,tearoom,sun_dukooyndguhwudmx.jpg,test_seen_loc,12378,True,102
SUN,42,closed_world_seen_test,2239,12363,618,tearoom,269,florist shop indoor,-1,,exact,True,True,R0297;R0300;R0302;R0304;R0306;R0308;R0311;R0315;R0318;R0319,165,False,False,False,t/tearoom/sun_bghpbweontbtrams.jpg,t,tearoom,tearoom,sun_bghpbweontbtrams.jpg,test_seen_loc,12363,True,102
SUN,42,closed_world_seen_test,2240,3645,182,convenience store indoor,391,liquor store indoor,-1,,exact,True,True,R0252;R0277;R0297;R0302;R0303;R0304;R0305;R0308;R0314;R0315,217,False,False,False,c/convenience_store/indoor/sun_altpnuzstakbgjji.jpg,c,convenience_store/indoor,indoor,sun_altpnuzstakbgjji.jpg,test_seen_loc,3645,True,102
SUN,42,closed_world_seen_test,2241,3644,182,convenience store indoor,391,liquor store indoor,-1,,exact,True,True,R0252;R0256;R0297;R0300;R0302;R0303;R0305;R0306;R0312;R0314,168,False,False,False,c/convenience_store/indoor/sun_akjboqtabzccyzmj.jpg,c,convenience_store/indoor,indoor,sun_akjboqtabzccyzmj.jpg,test_seen_loc,3644,True,102
SUN,42,closed_world_seen_test,2242,3657,182,convenience store indoor,391,liquor store indoor,-1,,exact,True,True,R0252;R0277;R0297;R0302;R0303;R0305;R0314;R0317;R0318;R0319,179,False,False,False,c/convenience_store/indoor/sun_bholwqmriqextqeb.jpg,c,convenience_store/indoor,indoor,sun_bholwqmriqextqeb.jpg,test_seen_loc,3657,True,102
SUN,42,closed_world_seen_test,2243,3651,182,convenience store indoor,391,liquor store indoor,-1,,exact,True,True,R0256;R0277;R0305;R0314;R0335;R0340;R0351;R0352;R0361;R0362,76,False,False,False,c/convenience_store/indoor/sun_bcwbxoqkmimcnupk.jpg,c,convenience_store/indoor,indoor,sun_bcwbxoqkmimcnupk.jpg,test_seen_loc,3651,True,102
SUN,42,closed_world_seen_test,2244,10888,544,road cut,206,desert road,-1,,exact,True,True,R0066;R0085;R0117;R0121;R0137;R0163;R0165;R0167;R0168;R0170,45,False,False,False,r/road_cut/sun_bjlcqhrahukcfbyv.jpg,r,road_cut,road_cut,sun_bjlcqhrahukcfbyv.jpg,test_seen_loc,10888,True,102
SUN,42,closed_world_seen_test,2245,10891,544,road cut,255,field road,-1,,exact,True,True,R0024;R0063;R0070;R0071;R0080;R0082;R0087;R0091;R0109;R0129,49,False,False,False,r/road_cut/sun_bmbuwraroqoeabxm.jpg,r,road_cut,road_cut,sun_bmbuwraroqoeabxm.jpg,test_seen_loc,10891,True,102
SUN,42,closed_world_seen_test,2246,10898,544,road cut,544,road cut,-1,,exact,True,True,R0058;R0066;R0078;R0085;R0094;R0103;R0104;R0105;R0106;R0107,59,False,False,False,r/road_cut/sun_bxycueaorhiyakot.jpg,r,road_cut,road_cut,sun_bxycueaorhiyakot.jpg,test_seen_loc,10898,True,102
SUN,42,closed_world_seen_test,2247,10892,544,road cut,544,road cut,-1,,exact,True,True,R0066;R0085;R0094;R0103;R0104;R0105;R0106;R0107;R0114;R0115,42,False,False,False,r/road_cut/sun_bouuelngzfsextih.jpg,r,road_cut,road_cut,sun_bouuelngzfsextih.jpg,test_seen_loc,10892,True,102
SUN,42,closed_world_seen_test,2248,13212,660,underwater ice,660,underwater ice,-1,,exact,True,True,R0353;R0454,2,False,False,False,u/underwater/ice/sun_brpdadcpmszcqhtd.jpg,u,underwater/ice,ice,sun_brpdadcpmszcqhtd.jpg,test_seen_loc,13212,True,102
SUN,42,closed_world_seen_test,2249,13214,660,underwater ice,660,underwater ice,-1,,exact,True,True,R0055;R0060;R0062;R0088;R0096;R0097;R0098;R0099;R0100;R0101,17,False,False,False,u/underwater/ice/sun_btgstmecfzbdpslt.jpg,u,underwater/ice,ice,sun_btgstmecfzbdpslt.jpg,test_seen_loc,13214,True,102
SUN,42,closed_world_seen_test,2250,13218,660,underwater ice,660,underwater ice,661,underwater kelp forest,exact,False,False,R0007;R0309;R0355;R0441,4,True,False,False,u/underwater/ice/sun_byofwagxdwayxbsd.jpg,u,underwater/ice,ice,sun_byofwagxdwayxbsd.jpg,test_seen_loc,13218,True,102
SUN,42,closed_world_seen_test,2251,13205,660,underwater ice,660,underwater ice,661,underwater kelp forest,exact,False,False,R0003;R0007;R0011;R0265,4,True,False,False,u/underwater/ice/sun_bjdijhavizlbtndd.jpg,u,underwater/ice,ice,sun_bjdijhavizlbtndd.jpg,test_seen_loc,13205,True,102
SUN,42,closed_world_seen_test,2252,7158,355,jail cell,575,shower,-1,,exact,True,True,R0252;R0297;R0300;R0302;R0303;R0305;R0306;R0311;R0312;R0314,197,False,False,False,j/jail_cell/sun_apyzerygyhldafbk.jpg,j,jail_cell,jail_cell,sun_apyzerygyhldafbk.jpg,test_seen_loc,7158,True,102
SUN,42,closed_world_seen_test,2253,7150,355,jail cell,485,pig farm,-1,,exact,True,True,R0032;R0300;R0308;R0320;R0322;R0324;R0341;R0342;R0354;R0357,42,False,False,False,j/jail_cell/sun_alebmrufxkmvdazd.jpg,j,jail_cell,jail_cell,sun_alebmrufxkmvdazd.jpg,test_seen_loc,7150,True,102
SUN,42,closed_world_seen_test,2254,7151,355,jail cell,485,pig farm,199,dairy indoor,exact,False,False,R0511,1,True,False,False,j/jail_cell/sun_amfndhbwqkxwoufh.jpg,j,jail_cell,jail_cell,sun_amfndhbwqkxwoufh.jpg,test_seen_loc,7151,True,102
SUN,42,closed_world_seen_test,2255,7156,355,jail cell,129,car interior backseat,-1,,exact,True,True,R0302;R0303;R0304;R0308;R0311;R0315;R0317;R0318;R0319;R0320,171,False,False,False,j/jail_cell/sun_apfwutkuzrbhhwtf.jpg,j,jail_cell,jail_cell,sun_apfwutkuzrbhhwtf.jpg,test_seen_loc,7156,True,102
SUN,42,closed_world_seen_test,2256,3903,195,crosswalk,195,crosswalk,-1,,exact,True,True,R0069;R0073;R0124;R0126;R0143;R0154;R0158;R0164;R0166;R0169,39,False,False,False,c/crosswalk/sun_afwovdqtzxiknmyu.jpg,c,crosswalk,crosswalk,sun_afwovdqtzxiknmyu.jpg,test_seen_loc,3903,True,102
SUN,42,closed_world_seen_test,2257,3907,195,crosswalk,18,aquarium,-1,,exact,True,True,R0043;R0046;R0069;R0126;R0146;R0182;R0196;R0197;R0198;R0242,42,False,False,False,c/crosswalk/sun_ahsnsknvixxtdyka.jpg,c,crosswalk,crosswalk,sun_ahsnsknvixxtdyka.jpg,test_seen_loc,3907,True,102
SUN,42,closed_world_seen_test,2258,3905,195,crosswalk,1,access road,-1,,exact,True,True,R0124;R0154;R0158;R0166;R0169;R0197;R0212;R0216;R0248;R0250,26,False,False,False,c/crosswalk/sun_agtkvokngocuxpak.jpg,c,crosswalk,crosswalk,sun_agtkvokngocuxpak.jpg,test_seen_loc,3905,True,102
SUN,42,closed_world_seen_test,2259,3913,195,crosswalk,434,music store,586,soccer field,exact,False,False,R0012;R0013;R0079;R0108;R0136;R0141;R0142;R0153;R0159;R0164,69,True,False,False,c/crosswalk/sun_almrdmqphdlabxsv.jpg,c,crosswalk,crosswalk,sun_almrdmqphdlabxsv.jpg,test_seen_loc,3913,True,102
SUN,42,closed_world_seen_test,2260,6919,345,iceberg,345,iceberg,-1,,exact,True,True,R0025;R0055;R0060;R0062;R0064;R0066;R0081;R0083;R0085;R0086,79,False,False,False,i/iceberg/sun_akmxfdsfynynzzua.jpg,i,iceberg,iceberg,sun_akmxfdsfynynzzua.jpg,test_seen_loc,6919,True,102
SUN,42,closed_world_seen_test,2261,6910,345,iceberg,345,iceberg,-1,,exact,True,True,R0019;R0060;R0096;R0097;R0098;R0099;R0100;R0101;R0102;R0127,13,False,False,False,i/iceberg/sun_afwmfngkxlpspohn.jpg,i,iceberg,iceberg,sun_afwmfngkxlpspohn.jpg,test_seen_loc,6910,True,102
SUN,42,closed_world_seen_test,2262,6904,345,iceberg,345,iceberg,-1,,exact,True,True,R0019;R0054;R0060;R0096;R0097;R0098;R0099;R0100;R0101;R0102,17,False,False,False,i/iceberg/sun_acmookakxdyzfkge.jpg,i,iceberg,iceberg,sun_acmookakxdyzfkge.jpg,test_seen_loc,6904,True,102
SUN,42,closed_world_seen_test,2263,6915,345,iceberg,345,iceberg,-1,,exact,True,True,R0025;R0058;R0066;R0088;R0094;R0128;R0139;R0178;R0179;R0193,27,False,False,False,i/iceberg/sun_ahgpuyjjaigczdjf.jpg,i,iceberg,iceberg,sun_ahgpuyjjaigczdjf.jpg,test_seen_loc,6915,True,102
SUN,42,closed_world_seen_test,2264,8752,437,naval base,454,oilrig,-1,,exact,True,True,R0038;R0124;R0139;R0140;R0166;R0216;R0220;R0250;R0255;R0290,11,False,False,False,n/naval_base/sun_bqvqcyhgxdszgktj.jpg,n,naval_base,naval_base,sun_bqvqcyhgxdszgktj.jpg,test_seen_loc,8752,True,102
SUN,42,closed_world_seen_test,2265,8747,437,naval base,437,naval base,-1,,exact,True,True,R0064;R0083;R0086;R0110;R0250;R0264;R0313;R0321;R0498;R0509,15,False,False,False,n/naval_base/sun_blrzdghlldagizwv.jpg,n,naval_base,naval_base,sun_blrzdghlldagizwv.jpg,test_seen_loc,8747,True,102
SUN,42,closed_world_seen_test,2266,8746,437,naval base,437,naval base,614,swimming pool outdoor,exact,False,False,R0014;R0081,2,True,False,False,n/naval_base/sun_blbrctizoamdioth.jpg,n,naval_base,naval_base,sun_blbrctizoamdioth.jpg,test_seen_loc,8746,True,102
SUN,42,closed_world_seen_test,2267,8748,437,naval base,437,naval base,-1,,exact,True,True,R0064;R0081;R0083;R0086;R0096;R0097;R0098;R0099;R0100;R0101,25,False,False,False,n/naval_base/sun_blvjdmffmuxlvzqe.jpg,n,naval_base,naval_base,sun_blvjdmffmuxlvzqe.jpg,test_seen_loc,8748,True,102
SUN,42,closed_world_seen_test,2268,2006,100,bow window outdoor,402,manufactured home,-1,,exact,True,True,R0069;R0075;R0136;R0198;R0235;R0237;R0244;R0247;R0259;R0261,83,False,False,False,b/bow_window/outdoor/sun_agljbcnpskfdirxx.jpg,b,bow_window/outdoor,outdoor,sun_agljbcnpskfdirxx.jpg,test_seen_loc,2006,True,102
SUN,42,closed_world_seen_test,2269,2012,100,bow window outdoor,480,phone booth,-1,,exact,True,True,R0043;R0069;R0075;R0093;R0126;R0130;R0146;R0177;R0197;R0198,136,False,False,False,b/bow_window/outdoor/sun_ajufofzhwjvrxkgo.jpg,b,bow_window/outdoor,outdoor,sun_ajufofzhwjvrxkgo.jpg,test_seen_loc,2012,True,102
SUN,42,closed_world_seen_test,2270,2015,100,bow window outdoor,402,manufactured home,-1,,exact,True,True,R0043;R0069;R0075;R0093;R0146;R0148;R0177;R0197;R0198;R0241,60,False,False,False,b/bow_window/outdoor/sun_aqorlaxzrqoixeha.jpg,b,bow_window/outdoor,outdoor,sun_aqorlaxzrqoixeha.jpg,test_seen_loc,2015,True,102
SUN,42,closed_world_seen_test,2271,2013,100,bow window outdoor,491,planetarium outdoor,-1,,exact,True,True,R0052;R0093;R0130;R0146;R0173;R0184;R0191;R0197;R0198;R0213,113,False,False,False,b/bow_window/outdoor/sun_allvqyrbwzsfrrcf.jpg,b,bow_window/outdoor,outdoor,sun_allvqyrbwzsfrrcf.jpg,test_seen_loc,2013,True,102
SUN,42,closed_world_seen_test,2272,10548,527,reception,269,florist shop indoor,-1,,exact,True,True,R0252;R0277;R0305;R0314;R0317;R0325;R0329;R0330;R0334;R0335,124,False,False,False,r/reception/sun_ajnqvbaeitophgyh.jpg,r,reception,reception,sun_ajnqvbaeitophgyh.jpg,test_seen_loc,10548,True,102
SUN,42,closed_world_seen_test,2273,10540,527,reception,160,circus tent indoor,-1,,exact,True,True,R0206;R0277;R0330;R0499;R0536,5,False,False,False,r/reception/sun_aaglyomnhjbieqht.jpg,r,reception,reception,sun_aaglyomnhjbieqht.jpg,test_seen_loc,10540,True,102
SUN,42,closed_world_seen_test,2274,10547,527,reception,354,jacuzzi outdoor,-1,,exact,True,True,R0314;R0335;R0340;R0350;R0351;R0352;R0361;R0362;R0363;R0368,85,False,False,False,r/reception/sun_ahhjejflkspgolje.jpg,r,reception,reception,sun_ahhjejflkspgolje.jpg,test_seen_loc,10547,True,102
SUN,42,closed_world_seen_test,2275,10544,527,reception,354,jacuzzi outdoor,-1,,exact,True,True,R0196;R0206;R0350;R0393;R0400;R0417;R0421;R0429;R0430;R0431,40,False,False,False,r/reception/sun_ageonzxrqfqtaely.jpg,r,reception,reception,sun_ageonzxrqfqtaely.jpg,test_seen_loc,10544,True,102
SUN,42,closed_world_seen_test,2276,12495,624,tennis court indoor,624,tennis court indoor,-1,,exact,True,True,R0026;R0036;R0040;R0041;R0044;R0045;R0048;R0051;R0092;R0112,60,False,False,False,t/tennis_court/indoor/sun_dspxeqivahldmbic.jpg,t,tennis_court/indoor,indoor,sun_dspxeqivahldmbic.jpg,test_seen_loc,12495,True,102
SUN,42,closed_world_seen_test,2277,12490,624,tennis court indoor,625,tennis court outdoor,-1,,exact,True,True,R0020;R0026;R0030;R0036;R0041;R0042;R0044;R0045;R0048;R0051,95,False,False,False,t/tennis_court/indoor/sun_dmmnunpyeklsqxbd.jpg,t,tennis_court/indoor,indoor,sun_dmmnunpyeklsqxbd.jpg,test_seen_loc,12490,True,102
SUN,42,closed_world_seen_test,2278,12487,624,tennis court indoor,625,tennis court outdoor,-1,,exact,True,True,R0020;R0026;R0030;R0036;R0041;R0042;R0044;R0045;R0048;R0051,100,False,False,False,t/tennis_court/indoor/sun_dgmxkhiyupytmhnw.jpg,t,tennis_court/indoor,indoor,sun_dgmxkhiyupytmhnw.jpg,test_seen_loc,12487,True,102
SUN,42,closed_world_seen_test,2279,12499,624,tennis court indoor,624,tennis court indoor,-1,,exact,True,True,R0020;R0026;R0030;R0036;R0039;R0040;R0041;R0042;R0044;R0045,253,False,False,False,t/tennis_court/indoor/sun_dygifieuigsylfeo.jpg,t,tennis_court/indoor,indoor,sun_dygifieuigsylfeo.jpg,test_seen_loc,12499,True,102
SUN,42,closed_world_seen_test,2280,12883,644,track outdoor,644,track outdoor,586,soccer field,exact,False,False,R0012;R0023;R0037;R0044;R0049;R0056;R0067;R0123;R0136;R0142,41,True,False,False,t/track/outdoor/sun_adonzgsfphhcfyxt.jpg,t,track/outdoor,outdoor,sun_adonzgsfphhcfyxt.jpg,test_seen_loc,12883,True,102
SUN,42,closed_world_seen_test,2281,12892,644,track outdoor,373,labyrinth indoor,586,soccer field,exact,False,False,R0012;R0056;R0067;R0123;R0136;R0138;R0142;R0147;R0153;R0159,27,True,False,False,t/track/outdoor/sun_aogfueenyswxzidp.jpg,t,track/outdoor,outdoor,sun_aogfueenyswxzidp.jpg,test_seen_loc,12892,True,102
SUN,42,closed_world_seen_test,2282,12891,644,track outdoor,625,tennis court outdoor,-1,,exact,True,True,R0021;R0044;R0117;R0170;R0187;R0188;R0202;R0229;R0247;R0269,31,False,False,False,t/track/outdoor/sun_anqfpciktenertpp.jpg,t,track/outdoor,outdoor,sun_anqfpciktenertpp.jpg,test_seen_loc,12891,True,102
SUN,42,closed_world_seen_test,2283,12889,644,track outdoor,644,track outdoor,-1,,exact,True,True,R0021;R0036;R0044;R0045;R0050;R0051;R0092;R0247,8,False,False,False,t/track/outdoor/sun_ammcheeazyqadzgv.jpg,t,track/outdoor,outdoor,sun_ammcheeazyqadzgv.jpg,test_seen_loc,12889,True,102
SUN,42,closed_world_seen_test,2284,7966,398,lookout station outdoor,454,oilrig,-1,,exact,True,True,R0089;R0262;R0265;R0286,4,False,False,False,l/lookout_station/outdoor/sun_afqsmvgzcguygwtj.jpg,l,lookout_station/outdoor,outdoor,sun_afqsmvgzcguygwtj.jpg,test_seen_loc,7966,True,102
SUN,42,closed_world_seen_test,2285,7979,398,lookout station outdoor,491,planetarium outdoor,-1,,exact,True,True,R0065;R0067;R0074;R0095;R0109;R0123;R0138;R0149;R0183;R0190,36,False,False,False,l/lookout_station/outdoor/sun_blswidotjgoehkcd.jpg,l,lookout_station/outdoor,outdoor,sun_blswidotjgoehkcd.jpg,test_seen_loc,7979,True,102
SUN,42,closed_world_seen_test,2286,7967,398,lookout station outdoor,354,jacuzzi outdoor,-1,,exact,True,True,R0091;R0094;R0103;R0104;R0105;R0106;R0107;R0114;R0115;R0116,54,False,False,False,l/lookout_station/outdoor/sun_aksnjriumvwbbnxq.jpg,l,lookout_station/outdoor,outdoor,sun_aksnjriumvwbbnxq.jpg,test_seen_loc,7967,True,102
SUN,42,closed_world_seen_test,2287,7961,398,lookout station outdoor,86,bicycle racks,-1,,exact,True,True,R0085;R0121;R0137;R0163;R0167;R0168;R0170;R0185;R0186;R0187,13,False,False,False,l/lookout_station/outdoor/sun_abqkazfktcdkhrxy.jpg,l,lookout_station/outdoor,outdoor,sun_abqkazfktcdkhrxy.jpg,test_seen_loc,7961,True,102
SUN,42,closed_world_seen_test,2288,6671,333,hot tub outdoor,485,pig farm,125,canal urban,fallback,False,False,,0,True,False,False,h/hot_tub/outdoor/sun_bfozvdelwolgkiii.jpg,h,hot_tub/outdoor,outdoor,sun_bfozvdelwolgkiii.jpg,test_seen_loc,6671,True,102
SUN,42,closed_world_seen_test,2289,6665,333,hot tub outdoor,332,hot tub indoor,-1,,exact,True,True,R0014;R0017;R0019;R0093;R0196;R0197;R0222;R0414;R0423;R0454,23,False,False,False,h/hot_tub/outdoor/sun_apkevgydstxqtuky.jpg,h,hot_tub/outdoor,outdoor,sun_apkevgydstxqtuky.jpg,test_seen_loc,6665,True,102
SUN,42,closed_world_seen_test,2290,6674,333,hot tub outdoor,332,hot tub indoor,-1,,exact,True,True,R0014;R0017;R0019;R0173;R0191;R0196;R0197;R0498;R0509;R0519,14,False,False,False,h/hot_tub/outdoor/sun_bhawrvznsyfukqjb.jpg,h,hot_tub/outdoor,outdoor,sun_bhawrvznsyfukqjb.jpg,test_seen_loc,6674,True,102
SUN,42,closed_world_seen_test,2291,6666,333,hot tub outdoor,332,hot tub indoor,-1,,exact,True,True,R0093;R0197;R0222;R0305;R0344;R0371;R0386;R0414;R0417;R0423,30,False,False,False,h/hot_tub/outdoor/sun_baftvelcelybxkhs.jpg,h,hot_tub/outdoor,outdoor,sun_baftvelcelybxkhs.jpg,test_seen_loc,6666,True,102
SUN,42,closed_world_seen_test,2292,12836,641,town house,125,canal urban,-1,,exact,True,True,R0038;R0125;R0139;R0158;R0169;R0183;R0216;R0217;R0226;R0248,19,False,False,False,t/town_house/sun_bcxeuvrvuyghuuje.jpg,t,town_house,town_house,sun_bcxeuvrvuyghuuje.jpg,test_seen_loc,12836,True,102
SUN,42,closed_world_seen_test,2293,12839,641,town house,345,iceberg,-1,,exact,True,True,R0109;R0113;R0139;R0149;R0166;R0183;R0190;R0228;R0240;R0241,28,False,False,False,t/town_house/sun_boujihreqfruwlhx.jpg,t,town_house,town_house,sun_boujihreqfruwlhx.jpg,test_seen_loc,12839,True,102
SUN,42,closed_world_seen_test,2294,12830,641,town house,402,manufactured home,-1,,exact,True,True,R0148;R0203;R0239;R0241;R0286;R0312;R0355;R0441,8,False,False,False,t/town_house/sun_atkubyevljfgrrna.jpg,t,town_house,town_house,sun_atkubyevljfgrrna.jpg,test_seen_loc,12830,True,102
SUN,42,closed_world_seen_test,2295,12837,641,town house,337,house,-1,,exact,True,True,R0029;R0136;R0138;R0142;R0147;R0149;R0153;R0159;R0166;R0181,35,False,False,False,t/town_house/sun_bmvifrinxftwbklk.jpg,t,town_house,town_house,sun_bmvifrinxftwbklk.jpg,test_seen_loc,12837,True,102
SUN,42,closed_world_seen_test,2296,9678,483,picnic area,483,picnic area,-1,,exact,True,True,R0015;R0056;R0074;R0079;R0123;R0135;R0136;R0138;R0141;R0142,22,False,False,False,p/picnic_area/sun_bvlntwomklczekkx.jpg,p,picnic_area,picnic_area,sun_bvlntwomklczekkx.jpg,test_seen_loc,9678,True,102
SUN,42,closed_world_seen_test,2297,9672,483,picnic area,464,pagoda,-1,,exact,True,True,R0198;R0202;R0259;R0261;R0262;R0285;R0300;R0323;R0354;R0406,26,False,False,False,p/picnic_area/sun_bjhgvyjxbittcqwg.jpg,p,picnic_area,picnic_area,sun_bjhgvyjxbittcqwg.jpg,test_seen_loc,9672,True,102
SUN,42,closed_world_seen_test,2298,9661,483,picnic area,73,bayou,-1,,exact,True,True,R0056;R0065;R0072;R0081;R0082;R0083;R0086;R0090;R0111;R0123,35,False,False,False,p/picnic_area/sun_adylpkhaffivcnvi.jpg,p,picnic_area,picnic_area,sun_adylpkhaffivcnvi.jpg,test_seen_loc,9661,True,102
SUN,42,closed_world_seen_test,2299,9663,483,picnic area,483,picnic area,-1,,exact,True,True,R0202;R0261;R0269;R0285;R0310;R0528;R0535;R0537;R0545;R0546,18,False,False,False,p/picnic_area/sun_agnefmcsxnzuuari.jpg,p,picnic_area,picnic_area,sun_agnefmcsxnzuuari.jpg,test_seen_loc,9663,True,102
SUN,42,closed_world_seen_test,2300,571,28,arrival gate outdoor,322,heliport,-1,,exact,True,True,R0084;R0135;R0154;R0184;R0191;R0196;R0213;R0225;R0233;R0236,42,False,False,False,a/arrival_gate/outdoor/sun_adswiveesclbirth.jpg,a,arrival_gate/outdoor,outdoor,sun_adswiveesclbirth.jpg,test_seen_loc,571,True,102
SUN,42,closed_world_seen_test,2301,565,28,arrival gate outdoor,424,mosque outdoor,28,arrival gate outdoor,exact,False,False,R0016;R0244;R0280;R0321;R0343;R0357;R0367;R0445;R0508;R0516,17,True,True,False,a/arrival_gate/outdoor/sun_acezpwkuualvthwb.jpg,a,arrival_gate/outdoor,outdoor,sun_acezpwkuualvthwb.jpg,test_seen_loc,565,True,102
SUN,42,closed_world_seen_test,2302,577,28,arrival gate outdoor,28,arrival gate outdoor,-1,,exact,True,True,R0127;R0140;R0184;R0198;R0213;R0236;R0239;R0259;R0261;R0271,63,False,False,False,a/arrival_gate/outdoor/sun_ahvrytbyycdjdnsq.jpg,a,arrival_gate/outdoor,outdoor,sun_ahvrytbyycdjdnsq.jpg,test_seen_loc,577,True,102
SUN,42,closed_world_seen_test,2303,572,28,arrival gate outdoor,706,winery,-1,,exact,True,True,R0084;R0089;R0140;R0191;R0203;R0227;R0233;R0236;R0282;R0286,20,False,False,False,a/arrival_gate/outdoor/sun_aelmeooezipsmoxv.jpg,a,arrival_gate/outdoor,outdoor,sun_aelmeooezipsmoxv.jpg,test_seen_loc,572,True,102
SUN,42,closed_world_seen_test,2304,506,25,arena hockey,670,velodrome indoor,-1,,exact,True,True,R0051;R0092;R0134;R0422;R0531;R0549,6,False,False,False,a/arena/hockey/sun_beubmrlycugryfvn.jpg,a,arena/hockey,hockey,sun_beubmrlycugryfvn.jpg,test_seen_loc,506,True,102
SUN,42,closed_world_seen_test,2305,508,25,arena hockey,25,arena hockey,-1,,exact,True,True,R0046;R0182;R0192;R0227;R0245;R0246;R0346,7,False,False,False,a/arena/hockey/sun_bjuwroxccaiezkts.jpg,a,arena/hockey,hockey,sun_bjuwroxccaiezkts.jpg,test_seen_loc,508,True,102
SUN,42,closed_world_seen_test,2306,510,25,arena hockey,26,arena performance,-1,,exact,True,True,R0084;R0135;R0154;R0196;R0227;R0233;R0236,7,False,False,False,a/arena/hockey/sun_blzgrphhrvbjuyzl.jpg,a,arena/hockey,hockey,sun_blzgrphhrvbjuyzl.jpg,test_seen_loc,510,True,102
SUN,42,closed_world_seen_test,2307,515,25,arena hockey,593,stadium soccer,-1,,exact,True,True,R0026;R0036;R0041;R0044;R0045;R0048;R0051;R0112;R0134;R0144,38,False,False,False,a/arena/hockey/sun_buobgxxzizpqpupj.jpg,a,arena/hockey,hockey,sun_buobgxxzizpqpupj.jpg,test_seen_loc,515,True,102
SUN,42,closed_world_seen_test,2308,12953,647,train depot,521,railway yard,-1,,exact,True,True,R0053;R0124;R0154;R0158;R0162;R0169;R0177;R0216;R0224;R0231,45,False,False,False,t/train_depot/sun_btjpxzuojhymtvpu.jpg,t,train_depot,train_depot,sun_btjpxzuojhymtvpu.jpg,test_seen_loc,12953,True,102
SUN,42,closed_world_seen_test,2309,12945,647,train depot,647,train depot,-1,,exact,True,True,R0154;R0158;R0166;R0169;R0177;R0216;R0223;R0231;R0238;R0240,26,False,False,False,t/train_depot/sun_bhzrsgjgrebyrfns.jpg,t,train_depot,train_depot,sun_bhzrsgjgrebyrfns.jpg,test_seen_loc,12945,True,102
SUN,42,closed_world_seen_test,2310,12943,647,train depot,648,train railway,-1,,exact,True,True,R0075;R0108;R0117;R0126;R0158;R0164;R0177;R0194;R0197;R0218,85,False,False,False,t/train_depot/sun_bbsgnezyptovgccf.jpg,t,train_depot,train_depot,sun_bbsgnezyptovgccf.jpg,test_seen_loc,12943,True,102
SUN,42,closed_world_seen_test,2311,12941,647,train depot,404,market outdoor,-1,,exact,True,True,R0069;R0075;R0084;R0089;R0124;R0126;R0143;R0154;R0166;R0169,45,False,False,False,t/train_depot/sun_afpujwcrizwaiaxe.jpg,t,train_depot,train_depot,sun_afpujwcrizwaiaxe.jpg,test_seen_loc,12941,True,102
SUN,42,closed_world_seen_test,2312,3834,191,covered bridge exterior,191,covered bridge exterior,-1,,exact,True,True,R0029;R0056;R0065;R0067;R0089;R0136;R0143;R0147;R0198;R0202,41,False,False,False,c/covered_bridge/exterior/sun_bpfdacdhyyaurzcb.jpg,c,covered_bridge/exterior,exterior,sun_bpfdacdhyyaurzcb.jpg,test_seen_loc,3834,True,102
SUN,42,closed_world_seen_test,2313,3838,191,covered bridge exterior,191,covered bridge exterior,-1,,exact,True,True,R0056;R0065;R0074;R0123;R0139;R0149;R0166;R0183;R0228;R0240,25,False,False,False,c/covered_bridge/exterior/sun_bwbqdmwabeymosza.jpg,c,covered_bridge/exterior,exterior,sun_bwbqdmwabeymosza.jpg,test_seen_loc,3838,True,102
SUN,42,closed_world_seen_test,2314,3830,191,covered bridge exterior,191,covered bridge exterior,-1,,exact,True,True,R0074;R0139;R0166;R0226;R0228;R0231;R0238;R0240;R0241;R0257,29,False,False,False,c/covered_bridge/exterior/sun_bhjpbttngjtifhgl.jpg,c,covered_bridge/exterior,exterior,sun_bhjpbttngjtifhgl.jpg,test_seen_loc,3830,True,102
SUN,42,closed_world_seen_test,2315,3825,191,covered bridge exterior,191,covered bridge exterior,-1,,exact,True,True,R0056;R0065;R0089;R0147;R0166;R0203;R0237;R0262;R0265;R0284,15,False,False,False,c/covered_bridge/exterior/sun_bbgwudiijvfdvnqx.jpg,c,covered_bridge/exterior,exterior,sun_bbgwudiijvfdvnqx.jpg,test_seen_loc,3825,True,102
SUN,42,closed_world_seen_test,2316,8582,429,mountain snowy,429,mountain snowy,-1,,exact,True,True,R0078;R0085;R0094;R0103;R0104;R0105;R0106;R0107;R0114;R0115,43,False,False,False,m/mountain_snowy/sun_aaklxsokhpdlwseu.jpg,m,mountain_snowy,mountain_snowy,sun_aaklxsokhpdlwseu.jpg,test_seen_loc,8582,True,102
SUN,42,closed_world_seen_test,2317,8587,429,mountain snowy,429,mountain snowy,-1,,exact,True,True,R0085;R0094;R0103;R0104;R0105;R0106;R0107;R0114;R0115;R0116,18,False,False,False,m/mountain_snowy/sun_aapwhlxexiaynpkd.jpg,m,mountain_snowy,mountain_snowy,sun_aapwhlxexiaynpkd.jpg,test_seen_loc,8587,True,102
SUN,42,closed_world_seen_test,2318,8585,429,mountain snowy,696,wave,-1,,exact,True,True,R0025;R0034;R0058;R0066;R0088;R0094;R0128;R0139;R0178;R0179,28,False,False,False,m/mountain_snowy/sun_aamwzycmlmnllfhg.jpg,m,mountain_snowy,mountain_snowy,sun_aamwzycmlmnllfhg.jpg,test_seen_loc,8585,True,102
SUN,42,closed_world_seen_test,2319,8590,429,mountain snowy,429,mountain snowy,-1,,exact,True,True,R0066;R0094;R0103;R0104;R0105;R0106;R0107;R0114;R0115;R0116,53,False,False,False,m/mountain_snowy/sun_abapoetlexbixnxd.jpg,m,mountain_snowy,mountain_snowy,sun_abapoetlexbixnxd.jpg,test_seen_loc,8590,True,102
SUN,42,closed_world_seen_test,2320,873,43,backstage,43,backstage,-1,,exact,True,True,R0039;R0040;R0059;R0061;R0092;R0112;R0134;R0144;R0145;R0277,249,False,False,False,b/backstage/sun_bmlibsakwantrezx.jpg,b,backstage,backstage,sun_bmlibsakwantrezx.jpg,test_seen_loc,873,True,102
SUN,42,closed_world_seen_test,2321,861,43,backstage,27,armory,-1,,exact,True,True,R0256;R0277;R0297;R0302;R0303;R0304;R0308;R0311;R0314;R0315,219,False,False,False,b/backstage/sun_aeycpalsxdgqrtfj.jpg,b,backstage,backstage,sun_aeycpalsxdgqrtfj.jpg,test_seen_loc,861,True,102
SUN,42,closed_world_seen_test,2322,876,43,backstage,169,clothing store,-1,,exact,True,True,R0256;R0277;R0297;R0303;R0308;R0314;R0315;R0318;R0320;R0322,147,False,False,False,b/backstage/sun_btmdiwrkxnesuwlc.jpg,b,backstage,backstage,sun_btmdiwrkxnesuwlc.jpg,test_seen_loc,876,True,102
SUN,42,closed_world_seen_test,2323,862,43,backstage,604,submarine interior,-1,,exact,True,True,R0256;R0277;R0297;R0302;R0303;R0304;R0308;R0311;R0314;R0315,219,False,False,False,b/backstage/sun_agwcaioyltkrlugx.jpg,b,backstage,backstage,sun_agwcaioyltkrlugx.jpg,test_seen_loc,862,True,102
SUN,42,closed_world_seen_test,2324,11522,576,signal box,576,signal box,-1,,exact,True,True,R0073;R0143;R0148;R0154;R0158;R0166;R0169;R0177;R0216;R0223,41,False,False,False,s/signal_box/sun_acnglfkffgdtuqjp.jpg,s,signal_box,signal_box,sun_acnglfkffgdtuqjp.jpg,test_seen_loc,11522,True,102
SUN,42,closed_world_seen_test,2325,11528,576,signal box,402,manufactured home,-1,,exact,True,True,R0073;R0143;R0166;R0228;R0231;R0238;R0240;R0241;R0257;R0260,28,False,False,False,s/signal_box/sun_alyjrggwylmeaouj.jpg,s,signal_box,signal_box,sun_alyjrggwylmeaouj.jpg,test_seen_loc,11528,True,102
SUN,42,closed_world_seen_test,2326,11527,576,signal box,520,railroad track,-1,,exact,True,True,R0028;R0108;R0136;R0142;R0147;R0153;R0159;R0164;R0181;R0194,45,False,False,False,s/signal_box/sun_ajyraajwhfpcjzae.jpg,s,signal_box,signal_box,sun_ajyraajwhfpcjzae.jpg,test_seen_loc,11527,True,102
SUN,42,closed_world_seen_test,2327,11532,576,signal box,576,signal box,-1,,exact,True,True,R0038;R0052;R0075;R0084;R0124;R0125;R0143;R0166;R0169;R0177,36,False,False,False,s/signal_box/sun_avekliqbiohwrtis.jpg,s,signal_box,signal_box,sun_avekliqbiohwrtis.jpg,test_seen_loc,11532,True,102
SUN,42,closed_world_seen_test,2328,5334,266,flight of stairs natural,266,flight of stairs natural,-1,,exact,True,True,R0034;R0058;R0066;R0070;R0076;R0077;R0078;R0080;R0082;R0085,68,False,False,False,f/flight_of_stairs/natural/sun_brbqljnooklpklda.jpg,f,flight_of_stairs/natural,natural,sun_brbqljnooklpklda.jpg,test_seen_loc,5334,True,102
SUN,42,closed_world_seen_test,2329,5338,266,flight of stairs natural,549,rope bridge,256,field wild,fallback,False,False,,0,True,False,False,f/flight_of_stairs/natural/sun_btowhkkvwgsaktyr.jpg,f,flight_of_stairs/natural,natural,sun_btowhkkvwgsaktyr.jpg,test_seen_loc,5338,True,102
SUN,42,closed_world_seen_test,2330,5337,266,flight of stairs natural,549,rope bridge,-1,,exact,True,True,R0015;R0074;R0095;R0109;R0123;R0138;R0181;R0183;R0251;R0258,14,False,False,False,f/flight_of_stairs/natural/sun_bspqfhfygxawigze.jpg,f,flight_of_stairs/natural,natural,sun_bspqfhfygxawigze.jpg,test_seen_loc,5337,True,102
SUN,42,closed_world_seen_test,2331,5339,266,flight of stairs natural,414,mineshaft,-1,,exact,True,True,R0103;R0104;R0105;R0106;R0107;R0114;R0115;R0116;R0119;R0132,15,False,False,False,f/flight_of_stairs/natural/sun_bubppnafeyiwcwbx.jpg,f,flight_of_stairs/natural,natural,sun_bubppnafeyiwcwbx.jpg,test_seen_loc,5339,True,102
SUN,42,closed_world_seen_test,2332,590,29,art gallery,233,editing room,-1,,exact,True,True,R0256;R0297;R0303;R0306;R0311;R0312;R0314;R0315;R0318;R0323,97,False,False,False,a/art_gallery/sun_afzrcqdvypkimtsz.jpg,a,art_gallery,art_gallery,sun_afzrcqdvypkimtsz.jpg,test_seen_loc,590,True,102
SUN,42,closed_world_seen_test,2333,596,29,art gallery,137,casino indoor,-1,,exact,True,True,R0252;R0256;R0305;R0312;R0314;R0317;R0325;R0329;R0330;R0334,107,False,False,False,a/art_gallery/sun_alnkzzfdwfnnjsfz.jpg,a,art_gallery,art_gallery,sun_alnkzzfdwfnnjsfz.jpg,test_seen_loc,596,True,102
SUN,42,closed_world_seen_test,2334,581,29,art gallery,49,bakery shop,-1,,exact,True,True,R0277;R0314;R0317;R0325;R0329;R0330;R0334;R0335;R0340;R0347,122,False,False,False,a/art_gallery/sun_abaqxprestivruqo.jpg,a,art_gallery,art_gallery,sun_abaqxprestivruqo.jpg,test_seen_loc,581,True,102
SUN,42,closed_world_seen_test,2335,587,29,art gallery,19,aquatic theater,-1,,exact,True,True,R0252;R0297;R0302;R0303;R0304;R0305;R0308;R0311;R0314;R0315,244,False,False,False,a/art_gallery/sun_afcbhuilrveqfjsq.jpg,a,art_gallery,art_gallery,sun_afcbhuilrveqfjsq.jpg,test_seen_loc,587,True,102
SUN,42,closed_world_seen_test,2336,3423,171,cockpit,390,limousine interior,-1,,exact,True,True,R0120;R0154;R0206;R0222;R0265;R0460;R0461;R0462;R0486;R0502,14,False,False,False,c/cockpit/sun_acnupvghpxjsbocf.jpg,c,cockpit,cockpit,sun_acnupvghpxjsbocf.jpg,test_seen_loc,3423,True,102
SUN,42,closed_world_seen_test,2337,3427,171,cockpit,171,cockpit,-1,,exact,True,True,R0033;R0120;R0206;R0222;R0274;R0300;R0306;R0323;R0330;R0336,97,False,False,False,c/cockpit/sun_adkobyinojdotzzu.jpg,c,cockpit,cockpit,sun_adkobyinojdotzzu.jpg,test_seen_loc,3427,True,102
SUN,42,closed_world_seen_test,2338,3422,171,cockpit,171,cockpit,-1,,exact,True,True,R0256;R0297;R0300;R0302;R0303;R0304;R0306;R0308;R0311;R0314,220,False,False,False,c/cockpit/sun_aceocnkokyefmewi.jpg,c,cockpit,cockpit,sun_aceocnkokyefmewi.jpg,test_seen_loc,3422,True,102
SUN,42,closed_world_seen_test,2339,3425,171,cockpit,241,engine room,-1,,exact,True,True,R0252;R0277;R0297;R0302;R0303;R0304;R0305;R0308;R0311;R0314,243,False,False,False,c/cockpit/sun_adjkjgdshivgmlde.jpg,c,cockpit,cockpit,sun_adjkjgdshivgmlde.jpg,test_seen_loc,3425,True,102
SUN,42,closed_world_seen_test,2340,6102,305,great hall,373,labyrinth indoor,432,museum indoor,exact,False,False,R0454,1,True,False,False,g/great_hall/sun_aytsmkbefxyjjpsf.jpg,g,great_hall,great_hall,sun_aytsmkbefxyjjpsf.jpg,test_seen_loc,6102,True,102
SUN,42,closed_world_seen_test,2341,6119,305,great hall,174,conference center,-1,,exact,True,True,R0039;R0040;R0059;R0061;R0092;R0112;R0134;R0144;R0145;R0277,249,False,False,False,g/great_hall/sun_bxoyullktxrykbvx.jpg,g,great_hall,great_hall,sun_bxoyullktxrykbvx.jpg,test_seen_loc,6119,True,102
SUN,42,closed_world_seen_test,2342,6101,305,great hall,634,throne room,-1,,exact,True,True,R0314;R0317;R0334;R0335;R0361;R0362;R0363;R0364;R0365;R0396,26,False,False,False,g/great_hall/sun_axpbzyagptqepcly.jpg,g,great_hall,great_hall,sun_axpbzyagptqepcly.jpg,test_seen_loc,6101,True,102
SUN,42,closed_world_seen_test,2343,6100,305,great hall,373,labyrinth indoor,-1,,exact,True,True,R0120;R0274;R0297;R0300;R0306;R0322;R0323;R0336;R0337;R0338,86,False,False,False,g/great_hall/sun_acpdmfwhpblqwbkb.jpg,g,great_hall,great_hall,sun_acpdmfwhpblqwbkb.jpg,test_seen_loc,6100,True,102
SUN,42,closed_world_seen_test,2344,11984,599,stilt house water,73,bayou,-1,,exact,True,True,R0060;R0064;R0072;R0081;R0083;R0086;R0096;R0097;R0098;R0099,39,False,False,False,s/stilt_house/water/sun_dbqkgcyenbrbtcpg.jpg,s,stilt_house/water,water,sun_dbqkgcyenbrbtcpg.jpg,test_seen_loc,11984,True,102
SUN,42,closed_world_seen_test,2345,11989,599,stilt house water,484,pier,-1,,exact,True,True,R0060;R0064;R0072;R0081;R0083;R0086;R0096;R0097;R0098;R0099,39,False,False,False,s/stilt_house/water/sun_dqjgyeieuhgltewh.jpg,s,stilt_house/water,water,sun_dqjgyeieuhgltewh.jpg,test_seen_loc,11989,True,102
SUN,42,closed_world_seen_test,2346,11993,599,stilt house water,454,oilrig,437,naval base,exact,False,False,R0006;R0019;R0060;R0064;R0072;R0073;R0081;R0083;R0086;R0096,42,True,False,False,s/stilt_house/water/sun_dufmiyokmxmzykpx.jpg,s,stilt_house/water,water,sun_dufmiyokmxmzykpx.jpg,test_seen_loc,11993,True,102
SUN,42,closed_world_seen_test,2347,11999,599,stilt house water,317,harbor,-1,,exact,True,True,R0014;R0019;R0064;R0081;R0083;R0086;R0096;R0097;R0098;R0099,28,False,False,False,s/stilt_house/water/sun_dztidherorbkjyae.jpg,s,stilt_house/water,water,sun_dztidherorbkjyae.jpg,test_seen_loc,11999,True,102
SUN,42,closed_world_seen_test,2348,9117,455,operating room,312,gymnasium indoor,-1,,exact,True,True,R0252;R0256;R0277;R0297;R0302;R0303;R0304;R0305;R0308;R0311,222,False,False,False,o/operating_room/sun_alptznnihtomnkro.jpg,o,operating_room,operating_room,sun_alptznnihtomnkro.jpg,test_seen_loc,9117,True,102
SUN,42,closed_world_seen_test,2349,9114,455,operating room,69,bathroom,-1,,exact,True,True,R0035;R0292;R0307;R0476;R0479;R0494;R0506;R0508;R0526;R0530,21,False,False,False,o/operating_room/sun_ahqfdyiaxrebstgd.jpg,o,operating_room,operating_room,sun_ahqfdyiaxrebstgd.jpg,test_seen_loc,9114,True,102
SUN,42,closed_world_seen_test,2350,9112,455,operating room,241,engine room,-1,,exact,True,True,R0196;R0206;R0225;R0274;R0297;R0322;R0325;R0329;R0330;R0336,137,False,False,False,o/operating_room/sun_ahdtegpmnzzdtyle.jpg,o,operating_room,operating_room,sun_ahdtegpmnzzdtyle.jpg,test_seen_loc,9112,True,102
SUN,42,closed_world_seen_test,2351,9119,455,operating room,164,clean room,-1,,exact,True,True,R0120;R0206;R0274;R0297;R0300;R0305;R0306;R0312;R0322;R0338,75,False,False,False,o/operating_room/sun_anirdpvlotudyweg.jpg,o,operating_room,operating_room,sun_anirdpvlotudyweg.jpg,test_seen_loc,9119,True,102
SUN,42,closed_world_seen_test,2352,4197,209,diner indoor,113,bus interior,-1,,exact,True,True,R0059;R0144;R0145;R0277;R0314;R0317;R0325;R0329;R0330;R0334,125,False,False,False,d/diner/indoor/sun_arbfygpsjorycgbm.jpg,d,diner/indoor,indoor,sun_arbfygpsjorycgbm.jpg,test_seen_loc,4197,True,102
SUN,42,closed_world_seen_test,2353,4190,209,diner indoor,383,lecture room,-1,,exact,True,True,R0144;R0145;R0277;R0314;R0335;R0340;R0350;R0351;R0352;R0361,88,False,False,False,d/diner/indoor/sun_aixlprcxxjrtgouc.jpg,d,diner/indoor,indoor,sun_aixlprcxxjrtgouc.jpg,test_seen_loc,4190,True,102
SUN,42,closed_world_seen_test,2354,4180,209,diner indoor,137,casino indoor,-1,,exact,True,True,R0256;R0277;R0314;R0320;R0335;R0340;R0351;R0352;R0361;R0362,86,False,False,False,d/diner/indoor/sun_aaqhalpndqfclyti.jpg,d,diner/indoor,indoor,sun_aaqhalpndqfclyti.jpg,test_seen_loc,4180,True,102
SUN,42,closed_world_seen_test,2355,4188,209,diner indoor,19,aquatic theater,-1,,exact,True,True,R0277;R0304;R0311;R0314;R0315;R0317;R0324;R0325;R0329;R0330,147,False,False,False,d/diner/indoor/sun_agkodiryyfwgqjkd.jpg,d,diner/indoor,indoor,sun_agkodiryyfwgqjkd.jpg,test_seen_loc,4188,True,102
SUN,42,closed_world_seen_test,2356,10908,545,rock arch,128,canyon,-1,,exact,True,True,R0078;R0085;R0094;R0103;R0104;R0105;R0106;R0107;R0114;R0115,15,False,False,False,r/rock_arch/sun_bksqasnjtwnisyzu.jpg,r,rock_arch,rock_arch,sun_bksqasnjtwnisyzu.jpg,test_seen_loc,10908,True,102
SUN,42,closed_world_seen_test,2357,10915,545,rock arch,600,stone circle,-1,,exact,True,True,R0085;R0094;R0103;R0104;R0105;R0106;R0107;R0114;R0115;R0116,15,False,False,False,r/rock_arch/sun_bpsqcgdcrasovtlw.jpg,r,rock_arch,rock_arch,sun_bpsqcgdcrasovtlw.jpg,test_seen_loc,10915,True,102
SUN,42,closed_world_seen_test,2358,10919,545,rock arch,128,canyon,-1,,exact,True,True,R0066;R0085;R0094;R0103;R0104;R0105;R0106;R0107;R0114;R0115,38,False,False,False,r/rock_arch/sun_byxydflxaefepfcy.jpg,r,rock_arch,rock_arch,sun_byxydflxaefepfcy.jpg,test_seen_loc,10919,True,102
SUN,42,closed_world_seen_test,2359,10906,545,rock arch,600,stone circle,-1,,exact,True,True,R0034;R0058;R0066;R0078;R0085;R0094;R0103;R0104;R0105;R0106,54,False,False,False,r/rock_arch/sun_bhgcxxditbshkpdi.jpg,r,rock_arch,rock_arch,sun_bhgcxxditbshkpdi.jpg,test_seen_loc,10906,True,102
SUN,42,closed_world_seen_test,2360,13456,672,ventilation shaft,485,pig farm,-1,,exact,True,True,R0202;R0299;R0471;R0476;R0479;R0483;R0494;R0500;R0528;R0535,22,False,False,False,v/ventilation_shaft/sun_cgupbvxllbgkqycc.jpg,v,ventilation_shaft,ventilation_shaft,sun_cgupbvxllbgkqycc.jpg,test_seen_loc,13456,True,102
SUN,42,closed_world_seen_test,2361,13454,672,ventilation shaft,672,ventilation shaft,626,tent indoor,exact,False,False,R0035;R0479;R0483;R0494;R0528;R0535;R0537;R0545;R0546;R0547,17,True,False,False,v/ventilation_shaft/sun_cebdxyolebxirgzs.jpg,v,ventilation_shaft,ventilation_shaft,sun_cebdxyolebxirgzs.jpg,test_seen_loc,13454,True,102
SUN,42,closed_world_seen_test,2362,13440,672,ventilation shaft,400,manhole,-1,,exact,True,True,R0033;R0130;R0192;R0224;R0269;R0301;R0306;R0310;R0312;R0323,38,False,False,False,v/ventilation_shaft/sun_aasesztpwahnubtc.jpg,v,ventilation_shaft,ventilation_shaft,sun_aasesztpwahnubtc.jpg,test_seen_loc,13440,True,102
SUN,42,closed_world_seen_test,2363,13449,672,ventilation shaft,373,labyrinth indoor,-1,,exact,True,True,R0202;R0476;R0479;R0483;R0494;R0528;R0535;R0537;R0545;R0546,18,False,False,False,v/ventilation_shaft/sun_awrvxtwomddvcwyo.jpg,v,ventilation_shaft,ventilation_shaft,sun_awrvxtwomddvcwyo.jpg,test_seen_loc,13449,True,102
SUN,42,closed_world_seen_test,2364,7437,371,kitchenette,666,utility room,-1,,exact,True,True,R0032;R0300;R0308;R0318;R0320;R0322;R0324;R0339;R0341;R0342,42,False,False,False,k/kitchenette/sun_anakjaidugfubzpg.jpg,k,kitchenette,kitchenette,sun_anakjaidugfubzpg.jpg,test_seen_loc,7437,True,102
SUN,42,closed_world_seen_test,2365,7421,371,kitchenette,371,kitchenette,-1,,exact,True,True,R0252;R0297;R0300;R0302;R0303;R0305;R0312;R0314;R0317;R0318,157,False,False,False,k/kitchenette/sun_adchlholytygxdge.jpg,k,kitchenette,kitchenette,sun_adchlholytygxdge.jpg,test_seen_loc,7421,True,102
SUN,42,closed_world_seen_test,2366,7436,371,kitchenette,371,kitchenette,-1,,exact,True,True,R0252;R0300;R0304;R0308;R0312;R0315;R0320;R0329;R0333;R0334,59,False,False,False,k/kitchenette/sun_amxdcpjnoarhhqnt.jpg,k,kitchenette,kitchenette,sun_amxdcpjnoarhhqnt.jpg,test_seen_loc,7436,True,102
SUN,42,closed_world_seen_test,2367,7434,371,kitchenette,371,kitchenette,-1,,exact,True,True,R0314;R0317;R0325;R0329;R0330;R0334;R0335;R0340;R0347;R0350,121,False,False,False,k/kitchenette/sun_amddoxzcwhuhnohk.jpg,k,kitchenette,kitchenette,sun_amddoxzcwhuhnohk.jpg,test_seen_loc,7434,True,102
SUN,42,closed_world_seen_test,2368,5711,285,furnace room,285,furnace room,-1,,exact,True,True,R0252;R0297;R0300;R0302;R0303;R0304;R0305;R0306;R0308;R0311,248,False,False,False,f/furnace_room/sun_bfogkramgshqpxxk.jpg,f,furnace_room,furnace_room,sun_bfogkramgshqpxxk.jpg,test_seen_loc,5711,True,102
SUN,42,closed_world_seen_test,2369,5702,285,furnace room,447,observatory indoor,129,car interior backseat,exact,False,False,R0033;R0300;R0406;R0418,4,True,False,False,f/furnace_room/sun_atnvfferwtfpjldi.jpg,f,furnace_room,furnace_room,sun_atnvfferwtfpjldi.jpg,test_seen_loc,5702,True,102
SUN,42,closed_world_seen_test,2370,5704,285,furnace room,192,crawl space,-1,,exact,True,True,R0252;R0300;R0304;R0305;R0308;R0312;R0314;R0317;R0320;R0325,154,False,False,False,f/furnace_room/sun_attasiqunwutlxmd.jpg,f,furnace_room,furnace_room,sun_attasiqunwutlxmd.jpg,test_seen_loc,5704,True,102
SUN,42,closed_world_seen_test,2371,5718,285,furnace room,285,furnace room,-1,,exact,True,True,R0252;R0256;R0300;R0304;R0305;R0306;R0308;R0311;R0312;R0314,177,False,False,False,f/furnace_room/sun_btokzlkoozvjjpxo.jpg,f,furnace_room,furnace_room,sun_btokzlkoozvjjpxo.jpg,test_seen_loc,5718,True,102
SUN,42,closed_world_seen_test,2372,3198,159,church outdoor,402,manufactured home,-1,,exact,True,True,R0069;R0073;R0079;R0138;R0140;R0141;R0143;R0148;R0149;R0154,22,False,False,False,c/church/outdoor/sun_bfpgvkigwoccswvn.jpg,c,church/outdoor,outdoor,sun_bfpgvkigwoccswvn.jpg,test_seen_loc,3198,True,102
SUN,42,closed_world_seen_test,2373,3182,159,church outdoor,583,skyscraper,-1,,exact,True,True,R0075;R0124;R0126;R0162;R0164;R0194;R0216;R0218;R0228;R0240,56,False,False,False,c/church/outdoor/sun_ajxfbgjeynsfxpje.jpg,c,church/outdoor,outdoor,sun_ajxfbgjeynsfxpje.jpg,test_seen_loc,3182,True,102
SUN,42,closed_world_seen_test,2374,3199,159,church outdoor,159,church outdoor,-1,,exact,True,True,R0148;R0154;R0158;R0166;R0169;R0177;R0183;R0216;R0217;R0223,41,False,False,False,c/church/outdoor/sun_bfumlpkpcvdomcru.jpg,c,church/outdoor,outdoor,sun_bfumlpkpcvdomcru.jpg,test_seen_loc,3199,True,102
SUN,42,closed_world_seen_test,2375,3183,159,church outdoor,159,church outdoor,-1,,exact,True,True,R0069;R0073;R0079;R0140;R0141;R0149;R0159;R0164;R0194;R0212,52,False,False,False,c/church/outdoor/sun_akomydlwkdjzivxu.jpg,c,church/outdoor,outdoor,sun_akomydlwkdjzivxu.jpg,test_seen_loc,3183,True,102
SUN,42,closed_world_seen_test,2376,1782,89,bistro indoor,48,bakery kitchen,-1,,exact,True,True,R0252;R0297;R0300;R0302;R0303;R0304;R0305;R0306;R0308;R0311,248,False,False,False,b/bistro/indoor/sun_ahtdhwhpfucvzzfr.jpg,b,bistro/indoor,indoor,sun_ahtdhwhpfucvzzfr.jpg,test_seen_loc,1782,True,102
SUN,42,closed_world_seen_test,2377,1793,89,bistro indoor,383,lecture room,-1,,exact,True,True,R0297;R0300;R0302;R0306;R0318;R0319;R0320;R0322;R0325;R0329,109,False,False,False,b/bistro/indoor/sun_awlgasqbvouhxzgq.jpg,b,bistro/indoor,indoor,sun_awlgasqbvouhxzgq.jpg,test_seen_loc,1793,True,102
SUN,42,closed_world_seen_test,2378,1796,89,bistro indoor,383,lecture room,-1,,exact,True,True,R0297;R0300;R0302;R0303;R0304;R0306;R0308;R0311;R0314;R0315,241,False,False,False,b/bistro/indoor/sun_bctlcdkabzhkhdlz.jpg,b,bistro/indoor,indoor,sun_bctlcdkabzhkhdlz.jpg,test_seen_loc,1796,True,102
SUN,42,closed_world_seen_test,2379,1795,89,bistro indoor,174,conference center,-1,,exact,True,True,R0039;R0059;R0061;R0092;R0112;R0134;R0144;R0145;R0300;R0304,178,False,False,False,b/bistro/indoor/sun_ayreleyzwtyxzfsh.jpg,b,bistro/indoor,indoor,sun_ayreleyzwtyxzfsh.jpg,test_seen_loc,1795,True,102
SUN,42,closed_world_seen_test,2380,12925,646,trailer park,646,trailer park,-1,,exact,True,True,R0117;R0202;R0218;R0228;R0231;R0237;R0254;R0257;R0260;R0263,46,False,False,False,t/trailer_park/sun_beuiprvdjtotjorp.jpg,t,trailer_park,trailer_park,sun_beuiprvdjtotjorp.jpg,test_seen_loc,12925,True,102
SUN,42,closed_world_seen_test,2381,12920,646,trailer park,668,van interior,-1,,exact,True,True,R0089;R0162;R0253;R0261;R0262;R0265;R0285;R0286;R0292;R0358,13,False,False,False,t/trailer_park/sun_aazadjunleqhnqee.jpg,t,trailer_park,trailer_park,sun_aazadjunleqhnqee.jpg,test_seen_loc,12920,True,102
SUN,42,closed_world_seen_test,2382,12934,646,trailer park,402,manufactured home,-1,,exact,True,True,R0069;R0073;R0075;R0124;R0148;R0154;R0158;R0162;R0169;R0177,56,False,False,False,t/trailer_park/sun_bqnihbzafknrcyaw.jpg,t,trailer_park,trailer_park,sun_bqnihbzafknrcyaw.jpg,test_seen_loc,12934,True,102
SUN,42,closed_world_seen_test,2383,12928,646,trailer park,646,trailer park,-1,,exact,True,True,R0069;R0073;R0075;R0117;R0124;R0126;R0140;R0154;R0158;R0164,88,False,False,False,t/trailer_park/sun_bjxpdwfibpngxche.jpg,t,trailer_park,trailer_park,sun_bjxpdwfibpngxche.jpg,test_seen_loc,12928,True,102
SUN,42,closed_world_seen_test,2384,11742,587,spillway,255,field road,-1,,exact,True,True,R0081;R0082;R0083;R0095;R0109;R0111;R0123;R0129;R0151;R0160,17,False,False,False,s/spillway/sun_ajbmaxmgvybqfhuz.jpg,s,spillway,spillway,sun_ajbmaxmgvybqfhuz.jpg,test_seen_loc,11742,True,102
SUN,42,closed_world_seen_test,2385,11746,587,spillway,587,spillway,-1,,exact,True,True,R0085;R0090;R0094;R0103;R0104;R0105;R0106;R0107;R0114;R0115,45,False,False,False,s/spillway/sun_apwiulugqmiatrvf.jpg,s,spillway,spillway,sun_apwiulugqmiatrvf.jpg,test_seen_loc,11746,True,102
SUN,42,closed_world_seen_test,2386,11756,587,spillway,206,desert road,-1,,exact,True,True,R0066;R0085;R0117;R0170;R0187;R0188;R0202;R0214;R0218;R0229,57,False,False,False,s/spillway/sun_bbsrxewyonjapfvh.jpg,s,spillway,spillway,sun_bbsrxewyonjapfvh.jpg,test_seen_loc,11756,True,102
SUN,42,closed_world_seen_test,2387,11747,587,spillway,696,wave,-1,,exact,True,True,R0034;R0058;R0088;R0103;R0104;R0105;R0106;R0107;R0114;R0115,25,False,False,False,s/spillway/sun_auizawvegbpuuwov.jpg,s,spillway,spillway,sun_auizawvegbpuuwov.jpg,test_seen_loc,11747,True,102
SUN,42,closed_world_seen_test,2388,9076,453,oil refinery outdoor,453,oil refinery outdoor,-1,,exact,True,True,R0027;R0078;R0113;R0157;R0160;R0161;R0170;R0187;R0188;R0190,30,False,False,False,o/oil_refinery/outdoor/sun_auohbieuizsluxpj.jpg,o,oil_refinery/outdoor,outdoor,sun_auohbieuizsluxpj.jpg,test_seen_loc,9076,True,102
SUN,42,closed_world_seen_test,2389,9061,453,oil refinery outdoor,361,junk pile,-1,,exact,True,True,R0038;R0052;R0084;R0124;R0166;R0232;R0250;R0262;R0265;R0282,20,False,False,False,o/oil_refinery/outdoor/sun_aclldlpvqpkxwuhq.jpg,o,oil_refinery/outdoor,outdoor,sun_aclldlpvqpkxwuhq.jpg,test_seen_loc,9061,True,102
SUN,42,closed_world_seen_test,2390,9060,453,oil refinery outdoor,453,oil refinery outdoor,-1,,exact,True,True,R0027;R0078;R0086;R0157;R0160;R0161;R0170;R0187;R0188;R0190,36,False,False,False,o/oil_refinery/outdoor/sun_aciqgmlfpcucrogz.jpg,o,oil_refinery/outdoor,outdoor,sun_aciqgmlfpcucrogz.jpg,test_seen_loc,9060,True,102
SUN,42,closed_world_seen_test,2391,9066,453,oil refinery outdoor,453,oil refinery outdoor,-1,,exact,True,True,R0069;R0073;R0075;R0113;R0124;R0139;R0143;R0166;R0212;R0216,50,False,False,False,o/oil_refinery/outdoor/sun_amaexshqrkaixlzo.jpg,o,oil_refinery/outdoor,outdoor,sun_amaexshqrkaixlzo.jpg,test_seen_loc,9066,True,102
SUN,42,closed_world_seen_test,2392,13878,693,waterfall fan,690,waterfall block,-1,,exact,True,True,R0025;R0055;R0060;R0062;R0066;R0070;R0080;R0081;R0088;R0090,54,False,False,False,w/waterfall/fan/sun_amplwdrwrticntps.jpg,w,waterfall/fan,fan,sun_amplwdrwrticntps.jpg,test_seen_loc,13878,True,102
SUN,42,closed_world_seen_test,2393,13877,693,waterfall fan,696,wave,-1,,exact,True,True,R0047;R0058;R0089;R0127,4,False,False,False,w/waterfall/fan/sun_amgcktksctfjfxwk.jpg,w,waterfall/fan,fan,sun_amgcktksctfjfxwk.jpg,test_seen_loc,13877,True,102
SUN,42,closed_world_seen_test,2394,13865,693,waterfall fan,304,gorge,-1,,exact,True,True,R0034;R0066;R0070;R0076;R0077;R0080;R0082;R0085;R0091;R0094,67,False,False,False,w/waterfall/fan/sun_afgflbgcvkvxixbz.jpg,w,waterfall/fan,fan,sun_afgflbgcvkvxixbz.jpg,test_seen_loc,13865,True,102
SUN,42,closed_world_seen_test,2395,13860,693,waterfall fan,693,waterfall fan,-1,,exact,True,True,R0066;R0070;R0076;R0077;R0080;R0091;R0094;R0103;R0104;R0105,60,False,False,False,w/waterfall/fan/sun_aadkehivpcchisvr.jpg,w,waterfall/fan,fan,sun_aadkehivpcchisvr.jpg,test_seen_loc,13860,True,102
SUN,42,closed_world_seen_test,2396,7482,374,labyrinth outdoor,373,labyrinth indoor,586,soccer field,exact,False,False,R0012;R0023;R0036;R0037;R0044;R0045;R0049;R0051;R0067;R0092,46,True,False,False,l/labyrinth/outdoor/sun_bbasykvtutnbqdsp.jpg,l,labyrinth/outdoor,outdoor,sun_bbasykvtutnbqdsp.jpg,test_seen_loc,7482,True,102
SUN,42,closed_world_seen_test,2397,7481,374,labyrinth outdoor,373,labyrinth indoor,-1,,exact,True,True,R0018;R0117;R0171;R0183;R0202;R0217;R0247;R0258;R0260;R0263,42,False,False,False,l/labyrinth/outdoor/sun_baizbfnlerlawmuz.jpg,l,labyrinth/outdoor,outdoor,sun_baizbfnlerlawmuz.jpg,test_seen_loc,7481,True,102
SUN,42,closed_world_seen_test,2398,7497,374,labyrinth outdoor,373,labyrinth indoor,-1,,exact,True,True,R0087;R0091;R0142;R0153;R0171;R0528;R0535;R0537;R0545;R0546,18,False,False,False,l/labyrinth/outdoor/sun_budqrekvzvoemzlz.jpg,l,labyrinth/outdoor,outdoor,sun_budqrekvzvoemzlz.jpg,test_seen_loc,7497,True,102
SUN,42,closed_world_seen_test,2399,7492,374,labyrinth outdoor,373,labyrinth indoor,-1,,exact,True,True,R0071;R0087;R0091;R0109;R0135;R0156;R0166;R0174;R0175;R0183,19,False,False,False,l/labyrinth/outdoor/sun_bmmitjiiffjqplmv.jpg,l,labyrinth/outdoor,outdoor,sun_bmmitjiiffjqplmv.jpg,test_seen_loc,7492,True,102
SUN,42,closed_world_seen_test,2400,9886,494,playroom,52,ball pit,-1,,exact,True,True,R0252;R0297;R0300;R0302;R0304;R0305;R0306;R0308;R0311;R0312,172,False,False,False,p/playroom/sun_ampweqlwgsrxmmzq.jpg,p,playroom,playroom,sun_ampweqlwgsrxmmzq.jpg,test_seen_loc,9886,True,102
SUN,42,closed_world_seen_test,2401,9883,494,playroom,466,pantry,-1,,exact,True,True,R0252;R0297;R0300;R0302;R0303;R0305;R0306;R0312;R0314;R0317,187,False,False,False,p/playroom/sun_ailkwhkduglkyooj.jpg,p,playroom,playroom,sun_ailkwhkduglkyooj.jpg,test_seen_loc,9883,True,102
SUN,42,closed_world_seen_test,2402,9896,494,playroom,494,playroom,-1,,exact,True,True,R0256;R0297;R0300;R0303;R0305;R0306;R0308;R0311;R0312;R0314,176,False,False,False,p/playroom/sun_bncuvghscauokdoc.jpg,p,playroom,playroom,sun_bncuvghscauokdoc.jpg,test_seen_loc,9896,True,102
SUN,42,closed_world_seen_test,2403,9891,494,playroom,494,playroom,-1,,exact,True,True,R0297;R0300;R0302;R0303;R0304;R0306;R0308;R0311;R0314;R0315,241,False,False,False,p/playroom/sun_azeoueyjlxmcuwut.jpg,p,playroom,playroom,sun_azeoueyjlxmcuwut.jpg,test_seen_loc,9891,True,102
SUN,42,closed_world_seen_test,2404,1751,87,bindery,87,bindery,-1,,exact,True,True,R0277;R0297;R0302;R0303;R0304;R0308;R0311;R0314;R0315;R0317,240,False,False,False,b/bindery/sun_amufdxqgpjooarxa.jpg,b,bindery,bindery,sun_amufdxqgpjooarxa.jpg,test_seen_loc,1751,True,102
SUN,42,closed_world_seen_test,2405,1757,87,bindery,452,office cubicles,-1,,exact,True,True,R0252;R0256;R0277;R0297;R0302;R0303;R0304;R0305;R0308;R0311,222,False,False,False,b/bindery/sun_apzxhubqpvmnjzkb.jpg,b,bindery,bindery,sun_apzxhubqpvmnjzkb.jpg,test_seen_loc,1757,True,102
SUN,42,closed_world_seen_test,2406,1756,87,bindery,312,gymnasium indoor,-1,,exact,True,True,R0252;R0304;R0305;R0311;R0315;R0324;R0325;R0329;R0334;R0340,84,False,False,False,b/bindery/sun_apefvvvqcwwzhkmt.jpg,b,bindery,bindery,sun_apefvvvqcwwzhkmt.jpg,test_seen_loc,1756,True,102
SUN,42,closed_world_seen_test,2407,1745,87,bindery,499,poolroom establishment,-1,,exact,True,True,R0274;R0322;R0329;R0338;R0339;R0344;R0350;R0360;R0383;R0384,71,False,False,False,b/bindery/sun_ahyttczujiodzeii.jpg,b,bindery,bindery,sun_ahyttczujiodzeii.jpg,test_seen_loc,1745,True,102
SUN,42,closed_world_seen_test,2408,2147,107,building complex,583,skyscraper,-1,,exact,True,True,R0108;R0117;R0126;R0130;R0158;R0164;R0194;R0242;R0244;R0246,50,False,False,False,b/building_complex/sun_alhkjksgsxanoffg.jpg,b,building_complex,building_complex,sun_alhkjksgsxanoffg.jpg,test_seen_loc,2147,True,102
SUN,42,closed_world_seen_test,2409,2155,107,building complex,583,skyscraper,-1,,exact,True,True,R0075;R0254,2,False,False,False,b/building_complex/sun_axioqzcudmhukewb.jpg,b,building_complex,building_complex,sun_axioqzcudmhukewb.jpg,test_seen_loc,2155,True,102
SUN,42,closed_world_seen_test,2410,2149,107,building complex,485,pig farm,-1,,exact,True,True,R0227;R0233;R0277,3,False,False,False,b/building_complex/sun_aolmnqbmrboztquv.jpg,b,building_complex,building_complex,sun_aolmnqbmrboztquv.jpg,test_seen_loc,2149,True,102
SUN,42,closed_world_seen_test,2411,2144,107,building complex,583,skyscraper,-1,,exact,True,True,R0117;R0171;R0202;R0217;R0218;R0231;R0237;R0238;R0247;R0254,40,False,False,False,b/building_complex/sun_aghtckbjgdradvsj.jpg,b,building_complex,building_complex,sun_aghtckbjgdradvsj.jpg,test_seen_loc,2144,True,102
SUN,42,closed_world_seen_test,2412,5353,267,flight of stairs urban,243,escalator outdoor,-1,,exact,True,True,R0224;R0239;R0245;R0261;R0285;R0508;R0530;R0540;R0560,9,False,False,False,f/flight_of_stairs/urban/sun_bogotzacydalgolo.jpg,f,flight_of_stairs/urban,urban,sun_bogotzacydalgolo.jpg,test_seen_loc,5353,True,102
SUN,42,closed_world_seen_test,2413,5358,267,flight of stairs urban,277,formal garden,-1,,exact,True,True,R0184;R0198;R0213;R0259;R0299;R0344;R0395;R0414;R0451;R0458,43,False,False,False,f/flight_of_stairs/urban/sun_bspnmqaixdqjxrgm.jpg,f,flight_of_stairs/urban,urban,sun_bspnmqaixdqjxrgm.jpg,test_seen_loc,5358,True,102
SUN,42,closed_world_seen_test,2414,5351,267,flight of stairs urban,224,downtown,-1,,exact,True,True,R0052;R0093;R0130;R0184;R0192;R0198;R0213;R0224;R0239;R0245,72,False,False,False,f/flight_of_stairs/urban/sun_bkyuyftrknolkedl.jpg,f,flight_of_stairs/urban,urban,sun_bkyuyftrknolkedl.jpg,test_seen_loc,5351,True,102
SUN,42,closed_world_seen_test,2415,5356,267,flight of stairs urban,714,zen garden,-1,,exact,True,True,R0084;R0124;R0126;R0127;R0146;R0169;R0192;R0224;R0232;R0239,72,False,False,False,f/flight_of_stairs/urban/sun_broupdwcmulohniw.jpg,f,flight_of_stairs/urban,urban,sun_broupdwcmulohniw.jpg,test_seen_loc,5356,True,102
SUN,42,closed_world_seen_test,2416,10490,524,ranch,524,ranch,-1,,exact,True,True,R0065;R0069;R0072;R0073;R0079;R0082;R0083;R0113;R0123;R0129,26,False,False,False,r/ranch/sun_airsfxbouimobamd.jpg,r,ranch,ranch,sun_airsfxbouimobamd.jpg,test_seen_loc,10490,True,102
SUN,42,closed_world_seen_test,2417,10498,524,ranch,485,pig farm,-1,,exact,True,True,R0071;R0082;R0087;R0091;R0109;R0129;R0136;R0138;R0142;R0152,41,False,False,False,r/ranch/sun_aoigqqxvunnrctxk.jpg,r,ranch,ranch,sun_aoigqqxvunnrctxk.jpg,test_seen_loc,10498,True,102
SUN,42,closed_world_seen_test,2418,10488,524,ranch,318,hayfield,-1,,exact,True,True,R0127;R0261;R0269;R0271;R0278;R0285;R0292;R0310;R0479;R0528,17,False,False,False,r/ranch/sun_ahcolmjccumfdsbw.jpg,r,ranch,ranch,sun_ahcolmjccumfdsbw.jpg,test_seen_loc,10488,True,102
SUN,42,closed_world_seen_test,2419,10491,524,ranch,474,pasture,-1,,exact,True,True,R0027;R0071;R0076;R0077;R0078;R0082;R0087;R0091;R0109;R0113,39,False,False,False,r/ranch/sun_ajjmxhysgplrpbrk.jpg,r,ranch,ranch,sun_ajjmxhysgplrpbrk.jpg,test_seen_loc,10491,True,102
SUN,42,closed_world_seen_test,2420,7603,380,laundromat,380,laundromat,-1,,exact,True,True,R0120;R0206;R0274;R0297;R0300;R0306;R0322;R0338;R0339;R0342,71,False,False,False,l/laundromat/sun_adlafxocmfshpufq.jpg,l,laundromat,laundromat,sun_adlafxocmfshpufq.jpg,test_seen_loc,7603,True,102
SUN,42,closed_world_seen_test,2421,7618,380,laundromat,121,call center,-1,,exact,True,True,R0252;R0300;R0304;R0305;R0306;R0308;R0311;R0312;R0314;R0317,197,False,False,False,l/laundromat/sun_almaduehharsfrnt.jpg,l,laundromat,laundromat,sun_almaduehharsfrnt.jpg,test_seen_loc,7618,True,102
SUN,42,closed_world_seen_test,2422,7606,380,laundromat,380,laundromat,-1,,exact,True,True,R0277;R0297;R0302;R0303;R0304;R0314;R0315;R0317;R0319;R0325,150,False,False,False,l/laundromat/sun_ahoqxiglfxcnkbhb.jpg,l,laundromat,laundromat,sun_ahoqxiglfxcnkbhb.jpg,test_seen_loc,7606,True,102
SUN,42,closed_world_seen_test,2423,7604,380,laundromat,380,laundromat,-1,,exact,True,True,R0252;R0256;R0304;R0305;R0312;R0314;R0315;R0317;R0325;R0329,119,False,False,False,l/laundromat/sun_afxagbcbdquazvly.jpg,l,laundromat,laundromat,sun_afxagbcbdquazvly.jpg,test_seen_loc,7604,True,102
SUN,42,closed_world_seen_test,2424,14007,700,wheat field,700,wheat field,-1,,exact,True,True,R0073;R0078;R0113;R0157;R0170;R0187;R0188;R0226;R0229;R0231,19,False,False,False,w/wheat_field/sun_aexinqkvwqbojfrq.jpg,w,wheat_field,wheat_field,sun_aexinqkvwqbojfrq.jpg,test_seen_loc,14007,True,102
SUN,42,closed_world_seen_test,2425,14012,700,wheat field,318,hayfield,-1,,exact,True,True,R0024;R0029;R0082;R0109;R0129;R0138;R0142;R0149;R0153;R0159,56,False,False,False,w/wheat_field/sun_ahattyfuqrkmygos.jpg,w,wheat_field,wheat_field,sun_ahattyfuqrkmygos.jpg,test_seen_loc,14012,True,102
SUN,42,closed_world_seen_test,2426,14019,700,wheat field,700,wheat field,-1,,exact,True,True,R0024;R0071;R0082;R0087;R0091;R0109;R0129;R0152;R0160;R0161,31,False,False,False,w/wheat_field/sun_amhftfdjiroweslq.jpg,w,wheat_field,wheat_field,sun_amhftfdjiroweslq.jpg,test_seen_loc,14019,True,102
SUN,42,closed_world_seen_test,2427,14003,700,wheat field,700,wheat field,-1,,exact,True,True,R0082;R0109;R0129;R0138;R0149;R0160;R0161;R0165;R0167;R0168,22,False,False,False,w/wheat_field/sun_abrwdgsipagiljbz.jpg,w,wheat_field,wheat_field,sun_abrwdgsipagiljbz.jpg,test_seen_loc,14003,True,102
SUN,42,closed_world_seen_test,2428,14191,709,workroom,466,pantry,-1,,exact,True,True,R0256;R0277;R0297;R0302;R0303;R0304;R0311;R0314;R0315;R0317,124,False,False,False,w/workroom/sun_bcmrrkkpelfslgpx.jpg,w,workroom,workroom,sun_bcmrrkkpelfslgpx.jpg,test_seen_loc,14191,True,102
SUN,42,closed_world_seen_test,2429,14196,709,workroom,49,bakery shop,-1,,exact,True,True,R0252;R0277;R0304;R0305;R0308;R0311;R0314;R0315;R0317;R0320,207,False,False,False,w/workroom/sun_bfppfrppnrtdjurx.jpg,w,workroom,workroom,sun_bfppfrppnrtdjurx.jpg,test_seen_loc,14196,True,102
SUN,42,closed_world_seen_test,2430,14193,709,workroom,455,operating room,-1,,exact,True,True,R0302;R0303;R0304;R0308;R0311;R0315;R0317;R0318;R0319;R0320,171,False,False,False,w/workroom/sun_bdcizewwgmoulcik.jpg,w,workroom,workroom,sun_bdcizewwgmoulcik.jpg,test_seen_loc,14193,True,102
SUN,42,closed_world_seen_test,2431,14198,709,workroom,241,engine room,-1,,exact,True,True,R0277;R0297;R0302;R0303;R0304;R0308;R0311;R0314;R0315;R0317,238,False,False,False,w/workroom/sun_bjgjxrhapgmmthnn.jpg,w,workroom,workroom,sun_bjgjxrhapgmmthnn.jpg,test_seen_loc,14198,True,102
SUN,42,closed_world_seen_test,2432,11033,551,rubble,133,cargo deck airplane,-1,,exact,True,True,R0127;R0154;R0227;R0236,4,False,False,False,r/rubble/sun_alqkzphitsoalgau.jpg,r,rubble,rubble,sun_alqkzphitsoalgau.jpg,test_seen_loc,11033,True,102
SUN,42,closed_world_seen_test,2433,11032,551,rubble,551,rubble,-1,,exact,True,True,R0068;R0190;R0238;R0241;R0253;R0257;R0261;R0262;R0285;R0286,19,False,False,False,r/rubble/sun_alappkoflddmtseg.jpg,r,rubble,rubble,sun_alappkoflddmtseg.jpg,test_seen_loc,11032,True,102
SUN,42,closed_world_seen_test,2434,11030,551,rubble,378,landfill,-1,,exact,True,True,R0068;R0190;R0202;R0237;R0244;R0247;R0253;R0261;R0262;R0275,58,False,False,False,r/rubble/sun_aiiubfphimhxnlkk.jpg,r,rubble,rubble,sun_aiiubfphimhxnlkk.jpg,test_seen_loc,11030,True,102
SUN,42,closed_world_seen_test,2435,11023,551,rubble,378,landfill,-1,,exact,True,True,R0061;R0092;R0112;R0184;R0191;R0213;R0274;R0299;R0336;R0337,78,False,False,False,r/rubble/sun_acnmseasaohhyxzg.jpg,r,rubble,rubble,sun_acnmseasaohhyxzg.jpg,test_seen_loc,11023,True,102
SUN,42,closed_world_seen_test,2436,8526,426,mountain,219,dolmen,-1,,exact,True,True,R0078;R0085;R0094;R0103;R0104;R0105;R0106;R0107;R0113;R0114,47,False,False,False,m/mountain/sun_aciebeapldilzbug.jpg,m,mountain,mountain,sun_aciebeapldilzbug.jpg,test_seen_loc,8526,True,102
SUN,42,closed_world_seen_test,2437,8538,426,mountain,612,swimming hole,-1,,exact,True,True,R0025;R0034;R0055;R0060;R0062;R0064;R0066;R0072;R0081;R0083,85,False,False,False,m/mountain/sun_aexbqrktgdreukjo.jpg,m,mountain,mountain,sun_aexbqrktgdreukjo.jpg,test_seen_loc,8538,True,102
SUN,42,closed_world_seen_test,2438,8520,426,mountain,429,mountain snowy,-1,,exact,True,True,R0085;R0094;R0103;R0104;R0105;R0106;R0107;R0114;R0115;R0116,41,False,False,False,m/mountain/sun_aaaysslbipsngfqb.jpg,m,mountain,mountain,sun_aaaysslbipsngfqb.jpg,test_seen_loc,8520,True,102
SUN,42,closed_world_seen_test,2439,8530,426,mountain,429,mountain snowy,-1,,exact,True,True,R0038;R0057;R0094;R0103;R0104;R0105;R0106;R0107;R0113;R0114,42,False,False,False,m/mountain/sun_adkyfydvkrcoscsu.jpg,m,mountain,mountain,sun_adkyfydvkrcoscsu.jpg,test_seen_loc,8530,True,102
SUN,42,closed_world_seen_test,2440,6331,316,hangar outdoor,318,hayfield,-1,,exact,True,True,R0018;R0028;R0117;R0135;R0158;R0164;R0169;R0194;R0216;R0224,38,False,False,False,h/hangar/outdoor/sun_bhtmvkywsytmzcij.jpg,h,hangar/outdoor,outdoor,sun_bhtmvkywsytmzcij.jpg,test_seen_loc,6331,True,102
SUN,42,closed_world_seen_test,2441,6327,316,hangar outdoor,28,arrival gate outdoor,-1,,exact,True,True,R0084;R0127;R0140;R0191;R0233;R0236;R0282;R0305,8,False,False,False,h/hangar/outdoor/sun_bewsnmtcqbzgcmal.jpg,h,hangar/outdoor,outdoor,sun_bewsnmtcqbzgcmal.jpg,test_seen_loc,6327,True,102
SUN,42,closed_world_seen_test,2442,6328,316,hangar outdoor,207,desert sand,-1,,exact,True,True,R0117;R0158;R0164;R0169;R0194;R0216;R0224;R0244;R0248;R0260,39,False,False,False,h/hangar/outdoor/sun_bfnfyaeppyfxwmfl.jpg,h,hangar/outdoor,outdoor,sun_bfnfyaeppyfxwmfl.jpg,test_seen_loc,6328,True,102
SUN,42,closed_world_seen_test,2443,6325,316,hangar outdoor,324,highway,-1,,exact,True,True,R0108;R0117;R0135;R0158;R0164;R0169;R0192;R0194;R0216;R0224,64,False,False,False,h/hangar/outdoor/sun_bcbfhjpnwxywytce.jpg,h,hangar/outdoor,outdoor,sun_bcbfhjpnwxywytce.jpg,test_seen_loc,6325,True,102
SUN,42,closed_world_seen_test,2444,4065,203,delicatessen,49,bakery shop,675,veterinarians office,exact,False,False,R0032;R0342;R0358;R0360;R0406;R0410;R0418;R0476;R0480;R0528,13,True,False,False,d/delicatessen/sun_abegftwmmifkexkq.jpg,d,delicatessen,delicatessen,sun_abegftwmmifkexkq.jpg,test_seen_loc,4065,True,102
SUN,42,closed_world_seen_test,2445,4063,203,delicatessen,49,bakery shop,-1,,exact,True,True,R0252;R0297;R0300;R0302;R0303;R0304;R0305;R0306;R0308;R0311,248,False,False,False,d/delicatessen/sun_aattoahnhphhvlvo.jpg,d,delicatessen,delicatessen,sun_aattoahnhphhvlvo.jpg,test_seen_loc,4063,True,102
SUN,42,closed_world_seen_test,2446,4061,203,delicatessen,391,liquor store indoor,-1,,exact,True,True,R0277;R0297;R0302;R0303;R0304;R0308;R0311;R0314;R0315;R0317,240,False,False,False,d/delicatessen/sun_aaragezstacbqinr.jpg,d,delicatessen,delicatessen,sun_aaragezstacbqinr.jpg,test_seen_loc,4061,True,102
SUN,42,closed_world_seen_test,2447,4067,203,delicatessen,49,bakery shop,-1,,exact,True,True,R0252;R0297;R0300;R0302;R0303;R0304;R0305;R0306;R0308;R0311,248,False,False,False,d/delicatessen/sun_abzcwefkddqxnqdh.jpg,d,delicatessen,delicatessen,sun_abzcwefkddqxnqdh.jpg,test_seen_loc,4067,True,102
SUN,42,closed_world_seen_test,2448,4723,236,elevator freight elevator,235,elevator door,-1,,exact,True,True,R0297;R0303;R0305;R0312;R0314;R0331;R0335;R0340;R0350;R0351,93,False,False,False,e/elevator/freight_elevator/sun_ajbnyvdpqovxgoku.jpg,e,elevator/freight_elevator,freight_elevator,sun_ajbnyvdpqovxgoku.jpg,test_seen_loc,4723,True,102
SUN,42,closed_world_seen_test,2449,4733,236,elevator freight elevator,625,tennis court outdoor,-1,,exact,True,True,R0130;R0192;R0224;R0246;R0269;R0301;R0310;R0336;R0337;R0346,49,False,False,False,e/elevator/freight_elevator/sun_aqijpkpcqofbkyhc.jpg,e,elevator/freight_elevator,freight_elevator,sun_aqijpkpcqofbkyhc.jpg,test_seen_loc,4733,True,102
SUN,42,closed_world_seen_test,2450,4722,236,elevator freight elevator,480,phone booth,-1,,exact,True,True,R0031;R0196;R0222;R0225;R0252;R0305;R0308;R0319;R0330;R0336,125,False,False,False,e/elevator/freight_elevator/sun_acjghktkrtvlfvms.jpg,e,elevator/freight_elevator,freight_elevator,sun_acjghktkrtvlfvms.jpg,test_seen_loc,4722,True,102
SUN,42,closed_world_seen_test,2451,4728,236,elevator freight elevator,355,jail cell,-1,,exact,True,True,R0196;R0225;R0297;R0302;R0303;R0304;R0308;R0311;R0314;R0315,235,False,False,False,e/elevator/freight_elevator/sun_amxjqaluekdvvwsa.jpg,e,elevator/freight_elevator,freight_elevator,sun_amxjqaluekdvvwsa.jpg,test_seen_loc,4728,True,102
SUN,42,closed_world_seen_test,2452,1314,65,basement,706,winery,-1,,exact,True,True,R0256;R0277;R0297;R0303;R0305;R0314;R0318;R0320;R0322;R0331,119,False,False,False,b/basement/sun_alercljgdxnrsmxw.jpg,b,basement,basement,sun_alercljgdxnrsmxw.jpg,test_seen_loc,1314,True,102
SUN,42,closed_world_seen_test,2453,1313,65,basement,71,batting cage indoor,-1,,exact,True,True,R0256;R0277;R0297;R0302;R0303;R0314;R0315;R0317;R0318;R0319,167,False,False,False,b/basement/sun_alcbhgrfhsvmvpyy.jpg,b,basement,basement,sun_alcbhgrfhsvmvpyy.jpg,test_seen_loc,1313,True,102
SUN,42,closed_world_seen_test,2454,1311,65,basement,65,basement,-1,,exact,True,True,R0437;R0452;R0507;R0508;R0528;R0530;R0540;R0553;R0554;R0560,11,False,False,False,b/basement/sun_ajsspwjewqhkuyyl.jpg,b,basement,basement,sun_ajsspwjewqhkuyyl.jpg,test_seen_loc,1311,True,102
SUN,42,closed_world_seen_test,2455,1306,65,basement,192,crawl space,-1,,exact,True,True,R0224;R0274;R0310;R0322;R0338;R0339;R0350;R0360;R0383;R0384,36,False,False,False,b/basement/sun_affetjbeuxajcvnq.jpg,b,basement,basement,sun_affetjbeuxajcvnq.jpg,test_seen_loc,1306,True,102
SUN,42,closed_world_seen_test,2456,11254,562,schoolhouse,337,house,-1,,exact,True,True,R0203;R0238;R0241;R0257;R0262;R0286;R0309;R0355;R0441,9,False,False,False,s/schoolhouse/sun_beqwrpfqrplswxok.jpg,s,schoolhouse,schoolhouse,sun_beqwrpfqrplswxok.jpg,test_seen_loc,11254,True,102
SUN,42,closed_world_seen_test,2457,11252,562,schoolhouse,337,house,-1,,exact,True,True,R0029;R0056;R0065;R0074;R0123;R0136;R0138;R0142;R0147;R0153,26,False,False,False,s/schoolhouse/sun_bcxhgszwaplfrgvw.jpg,s,schoolhouse,schoolhouse,sun_bcxhgszwaplfrgvw.jpg,test_seen_loc,11252,True,102
SUN,42,closed_world_seen_test,2458,11243,562,schoolhouse,159,church outdoor,-1,,exact,True,True,R0053;R0148;R0154;R0158;R0162;R0169;R0177;R0183;R0216;R0217,58,False,False,False,s/schoolhouse/sun_akxoeocdsqiropyx.jpg,s,schoolhouse,schoolhouse,sun_akxoeocdsqiropyx.jpg,test_seen_loc,11243,True,102
SUN,42,closed_world_seen_test,2459,11255,562,schoolhouse,424,mosque outdoor,-1,,exact,True,True,R0053;R0074;R0228;R0231;R0238;R0240;R0241;R0254;R0257;R0260,32,False,False,False,s/schoolhouse/sun_bhygylcobnggywir.jpg,s,schoolhouse,schoolhouse,sun_bhygylcobnggywir.jpg,test_seen_loc,11255,True,102
SUN,42,closed_world_seen_test,2460,3250,162,city,224,downtown,-1,,exact,True,True,R0052;R0084;R0173;R0191;R0212;R0233;R0236;R0262;R0265;R0282,17,False,False,False,c/city/sun_bkwnoexjmbakfjkk.jpg,c,city,city,sun_bkwnoexjmbakfjkk.jpg,test_seen_loc,3250,True,102
SUN,42,closed_world_seen_test,2461,3248,162,city,583,skyscraper,-1,,exact,True,True,R0038;R0074;R0125;R0139;R0166;R0183;R0217;R0226;R0258;R0260,17,False,False,False,c/city/sun_biqlehrgmabsqroq.jpg,c,city,city,sun_biqlehrgmabsqroq.jpg,test_seen_loc,3248,True,102
SUN,42,closed_world_seen_test,2462,3243,162,city,583,skyscraper,-1,,exact,True,True,R0060;R0072;R0081;R0096;R0097;R0098;R0099;R0100;R0101;R0102,33,False,False,False,c/city/sun_ashoofpnqitfmxcj.jpg,c,city,city,sun_ashoofpnqitfmxcj.jpg,test_seen_loc,3243,True,102
SUN,42,closed_world_seen_test,2463,3258,162,city,583,skyscraper,-1,,exact,True,True,R0053;R0117;R0183;R0190;R0217;R0218;R0228;R0231;R0238;R0240,41,False,False,False,c/city/sun_bwpjkfkhutefudyu.jpg,c,city,city,sun_bwpjkfkhutefudyu.jpg,test_seen_loc,3258,True,102
SUN,42,closed_world_seen_test,2464,5562,278,fort,70,batters box,-1,,exact,True,True,R0067;R0095;R0109;R0123;R0136;R0142;R0149;R0153;R0159;R0171,55,False,False,False,f/fort/sun_azbbhqmruzdjlitx.jpg,f,fort,fort,sun_azbbhqmruzdjlitx.jpg,test_seen_loc,5562,True,102
SUN,42,closed_world_seen_test,2465,5569,278,fort,54,bamboo forest,-1,,exact,True,True,R0029;R0109;R0138;R0142;R0149;R0153;R0159;R0165;R0172;R0174,41,False,False,False,f/fort/sun_bjkkzwocljrsgfji.jpg,f,fort,fort,sun_bjkkzwocljrsgfji.jpg,test_seen_loc,5569,True,102
SUN,42,closed_world_seen_test,2466,5573,278,fort,252,fence,-1,,exact,True,True,R0067;R0079;R0123;R0135;R0138;R0141;R0142;R0143;R0153;R0159,26,False,False,False,f/fort/sun_bmopbqmkuytmmvlb.jpg,f,fort,fort,sun_bmopbqmkuytmmvlb.jpg,test_seen_loc,5573,True,102
SUN,42,closed_world_seen_test,2467,5565,278,fort,63,barndoor,-1,,exact,True,True,R0047;R0089;R0166;R0241;R0253;R0257;R0286;R0288;R0291;R0355,12,False,False,False,f/fort/sun_bfvphjptwssbrcyg.jpg,f,fort,fort,sun_bfvphjptwssbrcyg.jpg,test_seen_loc,5565,True,102
SUN,42,closed_world_seen_test,2468,3,0,abbey,600,stone circle,-1,,exact,True,True,R0047;R0068;R0227;R0253;R0262;R0286;R0358;R0418;R0476;R0480,11,False,False,False,a/abbey/sun_acguwqihawgzdnju.jpg,a,abbey,abbey,sun_acguwqihawgzdnju.jpg,test_seen_loc,3,True,102
SUN,42,closed_world_seen_test,2469,14,0,abbey,159,church outdoor,-1,,exact,True,True,R0117;R0183;R0190;R0202;R0217;R0228;R0258;R0260;R0263;R0266,32,False,False,False,a/abbey/sun_ahiooqpekjcgzxud.jpg,a,abbey,abbey,sun_ahiooqpekjcgzxud.jpg,test_seen_loc,14,True,102
SUN,42,closed_world_seen_test,2470,0,0,abbey,142,cathedral outdoor,-1,,exact,True,True,R0126;R0146;R0203;R0237;R0239;R0244;R0247;R0261;R0262;R0275,69,False,False,False,a/abbey/sun_aakbdcgfpksytcwj.jpg,a,abbey,abbey,sun_aakbdcgfpksytcwj.jpg,test_seen_loc,0,True,102
SUN,42,closed_world_seen_test,2471,18,0,abbey,0,abbey,-1,,exact,True,True,R0043;R0047;R0068;R0182;R0245;R0246;R0253;R0262;R0269;R0276,36,False,False,False,a/abbey/sun_akeacyqqafcecdbg.jpg,a,abbey,abbey,sun_akeacyqqafcecdbg.jpg,test_seen_loc,18,True,102
SUN,42,closed_world_seen_test,2472,11974,598,steel mill outdoor,442,nuclear power plant outdoor,-1,,exact,True,True,R0053;R0148;R0154;R0158;R0162;R0169;R0177;R0216;R0224;R0228,56,False,False,False,s/steel_mill/outdoor/sun_bfnhqsvitfkwavgx.jpg,s,steel_mill/outdoor,outdoor,sun_bfnhqsvitfkwavgx.jpg,test_seen_loc,11974,True,102
SUN,42,closed_world_seen_test,2473,11961,598,steel mill outdoor,454,oilrig,-1,,exact,True,True,R0038;R0113;R0139;R0166;R0216;R0240;R0255;R0265;R0272;R0290,14,False,False,False,s/steel_mill/outdoor/sun_agdschnuddhlgofa.jpg,s,steel_mill/outdoor,outdoor,sun_agdschnuddhlgofa.jpg,test_seen_loc,11961,True,102
SUN,42,closed_world_seen_test,2474,11973,598,steel mill outdoor,680,volcano,-1,,exact,True,True,R0038;R0053;R0057;R0074;R0113;R0125;R0162;R0231;R0238;R0240,26,False,False,False,s/steel_mill/outdoor/sun_bcttwlhpglvecxiy.jpg,s,steel_mill/outdoor,outdoor,sun_bcttwlhpglvecxiy.jpg,test_seen_loc,11973,True,102
SUN,42,closed_world_seen_test,2475,11970,598,steel mill outdoor,454,oilrig,-1,,exact,True,True,R0052;R0084;R0127;R0140;R0173;R0184;R0191;R0212;R0213;R0233,52,False,False,False,s/steel_mill/outdoor/sun_ayoazwvbvgllfmsr.jpg,s,steel_mill/outdoor,outdoor,sun_ayoazwvbvgllfmsr.jpg,test_seen_loc,11970,True,102
SUN,42,closed_world_seen_test,2476,13979,698,wet bar,371,kitchenette,-1,,exact,True,True,R0311;R0315;R0324;R0350;R0374;R0376;R0377;R0378;R0379;R0380,28,False,False,False,w/wet_bar/sun_bughrjwqccoxzhni.jpg,w,wet_bar,wet_bar,sun_bughrjwqccoxzhni.jpg,test_seen_loc,13979,True,102
SUN,42,closed_world_seen_test,2477,13970,698,wet bar,185,corridor,-1,,exact,True,True,R0252;R0277;R0297;R0302;R0303;R0304;R0305;R0308;R0311;R0314,243,False,False,False,w/wet_bar/sun_bfhdolswynkmfjqu.jpg,w,wet_bar,wet_bar,sun_bfhdolswynkmfjqu.jpg,test_seen_loc,13970,True,102
SUN,42,closed_world_seen_test,2478,13971,698,wet bar,666,utility room,675,veterinarians office,exact,False,False,R0032;R0362;R0363;R0396;R0397;R0398;R0399;R0424;R0425;R0443,12,True,False,False,w/wet_bar/sun_bgpwcxwtnibahjvi.jpg,w,wet_bar,wet_bar,sun_bgpwcxwtnibahjvi.jpg,test_seen_loc,13971,True,102
SUN,42,closed_world_seen_test,2479,13969,698,wet bar,687,water tower,-1,,exact,True,True,R0120;R0162;R0206;R0212;R0265;R0271;R0274;R0283;R0292;R0297,97,False,False,False,w/wet_bar/sun_bfcvebwfyogwmvtr.jpg,w,wet_bar,wet_bar,sun_bfcvebwfyogwmvtr.jpg,test_seen_loc,13969,True,102
SUN,42,closed_world_seen_test,2480,11762,588,squash court,588,squash court,-1,,exact,True,True,R0020;R0026;R0030;R0036;R0041;R0042;R0044;R0045;R0048;R0051,122,False,False,False,s/squash_court/sun_ahiwkhzfhkvhnwrl.jpg,s,squash_court,squash_court,sun_ahiwkhzfhkvhnwrl.jpg,test_seen_loc,11762,True,102
SUN,42,closed_world_seen_test,2481,11766,588,squash court,588,squash court,-1,,exact,True,True,R0026;R0030;R0041;R0042;R0048;R0176;R0297;R0303;R0314;R0315,98,False,False,False,s/squash_court/sun_aqwfikfbdiaminiz.jpg,s,squash_court,squash_court,sun_aqwfikfbdiaminiz.jpg,test_seen_loc,11766,True,102
SUN,42,closed_world_seen_test,2482,11765,588,squash court,588,squash court,-1,,exact,True,True,R0026;R0037;R0041;R0042;R0048;R0049;R0154;R0176;R0206;R0256,40,False,False,False,s/squash_court/sun_aqfpbcemzrqflwnv.jpg,s,squash_court,squash_court,sun_aqfpbcemzrqflwnv.jpg,test_seen_loc,11765,True,102
SUN,42,closed_world_seen_test,2483,11769,588,squash court,588,squash court,-1,,exact,True,True,R0042;R0044;R0176;R0303;R0308;R0318;R0320;R0322;R0324;R0331,52,False,False,False,s/squash_court/sun_bamaiptzslezvwvd.jpg,s,squash_court,squash_court,sun_bamaiptzslezvwvd.jpg,test_seen_loc,11769,True,102
SUN,42,closed_world_seen_test,2484,5981,299,geodesic dome outdoor,491,planetarium outdoor,-1,,exact,True,True,R0117;R0218;R0228;R0231;R0240;R0254;R0257;R0260;R0263;R0272,31,False,False,False,g/geodesic_dome/outdoor/sun_baifuqcbmxbeyqtj.jpg,g,geodesic_dome/outdoor,outdoor,sun_baifuqcbmxbeyqtj.jpg,test_seen_loc,5981,True,102
SUN,42,closed_world_seen_test,2485,5992,299,geodesic dome outdoor,491,planetarium outdoor,-1,,exact,True,True,R0033;R0084;R0089;R0146;R0162;R0198;R0212;R0222;R0259;R0261,109,False,False,False,g/geodesic_dome/outdoor/sun_bpbychktunarsrpv.jpg,g,geodesic_dome/outdoor,outdoor,sun_bpbychktunarsrpv.jpg,test_seen_loc,5992,True,102
SUN,42,closed_world_seen_test,2486,5996,299,geodesic dome outdoor,491,planetarium outdoor,-1,,exact,True,True,R0064;R0072;R0081;R0083;R0086;R0096;R0097;R0098;R0099;R0100,27,False,False,False,g/geodesic_dome/outdoor/sun_bwvcmjsqhalyhkdo.jpg,g,geodesic_dome/outdoor,outdoor,sun_bwvcmjsqhalyhkdo.jpg,test_seen_loc,5996,True,102
SUN,42,closed_world_seen_test,2487,5986,299,geodesic dome outdoor,491,planetarium outdoor,-1,,exact,True,True,R0117;R0135;R0143;R0225;R0260;R0263;R0273;R0280;R0283;R0289,16,False,False,False,g/geodesic_dome/outdoor/sun_bfssrilrfrhbsvzw.jpg,g,geodesic_dome/outdoor,outdoor,sun_bfssrilrfrhbsvzw.jpg,test_seen_loc,5986,True,102
SUN,42,closed_world_seen_test,2488,9416,470,parking garage outdoor,470,parking garage outdoor,-1,,exact,True,True,R0108;R0117;R0135;R0158;R0164;R0169;R0171;R0183;R0192;R0194,67,False,False,False,p/parking_garage/outdoor/sun_dvmopliymdvsdcfi.jpg,p,parking_garage/outdoor,outdoor,sun_dvmopliymdvsdcfi.jpg,test_seen_loc,9416,True,102
SUN,42,closed_world_seen_test,2489,9418,470,parking garage outdoor,451,office building,-1,,exact,True,True,R0043;R0130;R0177;R0192;R0203;R0224;R0237;R0238;R0239;R0242,76,False,False,False,p/parking_garage/outdoor/sun_dykaaiaacoiygwqb.jpg,p,parking_garage/outdoor,outdoor,sun_dykaaiaacoiygwqb.jpg,test_seen_loc,9418,True,102
SUN,42,closed_world_seen_test,2490,9419,470,parking garage outdoor,480,phone booth,-1,,exact,True,True,R0126;R0146;R0198;R0239;R0244;R0247;R0250;R0259;R0261;R0275,69,False,False,False,p/parking_garage/outdoor/sun_dztodxjabuzfoiox.jpg,p,parking_garage/outdoor,outdoor,sun_dztodxjabuzfoiox.jpg,test_seen_loc,9419,True,102
SUN,42,closed_world_seen_test,2491,9415,470,parking garage outdoor,661,underwater kelp forest,-1,,exact,True,True,R0262;R0286,2,False,False,False,p/parking_garage/outdoor/sun_dtnlhbmoejtjfytr.jpg,p,parking_garage/outdoor,outdoor,sun_dtnlhbmoejtjfytr.jpg,test_seen_loc,9415,True,102
SUN,42,closed_world_seen_test,2492,4692,234,electrical substation,485,pig farm,-1,,exact,True,True,R0146;R0173;R0184;R0191;R0213;R0227;R0233;R0259;R0282;R0284,65,False,False,False,e/electrical_substation/sun_dpoekcszejrxbivd.jpg,e,electrical_substation,electrical_substation,sun_dpoekcszejrxbivd.jpg,test_seen_loc,4692,True,102
SUN,42,closed_world_seen_test,2493,4688,234,electrical substation,454,oilrig,-1,,exact,True,True,R0089;R0203;R0286,3,False,False,False,e/electrical_substation/sun_dmcxyxcqxfpcndmb.jpg,e,electrical_substation,electrical_substation,sun_dmcxyxcqxfpcndmb.jpg,test_seen_loc,4688,True,102
SUN,42,closed_world_seen_test,2494,4691,234,electrical substation,701,wind farm,161,circus tent outdoor,exact,False,False,R0018;R0127;R0278;R0281;R0288;R0289;R0298;R0343;R0494;R0551,10,True,False,False,e/electrical_substation/sun_dplgmyushosisemv.jpg,e,electrical_substation,electrical_substation,sun_dplgmyushosisemv.jpg,test_seen_loc,4691,True,102
SUN,42,closed_world_seen_test,2495,4685,234,electrical substation,485,pig farm,-1,,exact,True,True,R0127;R0140;R0184;R0192;R0198;R0213;R0224;R0236;R0239;R0245,64,False,False,False,e/electrical_substation/sun_dimimrfriisxbhui.jpg,e,electrical_substation,electrical_substation,sun_dimimrfriisxbhui.jpg,test_seen_loc,4685,True,102
SUN,42,closed_world_seen_test,2496,12205,610,sushi bar,174,conference center,-1,,exact,True,True,R0059;R0144;R0145;R0277;R0314;R0317;R0325;R0329;R0330;R0334,125,False,False,False,s/sushi_bar/sun_djojppuupeihwtwg.jpg,s,sushi_bar,sushi_bar,sun_djojppuupeihwtwg.jpg,test_seen_loc,12205,True,102
SUN,42,closed_world_seen_test,2497,12207,610,sushi bar,371,kitchenette,-1,,exact,True,True,R0256;R0277;R0297;R0303;R0306;R0308;R0311;R0314;R0315;R0318,166,False,False,False,s/sushi_bar/sun_dkxltflesbollofs.jpg,s,sushi_bar,sushi_bar,sun_dkxltflesbollofs.jpg,test_seen_loc,12207,True,102
SUN,42,closed_world_seen_test,2498,12200,610,sushi bar,391,liquor store indoor,-1,,exact,True,True,R0300;R0302;R0303;R0304;R0306;R0308;R0311;R0315;R0317;R0318,173,False,False,False,s/sushi_bar/sun_dbpwhuqqovhxyufz.jpg,s,sushi_bar,sushi_bar,sun_dbpwhuqqovhxyufz.jpg,test_seen_loc,12200,True,102
SUN,42,closed_world_seen_test,2499,12216,610,sushi bar,608,sun deck,-1,,exact,True,True,R0277;R0314;R0317;R0325;R0329;R0330;R0334;R0335;R0340;R0347,122,False,False,False,s/sushi_bar/sun_drgfoelxijllbxqz.jpg,s,sushi_bar,sushi_bar,sun_drgfoelxijllbxqz.jpg,test_seen_loc,12216,True,102
SUN,42,closed_world_seen_test,2500,1130,56,bank outdoor,491,planetarium outdoor,-1,,exact,True,True,R0108;R0117;R0158;R0164;R0171;R0177;R0194;R0202;R0217;R0218,62,False,False,False,b/bank/outdoor/sun_ahtjuybanqhnggpl.jpg,b,bank/outdoor,outdoor,sun_ahtjuybanqhnggpl.jpg,test_seen_loc,1130,True,102
SUN,42,closed_world_seen_test,2501,1122,56,bank outdoor,15,apartment building outdoor,-1,,exact,True,True,R0093;R0130;R0146;R0173;R0184;R0191;R0197;R0198;R0213;R0224,109,False,False,False,b/bank/outdoor/sun_abywhspnfsgdnede.jpg,b,bank/outdoor,outdoor,sun_abywhspnfsgdnede.jpg,test_seen_loc,1122,True,102
SUN,42,closed_world_seen_test,2502,1123,56,bank outdoor,583,skyscraper,-1,,exact,True,True,R0075;R0108;R0117;R0126;R0158;R0164;R0177;R0194;R0197;R0218,101,False,False,False,b/bank/outdoor/sun_accjuoowcjvpnluo.jpg,b,bank/outdoor,outdoor,sun_accjuoowcjvpnluo.jpg,test_seen_loc,1123,True,102
SUN,42,closed_world_seen_test,2503,1134,56,bank outdoor,464,pagoda,-1,,exact,True,True,R0144;R0145;R0173;R0233;R0261;R0277;R0285;R0299;R0330;R0385,34,False,False,False,b/bank/outdoor/sun_amepzbhssahjpdtb.jpg,b,bank/outdoor,outdoor,sun_amepzbhssahjpdtb.jpg,test_seen_loc,1134,True,102
SUN,42,closed_world_seen_test,2504,9819,490,planetarium indoor,171,cockpit,-1,,exact,True,True,R0277;R0311;R0314;R0317;R0325;R0329;R0330;R0334;R0335;R0340,125,False,False,False,p/planetarium/indoor/sun_bzazwopkxbkhqqtg.jpg,p,planetarium/indoor,indoor,sun_bzazwopkxbkhqqtg.jpg,test_seen_loc,9819,True,102
SUN,42,closed_world_seen_test,2505,9812,490,planetarium indoor,600,stone circle,-1,,exact,True,True,R0039;R0040;R0061;R0092;R0112;R0134;R0144;R0145;R0196;R0200,146,False,False,False,p/planetarium/indoor/sun_bqgmhoehovovitfn.jpg,p,planetarium/indoor,indoor,sun_bqgmhoehovovitfn.jpg,test_seen_loc,9812,True,102
SUN,42,closed_world_seen_test,2506,9818,490,planetarium indoor,52,ball pit,-1,,exact,True,True,R0061;R0112;R0134;R0144;R0145;R0206;R0330;R0371;R0395;R0499,11,False,False,False,p/planetarium/indoor/sun_byejlsyveuyvxout.jpg,p,planetarium/indoor,indoor,sun_byejlsyveuyvxout.jpg,test_seen_loc,9818,True,102
SUN,42,closed_world_seen_test,2507,9813,490,planetarium indoor,18,aquarium,664,underwater pool,exact,False,False,R0001;R0011,2,True,False,False,p/planetarium/indoor/sun_brqzqxyvtphdfqfv.jpg,p,planetarium/indoor,indoor,sun_brqzqxyvtphdfqfv.jpg,test_seen_loc,9813,True,102
SUN,42,closed_world_seen_test,2508,5389,269,florist shop indoor,269,florist shop indoor,-1,,exact,True,True,R0252;R0297;R0300;R0302;R0303;R0305;R0306;R0312;R0314;R0317,187,False,False,False,f/florist_shop/indoor/sun_aebdllwupyarpzqo.jpg,f,florist_shop/indoor,indoor,sun_aebdllwupyarpzqo.jpg,test_seen_loc,5389,True,102
SUN,42,closed_world_seen_test,2509,5397,269,florist shop indoor,269,florist shop indoor,-1,,exact,True,True,R0093;R0120;R0130;R0197;R0222;R0246;R0274;R0300;R0305;R0306,68,False,False,False,f/florist_shop/indoor/sun_akbxvrhkcyoohvhw.jpg,f,florist_shop/indoor,indoor,sun_akbxvrhkcyoohvhw.jpg,test_seen_loc,5397,True,102
SUN,42,closed_world_seen_test,2510,5398,269,florist shop indoor,269,florist shop indoor,-1,,exact,True,True,R0093;R0120;R0130;R0246;R0269;R0274;R0300;R0306;R0310;R0312,52,False,False,False,f/florist_shop/indoor/sun_akdfqaepmzdvndus.jpg,f,florist_shop/indoor,indoor,sun_akdfqaepmzdvndus.jpg,test_seen_loc,5398,True,102
SUN,42,closed_world_seen_test,2511,5395,269,florist shop indoor,269,florist shop indoor,-1,,exact,True,True,R0252;R0297;R0300;R0302;R0303;R0304;R0305;R0306;R0308;R0311,248,False,False,False,f/florist_shop/indoor/sun_aimsggmspbnwbxsx.jpg,f,florist_shop/indoor,indoor,sun_aimsggmspbnwbxsx.jpg,test_seen_loc,5395,True,102
SUN,42,closed_world_seen_test,2512,5631,281,foundry outdoor,454,oilrig,-1,,exact,True,True,R0069;R0075;R0084;R0089;R0124;R0148;R0154;R0162;R0212;R0232,71,False,False,False,f/foundry/outdoor/sun_apvezihmzsgaesrm.jpg,f,foundry/outdoor,outdoor,sun_apvezihmzsgaesrm.jpg,test_seen_loc,5631,True,102
SUN,42,closed_world_seen_test,2513,5630,281,foundry outdoor,499,poolroom establishment,-1,,exact,True,True,R0084;R0124;R0127;R0140;R0166;R0212;R0220;R0232;R0250;R0264,19,False,False,False,f/foundry/outdoor/sun_aocuhksjpjyionqh.jpg,f,foundry/outdoor,outdoor,sun_aocuhksjpjyionqh.jpg,test_seen_loc,5630,True,102
SUN,42,closed_world_seen_test,2514,5635,281,foundry outdoor,491,planetarium outdoor,-1,,exact,True,True,R0065;R0074;R0095;R0109;R0123;R0139;R0149;R0166;R0183;R0190,32,False,False,False,f/foundry/outdoor/sun_ascjjtquvlodokqu.jpg,f,foundry/outdoor,outdoor,sun_ascjjtquvlodokqu.jpg,test_seen_loc,5635,True,102
SUN,42,closed_world_seen_test,2515,5638,281,foundry outdoor,454,oilrig,-1,,exact,True,True,R0084;R0173;R0184;R0191;R0212;R0213;R0233;R0236;R0261;R0277,50,False,False,False,f/foundry/outdoor/sun_bawzmvlmobsxyoqb.jpg,f,foundry/outdoor,outdoor,sun_bawzmvlmobsxyoqb.jpg,test_seen_loc,5638,True,102
SUN,42,closed_world_seen_test,2516,11866,593,stadium soccer,593,stadium soccer,-1,,exact,True,True,R0021;R0036;R0045;R0048;R0050;R0245,6,False,False,False,s/stadium/soccer/sun_bcvngtxodimcdupf.jpg,s,stadium/soccer,soccer,sun_bcvngtxodimcdupf.jpg,test_seen_loc,11866,True,102
SUN,42,closed_world_seen_test,2517,11874,593,stadium soccer,593,stadium soccer,-1,,exact,True,True,R0021;R0023;R0036;R0037;R0044;R0045;R0049;R0050;R0051;R0092,31,False,False,False,s/stadium/soccer/sun_btvymxmgdgnpfkdo.jpg,s,stadium/soccer,soccer,sun_btvymxmgdgnpfkdo.jpg,test_seen_loc,11874,True,102
SUN,42,closed_world_seen_test,2518,11871,593,stadium soccer,593,stadium soccer,-1,,exact,True,True,R0061;R0092;R0093;R0112;R0130;R0173;R0184;R0191;R0196;R0197,77,False,False,False,s/stadium/soccer/sun_bpkupcflolxqzfzj.jpg,s,stadium/soccer,soccer,sun_bpkupcflolxqzfzj.jpg,test_seen_loc,11871,True,102
SUN,42,closed_world_seen_test,2519,11873,593,stadium soccer,593,stadium soccer,-1,,exact,True,True,R0046;R0135;R0154;R0236;R0245;R0249,6,False,False,False,s/stadium/soccer/sun_brvuulmtbfzceyin.jpg,s,stadium/soccer,soccer,sun_brvuulmtbfzceyin.jpg,test_seen_loc,11873,True,102
SUN,42,closed_world_seen_test,2520,5681,284,funeral chapel,189,courtroom,-1,,exact,True,True,R0039;R0040;R0061;R0092;R0134;R0256;R0302;R0303;R0304;R0306,93,False,False,False,f/funeral_chapel/sun_adotnznvxkujqadn.jpg,f,funeral_chapel,funeral_chapel,sun_adotnznvxkujqadn.jpg,test_seen_loc,5681,True,102
SUN,42,closed_world_seen_test,2521,5690,284,funeral chapel,430,movie theater indoor,-1,,exact,True,True,R0040;R0144;R0145;R0277;R0297;R0303;R0314;R0318;R0320;R0322,134,False,False,False,f/funeral_chapel/sun_auoswicnwserpugr.jpg,f,funeral_chapel,funeral_chapel,sun_auoswicnwserpugr.jpg,test_seen_loc,5690,True,102
SUN,42,closed_world_seen_test,2522,5680,284,funeral chapel,284,funeral chapel,430,movie theater indoor,exact,False,False,R0040;R0303;R0331;R0350;R0351;R0352;R0359;R0362;R0363;R0376,55,True,False,False,f/funeral_chapel/sun_adnwnxpdkucyeaqw.jpg,f,funeral_chapel,funeral_chapel,sun_adnwnxpdkucyeaqw.jpg,test_seen_loc,5680,True,102
SUN,42,closed_world_seen_test,2523,5682,284,funeral chapel,430,movie theater indoor,-1,,exact,True,True,R0256;R0302;R0303;R0304;R0311;R0315;R0317;R0318;R0324;R0331,87,False,False,False,f/funeral_chapel/sun_aenijiunzfcczfce.jpg,f,funeral_chapel,funeral_chapel,sun_aenijiunzfcczfce.jpg,test_seen_loc,5682,True,102
SUN,42,closed_world_seen_test,2524,2566,128,canyon,128,canyon,-1,,exact,True,True,R0025;R0055;R0060;R0062;R0064;R0066;R0072;R0081;R0083;R0085,82,False,False,False,c/canyon/sun_acqtguiyneoekymy.jpg,c,canyon,canyon,sun_acqtguiyneoekymy.jpg,test_seen_loc,2566,True,102
SUN,42,closed_world_seen_test,2525,2575,128,canyon,410,mesa,-1,,exact,True,True,R0034;R0085;R0094;R0103;R0104;R0105;R0106;R0107;R0114;R0115,15,False,False,False,c/canyon/sun_agqpslogrjggswbr.jpg,c,canyon,canyon,sun_agqpslogrjggswbr.jpg,test_seen_loc,2575,True,102
SUN,42,closed_world_seen_test,2526,2563,128,canyon,128,canyon,-1,,exact,True,True,R0085;R0094;R0103;R0104;R0105;R0106;R0107;R0114;R0115;R0116,37,False,False,False,c/canyon/sun_abmyxzisyxvafulb.jpg,c,canyon,canyon,sun_abmyxzisyxvafulb.jpg,test_seen_loc,2563,True,102
SUN,42,closed_world_seen_test,2527,2567,128,canyon,144,cavern indoor,-1,,exact,True,True,R0066;R0094;R0103;R0104;R0105;R0106;R0107;R0114;R0115;R0116,48,False,False,False,c/canyon/sun_acsaaulebhpxsbjo.jpg,c,canyon,canyon,sun_acsaaulebhpxsbjo.jpg,test_seen_loc,2567,True,102
SUN,42,closed_world_seen_test,2528,8715,435,music studio,434,music store,-1,,exact,True,True,R0256;R0277;R0297;R0302;R0303;R0314;R0315;R0317;R0318;R0319,167,False,False,False,m/music_studio/sun_akdewyfncrcmhjdi.jpg,m,music_studio,music_studio,sun_akdewyfncrcmhjdi.jpg,test_seen_loc,8715,True,102
SUN,42,closed_world_seen_test,2529,8705,435,music studio,666,utility room,-1,,exact,True,True,R0256;R0302;R0303;R0304;R0311;R0315;R0317;R0318;R0324;R0331,87,False,False,False,m/music_studio/sun_acqrgsikkpjjvrlx.jpg,m,music_studio,music_studio,sun_acqrgsikkpjjvrlx.jpg,test_seen_loc,8705,True,102
SUN,42,closed_world_seen_test,2530,8704,435,music studio,380,laundromat,-1,,exact,True,True,R0031;R0196;R0222;R0225;R0308;R0319;R0330;R0336;R0337;R0344,122,False,False,False,m/music_studio/sun_acfhloqnbbvduhut.jpg,m,music_studio,music_studio,sun_acfhloqnbbvduhut.jpg,test_seen_loc,8704,True,102
SUN,42,closed_world_seen_test,2531,8707,435,music studio,121,call center,-1,,exact,True,True,R0256;R0302;R0303;R0304;R0306;R0311;R0315;R0317;R0318;R0323,90,False,False,False,m/music_studio/sun_addfrozbvqdhirjx.jpg,m,music_studio,music_studio,sun_addfrozbvqdhirjx.jpg,test_seen_loc,8707,True,102
SUN,42,closed_world_seen_test,2532,6085,304,gorge,414,mineshaft,-1,,exact,True,True,R0066;R0070;R0076;R0077;R0080;R0091;R0094;R0103;R0104;R0105,70,False,False,False,g/gorge/sun_bgrtryemtmgxgbxl.jpg,g,gorge,gorge,sun_bgrtryemtmgxgbxl.jpg,test_seen_loc,6085,True,102
SUN,42,closed_world_seen_test,2533,6090,304,gorge,128,canyon,-1,,exact,True,True,R0058;R0066;R0078;R0085;R0094;R0103;R0104;R0105;R0106;R0107,58,False,False,False,g/gorge/sun_bjcgotsnitvcgkge.jpg,g,gorge,gorge,sun_bjcgotsnitvcgkge.jpg,test_seen_loc,6090,True,102
SUN,42,closed_world_seen_test,2534,6097,304,gorge,144,cavern indoor,-1,,exact,True,True,R0066;R0081;R0083;R0085;R0086;R0090;R0094;R0103;R0104;R0105,53,False,False,False,g/gorge/sun_bswzkvlbskeqzzhq.jpg,g,gorge,gorge,sun_bswzkvlbskeqzzhq.jpg,test_seen_loc,6097,True,102
SUN,42,closed_world_seen_test,2535,6093,304,gorge,696,wave,-1,,exact,True,True,R0025;R0054;R0055;R0060;R0062;R0063;R0070;R0071;R0080;R0081,49,False,False,False,g/gorge/sun_bqpprjxnakpbubwy.jpg,g,gorge,gorge,sun_bqpprjxnakpbubwy.jpg,test_seen_loc,6093,True,102
SUN,42,closed_world_seen_test,2536,6712,334,hotel breakfast area,233,editing room,-1,,exact,True,True,R0297;R0300;R0302;R0303;R0304;R0306;R0308;R0311;R0314;R0315,241,False,False,False,h/hotel_breakfast_area/sun_bkpilbezomkpmsrr.jpg,h,hotel_breakfast_area,hotel_breakfast_area,sun_bkpilbezomkpmsrr.jpg,test_seen_loc,6712,True,102
SUN,42,closed_world_seen_test,2537,6704,334,hotel breakfast area,269,florist shop indoor,-1,,exact,True,True,R0252;R0297;R0300;R0302;R0303;R0304;R0305;R0306;R0308;R0311,248,False,False,False,h/hotel_breakfast_area/sun_aolesrmzvakpnuhg.jpg,h,hotel_breakfast_area,hotel_breakfast_area,sun_aolesrmzvakpnuhg.jpg,test_seen_loc,6704,True,102
SUN,42,closed_world_seen_test,2538,6708,334,hotel breakfast area,80,bedroom,-1,,exact,True,True,R0297;R0300;R0302;R0303;R0306;R0314;R0317;R0318;R0319;R0320,182,False,False,False,h/hotel_breakfast_area/sun_bbzhrwewsazhvsvh.jpg,h,hotel_breakfast_area,hotel_breakfast_area,sun_bbzhrwewsazhvsvh.jpg,test_seen_loc,6708,True,102
SUN,42,closed_world_seen_test,2539,6706,334,hotel breakfast area,334,hotel breakfast area,-1,,exact,True,True,R0297;R0300;R0302;R0303;R0304;R0306;R0308;R0311;R0314;R0315,241,False,False,False,h/hotel_breakfast_area/sun_aybwwggbjkvmvvsk.jpg,h,hotel_breakfast_area,hotel_breakfast_area,sun_aybwwggbjkvmvvsk.jpg,test_seen_loc,6706,True,102
SUN,42,closed_world_seen_test,2540,13034,651,train station station,606,subway station corridor,-1,,exact,True,True,R0196;R0222;R0344;R0371;R0386;R0395;R0414;R0417;R0423;R0451,33,False,False,False,t/train_station/station/sun_anilrtmxyhkfijik.jpg,t,train_station/station,station,sun_anilrtmxyhkfijik.jpg,test_seen_loc,13034,True,102
SUN,42,closed_world_seen_test,2541,13032,651,train station station,606,subway station corridor,-1,,exact,True,True,R0039;R0059;R0061;R0092;R0112;R0304;R0308;R0311;R0315;R0320,109,False,False,False,t/train_station/station/sun_amnjcnejrviqjuim.jpg,t,train_station/station,station,sun_amnjcnejrviqjuim.jpg,test_seen_loc,13032,True,102
SUN,42,closed_world_seen_test,2542,13035,651,train station station,343,ice skating rink indoor,-1,,exact,True,True,R0196;R0206;R0222;R0225;R0274;R0336;R0337;R0357;R0367;R0385,81,False,False,False,t/train_station/station/sun_aoxjynxifyutqhdv.jpg,t,train_station/station,station,sun_aoxjynxifyutqhdv.jpg,test_seen_loc,13035,True,102
SUN,42,closed_world_seen_test,2543,13026,651,train station station,434,music store,-1,,exact,True,True,R0206;R0222;R0274;R0277;R0330;R0336;R0337;R0344;R0356;R0357,112,False,False,False,t/train_station/station/sun_aehcbqwtorrobard.jpg,t,train_station/station,station,sun_aehcbqwtorrobard.jpg,test_seen_loc,13026,True,102
SUN,42,closed_world_seen_test,2544,6974,348,industrial park,431,movie theater outdoor,-1,,exact,True,True,R0069;R0073;R0108;R0117;R0140;R0158;R0164;R0169;R0194;R0212,93,False,False,False,i/industrial_park/sun_crkphgcxokagmnev.jpg,i,industrial_park,industrial_park,sun_crkphgcxokagmnev.jpg,test_seen_loc,6974,True,102
SUN,42,closed_world_seen_test,2545,6979,348,industrial park,646,trailer park,-1,,exact,True,True,R0024;R0074;R0082;R0095;R0109;R0123;R0129;R0138;R0149;R0160,15,False,False,False,i/industrial_park/sun_dumfxvwdluaygtmy.jpg,i,industrial_park,industrial_park,sun_dumfxvwdluaygtmy.jpg,test_seen_loc,6979,True,102
SUN,42,closed_world_seen_test,2546,6961,348,industrial park,586,soccer field,-1,,exact,True,True,R0056;R0067;R0123;R0135;R0136;R0142;R0147;R0153;R0159;R0181,37,False,False,False,i/industrial_park/sun_cagyyyhddvigcjfm.jpg,i,industrial_park,industrial_park,sun_cagyyyhddvigcjfm.jpg,test_seen_loc,6961,True,102
SUN,42,closed_world_seen_test,2547,6973,348,industrial park,402,manufactured home,-1,,exact,True,True,R0056;R0065;R0067;R0123;R0149;R0228;R0234;R0241;R0254;R0272,25,False,False,False,i/industrial_park/sun_criqesvxnzjevjxy.jpg,i,industrial_park,industrial_park,sun_criqesvxnzjevjxy.jpg,test_seen_loc,6973,True,102
SUN,42,closed_world_seen_test,2548,3015,150,cheese factory,150,cheese factory,-1,,exact,True,True,R0277;R0314;R0315;R0317;R0325;R0329;R0330;R0334;R0335;R0340,124,False,False,False,c/cheese_factory/sun_dssucukwhbcnagjr.jpg,c,cheese_factory,cheese_factory,sun_dssucukwhbcnagjr.jpg,test_seen_loc,3015,True,102
SUN,42,closed_world_seen_test,2549,3008,150,cheese factory,52,ball pit,-1,,exact,True,True,R0033;R0035;R0120;R0274;R0300;R0306;R0312;R0323;R0354;R0356,68,False,False,False,c/cheese_factory/sun_dlmsywuofecghfnc.jpg,c,cheese_factory,cheese_factory,sun_dlmsywuofecghfnc.jpg,test_seen_loc,3008,True,102
SUN,42,closed_world_seen_test,2550,3004,150,cheese factory,49,bakery shop,-1,,exact,True,True,R0031;R0033;R0222;R0252;R0300;R0305;R0306;R0308;R0312;R0319,114,False,False,False,c/cheese_factory/sun_dgfphmiwqubpfwua.jpg,c,cheese_factory,cheese_factory,sun_dgfphmiwqubpfwua.jpg,test_seen_loc,3004,True,102
SUN,42,closed_world_seen_test,2551,3018,150,cheese factory,265,flea market outdoor,66,basilica,fallback,False,False,,0,True,False,False,c/cheese_factory/sun_dxhvkaikpysrelae.jpg,c,cheese_factory,cheese_factory,sun_dxhvkaikpysrelae.jpg,test_seen_loc,3018,True,102
SUN,42,closed_world_seen_test,2552,4310,215,dining room,618,tearoom,-1,,exact,True,True,R0252;R0297;R0300;R0302;R0304;R0305;R0306;R0308;R0311;R0312,172,False,False,False,d/dining_room/sun_acbtnwalhzdcufvb.jpg,d,dining_room,dining_room,sun_acbtnwalhzdcufvb.jpg,test_seen_loc,4310,True,102
SUN,42,closed_world_seen_test,2553,4307,215,dining room,383,lecture room,-1,,exact,True,True,R0297;R0300;R0302;R0303;R0306;R0314;R0317;R0318;R0319;R0320,180,False,False,False,d/dining_room/sun_abtmxbaafwjbjnfi.jpg,d,dining_room,dining_room,sun_abtmxbaafwjbjnfi.jpg,test_seen_loc,4307,True,102
SUN,42,closed_world_seen_test,2554,4301,215,dining room,215,dining room,-1,,exact,True,True,R0252;R0297;R0300;R0302;R0304;R0305;R0306;R0308;R0311;R0312,172,False,False,False,d/dining_room/sun_aahohmsiikpylcmm.jpg,d,dining_room,dining_room,sun_aahohmsiikpylcmm.jpg,test_seen_loc,4301,True,102
SUN,42,closed_world_seen_test,2555,4303,215,dining room,215,dining room,-1,,exact,True,True,R0297;R0300;R0302;R0304;R0306;R0308;R0311;R0318;R0319;R0320,146,False,False,False,d/dining_room/sun_aaqqcbxvhtgfloyu.jpg,d,dining_room,dining_room,sun_aaqqcbxvhtgfloyu.jpg,test_seen_loc,4303,True,102
SUN,42,closed_world_seen_test,2556,12270,613,swimming pool indoor,626,tent indoor,-1,,exact,True,True,R0014;R0017;R0019;R0135;R0196;R0206;R0212;R0222;R0460;R0461,24,False,False,False,s/swimming_pool/indoor/sun_ajpynvttdfqtqmhu.jpg,s,swimming_pool/indoor,indoor,sun_ajpynvttdfqtqmhu.jpg,test_seen_loc,12270,True,102
SUN,42,closed_world_seen_test,2557,12279,613,swimming pool indoor,520,railroad track,523,ramp,fallback,False,False,,0,True,False,False,s/swimming_pool/indoor/sun_aregtesajjidxfnm.jpg,s,swimming_pool/indoor,indoor,sun_aregtesajjidxfnm.jpg,test_seen_loc,12279,True,102
SUN,42,closed_world_seen_test,2558,12273,613,swimming pool indoor,19,aquatic theater,-1,,exact,True,True,R0014;R0017;R0019;R0026;R0031;R0036;R0041;R0042;R0045;R0048,54,False,False,False,s/swimming_pool/indoor/sun_aohyshcttpnahvzn.jpg,s,swimming_pool/indoor,indoor,sun_aohyshcttpnahvzn.jpg,test_seen_loc,12273,True,102
SUN,42,closed_world_seen_test,2559,12274,613,swimming pool indoor,664,underwater pool,-1,,exact,True,True,R0014;R0017;R0019;R0060;R0084;R0096;R0097;R0098;R0099;R0100,30,False,False,False,s/swimming_pool/indoor/sun_aokqlicmjcpdmupe.jpg,s,swimming_pool/indoor,indoor,sun_aokqlicmjcpdmupe.jpg,test_seen_loc,12274,True,102
SUN,42,closed_world_seen_test,2560,11358,567,server room,168,closet,-1,,exact,True,True,R0252;R0256;R0297;R0300;R0302;R0303;R0305;R0306;R0312;R0314,177,False,False,False,s/server_room/sun_bscbopnptbqixvhs.jpg,s,server_room,server_room,sun_bscbopnptbqixvhs.jpg,test_seen_loc,11358,True,102
SUN,42,closed_world_seen_test,2561,11344,567,server room,355,jail cell,-1,,exact,True,True,R0035;R0395;R0422;R0471;R0497;R0500;R0506;R0507;R0508;R0523,34,False,False,False,s/server_room/sun_bcezpwexiavyvanz.jpg,s,server_room,server_room,sun_bcezpwexiavyvanz.jpg,test_seen_loc,11344,True,102
SUN,42,closed_world_seen_test,2562,11341,567,server room,241,engine room,-1,,exact,True,True,R0277;R0297;R0303;R0308;R0311;R0314;R0315;R0318;R0320;R0322,183,False,False,False,s/server_room/sun_aztyqgzjxqyzhprf.jpg,s,server_room,server_room,sun_aztyqgzjxqyzhprf.jpg,test_seen_loc,11341,True,102
SUN,42,closed_world_seen_test,2563,11343,567,server room,435,music studio,-1,,exact,True,True,R0252;R0256;R0297;R0302;R0303;R0305;R0312;R0314;R0317;R0319,116,False,False,False,s/server_room/sun_bbxopbsqwfjmgqzr.jpg,s,server_room,server_room,sun_bbxopbsqwfjmgqzr.jpg,test_seen_loc,11343,True,102
SUN,42,closed_world_seen_test,2564,9195,459,ossuary,459,ossuary,-1,,exact,True,True,R0033;R0162;R0202;R0265;R0271;R0292;R0307;R0323;R0354;R0375,25,False,False,False,o/ossuary/sun_asqyyepuzgpvjwfg.jpg,o,ossuary,ossuary,sun_asqyyepuzgpvjwfg.jpg,test_seen_loc,9195,True,102
SUN,42,closed_world_seen_test,2565,9187,459,ossuary,459,ossuary,-1,,exact,True,True,R0033;R0202;R0323;R0354;R0406;R0418;R0528;R0535;R0537;R0545,19,False,False,False,o/ossuary/sun_alnvsalwxswvblxj.jpg,o,ossuary,ossuary,sun_alnvsalwxswvblxj.jpg,test_seen_loc,9187,True,102
SUN,42,closed_world_seen_test,2566,9196,459,ossuary,318,hayfield,129,car interior backseat,fallback,False,False,,0,True,False,False,o/ossuary/sun_athkusfnvdsjgneo.jpg,o,ossuary,ossuary,sun_athkusfnvdsjgneo.jpg,test_seen_loc,9196,True,102
SUN,42,closed_world_seen_test,2567,9197,459,ossuary,414,mineshaft,144,cavern indoor,exact,False,False,R0009;R0135;R0202;R0261;R0285;R0292;R0307;R0545;R0546;R0547,11,True,False,False,o/ossuary/sun_auktgpxkqqhiqjaq.jpg,o,ossuary,ossuary,sun_auktgpxkqqhiqjaq.jpg,test_seen_loc,9197,True,102
SUN,42,closed_world_seen_test,2568,12336,616,synagogue outdoor,15,apartment building outdoor,-1,,exact,True,True,R0052;R0075;R0093;R0126;R0130;R0146;R0177;R0197;R0198;R0224,122,False,False,False,s/synagogue/outdoor/sun_bdhabzylrbsghcwl.jpg,s,synagogue/outdoor,outdoor,sun_bdhabzylrbsghcwl.jpg,test_seen_loc,12336,True,102
SUN,42,closed_world_seen_test,2569,12320,616,synagogue outdoor,424,mosque outdoor,-1,,exact,True,True,R0173;R0184;R0191;R0213;R0233;R0282;R0286;R0300;R0305;R0312,23,False,False,False,s/synagogue/outdoor/sun_adivnfxujdaappcn.jpg,s,synagogue/outdoor,outdoor,sun_adivnfxujdaappcn.jpg,test_seen_loc,12320,True,102
SUN,42,closed_world_seen_test,2570,12335,616,synagogue outdoor,159,church outdoor,-1,,exact,True,True,R0075;R0148;R0177;R0224;R0238;R0241;R0244;R0257;R0261;R0262,34,False,False,False,s/synagogue/outdoor/sun_bcrhkywpquaqrqph.jpg,s,synagogue/outdoor,outdoor,sun_bcrhkywpquaqrqph.jpg,test_seen_loc,12335,True,102
SUN,42,closed_world_seen_test,2571,12323,616,synagogue outdoor,188,courthouse,-1,,exact,True,True,R0069;R0073;R0075;R0108;R0117;R0126;R0158;R0164;R0177;R0194,79,False,False,False,s/synagogue/outdoor/sun_anfmhqhtpssommzx.jpg,s,synagogue/outdoor,outdoor,sun_anfmhqhtpssommzx.jpg,test_seen_loc,12323,True,102
SUN,42,closed_world_seen_test,2572,5504,275,forest path,187,cottage garden,-1,,exact,True,True,R0029;R0056;R0065;R0136;R0147;R0202;R0203;R0235;R0237;R0284,27,False,False,False,f/forest_path/sun_adkvekgtxwydbklw.jpg,f,forest_path,forest_path,sun_adkvekgtxwydbklw.jpg,test_seen_loc,5504,True,102
SUN,42,closed_world_seen_test,2573,5503,275,forest path,54,bamboo forest,541,rice paddy,fallback,False,False,,0,True,False,False,f/forest_path/sun_acipmwepbntxoxou.jpg,f,forest_path,forest_path,sun_acipmwepbntxoxou.jpg,test_seen_loc,5503,True,102
SUN,42,closed_world_seen_test,2574,5512,275,forest path,275,forest path,-1,,exact,True,True,R0063;R0070;R0071;R0076;R0077;R0080;R0087;R0091;R0109;R0122,40,False,False,False,f/forest_path/sun_akkudvdlmryidqbs.jpg,f,forest_path,forest_path,sun_akkudvdlmryidqbs.jpg,test_seen_loc,5512,True,102
SUN,42,closed_world_seen_test,2575,5519,275,forest path,708,woodland,-1,,exact,True,True,R0029;R0063;R0070;R0071;R0076;R0077;R0080;R0087;R0091;R0109,65,False,False,False,f/forest_path/sun_anyfpgkugmoczoes.jpg,f,forest_path,forest_path,sun_anyfpgkugmoczoes.jpg,test_seen_loc,5519,True,102
SUN,42,closed_world_seen_test,2576,1395,69,bathroom,69,bathroom,-1,,exact,True,True,R0252;R0300;R0304;R0305;R0306;R0308;R0311;R0312;R0315;R0320,142,False,False,False,b/bathroom/sun_abycohqpbyuwqgka.jpg,b,bathroom,bathroom,sun_abycohqpbyuwqgka.jpg,test_seen_loc,1395,True,102
SUN,42,closed_world_seen_test,2577,1394,69,bathroom,192,crawl space,-1,,exact,True,True,R0256;R0277;R0297;R0302;R0303;R0304;R0308;R0311;R0314;R0315,219,False,False,False,b/bathroom/sun_abriuqqbustamkfe.jpg,b,bathroom,bathroom,sun_abriuqqbustamkfe.jpg,test_seen_loc,1394,True,102
SUN,42,closed_world_seen_test,2578,1399,69,bathroom,69,bathroom,-1,,exact,True,True,R0300;R0302;R0304;R0306;R0308;R0311;R0315;R0318;R0319;R0320,121,False,False,False,b/bathroom/sun_acnpbyuckesqygsf.jpg,b,bathroom,bathroom,sun_acnpbyuckesqygsf.jpg,test_seen_loc,1399,True,102
SUN,42,closed_world_seen_test,2579,1396,69,bathroom,69,bathroom,-1,,exact,True,True,R0252;R0297;R0300;R0302;R0303;R0304;R0305;R0306;R0308;R0311,248,False,False,False,b/bathroom/sun_acduarbnmmoglmiv.jpg,b,bathroom,bathroom,sun_acduarbnmmoglmiv.jpg,test_seen_loc,1396,True,102
